 Hello from thread =                    2
 Hello from thread =                    0
 Hello from thread =                    5
 Hello from thread =                    1
 Hello from thread =                    3
 Hello from thread =                    6
 Hello from thread =                    4
 Hello from thread =                    7
OpenMP TEST
Number of Threads = 8
*******************************
 Pi =    3.1415926535897931     
 Read PolarizationSource TM:                     0
 Read phiMie0:    270.00000000000000      deg -> rad
 Importing data on Polarization.
 Loading GMSH mesh...
 MESH INFORMATIONS
 [GMSH] Quadrangles number
               120000
 [GMSH] Node number
               120704
 Latest running index while remeshing                  444
 [Mesh] Building...

 [Mesh] Convergence (                  500 )=   4.2629283780115657E-010
 [Mesh] Convergence is reached. The show can go on.
 [Mesh) ITERATIONS=                  559
 Vessel cells:                   21 *                   21 =                  441
 Matter cells:                   21 *                   21 =                  441
  -73.799999999999997       -74.200000000000003     
 Done.
 [Mesh] Calculation of normales and distances.
 NEEDLE CHECK
 North  -3.7091097078475257E-002  0.99931188851004638     
 South  -4.3974246177680004E-002 -0.99903266496802035     
 East  0.99607228987504526        8.8543736893603120E-002
 West -0.97456343574097204      -0.22411182413418571     
   2.4848688417905551E-007   2.4827935356916885E-007   1.7749885665537130E-008   1.6804827812365426E-008
 VESSEL CHECK
 North  -3.7091097078475230E-002  0.99931188851004638     
 South  -4.3974246177680011E-002 -0.99903266496802012     
 East  0.99607228987521335        8.8543736893617941E-002
 West -0.97456343574053950      -0.22411182413409525     
   2.4848688417905593E-007   2.4827935356916949E-007   1.7749885665538298E-008   1.6804827812367275E-008
 epsilon(   515.00000000000000      nm)= (  17.825399999999998     , 0.50668999999999997     )
 Re(sqrt(epsilon))=   4.2224400481392985     
 [Poisson eq.] Filling matrix
 Starting time loop.
 Time=  -1.9900000000000334E-013 Intensity=   1.5608081973338662E-015
   80.000000477192344      < Te <    80.000000477853575     
   80.000000477192344      < Th <    80.000000477853575     
   80.000000000000000      < Ts <   80.000000000000000     
   100000.00001007428      < Ne <   100000.00001008825     
   100000.00001007428      < Nh <   100000.00001008825     
 CFL_Te=   7.1929791630540355E-007 maxCFL_Ne=   6.1565349058210681E-007 maxCFL_Ts=   1.2162749390002572E-005 CPU=   3718.5600908981355      NumThreads=                    8 Elapsed time=   2.1513703703703703E-003
 CFL_Limit=   1.0000000000000000E-003
 dt_init=   1.0000000000000001E-018 dt=   1.0000000000000001E-018
 Time=  -1.9800000000000668E-013 Intensity=   3.1054412247246876E-015
   80.000001427414261      < Te <    80.000001428727913     
   80.000001427414261      < Th <    80.000001428727913     
   80.000000000000000      < Ts <   80.000000000000000     
   100000.00003017709      < Ne <   100000.00003020490     
   100000.00003017709      < Nh <   100000.00003020490     
 CFL_Te=   7.1929792484906141E-007 maxCFL_Ne=   6.1565349789470033E-007 maxCFL_Ts=   1.2162749390002572E-005 CPU=   3742.9848291151416      NumThreads=                    8 Elapsed time=   2.1373316658329163E-003
 CFL_Limit=   1.0000000000000000E-003
 dt_init=   1.0000000000000001E-018 dt=   1.0000000000000001E-018
 Time=  -1.9700000000001002E-013 Intensity=   6.1573230609639201E-015
   80.000003312372158      < Te <    80.000003314974805     
   80.000003312372158      < Th <    80.000003314974805     
   80.000000000000000      < Ts <   80.000000000000000     
   100000.00007009716      < Ne <   100000.00007015229     
   100000.00007009716      < Nh <   100000.00007015229     
 CFL_Te=   7.1929794179714004E-007 maxCFL_Ne=   6.1565351240071214E-007 maxCFL_Ts=   1.2162749390002572E-005 CPU=   3751.4827206943560      NumThreads=                    8 Elapsed time=   2.1324901633877958E-003
 CFL_Limit=   1.0000000000000000E-003
 dt_init=   1.0000000000000001E-018 dt=   1.0000000000000001E-018
 Time=  -1.9600000000001335E-013 Intensity=   1.2166213048899516E-014
   80.000007040551225      < Te <    80.000007045691589     
   80.000007040551225      < Th <    80.000007045691589     
   80.000000000000000      < Ts <   80.000000000000000     
   100000.00014909677      < Ne <   100000.00014920571     
   100000.00014909677      < Nh <   100000.00014920571     
 CFL_Te=   7.1929797531803271E-007 maxCFL_Ne=   6.1565354109154321E-007 maxCFL_Ts=   1.2162749390002572E-005 CPU=   3757.8931084267037      NumThreads=                    8 Elapsed time=   2.1288524631157793E-003
 CFL_Limit=   1.0000000000000000E-003
 dt_init=   1.0000000000000001E-018 dt=   1.0000000000000001E-018
 Time=  -1.9500000000001669E-013 Intensity=   2.3955969091122017E-014
   80.000014390740063      < Te <    80.000014400859683     
   80.000014390740063      < Th <    80.000014400859683     
   80.000000000000000      < Ts <   80.000000000000000     
   100000.00030489115      < Ne <   100000.00030510566     
   100000.00030489115      < Nh <   100000.00030510566     
 CFL_Te=   7.1929804140522631E-007 maxCFL_Ne=   6.1565359765616329E-007 maxCFL_Ts=   1.2162749390002572E-005 CPU=   3764.7289182429126      NumThreads=                    8 Elapsed time=   2.1249869973994800E-003
 CFL_Limit=   1.0000000000000000E-003
 dt_init=   1.0000000000000001E-018 dt=   1.0000000000000001E-018
 Time=  -1.9400000000002002E-013 Intensity=   4.7007474681725239E-014
   80.000028833529129      < Te <    80.000028853383824     
   80.000028833529129      < Th <    80.000028853383824     
   80.000000000000000      < Ts <   80.000000000000000     
   100000.00061106883      < Ne <   100000.00061148974     
   100000.00061106883      < Nh <   100000.00061148974     
 CFL_Te=   7.1929817126357640E-007 maxCFL_Ne=   6.1565370880308590E-007 maxCFL_Ts=   1.2162749390002572E-005 CPU=   3769.1343925895258      NumThreads=                    8 Elapsed time=   2.1225032505417570E-003
 CFL_Limit=   1.0000000000000000E-003
 dt_init=   1.0000000000000001E-018 dt=   1.0000000000000001E-018
 Time=  -1.9300000000002336E-013 Intensity=   9.1921043856280728E-014
   80.000057116609241      < Te <    80.000057155431023     
   80.000057116609241      < Th <    80.000057155431023     
   80.000000000000000      < Ts <   80.000000000000000     
   100000.00121070982      < Ne <   100000.00121153292     
   100000.00121070982      < Nh <   100000.00121153292     
 CFL_Te=   7.1929842556308235E-007 maxCFL_Ne=   6.1565392646030485E-007 maxCFL_Ts=   1.2162749390002572E-005 CPU=   3770.2115579420210      NumThreads=                    8 Elapsed time=   2.1218968424060584E-003
 CFL_Limit=   1.0000000000000000E-003
 dt_init=   1.0000000000000001E-018 dt=   1.0000000000000001E-018
 Time=  -1.9200000000002670E-013 Intensity=   1.7912566855350728E-013
   80.000112313108730      < Te <    80.000112388756321     
   80.000112313108730      < Th <    80.000112388756321     
   80.000000000000000      < Ts <   80.000000000000000     
   100000.00238102887      < Ne <   100000.00238263284     
   100000.00238102887      < Nh <   100000.00238263284     
 CFL_Te=   7.1929892184716788E-007 maxCFL_Ne=   6.1565435123428899E-007 maxCFL_Ts=   1.2162749390002572E-005 CPU=   3784.3211350597912      NumThreads=                    8 Elapsed time=   2.1139854981872732E-003
 CFL_Limit=   1.0000000000000000E-003
 dt_init=   1.0000000000000001E-018 dt=   1.0000000000000001E-018
 Time=  -1.9100000000003003E-013 Intensity=   3.4785283813530712E-013
   80.000219662256015      < Te <    80.000219809153293     
   80.000219662256015      < Th <    80.000219809153293     
   80.000000000000000      < Ts <   80.000000000000000     
   100000.00465723996      < Ne <   100000.00466035478     
   100000.00465723996      < Nh <   100000.00466035478     
 CFL_Te=   7.1929988704738668E-007 maxCFL_Ne=   6.1565517735778155E-007 maxCFL_Ts=   1.2162749390002572E-005 CPU=   3857.5154090036917      NumThreads=                    8 Elapsed time=   2.0738737637515277E-003
 CFL_Limit=   1.0000000000000000E-003
 dt_init=   1.0000000000000001E-018 dt=   1.0000000000000001E-018
 Time=  -1.9000000000003337E-013 Intensity=   6.7317523082182542E-013
   80.000427720236601      < Te <    80.000428004505565     
   80.000427720236601      < Th <    80.000428004505565     
   80.000000000000000      < Ts <   80.000000000000000     
   100000.00906904222      < Ne <   100000.00907507018     
   100000.00906904222      < Nh <   100000.00907507018     
 CFL_Te=   7.1930175774327497E-007 maxCFL_Ne=   6.1565677850310528E-007 maxCFL_Ts=   1.2162749390002572E-005 CPU=   3913.4847465239277      NumThreads=                    8 Elapsed time=   2.0442139213921393E-003
 CFL_Limit=   1.0000000000000000E-003
 dt_init=   1.0000000000000001E-018 dt=   1.0000000000000001E-018
 Time=  -1.8900000000003671E-013 Intensity=   1.2982417001071079E-012
   80.000829573122743      < Te <    80.000830121326388     
   80.000829573122743      < Th <    80.000830121326388     
   80.000000000000000      < Ts <   80.000000000000000     
   100000.01759051721      < Ne <   100000.01760214228     
   100000.01759051721      < Nh <   100000.01760214228     
 CFL_Te=   7.1930537089254957E-007 maxCFL_Ne=   6.1565987102985866E-007 maxCFL_Ts=   1.2162749390002572E-005 CPU=   3964.6535224350632      NumThreads=                    8 Elapsed time=   2.0178308028002546E-003
 CFL_Limit=   1.0000000000000000E-003
 dt_init=   1.0000000000000001E-018 dt=   1.0000000000000001E-018
 Time=  -1.8800000000004004E-013 Intensity=   2.4950418329827070E-012
   80.001603047293713      < Te <    80.001604100829823     
   80.001603047293713      < Th <    80.001604100829823     
   80.000000000000000      < Ts <   80.000000000000000     
   100000.03399297041      < Ne <   100000.03401531219     
   100000.03399297041      < Nh <   100000.03401531219     
 CFL_Te=   7.1931232537200307E-007 maxCFL_Ne=   6.1566582343096972E-007 maxCFL_Ts=   1.2162749390002572E-005 CPU=   4008.4225647064477      NumThreads=                    8 Elapsed time=   1.9957975664638716E-003
 CFL_Limit=   1.0000000000000000E-003
 dt_init=   1.0000000000000001E-018 dt=   1.0000000000000001E-018
 Time=  -1.8700000000004338E-013 Intensity=   4.7785370591305342E-012
   80.003086658295402      < Te <    80.003088675972990     
   80.003086658295402      < Th <    80.003088675972990     
   80.000000000000000      < Ts <   80.000000000000000     
   100000.06545582501      < Ne <   100000.06549861390     
   100000.06545582501      < Nh <   100000.06549861390     
 CFL_Te=   7.1932566485070194E-007 maxCFL_Ne=   6.1567724080999486E-007 maxCFL_Ts=   1.2162749390002572E-005 CPU=   4046.2889038293174      NumThreads=                    8 Elapsed time=   1.9771203169474576E-003
 CFL_Limit=   1.0000000000000000E-003
 dt_init=   1.0000000000000001E-018 dt=   1.0000000000000001E-018
 Time=  -1.8600000000004672E-013 Intensity=   9.1202540354820250E-012
   80.005922548783715      < Te <    80.005926399563592     
   80.005922548783715      < Th <    80.005926399563592     
   80.000000000000000      < Ts <   80.000000000000000     
   100000.12559849530      < Ne <   100000.12568016148     
   100000.12559849530      < Nh <   100000.12568016148     
 CFL_Te=   7.1935116297704194E-007 maxCFL_Ne=   6.1569906488419120E-007 maxCFL_Ts=   1.2162749390002572E-005 CPU=   4079.2776831544397      NumThreads=                    8 Elapsed time=   1.9611315093935279E-003
 CFL_Limit=   1.0000000000000000E-003
 dt_init=   1.0000000000000001E-018 dt=   1.0000000000000001E-018
 Time=  -1.8500000000005005E-013 Intensity=   1.7346575960485076E-011
   80.011324538536584      < Te <    80.011331862393490     
   80.011324538536584      < Th <    80.011331862393490     
   80.000000000000000      < Ts <   80.000000000000000     
   100000.24016629421      < Ne <   100000.24032162213     
   100000.24016629421      < Nh <   100000.24032162213     
 CFL_Te=   7.1939973347642134E-007 maxCFL_Ne=   6.1574063680865188E-007 maxCFL_Ts=   1.2162749390002572E-005 CPU=   4108.1526863871604      NumThreads=                    8 Elapsed time=   1.9473472898193212E-003
 CFL_Limit=   1.0000000000000000E-003
 dt_init=   1.0000000000000001E-018 dt=   1.0000000000000001E-018
 Time=  -1.8400000000005339E-013 Intensity=   3.2878760687561038E-011
   80.021578992975279      < Te <    80.021592874106119     
   80.021578992975279      < Th <    80.021592874106119     
   80.000000000000000      < Ts <   80.000000000000000     
   100000.45765550042      < Ne <   100000.45794990943     
   100000.45765550042      < Nh <   100000.45794990943     
 CFL_Te=   7.1949193357226564E-007 maxCFL_Ne=   6.1581955169461771E-007 maxCFL_Ts=   1.2162749390002572E-005 CPU=   4132.7264131368984      NumThreads=                    8 Elapsed time=   1.9357681105069066E-003
 CFL_Limit=   1.0000000000000000E-003
 dt_init=   1.0000000000000001E-018 dt=   1.0000000000000001E-018
 Time=  -1.8300000000005673E-013 Intensity=   6.2102912198057113E-011
   80.040977362497642      < Te <    80.041003580697733     
   80.040977362497642      < Th <    80.041003580697733     
   80.000000000000000      < Ts <   80.000000000000000     
   100000.86909702663      < Ne <   100000.86965311995     
   100000.86909702663      < Nh <   100000.86965311995     
 CFL_Te=   7.1966634865596314E-007 maxCFL_Ne=   6.1596883512338743E-007 maxCFL_Ts=   1.2162749390002572E-005 CPU=   4152.5706336563480      NumThreads=                    8 Elapsed time=   1.9265175010294725E-003
 CFL_Limit=   1.0000000000000000E-003
 dt_init=   1.0000000000000001E-018 dt=   1.0000000000000001E-018
 Time=  -1.8200000000006006E-013 Intensity=   1.1689699388427008E-010
   80.077546153956817      < Te <    80.077595502285661     
   80.077546153956817      < Th <    80.077595502285661     
   80.000000000000000      < Ts <   80.000000000000000     
   100001.64476134325      < Ne <   100001.64580808395     
   100001.64476134325      < Nh <   100001.64580808395     
 CFL_Te=   7.1999514684776771E-007 maxCFL_Ne=   6.1625025643401217E-007 maxCFL_Ts=   1.2162749390002572E-005 CPU=   4173.3299948702861      NumThreads=                    8 Elapsed time=   1.9169344408022670E-003
 CFL_Limit=   1.0000000000000000E-003
 dt_init=   1.0000000000000001E-018 dt=   1.0000000000000001E-018
 Time=  -1.8100000000006340E-013 Intensity=   2.1927522735647163E-010
   80.146244545985468      < Te <    80.146337107575377     
   80.146244545985468      < Th <    80.146337107575377     
   80.000000000000000      < Ts <   80.000000000000000     
   100003.10201374289      < Ne <   100003.10397721858     
   100003.10201374289      < Nh <   100003.10397721858     
 CFL_Te=   7.2061282947215500E-007 maxCFL_Ne=   6.1677893651207197E-007 maxCFL_Ts=   1.2162749390002572E-005 CPU=   4192.1032008916627      NumThreads=                    8 Elapsed time=   1.9083499657876733E-003
 CFL_Limit=   1.0000000000000000E-003
 dt_init=   1.0000000000000001E-018 dt=   1.0000000000000001E-018
 Time=  -1.8000000000006673E-013 Intensity=   4.0989313713879761E-010
   80.274852899402561      < Te <    80.275025910047376     
   80.274852899402561      < Th <    80.275025910047376     
   80.000000000000000      < Ts <   80.000000000000000     
   100005.83030682514      < Ne <   100005.83397716857     
   100005.83030682514      < Nh <   100005.83397716857     
 CFL_Te=   7.2176917597329825E-007 maxCFL_Ne=   6.1776866381599753E-007 maxCFL_Ts=   1.2162749390002572E-005 CPU=   4208.9771132265669      NumThreads=                    8 Elapsed time=   1.9006993349667486E-003
 CFL_Limit=   1.0000000000000000E-003
 dt_init=   1.0000000000000001E-018 dt=   1.0000000000000001E-018
 Time=  -1.7900000000007007E-013 Intensity=   7.6356598600097579E-010
   80.514775482451313      < Te <    80.515097729569931     
   80.514775482451313      < Th <    80.515097729569931     
   80.000000000000000      < Ts <   80.000000000000000     
   100010.92059700692      < Ne <   100010.92743427702     
   100010.92059700692      < Nh <   100010.92743427702     
 CFL_Te=   7.2392637363645274E-007 maxCFL_Ne=   6.1961502857367493E-007 maxCFL_Ts=   1.2162749390002572E-005 CPU=   4224.4738846178871      NumThreads=                    8 Elapsed time=   1.8937269393780659E-003
 CFL_Limit=   1.0000000000000000E-003
 dt_init=   1.0000000000000001E-018 dt=   1.0000000000000001E-018
 Time=  -1.7800000000007341E-013 Intensity=   1.4174813416816798E-009
   80.960779689753082      < Te <    80.961377773510037     
   80.960779689753082      < Th <    80.961377773510037     
   80.000000000000000      < Ts <   80.000000000000000     
   100020.38491526981      < Ne <   100020.39760796008     
   100020.38491526981      < Nh <   100020.39760796008     
 CFL_Te=   7.2793649732519955E-007 maxCFL_Ne=   6.2304732927586016E-007 maxCFL_Ts=   1.2162749390002572E-005 CPU=   4238.5682544551300      NumThreads=                    8 Elapsed time=   1.8874297922632849E-003
 CFL_Limit=   1.0000000000000000E-003
 dt_init=   1.0000000000000001E-018 dt=   1.0000000000000001E-018
 Time=  -1.7700000000007674E-013 Intensity=   2.6223036413214384E-009
   81.786908727707171      < Te <    81.788014739257733     
   81.786908727707171      < Th <    81.788014739257733     
   80.000000000000000      < Ts <   80.000000000000000     
   100037.92095044673      < Ne <   100037.94443160694     
   100037.92095044673      < Nh <   100037.94443160694     
 CFL_Te=   7.3536440847677456E-007 maxCFL_Ne=   6.2940494481284596E-007 maxCFL_Ts=   1.2162749390002572E-005 CPU=   4251.5523693406485      NumThreads=                    8 Elapsed time=   1.8816656376364192E-003
 CFL_Limit=   1.0000000000000000E-003
 dt_init=   1.0000000000000001E-018 dt=   1.0000000000000001E-018
 Time=  -1.7600000000008008E-013 Intensity=   4.8344097271306617E-009
   83.311496839491738      < Te <    83.313534460165371     
   83.311496839491738      < Th <    83.313534460165371     
   80.000000000000000      < Ts <   80.000000000000000     
   100070.30034742740      < Ne <   100070.34363670838     
   100070.30034742740      < Nh <   100070.34363670838     
 CFL_Te=   7.4907232154704270E-007 maxCFL_Ne=   6.4113767012205750E-007 maxCFL_Ts=   1.2162749390002572E-005 CPU=   4261.1901462885362      NumThreads=                    8 Elapsed time=   1.8774097670736279E-003
 CFL_Limit=   1.0000000000000000E-003
 dt_init=   1.0000000000000001E-018 dt=   1.0000000000000001E-018
 Time=  -1.7500000000008342E-013 Intensity=   8.8817548566826219E-009
   86.114154250926234      < Te <    86.117893170242823     
   86.114154250926234      < Th <    86.117893170242823     
   80.000000000000000      < Ts <   80.000000000000000     
   100129.88046850506      < Ne <   100129.95999946610     
   100129.88046850506      < Nh <   100129.95999946610     
 CFL_Te=   7.7427164185188272E-007 maxCFL_Ne=   6.6270599360763736E-007 maxCFL_Ts=   1.2162749390002572E-005 CPU=   4271.5839919062200      NumThreads=                    8 Elapsed time=   1.8728415536621466E-003
 CFL_Limit=   1.0000000000000000E-003
 dt_init=   1.0000000000000001E-018 dt=   1.0000000000000001E-018
 Time=  -1.7400000000008675E-013 Intensity=   1.6261064004507730E-008
   91.244536538117899      < Te <    91.251366745013343     
   91.244536538117899      < Th <    91.251366745013343     
   80.000000000000000      < Ts <   80.000000000000000     
   100239.13244013152      < Ne <   100239.27804881736     
   100239.13244013152      < Nh <   100239.27804881736     
 CFL_Te=   8.2040005769553233E-007 maxCFL_Ne=   7.0218771710582464E-007 maxCFL_Ts=   1.2162749390002572E-005 CPU=   4281.4381525147273      NumThreads=                    8 Elapsed time=   1.8685310204238626E-003
 CFL_Limit=   1.0000000000000000E-003
 dt_init=   1.0000000000000001E-018 dt=   1.0000000000000001E-018
 Time=  -1.7300000000009009E-013 Intensity=   2.9668390479681111E-008
   100.59039630872995      < Te <    100.60280815217418     
   100.59039630872995      < Th <    100.60280815217418     
   80.000000000000000      < Ts <   80.000000000000000     
   100438.77469293708      < Ne <   100439.04035761202     
   100438.77469293708      < Nh <   100439.04035761202     
 CFL_Te=   9.0443077544454567E-007 maxCFL_Ne=   7.7411035988256261E-007 maxCFL_Ts=   1.2162749390002572E-005 CPU=   4291.0191979164265      NumThreads=                    8 Elapsed time=   1.8643589392199711E-003
 CFL_Limit=   1.0000000000000000E-003
 dt_init=   1.0000000000000001E-018 dt=   1.0000000000000001E-018
 Time=  -1.7200000000009343E-013 Intensity=   5.3942846938300164E-008
   117.51384716153969      < Te <    117.53625113646576     
   117.51384716153969      < Th <    117.53625113646576     
   80.000000000000000      < Ts <   80.000000000000000     
   100802.33035890803      < Ne <   100802.81339137183     
   100802.33035890803      < Nh <   100802.81339137183     
 CFL_Te=   1.0565933112498925E-006 maxCFL_Ne=   9.0434763579284536E-007 maxCFL_Ts=   1.2162749390002572E-005 CPU=   4299.7131489808989      NumThreads=                    8 Elapsed time=   1.8605892353298333E-003
 CFL_Limit=   1.0000000000000000E-003
 dt_init=   1.0000000000000001E-018 dt=   1.0000000000000001E-018
 Time=  -1.7100000000009676E-013 Intensity=   9.7739157377142928E-008
   147.91469048823549      < Te <    147.95475719446466     
   147.91469048823549      < Th <    147.95475719446466     
   80.000000000000000      < Ts <   80.000000000000000     
   101462.08833612845      < Ne <   101462.96355306545     
   101462.08833612845      < Nh <   101462.96355306545     
 CFL_Te=   1.3299341004064920E-006 maxCFL_Ne=   1.1383024655143583E-006 maxCFL_Ts=   1.2162749390002572E-005 CPU=   4307.9655358300461      NumThreads=                    8 Elapsed time=   1.8570250698299942E-003
 CFL_Limit=   1.0000000000000000E-003
 dt_init=   1.0000000000000001E-018 dt=   1.0000000000000001E-018
 Time=  -1.7000000000010010E-013 Intensity=   1.7648108606485697E-007
   201.89944840530310      < Te <    201.97012153963308     
   201.89944840530310      < Th <    201.97012153963308     
   80.000000000000000      < Ts <   80.000000000000000     
   102655.23452868364      < Ne <   102656.81487973795     
   102655.23452868364      < Nh <   102656.81487973795     
 CFL_Te=   1.8153231461553034E-006 maxCFL_Ne=   1.5537513050325652E-006 maxCFL_Ts=   1.2162749390002572E-005 CPU=   4315.7427863910880      NumThreads=                    8 Elapsed time=   1.8536785892863097E-003
 CFL_Limit=   1.0000000000000000E-003
 dt_init=   1.0000000000000001E-018 dt=   1.0000000000000001E-018
 Time=  -1.6900000000010343E-013 Intensity=   3.1755766135123548E-007
   296.08517302915664      < Te <    296.20717804797982     
   296.08517302915664      < Th <    296.20717804797982     
   80.000000000000000      < Ts <   80.000000000000000     
   104805.52904089027      < Ne <   104808.37279853181     
   104805.52904089027      < Nh <   104808.37279853181     
 CFL_Te=   2.6621680847365362E-006 maxCFL_Ne=   2.2785735088760469E-006 maxCFL_Ts=   1.2162749390002572E-005 CPU=   4321.0962445116820      NumThreads=                    8 Elapsed time=   1.8513820445820834E-003
 CFL_Limit=   1.0000000000000000E-003
 dt_init=   1.0000000000000001E-018 dt=   1.0000000000000001E-018
 Time=  -1.6800000000010677E-013 Intensity=   5.6943200375045409E-007
   455.87956304682785      < Te <    456.08307366082846     
   455.87956304682785      < Th <    456.08307366082846     
   80.000000000000000      < Ts <   80.000000000000000     
   108667.39779931796      < Ne <   108672.49741109159     
   108667.39779931796      < Nh <   108672.49741109159     
 CFL_Te=   4.0989152240750107E-006 maxCFL_Ne=   3.5082983742431080E-006 maxCFL_Ts=   1.2162749390002572E-005 CPU=   4327.9553876647115      NumThreads=                    8 Elapsed time=   1.8484478889965311E-003
 CFL_Limit=   1.0000000000000000E-003
 dt_init=   1.0000000000000001E-018 dt=   1.0000000000000001E-018
 Time=  -1.6700000000011011E-013 Intensity=   1.0175505639765076E-006
   715.21605066147720      < Te <    715.53755168859084     
   715.21605066147720      < Th <    715.53755168859084     
   80.000000000000000      < Ts <   80.000000000000000     
   115579.21672513323      < Ne <   115588.33040388061     
   115579.21672513323      < Nh <   115588.33040388061     
 CFL_Te=   6.4306676512985204E-006 maxCFL_Ne=   5.5040664877640462E-006 maxCFL_Ts=   1.2162749390002572E-005 CPU=   4334.3468021878471      NumThreads=                    8 Elapsed time=   1.8457221733991940E-003
 CFL_Limit=   1.0000000000000000E-003
 dt_init=   1.0000000000000001E-018 dt=   1.0000000000000001E-018
 Time=  -1.6600000000011344E-013 Intensity=   1.8120283017422144E-006
   1108.1977863377992      < Te <    1108.6653380838243     
   1108.1977863377992      < Th <    1108.6653380838243     
   80.000000000000000      < Ts <   80.000000000000000     
   127906.92847137984      < Ne <   127923.16042656690     
   127906.92847137984      < Nh <   127923.16042656690     
 CFL_Te=   9.9640544285570693E-006 maxCFL_Ne=   8.5283245689941722E-006 maxCFL_Ts=   1.2162749390002572E-005 CPU=   4339.5505924953113      NumThreads=                    8 Elapsed time=   1.8435088679078797E-003
 CFL_Limit=   1.0000000000000000E-003
 dt_init=   1.0000000000000001E-018 dt=   1.0000000000000001E-018
 Time=  -1.6500000000011678E-013 Intensity=   3.2156502290740630E-006
   1647.0852276813066      < Te <    1647.6901075389201     
   1647.0852276813066      < Th <    1647.6901075389201     
   80.000000000000000      < Ts <   80.000000000000000     
   149818.21445721615      < Ne <   149847.02666905461     
   149818.21445721615      < Nh <   149847.02666905461     
 CFL_Te=   1.4809312074996573E-005 maxCFL_Ne=   1.2675424949397228E-005 maxCFL_Ts=   1.2162749390002572E-005 CPU=   4345.1503020345963      NumThreads=                    8 Elapsed time=   1.8411330895168432E-003
 CFL_Limit=   1.0000000000000000E-003
 dt_init=   1.0000000000000001E-018 dt=   1.0000000000000001E-018
 Time=  -1.6400000000012012E-013 Intensity=   5.6867937975120608E-006
   2294.3745570912993      < Te <    2295.0494018593149     
   2294.3745570912993      < Th <    2295.0494018593149     
   80.000000000000000      < Ts <   80.000000000000000     
   188628.65249599633      < Ne <   188679.62241656403     
   188628.65249599633      < Nh <   188679.62241656403     
 CFL_Te=   2.0629235365924716E-005 maxCFL_Ne=   1.7656749676415836E-005 maxCFL_Ts=   1.2162749390002572E-005 CPU=   4350.4062569039124      NumThreads=                    8 Elapsed time=   1.8389087196866579E-003
 CFL_Limit=   1.0000000000000000E-003
 dt_init=   1.0000000000000001E-018 dt=   1.0000000000000001E-018
 Time=  -1.6300000000012345E-013 Intensity=   1.0022152535589665E-005
   2960.1233027373278      < Te <    2960.7630311451794     
   2960.1233027373278      < Th <    2960.7630311451794     
   80.000000000000000      < Ts <   80.000000000000000     
   257134.00726197235      < Ne <   257223.86917346154     
   257134.00726197235      < Nh <   257223.86917346154     
 CFL_Te=   2.6615131391717244E-005 maxCFL_Ne=   2.2780129245558048E-005 maxCFL_Ts=   1.2162749390002572E-005 CPU=   4355.2858671347349      NumThreads=                    8 Elapsed time=   1.8368484283359011E-003
 CFL_Limit=   1.0000000000000000E-003
 dt_init=   1.0000000000000001E-018 dt=   1.0000000000000001E-018
 Time=  -1.6200000000012679E-013 Intensity=   1.7601488071436876E-005
   3545.0840815844081      < Te <    3545.6055045809808     
   3545.0840815844081      < Th <    3545.6055045809844     
   80.000000000000000      < Ts <   80.000000000000000     
   377636.43890920852      < Ne <   377794.32519423764     
   377636.43890920846      < Nh <   377794.32519423764     
 CFL_Te=   3.1874651143368127E-005 maxCFL_Ne=   2.7281792646238378E-005 maxCFL_Ts=   1.2162749390002572E-005 CPU=   4358.0004033263476      NumThreads=                    8 Elapsed time=   1.8357042816916237E-003
 CFL_Limit=   1.0000000000000000E-003
 dt_init=   1.0000000000000001E-018 dt=   1.0000000000000001E-018
 Time=  -1.6100000000013013E-013 Intensity=   3.0805808613878608E-005
   3992.8039976865298      < Te <    3993.1808484401513     
   3992.8039976865298      < Th <    3993.1808484401545     
   80.000000000000000      < Ts <   80.000000000000000     
   588869.74811695458      < Ne <   589146.18758867832     
   588869.74811695446      < Nh <   589146.18758867832     
 CFL_Te=   3.5900213819388964E-005 maxCFL_Ne=   3.0727297616167312E-005 maxCFL_Ts=   1.2162749390002572E-005 CPU=   4362.0959653562404      NumThreads=                    8 Elapsed time=   1.8339807430959769E-003
 CFL_Limit=   1.0000000000000000E-003
 dt_init=   1.0000000000000001E-018 dt=   1.0000000000000001E-018
 Time=  -1.6000000000013346E-013 Intensity=   5.3729239106903670E-005
   4301.0864093910704      < Te <    4301.3370555994761     
   4301.0864093910704      < Th <    4301.3370555994679     
   80.000000000000000      < Ts <   80.000000000000000     
   957867.96537005925      < Ne <   958350.27707656228     
   957867.96537005901      < Nh <   958350.27707656228     
 CFL_Te=   3.8672064264073763E-005 maxCFL_Ne=   3.3099737870274385E-005 maxCFL_Ts=   1.2162749390002572E-005 CPU=   4366.1812361453849      NumThreads=                    8 Elapsed time=   1.8322647566189154E-003
 CFL_Limit=   1.0000000000000000E-003
 dt_init=   1.0000000000000001E-018 dt=   1.0000000000000001E-018
 Time=  -1.5900000000013680E-013 Intensity=   9.3386396508871733E-005
   4498.4927176195988      < Te <    4498.6515799093913     
   4498.4927176195988      < Th <    4498.6515799093813     
   80.000000000000000      < Ts <   80.000000000000000     
   1600232.2588126950      < Ne <   1601070.7943617329     
   1600232.2588126948      < Nh <   1601070.7943617329     
 CFL_Te=   4.0447001664211955E-005 maxCFL_Ne=   3.4618912293433857E-005 maxCFL_Ts=   1.2162749390002572E-005 CPU=   4369.9528145500808      NumThreads=                    8 Elapsed time=   1.8306833825215251E-003
 CFL_Limit=   1.0000000000000000E-003
 dt_init=   1.0000000000000001E-018 dt=   1.0000000000000001E-018
 Time=  -1.5800000000014014E-013 Intensity=   1.6175264648251087E-004
   4619.2407124205547      < Te <    4619.3394700510480     
   4619.2407124205547      < Th <    4619.3394700510426     
   80.000000000000000      < Ts <   80.000000000000000     
   2714613.4548475458      < Ne <   2716066.1746351486     
   2714613.4548475458      < Nh <   2716066.1746351486     
 CFL_Te=   4.1532684449032283E-005 maxCFL_Ne=   3.5548149563496895E-005 maxCFL_Ts=   1.2162749390002572E-005 CPU=   4373.4967130111727      NumThreads=                    8 Elapsed time=   1.8291999571418366E-003
 CFL_Limit=   1.0000000000000000E-003
 dt_init=   1.0000000000000001E-018 dt=   1.0000000000000001E-018
 Time=  -1.5700000000014347E-013 Intensity=   2.7919910540149856E-004
   4691.1193277482544      < Te <    4691.1810165946581     
   4691.1193277482589      < Th <    4691.1810165946563     
   80.000000000000000      < Ts <   80.000000000000000     
   4641168.4992173910      < Ne <   4643676.4172700541     
   4641168.4992173910      < Nh <   4643676.4172700532     
 CFL_Te=   4.2178968953947909E-005 maxCFL_Ne=   3.6101304094865776E-005 maxCFL_Ts=   1.2162749390002572E-005 CPU=   4376.2686226328324      NumThreads=                    8 Elapsed time=   1.8280413497988326E-003
 CFL_Limit=   1.0000000000000000E-003
 dt_init=   1.0000000000000001E-018 dt=   1.0000000000000001E-018
 Time=  -1.5600000000014681E-013 Intensity=   4.8025456292409118E-004
   4733.2504225040493      < Te <    4733.2900008098086     
   4733.2504225040566      < Th <    4733.2900008097995     
   80.000000000000000      < Ts <   80.000000000000000     
   7960299.0690316865      < Ne <   7964613.4786776863     
   7960299.0690316856      < Nh <   7964613.4786776854     
 CFL_Te=   4.2557784499683883E-005 maxCFL_Ne=   3.6425531405520680E-005 maxCFL_Ts=   1.2162749390002572E-005 CPU=   4379.4369167774721      NumThreads=                    8 Elapsed time=   1.8267188572467557E-003
 CFL_Limit=   1.0000000000000000E-003
 dt_init=   1.0000000000000001E-018 dt=   1.0000000000000001E-018
 Time=  -1.5500000000015014E-013 Intensity=   8.2323500183163778E-004
   4757.7286243286817      < Te <    4757.7552475974080     
   4757.7286243286935      < Th <    4757.7552475974035     
   80.000000000000000      < Ts <   80.000000000000000     
   13658824.949095231      < Ne <   13666221.188519385     
   13658824.949095229      < Nh <   13666221.188519385     
 CFL_Te=   4.2777877157429069E-005 maxCFL_Ne=   3.6613907781073168E-005 maxCFL_Ts=   1.2162749390002572E-005 CPU=   4381.1734311317359      NumThreads=                    8 Elapsed time=   1.8259948221071580E-003
 CFL_Limit=   1.0000000000000000E-003
 dt_init=   1.0000000000000001E-018 dt=   1.0000000000000001E-018
 Time=  -1.5400000000015348E-013 Intensity=   1.4062774236661619E-003
   4771.8692122431175      < Te <    4771.8883113276033     
   4771.8692122431239      < Th <    4771.8883113276033     
   80.000000000000000      < Ts <   80.000000000000000     
   23408631.247177567      < Ne <   23421266.563421573     
   23408631.247177564      < Nh <   23421266.563421573     
 CFL_Te=   4.2905020755655099E-005 maxCFL_Ne=   3.6722729220296816E-005 maxCFL_Ts=   1.2162749390002572E-005 CPU=   4384.0573481478141      NumThreads=                    8 Elapsed time=   1.8247936476879932E-003
 CFL_Limit=   1.0000000000000000E-003
 dt_init=   1.0000000000000001E-018 dt=   1.0000000000000001E-018
 Time=  -1.5300000000015682E-013 Intensity=   2.3939387363958401E-003
   4779.9933263769872      < Te <    4780.0080707320612     
   4779.9933263769899      < Th <    4780.0080707320676     
   80.000000000000000      < Ts <   80.000000000000000     
   40032217.706350408      < Ne <   40053728.173602335     
   40032217.706350394      < Nh <   40053728.173602335     
 CFL_Te=   4.2978068035521906E-005 maxCFL_Ne=   3.6785249813253912E-005 maxCFL_Ts=   1.2162749390002572E-005 CPU=   4386.7981494271608      NumThreads=                    8 Elapsed time=   1.8236535458201241E-003
 CFL_Limit=   1.0000000000000000E-003
 dt_init=   1.0000000000000001E-018 dt=   1.0000000000000001E-018
 Time=  -1.5200000000016015E-013 Intensity=   4.0611582196023030E-003
   4784.6230250270446      < Te <    4784.6352498716578     
   4784.6230250270510      < Th <    4784.6352498716597     
   80.000000000000000      < Ts <   80.000000000000000     
   68277683.616997138      < Ne <   68314176.172454476     
   68277683.616997123      < Nh <   68314176.172454476     
 CFL_Te=   4.3019695677153107E-005 maxCFL_Ne=   3.6820878504538561E-005 maxCFL_Ts=   1.2162749390002572E-005 CPU=   4389.5432727961925      NumThreads=                    8 Elapsed time=   1.8225130731890249E-003
 CFL_Limit=   1.0000000000000000E-003
 dt_init=   1.0000000000000001E-018 dt=   1.0000000000000001E-018
 Time=  -1.5100000000016349E-013 Intensity=   6.8656496377184186E-003
   4787.2223256912112      < Te <    4787.2330903847651     
   4787.2223256912166      < Th <    4787.2330903847660     
   80.000000000000000      < Ts <   80.000000000000000     
   116104121.64919080      < Ne <   116165816.77833480     
   116104121.64919075      < Nh <   116165816.77833480     
 CFL_Te=   4.3043067187819274E-005 maxCFL_Ne=   3.6840881901100669E-005 maxCFL_Ts=   1.2162749390002572E-005 CPU=   4392.2125513015571      NumThreads=                    8 Elapsed time=   1.8214054776628096E-003
 CFL_Limit=   1.0000000000000000E-003
 dt_init=   1.0000000000000001E-018 dt=   1.0000000000000001E-018
 Time=  -1.5000000000016683E-013 Intensity=   1.1566666520934519E-002
   4788.6395991543422      < Te <    4788.6495149553321     
   4788.6395991543459      < Th <    4788.6495149553330     
   80.000000000000000      < Ts <   80.000000000000000     
   196805807.98315576      < Ne <   196909749.87818179     
   196805807.98315570      < Nh <   196909749.87818176     
 CFL_Te=   4.3055810590933135E-005 maxCFL_Ne=   3.6851788792255935E-005 maxCFL_Ts=   1.2162749390002572E-005 CPU=   4394.7938055548757      NumThreads=                    8 Elapsed time=   1.8203356867137345E-003
 CFL_Limit=   1.0000000000000000E-003
 dt_init=   1.0000000000000001E-018 dt=   1.0000000000000001E-018
 Time=  -1.4900000000017016E-013 Intensity=   1.9419124322407912E-002
   4789.3666505333804      < Te <    4789.3760705437317     
   4789.3666505333813      < Th <    4789.3760705437326     
   80.000000000000000      < Ts <   80.000000000000000     
   332509749.22693020      < Ne <   332684260.78044647     
   332509749.22693014      < Nh <   332684260.78044647     
 CFL_Te=   4.3062347902285534E-005 maxCFL_Ne=   3.6857383952978599E-005 maxCFL_Ts=   1.2162749390002572E-005 CPU=   4397.2724262084685      NumThreads=                    8 Elapsed time=   1.8193096139139985E-003
 CFL_Limit=   1.0000000000000000E-003
 dt_init=   1.0000000000000001E-018 dt=   1.0000000000000001E-018
 Time=  -1.4800000000017350E-013 Intensity=   3.2489716342295395E-002
   4789.6890361942014      < Te <    4789.6981647963639     
   4789.6890361942023      < Th <    4789.6981647963639     
   80.000000000000000      < Ts <   80.000000000000000     
   559913482.96025991      < Ne <   560205462.19409776     
   559913482.96025991      < Nh <   560205462.19409776     
 CFL_Te=   4.3065246678320750E-005 maxCFL_Ne=   3.6859864934125787E-005 maxCFL_Ts=   1.2162749390002572E-005 CPU=   4398.1693621267286      NumThreads=                    8 Elapsed time=   1.8189385949729802E-003
 CFL_Limit=   1.0000000000000000E-003
 dt_init=   1.0000000000000001E-018 dt=   1.0000000000000001E-018
 Time=  -1.4700000000017684E-013 Intensity=   5.4169776937058010E-002
   4789.7729352008982      < Te <    4789.7818909866892     
   4789.7729352008992      < Th <    4789.7818909866892     
   80.000000000000000      < Ts <   80.000000000000000     
   939663673.14351702      < Ne <   940150499.68234742     
   939663673.14351702      < Nh <   940150499.68234742     
 CFL_Te=   4.3066001107388768E-005 maxCFL_Ne=   3.6860510597048579E-005 maxCFL_Ts=   1.2162749390002572E-005 CPU=   4400.5741363040861      NumThreads=                    8 Elapsed time=   1.8179446027283535E-003
 CFL_Limit=   1.0000000000000000E-003
 dt_init=   1.0000000000000001E-018 dt=   1.0000000000000001E-018
 Time=  -1.4600000000018017E-013 Intensity=   9.0004251555476325E-002
   4789.7152028457758      < Te <    4789.7242610949552     
   4789.7152028457767      < Th <    4789.7242610949525     
   80.000000000000000      < Ts <   80.000000000000000     
   1571629635.7745283      < Ne <   1572438529.0108175     
   1571629635.7745278      < Nh <   1572438529.0108175     
 CFL_Te=   4.3065483022764861E-005 maxCFL_Ne=   3.6860067134037895E-005 maxCFL_Ts=   1.2162749390002572E-005 CPU=   4402.8975352979296      NumThreads=                    8 Elapsed time=   1.8169852775051390E-003
 CFL_Limit=   1.0000000000000000E-003
 dt_init=   1.0000000000000001E-018 dt=   1.0000000000000001E-018
 Time=  -1.4500000000018351E-013 Intensity=  0.14902662029678132     
   4789.5727220721737      < Te <    4789.5818469529886     
   4789.5727220721737      < Th <    4789.5818469529822     
   80.000000000000000      < Ts <   80.000000000000000     
   2619686037.7108245      < Ne <   2621025415.0746336     
   2619686037.7108235      < Nh <   2621025415.0746336     
 CFL_Te=   4.3064202545242500E-005 maxCFL_Ne=   3.6858971150954459E-005 maxCFL_Ts=   1.2162749390002572E-005 CPU=   4404.9513354153114      NumThreads=                    8 Elapsed time=   1.8161381116020292E-003
 CFL_Limit=   1.0000000000000000E-003
 dt_init=   1.0000000000000001E-018 dt=   1.0000000000000001E-018
 Time=  -1.4400000000018685E-013 Intensity=  0.24590056693320117     
   4789.3787646462442      < Te <    4789.3879292671618     
   4789.3787646462442      < Th <    4789.3879292671663     
   80.000000000000000      < Ts <   80.000000000000000     
   4351777821.0572214      < Ne <   4353987909.0823555     
   4351777821.0572205      < Nh <   4353987909.0823555     
 CFL_Te=   4.3062458987870459E-005 maxCFL_Ne=   3.6857478825554723E-005 maxCFL_Ts=   1.2162749390002572E-005 CPU=   4406.9520240700213      NumThreads=                    8 Elapsed time=   1.8153136127430848E-003
 CFL_Limit=   1.0000000000000000E-003
 dt_init=   1.0000000000000001E-018 dt=   1.0000000000000001E-018
 Time=  -1.4300000000019018E-013 Intensity=  0.40434311979042498     
   4789.1529038689496      < Te <    4789.1620923150067     
   4789.1529038689496      < Th <    4789.1620923150058     
   80.000000000000000      < Ts <   80.000000000000000     
   7204453681.8704643      < Ne <   7208087900.9283342     
   7204453681.8704634      < Nh <   7208087900.9283333     
 CFL_Te=   4.3060428437256285E-005 maxCFL_Ne=   3.6855740867584843E-005 maxCFL_Ts=   1.2162749390002572E-005 CPU=   4408.7095081569951      NumThreads=                    8 Elapsed time=   1.8145899577185563E-003
 CFL_Limit=   1.0000000000000000E-003
 dt_init=   1.0000000000000001E-018 dt=   1.0000000000000001E-018
 Time=  -1.4200000000019352E-013 Intensity=  0.66257559509688757     
   4788.9066812333867      < Te <    4788.9158840600230     
   4788.9066812333876      < Th <    4788.9158840600157     
   80.000000000000000      < Ts <   80.000000000000000     
   11886430210.499928      < Ne <   11892385564.419956     
   11886430210.499924      < Nh <   11892385564.419952     
 CFL_Te=   4.3058214723715235E-005 maxCFL_Ne=   3.6853846143617406E-005 maxCFL_Ts=   1.2162749390002572E-005 CPU=   4410.2817035215903      NumThreads=                    8 Elapsed time=   1.8139430852256073E-003
 CFL_Limit=   1.0000000000000000E-003
 dt_init=   1.0000000000000001E-018 dt=   1.0000000000000001E-018
 Time=  -1.4100000000019685E-013 Intensity=   1.0819711056619992     
   4788.6469134470863      < Te <    4788.6561250360537     
   4788.6469134470817      < Th <    4788.6561250360519     
   80.000000000000000      < Ts <   80.000000000000000     
   19544182550.425785      < Ne <   19553907761.063984     
   19544182550.425781      < Nh <   19553907761.063980     
 CFL_Te=   4.3055879172187634E-005 maxCFL_Ne=   3.6851847140518565E-005 maxCFL_Ts=   1.2162749390002572E-005 CPU=   4411.2587961827721      NumThreads=                    8 Elapsed time=   1.8135412973101239E-003
 CFL_Limit=   1.0000000000000000E-003
 dt_init=   1.0000000000000001E-018 dt=   1.0000000000000001E-018
 Time=  -1.4000000000020019E-013 Intensity=   1.7607217970199551     
   4788.3776286329748      < Te <    4788.3868456361233     
   4788.3776286329748      < Th <    4788.3868456361215     
   80.000000000000000      < Ts <   80.000000000000000     
   32025737145.635635      < Ne <   32041563665.841213     
   32025737145.635632      < Nh <   32041563665.841209     
 CFL_Te=   4.3053458020835393E-005 maxCFL_Ne=   3.6849774873796251E-005 maxCFL_Ts=   1.2162749390002572E-005 CPU=   4412.9907779183386      NumThreads=                    8 Elapsed time=   1.8128295304921749E-003
 CFL_Limit=   1.0000000000000000E-003
 dt_init=   1.0000000000000001E-018 dt=   1.0000000000000001E-018
 Time=  -1.3900000000020353E-013 Intensity=   2.8553586656755012     
   4788.1012034830164      < Te <    4788.1104239034657     
   4788.1012034830128      < Th <    4788.1104239034648     
   80.000000000000000      < Ts <   80.000000000000000     
   52299358188.030441      < Ne <   52325024699.629929     
   52299358188.030441      < Nh <   52325024699.629921     
 CFL_Te=   4.3050972651175411E-005 maxCFL_Ne=   3.6847647643422156E-005 maxCFL_Ts=   1.2162749390002572E-005 CPU=   4414.3705095821178      NumThreads=                    8 Elapsed time=   1.8122629223429893E-003
 CFL_Limit=   1.0000000000000000E-003
 dt_init=   1.0000000000000001E-018 dt=   1.0000000000000001E-018
 Time=  -1.3800000000020686E-013 Intensity=   4.6145084551220714     
   4787.8190332309769      < Te <    4787.8282558789515     
   4787.8190332309714      < Th <    4787.8282558789506     
   80.000000000000000      < Ts <   80.000000000000000     
   85115630560.354355      < Ne <   85157110990.784943     
   85115630560.354355      < Nh <   85157110990.784943     
 CFL_Te=   4.3048435615321509E-005 maxCFL_Ne=   3.6845476192452898E-005 maxCFL_Ts=   1.2162749390002572E-005 CPU=   4416.0693168816424      NumThreads=                    8 Elapsed time=   1.8115657671897935E-003
 CFL_Limit=   1.0000000000000000E-003
 dt_init=   1.0000000000000001E-018 dt=   1.0000000000000001E-018
 Time=  -1.3700000000021020E-013 Intensity=   7.4316470194783788     
   4787.5319276285682      < Te <    4787.5411517980410     
   4787.5319276285645      < Th <    4787.5411517980401     
   80.000000000000000      < Ts <   80.000000000000000     
   138050573675.01120      < Ne <   138117379551.39011     
   138050573675.01120      < Nh <   138117379551.39011     
 CFL_Te=   4.3045854198281775E-005 maxCFL_Ne=   3.6843266755937150E-005 maxCFL_Ts=   1.2162749390002572E-005 CPU=   4417.6120506516008      NumThreads=                    8 Elapsed time=   1.8109331259226339E-003
 CFL_Limit=   1.0000000000000000E-003
 dt_init=   1.0000000000000001E-018 dt=   1.0000000000000001E-018
 Time=  -1.3600000000021354E-013 Intensity=   11.927228832021447     
   4787.2403457209248      < Te <    4787.2495709970208     
   4787.2403457209230      < Th <    4787.2495709970199     
   80.000000000000000      < Ts <   80.000000000000000     
   223143005152.15985      < Ne <   223250226456.35831     
   223143005152.15985      < Nh <   223250226456.35831     
 CFL_Te=   4.3043232530050934E-005 maxCFL_Ne=   3.6841022868617077E-005 maxCFL_Ts=   1.2162749390002572E-005 CPU=   4419.1246892603358      NumThreads=                    8 Elapsed time=   1.8103132548946078E-003
 CFL_Limit=   1.0000000000000000E-003
 dt_init=   1.0000000000000001E-018 dt=   1.0000000000000001E-018
 Time=  -1.3500000000021687E-013 Intensity=   19.076068766845733     
   4786.9445354827531      < Te <    4786.9537616265134     
   4786.9445354827512      < Th <    4786.9537616265134     
   80.000000000000000      < Ts <   80.000000000000000     
   359455195506.29749      < Ne <   359626686974.52386     
   359455195506.29749      < Nh <   359626686974.52386     
 CFL_Te=   4.3040572841806245E-005 maxCFL_Ne=   3.6838746440080497E-005 maxCFL_Ts=   1.2162749390002572E-005 CPU=   4419.2988514728486      NumThreads=                    8 Elapsed time=   1.8102419114140219E-003
 CFL_Limit=   1.0000000000000000E-003
 dt_init=   1.0000000000000001E-018 dt=   1.0000000000000001E-018
 Time=  -1.3400000000022021E-013 Intensity=   30.404163347642267     
   4786.6446171252792      < Te <    4786.6538440046297     
   4786.6446171252783      < Th <    4786.6538440046315     
   80.000000000000000      < Ts <   80.000000000000000     
   577062635166.72546      < Ne <   577335972509.98584     
   577062635166.72534      < Nh <   577335972509.98584     
 CFL_Te=   4.3037876215354106E-005 maxCFL_Ne=   3.6836438396197204E-005 maxCFL_Ts=   1.2162749390002572E-005 CPU=   4420.7470207774404      NumThreads=                    8 Elapsed time=   1.8096489037712693E-003
 CFL_Limit=   1.0000000000000000E-003
 dt_init=   1.0000000000000001E-018 dt=   1.0000000000000001E-018
 Time=  -1.3300000000022355E-013 Intensity=   48.291654511588462     
   4786.3406329467716      < Te <    4786.3498604949373     
   4786.3406329467707      < Th <    4786.3498604949345     
   80.000000000000000      < Ts <   80.000000000000000     
   923247488263.70105      < Ne <   923681648895.42737     
   923247488263.70093      < Nh <   923681648895.42737     
 CFL_Te=   4.3035143031595313E-005 maxCFL_Ne=   3.6834099062948071E-005 maxCFL_Ts=   1.2162749390002572E-005 CPU=   4422.1690305451775      NumThreads=                    8 Elapsed time=   1.8090669860744190E-003
 CFL_Limit=   1.0000000000000000E-003
 dt_init=   1.0000000000000001E-018 dt=   1.0000000000000001E-018
 Time=  -1.3200000000022688E-013 Intensity=   76.437409953695052     
   4786.0325772476745      < Te <    4786.0418054380898     
   4786.0325772476726      < Th <    4786.0418054380934     
   80.000000000000000      < Ts <   80.000000000000000     
   1472077263543.8506      < Ne <   1472764485358.8564     
   1472077263543.8503      < Nh <   1472764485358.8562     
 CFL_Te=   4.3032373239645026E-005 maxCFL_Ne=   3.6831728396761039E-005 maxCFL_Ts=   1.2162749390002572E-005 CPU=   4423.4291606919005      NumThreads=                    8 Elapsed time=   1.8085516257592023E-003
 CFL_Limit=   1.0000000000000000E-003
 dt_init=   1.0000000000000001E-018 dt=   1.0000000000000001E-018
 Time=  -1.3100000000023022E-013 Intensity=   120.56873118644961     
   4785.7204143292456      < Te <    4785.7296431605073     
   4785.7204143292429      < Th <    4785.7296431605082     
   80.000000000000000      < Ts <   80.000000000000000     
   2339164009724.6689      < Ne <   2340248032639.9136     
   2339164009724.6685      < Nh <   2340248032639.9131     
 CFL_Te=   4.3029566518754187E-005 maxCFL_Ne=   3.6829326123093567E-005 maxCFL_Ts=   1.2162749390002572E-005 CPU=   4424.7019717631465      NumThreads=                    8 Elapsed time=   1.8080313772663372E-003
 CFL_Limit=   1.0000000000000000E-003
 dt_init=   1.0000000000000001E-018 dt=   1.0000000000000001E-018
 Time=  -1.3000000000023355E-013 Intensity=   189.52140549630647     
   4785.4040893460678      < Te <    4785.4133188326150     
   4785.4040893460660      < Th <    4785.4133188326005     
   80.000000000000000      < Ts <   80.000000000000000     
   3704321358242.4858      < Ne <   3706025379552.0308     
   3704321358242.4854      < Nh <   3706025379552.0303     
 CFL_Te=   4.3026722375937792E-005 maxCFL_Ne=   3.6826891819990973E-005 maxCFL_Ts=   1.2162749390002572E-005 CPU=   4425.6321131741342      NumThreads=                    8 Elapsed time=   1.8076513807340105E-003
 CFL_Limit=   1.0000000000000000E-003
 dt_init=   1.0000000000000001E-018 dt=   1.0000000000000001E-018
 Time=  -1.2900000000023689E-013 Intensity=   296.87709817134032     
   4785.0835348587070      < Te <    4785.0927650253125     
   4785.0835348587098      < Th <    4785.0927650253034     
   80.000000000000000      < Ts <   80.000000000000000     
   5846216248727.5059      < Ne <   5848885605461.9785     
   5846216248727.5049      < Nh <   5848885605461.9775     
 CFL_Te=   4.3023840204925665E-005 maxCFL_Ne=   3.6824424968541082E-005 maxCFL_Ts=   1.2162749390002572E-005 CPU=   4426.8185652131351      NumThreads=                    8 Elapsed time=   1.8071669037592077E-003
 CFL_Limit=   1.0000000000000000E-003
 dt_init=   1.0000000000000001E-018 dt=   1.0000000000000001E-018
 Time=  -1.2800000000024023E-013 Intensity=   463.43622111120186     
   4784.7586747910036      < Te <    4784.7679056693732     
   4784.7586747909945      < Th <    4784.7679056693660     
   80.000000000000000      < Ts <   80.000000000000000     
   9195167908816.2324      < Ne <   9199335002397.0352     
   9195167908816.2324      < Nh <   9199335002397.0352     
 CFL_Te=   4.3020919321762181E-005 maxCFL_Ne=   3.6821924983342063E-005 maxCFL_Ts=   1.2162749390002572E-005 CPU=   4427.1212133032386      NumThreads=                    8 Elapsed time=   1.8070433617133569E-003
 CFL_Limit=   1.0000000000000000E-003
 dt_init=   1.0000000000000001E-018 dt=   1.0000000000000001E-018
 Time=  -1.2700000000024356E-013 Intensity=   720.93830669028659     
   4784.4294268149879      < Te <    4784.4386584417198     
   4784.4294268149797      < Th <    4784.4386584417171     
   80.000000000000000      < Ts <   80.000000000000000     
   14413297773613.262      < Ne <   14419780458850.381     
   14413297773613.262      < Nh <   14419780458850.381     
 CFL_Te=   4.3017958986262225E-005 maxCFL_Ne=   3.6819391230866267E-005 maxCFL_Ts=   1.2162749390002572E-005 CPU=   4428.1894638341473      NumThreads=                    8 Elapsed time=   1.8066074329785341E-003
 CFL_Limit=   1.0000000000000000E-003
 dt_init=   1.0000000000000001E-018 dt=   1.0000000000000001E-018
 Time=  -1.2600000000024690E-013 Intensity=   1117.6377956527222     
   4784.0957037799717      < Te <    4784.1049361953155     
   4784.0957037799662      < Th <    4784.1049361953137     
   80.000000000000000      < Ts <   80.000000000000000     
   22515744202037.398      < Ne <   22525794331732.152     
   22515744202037.398      < Nh <   22525794331732.152     
 CFL_Te=   4.3014958414867318E-005 maxCFL_Ne=   3.6816823040463752E-005 maxCFL_Ts=   1.2162749390002572E-005 CPU=   4429.2343744207355      NumThreads=                    8 Elapsed time=   1.8061812321788133E-003
 CFL_Limit=   1.0000000000000000E-003
 dt_init=   1.0000000000000001E-018 dt=   1.0000000000000001E-018
 Time=  -1.2500000000025024E-013 Intensity=   1726.6285113882675     
   4783.7574145580638      < Te <    4783.7666478051606     
   4783.7574145580602      < Th <    4783.7666478051597     
   80.000000000000000      < Ts <   80.000000000000000     
   35053295812894.395      < Ne <   35068822666243.672     
   35053295812894.395      < Nh <   35068822666243.672     
 CFL_Te=   4.3011916788252301E-005 maxCFL_Ne=   3.6814219710872024E-005 maxCFL_Ts=   1.2162749390002572E-005 CPU=   4430.3830089119965      NumThreads=                    8 Elapsed time=   1.8057129561727492E-003
 CFL_Limit=   1.0000000000000000E-003
 dt_init=   1.0000000000000001E-018 dt=   1.0000000000000001E-018
 Time=  -1.2400000000025357E-013 Intensity=   2658.2240688393576     
   4783.4144645318665      < Te <    4783.4236986562864     
   4783.4144645318638      < Th <    4783.4236986562855     
   80.000000000000000      < Ts <   80.000000000000000     
   54386533042219.484      < Ne <   54410438127330.188     
   54386533042219.484      < Nh <   54410438127330.188     
 CFL_Te=   4.3008833255712509E-005 maxCFL_Ne=   3.6811580513971573E-005 maxCFL_Ts=   1.2162749390002572E-005 CPU=   4431.3957881434035      NumThreads=                    8 Elapsed time=   1.8053002671087779E-003
 CFL_Limit=   1.0000000000000000E-003
 dt_init=   1.0000000000000001E-018 dt=   1.0000000000000001E-018
 Time=  -1.2300000000025691E-013 Intensity=   4078.2994800764554     
   4783.0667558615396      < Te <    4783.0759909110375     
   4783.0667558615432      < Th <    4783.0759909110375     
   80.000000000000000      < Ts <   80.000000000000000     
   84095784314052.016      < Ne <   84132461178514.828     
   84095784314052.000      < Nh <   84132461178514.812     
 CFL_Te=   4.3005706937568142E-005 maxCFL_Ne=   3.6808904696842883E-005 maxCFL_Ts=   1.2162749390002572E-005 CPU=   4432.3662494527834      NumThreads=                    8 Elapsed time=   1.8049049987662177E-003
 CFL_Limit=   1.0000000000000000E-003
 dt_init=   1.0000000000000001E-018 dt=   1.0000000000000001E-018
 Time=  -1.2200000000026025E-013 Intensity=   6235.3594163176358     
   4782.7141876147543      < Te <    4782.7234236392360     
   4782.7141876147707      < Th <    4782.7234236392369     
   80.000000000000000      < Ts <   80.000000000000000     
   129591878529802.11      < Ne <   129647956098254.75     
   129591878529802.08      < Nh <   129647956098254.73     
 CFL_Te=   4.3002536926332679E-005 maxCFL_Ne=   3.6806191482766844E-005 maxCFL_Ts=   1.2162749390002572E-005 CPU=   4433.2654622949849      NumThreads=                    8 Elapsed time=   1.8045389043449276E-003
 CFL_Limit=   1.0000000000000000E-003
 dt_init=   1.0000000000000001E-018 dt=   1.0000000000000001E-018
 Time=  -1.2100000000026358E-013 Intensity=   9500.3306333555556     
   4782.3566558107868      < Te <    4782.3658928621426     
   4782.3566558107977      < Th <    4782.3658928621362     
   80.000000000000000      < Ts <   80.000000000000000     
   199022619984674.81      < Ne <   199108063915667.03     
   199022619984674.78      < Nh <   199108063915667.03     
 CFL_Te=   4.2999322287110796E-005 maxCFL_Ne=   3.6803440071564909E-005 maxCFL_Ts=   1.2162749390002572E-005 CPU=   4433.1588881934476      NumThreads=                    8 Elapsed time=   1.8045822858517196E-003
 CFL_Limit=   1.0000000000000000E-003
 dt_init=   1.0000000000000001E-018 dt=   1.0000000000000001E-018
 Time=  -1.2000000000026692E-013 Intensity=   14424.833136721963     
   4781.9940534099387      < Te <    4782.0032915421152     
   4781.9940534099460      < Th <    4782.0032915421179     
   80.000000000000000      < Ts <   80.000000000000000     
   304613102038641.69      < Ne <   304742840380988.25     
   304613102038641.62      < Nh <   304742840380988.25     
 CFL_Te=   4.2996062057502291E-005 maxCFL_Ne=   3.6800649639517460E-005 maxCFL_Ts=   1.2162749390002572E-005 CPU=   4434.0399013430415      NumThreads=                    8 Elapsed time=   1.8042237277965975E-003
 CFL_Limit=   1.0000000000000000E-003
 dt_init=   1.0000000000000001E-018 dt=   1.0000000000000001E-018
 Time=  -1.1900000000027026E-013 Intensity=   21826.179677817076     
   4781.6262702674576      < Te <    4781.6355095364315     
   4781.6262702674621      < Th <    4781.6355095364315     
   80.000000000000000      < Ts <   80.000000000000000     
   464640013352802.12      < Ne <   464836327027140.06     
   464640013352802.00      < Nh <   464836327027140.06     
 CFL_Te=   4.2992755247189818E-005 maxCFL_Ne=   3.6797819339010640E-005 maxCFL_Ts=   1.2162749390002572E-005 CPU=   4434.8600703272095      NumThreads=                    8 Elapsed time=   1.8038900603711157E-003
 CFL_Limit=   1.0000000000000000E-003
 dt_init=   1.0000000000000001E-018 dt=   1.0000000000000001E-018
 Time=  -1.1800000000027359E-013 Intensity=   32910.880694273634     
   4781.2531930638343      < Te <    4781.2624335277014     
   4781.2531930638379      < Th <    4781.2624335277051     
   80.000000000000000      < Ts <   80.000000000000000     
   706328829497978.38      < Ne <   706624854127942.75     
   706328829497978.25      < Nh <   706624854127942.75     
 CFL_Te=   4.2989400837311393E-005 maxCFL_Ne=   3.6794948297998829E-005 maxCFL_Ts=   1.2162749390002572E-005 CPU=   4435.7247730662966      NumThreads=                    8 Elapsed time=   1.8035384090049880E-003
 CFL_Limit=   1.0000000000000000E-003
 dt_init=   1.0000000000000001E-018 dt=   1.0000000000000001E-018
 Time=  -1.1700000000027693E-013 Intensity=   49453.397363885415     
   4780.8747052187127      < Te <    4780.8839469377235     
   4780.8747052187146      < Th <    4780.8839469377253     
   80.000000000000000      < Ts <   80.000000000000000     
   1070089186115593.4      < Ne <   1070534022432133.8     
   1070089186115593.1      < Nh <   1070534022432133.8     
 CFL_Te=   4.2985997779686472E-005 maxCFL_Ne=   3.6792035619342582E-005 maxCFL_Ts=   1.2162749390002572E-005 CPU=   4436.5472061826968      NumThreads=                    8 Elapsed time=   1.8032040747478887E-003
 CFL_Limit=   1.0000000000000000E-003
 dt_init=   1.0000000000000001E-018 dt=   1.0000000000000001E-018
 Time=  -1.1600000000028026E-013 Intensity=   74053.844592670546     
   4780.4906867927666      < Te <    4780.4999298294115     
   4780.4906867927684      < Th <    4780.4999298294097     
   80.000000000000000      < Ts <   80.000000000000000     
   1615683029086374.2      < Ne <   1616349172478792.5     
   1615683029086374.0      < Nh <   1616349172478792.5     
 CFL_Te=   4.2982544995933334E-005 maxCFL_Ne=   3.6789080380053927E-005 maxCFL_Ts=   1.2162749390002572E-005 CPU=   4437.4693756489460      NumThreads=                    8 Elapsed time=   1.8028293432064669E-003
 CFL_Limit=   1.0000000000000000E-003
 dt_init=   1.0000000000000001E-018 dt=   1.0000000000000001E-018
 Time=  -1.1500000000028360E-013 Intensity=   110508.05584217943     
   4780.1010143802814      < Te <    4780.1102587993319     
   4780.1010143802814      < Th <    4780.1102587993346     
   80.000000000000000      < Ts <   80.000000000000000     
   2431173396622215.5      < Ne <   2432167497181784.0     
   2431173396622215.0      < Nh <   2432167497181784.0     
 CFL_Te=   4.2979041376504507E-005 maxCFL_Ne=   3.6786081630469165E-005 maxCFL_Ts=   1.2162749390002572E-005 CPU=   4438.3422612290960      NumThreads=                    8 Elapsed time=   1.8024747820562595E-003
 CFL_Limit=   1.0000000000000000E-003
 dt_init=   1.0000000000000001E-018 dt=   1.0000000000000001E-018
 Time=  -1.1400000000028694E-013 Intensity=   164336.90995111573     
   4779.7055609938443      < Te <    4779.7148068624892     
   4779.7055609938443      < Th <    4779.7148068624883     
   80.000000000000000      < Ts <   80.000000000000000     
   3645857902424019.5      < Ne <   3647336289044541.5     
   3645857902424019.0      < Nh <   3647336289044541.5     
 CFL_Te=   4.2975485779649499E-005 maxCFL_Ne=   3.6783038393362481E-005 maxCFL_Ts=   1.2162749390002572E-005 CPU=   4438.3590909208497      NumThreads=                    8 Elapsed time=   1.8024679473017131E-003
 CFL_Limit=   1.0000000000000000E-003
 dt_init=   1.0000000000000001E-018 dt=   1.0000000000000001E-018
 Time=  -1.1300000000029027E-013 Intensity=   243540.47277285621     
   4779.3041959425263      < Te <    4779.3134433305077     
   4779.3041959425263      < Th <    4779.3134433304967     
   80.000000000000000      < Ts <   80.000000000000000     
   5448889880501828.0      < Ne <   5451080872777265.0     
   5448889880501827.0      < Nh <   5451080872777265.0     
 CFL_Te=   4.2971877030319237E-005 maxCFL_Ne=   3.6779949663007651E-005 maxCFL_Ts=   1.2162749390002572E-005 CPU=   4439.1461237450312      NumThreads=                    8 Elapsed time=   1.8021483810158740E-003
 CFL_Limit=   1.0000000000000000E-003
 dt_init=   1.0000000000000001E-018 dt=   1.0000000000000001E-018
 Time=  -1.1200000000029361E-013 Intensity=   359668.18468342372     
   4778.8967847035392      < Te <    4778.9060336831135     
   4778.8967847035392      < Th <    4778.9060336831026     
   80.000000000000000      < Ts <   80.000000000000000     
   8115985881770293.0      < Ne <   8119221734840293.0     
   8115985881770292.0      < Nh <   8119221734840293.0     
 CFL_Te=   4.2968213919012562E-005 maxCFL_Ne=   3.6776814404190680E-005 maxCFL_Ts=   1.2162749390002572E-005 CPU=   4439.5615719165280      NumThreads=                    8 Elapsed time=   1.8019797384061184E-003
 CFL_Limit=   1.0000000000000000E-003
 dt_init=   1.0000000000000001E-018 dt=   1.0000000000000001E-018
 Time=  -1.1100000000029695E-013 Intensity=   529331.51455927780     
   4778.4831887878390      < Te <    4778.4924394339396     
   4778.4831887878381      < Th <    4778.4924394339278     
   80.000000000000000      < Ts <   80.000000000000000     
   12047584272847460.      < Ne <   12052346738660974.     
   12047584272847458.      < Nh <   12052346738660972.     
 CFL_Te=   4.2964495200567344E-005 maxCFL_Ne=   3.6773631551175521E-005 maxCFL_Ts=   1.2162749390002572E-005 CPU=   4440.1638511211049      NumThreads=                    8 Elapsed time=   1.8017353116327151E-003
 CFL_Limit=   1.0000000000000000E-003
 dt_init=   1.0000000000000001E-018 dt=   1.0000000000000001E-018
 Time=  -1.1000000000030028E-013 Intensity=   776333.50412123953     
   4778.0632655996815      < Te <    4778.0725179900983     
   4778.0632655996842      < Th <    4778.0725179900892     
   80.000000000000114      < Ts <   80.000000000000114     
   17823155319753234.      < Ne <   17830140378878640.     
   17823155319753232.      < Nh <   17830140378878636.     
 CFL_Te=   4.2960719592899016E-005 maxCFL_Ne=   3.6770400006624017E-005 maxCFL_Ts=   1.2162749390002574E-005 CPU=   4440.8398130943242      NumThreads=                    8 Elapsed time=   1.8014610606784519E-003
 CFL_Limit=   1.0000000000000000E-003
 dt_init=   1.0000000000000001E-018 dt=   1.0000000000000001E-018
 Time=  -1.0900000000030362E-013 Intensity=   1134654.8075546226     
   4777.6368682902066      < Te <    4777.6461225056246     
   4777.6368682902084      < Th <    4777.6461225056182     
   80.000000000000114      < Ts <   80.000000000000114     
   26278201696991280.      < Ne <   26288411172852772.     
   26278201696991280.      < Nh <   26288411172852768.     
 CFL_Te=   4.2956885775682694E-005 maxCFL_Ne=   3.6767118640468051E-005 maxCFL_Ts=   1.2162749390002574E-005 CPU=   4441.6430601624297      NumThreads=                    8 Elapsed time=   1.8011352762118266E-003
 CFL_Limit=   1.0000000000000000E-003
 dt_init=   1.0000000000000001E-018 dt=   1.0000000000000001E-018
 Time=  -1.0800000000030696E-013 Intensity=   1652623.9253586698     
   4777.2038456047258      < Te <    4777.2131017288784     
   4777.2038456047303      < Th <    4777.2131017288748     
   80.000000000002643      < Ts <   80.000000000002714     
   38613008148736576.      < Ne <   38627878867448224.     
   38613008148736576.      < Nh <   38627878867448216.     
 CFL_Te=   4.2952992388980675E-005 maxCFL_Ne=   3.6763786288734657E-005 maxCFL_Ts=   1.2162749390002750E-005 CPU=   4442.4601508351125      NumThreads=                    8 Elapsed time=   1.8008039978695421E-003
 CFL_Limit=   1.0000000000000000E-003
 dt_init=   1.0000000000000001E-018 dt=   1.0000000000000001E-018
 Time=  -1.0700000000031029E-013 Intensity=   2398717.8343097451     
   4776.7640417236453      < Te <    4776.7732998433821     
   4776.7640417236489      < Th <    4776.7732998433794     
   80.000000000079254      < Ts <   80.000000000079325     
   56545637250392448.      < Ne <   56567222428197560.     
   56545637250392448.      < Nh <   56567222428197560.     
 CFL_Te=   4.2949038031812466E-005 maxCFL_Ne=   3.6760401752322342E-005 maxCFL_Ts=   1.2162749390007906E-005 CPU=   4442.5015323958787      NumThreads=                    8 Elapsed time=   1.8007872235185323E-003
 CFL_Limit=   1.0000000000000000E-003
 dt_init=   1.0000000000000001E-018 dt=   1.0000000000000001E-018
 Time=  -1.0600000000031363E-013 Intensity=   3469597.8688117159     
   4776.3172960968786      < Te <    4776.3265563023397     
   4776.3172960968823      < Th <    4776.3265563023388     
   80.000000000173728      < Ts <   80.000000000173827     
   82526338841789984.      < Ne <   82557561830320272.     
   82526338841789984.      < Nh <   82557561830320256.     
 CFL_Te=   4.2945021260665777E-005 maxCFL_Ne=   3.6756963795726704E-005 maxCFL_Ts=   1.2162749390014266E-005 CPU=   4443.2200774423682      NumThreads=                    8 Elapsed time=   1.8004960052766519E-003
 CFL_Limit=   1.0000000000000000E-003
 dt_init=   1.0000000000000001E-018 dt=   1.0000000000000001E-018
 Time=  -1.0500000000031696E-013 Intensity=   5001197.1000020979     
   4775.8634432715353      < Te <    4775.8727056562911     
   4775.8634432715435      < Th <    4775.8727056562902     
   80.000000000308376      < Ts <   80.000000000308560     
   1.2003685715139648E+017 < Ne <   1.2008186502384435E+017
   1.2003685715139648E+017 < Nh <   1.2008186502384434E+017
 CFL_Te=   4.2940940587947765E-005 maxCFL_Ne=   3.6753471145714225E-005 maxCFL_Ts=   1.2162749390023328E-005 CPU=   4443.8663199369739      NumThreads=                    8 Elapsed time=   1.8002341708860093E-003
 CFL_Limit=   1.0000000000000000E-003
 dt_init=   1.0000000000000001E-018 dt=   1.0000000000000001E-018
 Time=  -1.0400000000032030E-013 Intensity=   7183955.7564026807     
   4775.4023127127457      < Te <    4775.4115773739150     
   4775.4023127127566      < Th <    4775.4115773739150     
   80.000000000503263      < Ts <   80.000000000503505     
   1.7400662344603286E+017 < Ne <   1.7407127778597430E+017
   1.7400662344603286E+017 < Nh <   1.7407127778597427E+017
 CFL_Te=   4.2936794480372844E-005 maxCFL_Ne=   3.6749922489943635E-005 maxCFL_Ts=   1.2162749390036441E-005 CPU=   4444.5404608933459      NumThreads=                    8 Elapsed time=   1.7999611141782726E-003
 CFL_Limit=   1.0000000000000000E-003
 dt_init=   1.0000000000000001E-018 dt=   1.0000000000000001E-018
 Time=  -1.0300000000032364E-013 Intensity=   10283671.077769637     
   4774.9337286173941      < Te <    4774.9429956557706     
   4774.9337286173986      < Th <    4774.9429956557706     
   80.000000000780943      < Ts <   80.000000000781270     
   2.5138921882245610E+017 < Ne <   2.5148177428873338E+017
   2.5138921882245610E+017 < Nh <   2.5148177428873334E+017
 CFL_Te=   4.2932581357288971E-005 maxCFL_Ne=   3.6746316475531942E-005 maxCFL_Ts=   1.2162749390055142E-005 CPU=   4444.9370076050218      NumThreads=                    8 Elapsed time=   1.7998005340261242E-003
 CFL_Limit=   1.0000000000000000E-003
 dt_init=   1.0000000000000001E-018 dt=   1.0000000000000001E-018
 Time=  -1.0200000000032697E-013 Intensity=   14669913.588145595     
   4774.4575097206271      < Te <    4774.4667792408482     
   4774.4575097206161      < Th <    4774.4667792408482     
   80.000000001176190      < Ts <   80.000000001176630     
   3.6195769590577984E+017 < Ne <   3.6208973473508160E+017
   3.6195769590577984E+017 < Nh <   3.6208973473508154E+017
 CFL_Te=   4.2928299588937838E-005 maxCFL_Ne=   3.6742651707566346E-005 maxCFL_Ts=   1.2162749390081751E-005 CPU=   4445.5586176417100      NumThreads=                    8 Elapsed time=   1.7995488729476833E-003
 CFL_Limit=   1.0000000000000000E-003
 dt_init=   1.0000000000000001E-018 dt=   1.0000000000000001E-018
 Time=  -1.0100000000033031E-013 Intensity=   20854596.145682670     
   4773.9734690952982      < Te <    4773.9827412060458     
   4773.9734690952846      < Th <    4773.9827412060458     
   80.000000001743501      < Ts <   80.000000001744169     
   5.1939753822144429E+017 < Ne <   5.1958525213649882E+017
   5.1939753822144429E+017 < Nh <   5.1958525213649875E+017
 CFL_Te=   4.2923947494652116E-005 maxCFL_Ne=   3.6738926747560399E-005 maxCFL_Ts=   1.2162749390119937E-005 CPU=   4446.1132008584436      NumThreads=                    8 Elapsed time=   1.7993244073172456E-003
 CFL_Limit=   1.0000000000000000E-003
 dt_init=   1.0000000000000001E-018 dt=   1.0000000000000001E-018
 Time=  -1.0000000000033365E-013 Intensity=   29544106.652997654     
   4773.4814139442879      < Te <    4773.4906887583720     
   4773.4814139442824      < Th <    4773.4906887583720     
   80.000000002554458      < Ts <   80.000000002555424     
   7.4280272221598093E+017 < Ne <   7.4306866394641370E+017
   7.4280272221598093E+017 < Nh <   7.4306866394641370E+017
 CFL_Te=   4.2919523340986832E-005 maxCFL_Ne=   3.6735140111855826E-005 maxCFL_Ts=   1.2162749390174528E-005 CPU=   4446.0474581853668      NumThreads=                    8 Elapsed time=   1.7993510135101351E-003
 CFL_Limit=   1.0000000000000000E-003
 dt_init=   1.0000000000000001E-018 dt=   1.0000000000000001E-018
 Time=  -9.9000000000336983E-014 Intensity=   41709481.477622546     
   4772.9811453856264      < Te <    4772.9904230202228     
   4772.9811453856237      < Th <    4772.9904230202228     
   80.000000003707541      < Ts <   80.000000003708934     
   1.0587154539574042E+018 < Ne <   1.0590909209316995E+018
   1.0587154539574042E+018 < Nh <   1.0590909209316995E+018
 CFL_Te=   4.2915025339788846E-005 maxCFL_Ne=   3.6731290269969090E-005 maxCFL_Ts=   1.2162749390252155E-005 CPU=   4446.5773551755783      NumThreads=                    8 Elapsed time=   1.7991365855107475E-003
 CFL_Limit=   1.0000000000000000E-003
 dt_init=   1.0000000000000001E-018 dt=   1.0000000000000001E-018
 Time=  -9.8000000000340320E-014 Intensity=   58680468.053666398     
   4772.4724582312792      < Te <    4772.4817388080965     
   4772.4724582312783      < Th <    4772.4817388080965     
   80.000000005346138      < Ts <   80.000000005348085     
   1.5038961187295306E+018 < Ne <   1.5044243842137277E+018
   1.5038961187295306E+018 < Nh <   1.5044243842137277E+018
 CFL_Te=   4.2910451646207488E-005 maxCFL_Ne=   3.6727375642888759E-005 maxCFL_Ts=   1.2162749390362464E-005 CPU=   4447.1825647762607      NumThreads=                    8 Elapsed time=   1.7988917440367063E-003
 CFL_Limit=   1.0000000000000000E-003
 dt_init=   1.0000000000000001E-018 dt=   1.0000000000000001E-018
 Time=  -9.7000000000343656E-014 Intensity=   82271079.851560473     
   4771.9551407597737      < Te <    4771.9644244051269     
   4771.9551407597728      < Th <    4771.9644244051269     
   80.000000007665747      < Ts <   80.000000007668504     
   2.1290698776378145E+018 < Ne <   2.1298105531376218E+018
   2.1290698776378145E+018 < Nh <   2.1298105531376218E+018
 CFL_Te=   4.2905800356648940E-005 maxCFL_Ne=   3.6723394601326103E-005 maxCFL_Ts=   1.2162749390518613E-005 CPU=   4447.7200517365545      NumThreads=                    8 Elapsed time=   1.7986743560617093E-003
 CFL_Limit=   1.0000000000000000E-003
 dt_init=   1.0000000000000001E-018 dt=   1.0000000000000001E-018
 Time=  -9.6000000000346993E-014 Intensity=   114946479.92309830     
   4771.4289744836015      < Te <    4771.4382613287125     
   4771.4289744836024      < Th <    4771.4382613287125     
   80.000000010940354      < Ts <   80.000000010944220     
   3.0039740142244306E+018 < Ne <   3.0050089156483149E+018
   3.0039740142244306E+018 < Nh <   3.0050089156483144E+018
 CFL_Te=   4.2901069506687205E-005 maxCFL_Ne=   3.6719345463924684E-005 maxCFL_Ts=   1.2162749390739052E-005 CPU=   4448.2610511051080      NumThreads=                    8 Elapsed time=   1.7984556005346205E-003
 CFL_Limit=   1.0000000000000000E-003
 dt_init=   1.0000000000000001E-018 dt=   1.0000000000000001E-018
 Time=  -9.5000000000350329E-014 Intensity=   160043855.31729019     
   4770.8937339128988      < Te <    4770.9030240940237     
   4770.8937339129061      < Th <    4770.9030240940237     
   80.000000015549361      < Ts <   80.000000015554818     
   4.2241303561171420E+018 < Ne <   4.2255713603708416E+018
   4.2241303561171420E+018 < Nh <   4.2255713603708411E+018
 CFL_Te=   4.2896257068937864E-005 maxCFL_Ne=   3.6715226495442285E-005 maxCFL_Ts=   1.2162749391049325E-005 CPU=   4448.7182204508526      NumThreads=                    8 Elapsed time=   1.7982707835312716E-003
 CFL_Limit=   1.0000000000000000E-003
 dt_init=   1.0000000000000001E-018 dt=   1.0000000000000001E-018
 Time=  -9.4000000000353665E-014 Intensity=   222063501.29492137     
   4770.3491863170148      < Te <    4770.3584799756281     
   4770.3491863170211      < Th <    4770.3584799756200     
   80.000000022016238      < Ts <   80.000000022023841     
   5.9198957789899295E+018 < Ne <   5.9218953039324774E+018
   5.9198957789899284E+018 < Nh <   5.9218953039324774E+018
 CFL_Te=   4.2891360950914414E-005 maxCFL_Ne=   3.6711035904916066E-005 maxCFL_Ts=   1.2162749391484663E-005 CPU=   4449.0267753928829      NumThreads=                    8 Elapsed time=   1.7981460674157304E-003
 CFL_Limit=   1.0000000000000000E-003
 dt_init=   1.0000000000000001E-018 dt=   1.0000000000000001E-018
 Time=  -9.3000000000357002E-014 Intensity=   307050784.68967545     
   4769.7950914865369      < Te <    4769.8043887695230     
   4769.7950914865414      < Th <    4769.8043887695167     
   80.000000031058931      < Ts <   80.000000031069561     
   8.2685081935853998E+018 < Ne <   8.2712731206920335E+018
   8.2685081935853998E+018 < Nh <   8.2712731206920335E+018
 CFL_Te=   4.2886378992888643E-005 maxCFL_Ne=   3.6706771843830410E-005 maxCFL_Ts=   1.2162749392093393E-005 CPU=   4448.8887317903682      NumThreads=                    8 Elapsed time=   1.7982018616996421E-003
 CFL_Limit=   1.0000000000000000E-003
 dt_init=   1.0000000000000001E-018 dt=   1.0000000000000001E-018
 Time=  -9.2000000000360338E-014 Intensity=   423095192.00701851     
   4769.2312014990357      < Te <    4769.2405025587886     
   4769.2312014990403      < Th <    4769.2405025587823     
   80.000000043663448      < Ts <   80.000000043678256     
   1.1510054360470090E+019 < Ne <   1.1513864455924398E+019
   1.1510054360470090E+019 < Nh <   1.1513864455924398E+019
 CFL_Te=   4.2881308965784704E-005 maxCFL_Ne=   3.6702432404314654E-005 maxCFL_Ts=   1.2162749392941905E-005 CPU=   4449.4161179036973      NumThreads=                    8 Elapsed time=   1.7979887221177973E-003
 CFL_Limit=   1.0000000000000000E-003
 dt_init=   1.0000000000000001E-018 dt=   1.0000000000000001E-018
 Time=  -9.1000000000363675E-014 Intensity=   580979513.56964755     
   4768.6572604928770      < Te <    4768.6665654875769     
   4768.6572604928806      < Th <    4768.6665654875706     
   80.000000061173864      < Ts <   80.000000061194370     
   1.5968550069694585E+019 < Ne <   1.5973782257797898E+019
   1.5968550069694585E+019 < Nh <   1.5973782257797898E+019
 CFL_Te=   4.2876148569144950E-005 maxCFL_Ne=   3.6698015617402696E-005 maxCFL_Ts=   1.2162749394120673E-005 CPU=   4449.8956165855152      NumThreads=                    8 Elapsed time=   1.7977949797704565E-003
 CFL_Limit=   1.0000000000000000E-003
 dt_init=   1.0000000000000001E-018 dt=   1.0000000000000001E-018
 Time=  -9.0000000000367011E-014 Intensity=   795020627.86572671     
   4768.0730044552301      < Te <    4768.0823135488699     
   4768.0730044552329      < Th <    4768.0823135488572     
   80.000000085418833      < Ts <   80.000000085447198     
   2.2079655514832310E+019 < Ne <   2.2086815731731567E+019
   2.2079655514832306E+019 < Nh <   2.2086815731731567E+019
 CFL_Te=   4.2870895429223242E-005 maxCFL_Ne=   3.6693519451400570E-005 maxCFL_Ts=   1.2162749395752791E-005 CPU=   4450.3953739378321      NumThreads=                    8 Elapsed time=   1.7975930963008754E-003
 CFL_Limit=   1.0000000000000000E-003
 dt_init=   1.0000000000000001E-018 dt=   1.0000000000000001E-018
 Time=  -8.9000000000370348E-014 Intensity=   1084153623.5544016     
   4767.4781610312302      < Te <    4767.4874743937562     
   4767.4781610312320      < Th <    4767.4874743937498     
   80.000000118876571      < Ts <   80.000000118917029     
   3.0426964399865074E+019 < Ne <   3.0436729222474346E+019
   3.0426964399865074E+019 < Nh <   3.0436729222474346E+019
 CFL_Te=   4.2865547097269347E-005 maxCFL_Ne=   3.6688941810418226E-005 maxCFL_Ts=   1.2162749398005195E-005 CPU=   4450.9485016609005      NumThreads=                    8 Elapsed time=   1.7973697060333876E-003
 CFL_Limit=   1.0000000000000000E-003
 dt_init=   1.0000000000000001E-018 dt=   1.0000000000000001E-018
 Time=  -8.8000000000373684E-014 Intensity=   1473323459.8778813     
   4766.8724493643049      < Te <    4766.8817671716470     
   4766.8724493643058      < Th <    4766.8817671716415     
   80.000000164893081      < Ts <   80.000000164948972     
   4.1789322548463272E+019 < Ne <   4.1802593372886729E+019
   4.1789322548463272E+019 < Nh <   4.1802593372886729E+019
 CFL_Te=   4.2860101048093178E-005 maxCFL_Ne=   3.6684280533140395E-005 maxCFL_Ts=   1.2162749401102989E-005 CPU=   4451.4521216090943      NumThreads=                    8 Elapsed time=   1.7971663586282020E-003
 CFL_Limit=   1.0000000000000000E-003
 dt_init=   1.0000000000000001E-018 dt=   1.0000000000000001E-018
 Time=  -8.7000000000377020E-014 Intensity=   1995263384.2989130     
   4766.2555799797592      < Te <    4766.2649024139600     
   4766.2555799797592      < Th <    4766.2649024139555     
   80.000000227971611      < Ts <   80.000000228047625     
   5.7202271753532293E+019 < Ne <   5.7220245012387774E+019
   5.7202271753532293E+019 < Nh <   5.7220245012387774E+019
 CFL_Te=   4.2854554679017717E-005 maxCFL_Ne=   3.6679533391930327E-005 maxCFL_Ts=   1.2162749405349330E-005 CPU=   4451.5233045659625      NumThreads=                    8 Elapsed time=   1.7971376206869089E-003
 CFL_Limit=   1.0000000000000000E-003
 dt_init=   1.0000000000000001E-018 dt=   1.0000000000000001E-018
 Time=  -8.6000000000380357E-014 Intensity=   2692757295.9581451     
   4765.6272547274066      < Te <    4765.6365819764342     
   4765.6272547274066      < Th <    4765.6365819764314     
   80.000000314149588      < Ts <   80.000000314252091     
   7.8037501938883002E+019 < Ne <   7.8061759724379472E+019
   7.8037501938883002E+019 < Nh <   7.8061759724379472E+019
 CFL_Te=   4.2848905309361196E-005 maxCFL_Ne=   3.6674698092387263E-005 maxCFL_Ts=   1.2162749411150647E-005 CPU=   4451.7894407743870      NumThreads=                    8 Elapsed time=   1.7970301844753025E-003
 CFL_Limit=   1.0000000000000000E-003
 dt_init=   1.0000000000000001E-018 dt=   1.0000000000000001E-018
 Time=  -8.5000000000383693E-014 Intensity=   3621504588.3236294     
   4764.9871668022533      < Te <    4764.9964990599328     
   4764.9871668022533      < Th <    4764.9964990599310     
   80.000000431492154      < Ts <   80.000000431630824     
   1.0610515771048781E+020 < Ne <   1.0613778424047398E+020
   1.0610515771048781E+020 < Nh <   1.0613778424047398E+020
 CFL_Te=   4.2843150180623847E-005 maxCFL_Ne=   3.6669772273505566E-005 maxCFL_Ts=   1.2162749419049922E-005 CPU=   4452.0670301878754      NumThreads=                    8 Elapsed time=   1.7969181384185949E-003
 CFL_Limit=   1.0000000000000000E-003
 dt_init=   1.0000000000000001E-018 dt=   1.0000000000000001E-018
 Time=  -8.4000000000387030E-014 Intensity=   4853731164.6627903     
   4764.3350008680663      < Te <    4764.3443383338072     
   4764.3350008680663      < Th <    4764.3443383338054     
   80.000000590735269      < Ts <   80.000000590922383     
   1.4378501623335859E+020 < Ne <   1.4382874689536886E+020
   1.4378501623335859E+020 < Nh <   1.4382874689536886E+020
 CFL_Te=   4.2837286457597318E-005 maxCFL_Ne=   3.6664753508624684E-005 maxCFL_Ts=   1.2162749429769844E-005 CPU=   4452.4910906828400      NumThreads=                    8 Elapsed time=   1.7967469978189467E-003
 CFL_Limit=   1.0000000000000000E-003
 dt_init=   1.0000000000000001E-018 dt=   1.0000000000000001E-018
 Time=  -8.3000000000390366E-014 Intensity=   6482719740.0118294     
   4763.6704333138250      < Te <    4763.6797761921225     
   4763.6704333138250      < Th <    4763.6797761921216     
   80.000000806116915      < Ts <   80.000000806368050     
   1.9419396823590185E+020 < Ne <   1.9425237950808438E+020
   1.9419396823590185E+020 < Nh <   1.9425237950808438E+020
 CFL_Te=   4.2831311230668086E-005 maxCFL_Ne=   3.6659639307401034E-005 maxCFL_Ts=   1.2162749444268862E-005 CPU=   4452.9331481093950      NumThreads=                    8 Elapsed time=   1.7965686287916990E-003
 CFL_Limit=   1.0000000000000000E-003
 dt_init=   1.0000000000000001E-018 dt=   1.0000000000000001E-018
 Time=  -8.2000000000393702E-014 Intensity=   8628466652.9902210     
   4762.9931326801016      < Te <    4763.0024811800213     
   4762.9931326801016      < Th <    4763.0024811800204     
   80.000001096455321      < Ts <   80.000001096792658     
   2.6139893290041937E+020 < Ne <   2.6147668332065024E+020
   2.6139893290041937E+020 < Nh <   2.6147668332065024E+020
 CFL_Te=   4.2825221519651524E-005 maxCFL_Ne=   3.6654427119088529E-005 maxCFL_Ts=   1.2162749463813867E-005 CPU=   4453.3601512173900      NumThreads=                    8 Elapsed time=   1.7963963677658284E-003
 CFL_Limit=   1.0000000000000000E-003
 dt_init=   1.0000000000000001E-018 dt=   1.0000000000000001E-018
 Time=  -8.1000000000397039E-014 Intensity=   11444711601.408195     
   4762.3027603011751      < Te <    4762.3121146354488     
   4762.3027603011751      < Th <    4762.3121146354570     
   80.000001486529342      < Ts <   80.000001486980892     
   3.5068636422693041E+020 < Ne <   3.5078949880847185E+020
   3.5068636422693034E+020 < Nh <   3.5078949880847185E+020
 CFL_Te=   4.2819014279561533E-005 maxCFL_Ne=   3.6649114337477949E-005 maxCFL_Ts=   1.2162749490072838E-005 CPU=   4453.6578550211962      NumThreads=                    8 Elapsed time=   1.7962762880360341E-003
 CFL_Limit=   1.0000000000000000E-003
 dt_init=   1.0000000000000001E-018 dt=   1.0000000000000001E-018
 Time=  -8.0000000000400375E-014 Intensity=   15127631309.328072     
   4761.5989712182145      < Te <    4761.6083316020440     
   4761.5989712182136      < Th <    4761.6083316020458     
   80.000002008848185      < Ts <   80.000002009450526     
   4.6890190815870150E+020 < Ne <   4.6903824128155156E+020
   4.6890190815870144E+020 < Nh <   4.6903824128155156E+020
 CFL_Te=   4.2812686408817734E-005 maxCFL_Ne=   3.6643698307921417E-005 maxCFL_Ts=   1.2162749525234236E-005 CPU=   4453.6043891305053      NumThreads=                    8 Elapsed time=   1.7962978524821041E-003
 CFL_Limit=   1.0000000000000000E-003
 dt_init=   1.0000000000000001E-018 dt=   1.0000000000000001E-018
 Time=  -7.9000000000403712E-014 Intensity=   19926538345.339001     
   4760.8814154303427      < Te <    4760.8907820798922     
   4760.8814154303418      < Th <    4760.8907820798941     
   80.000002705910376      < Ts <   80.000002706713545     
   6.2487659577117979E+020 < Ne <   6.2505619066384063E+020
   6.2487659577117966E+020 < Nh <   6.2505619066384063E+020
 CFL_Te=   4.2806234760493072E-005 maxCFL_Ne=   3.6638176336958507E-005 maxCFL_Ts=   1.2162749572159115E-005 CPU=   4454.0346656609909      NumThreads=                    8 Elapsed time=   1.7961243233415153E-003
 CFL_Limit=   1.0000000000000000E-003
 dt_init=   1.0000000000000001E-018 dt=   1.0000000000000001E-018
 Time=  -7.8000000000407048E-014 Intensity=   26156982205.223495     
   4760.1497395645702      < Te <    4760.1591126949515     
   4760.1497395645683      < Th <    4760.1591126949506     
   80.000003633077682      < Ts <   80.000003634144576     
   8.2995925887459983E+020 < Ne <   8.3019502539311206E+020
   8.2995925887459970E+020 < Nh <   8.3019502539311206E+020
 CFL_Te=   4.2799656157321871E-005 maxCFL_Ne=   3.6632545705163089E-005 maxCFL_Ts=   1.2162749634574187E-005 CPU=   4454.5060308481452      NumThreads=                    8 Elapsed time=   1.7959342617562437E-003
 CFL_Limit=   1.0000000000000000E-003
 dt_init=   1.0000000000000001E-018 dt=   1.0000000000000001E-018
 Time=  -7.7000000000410384E-014 Intensity=   34216711204.134338     
   4759.4035890603473      < Te <    4759.4129688829871     
   4759.4035890603454      < Th <    4759.4129688829817     
   80.000004862198551      < Ts <   80.000004863608353     
   1.0986786808752783E+021 < Ne <   1.0989871174355382E+021
   1.0986786808752781E+021 < Nh <   1.0989871174355382E+021
 CFL_Te=   4.2792947411338379E-005 maxCFL_Ne=   3.6626803683951127E-005 maxCFL_Ts=   1.2162749717316016E-005 CPU=   4454.9738829560183      NumThreads=                    8 Elapsed time=   1.7957456564687518E-003
 CFL_Limit=   1.0000000000000000E-003
 dt_init=   1.0000000000000001E-018 dt=   1.0000000000000001E-018
 Time=  -7.6000000000413721E-014 Intensity=   44605020284.252617     
   4758.6425698529147      < Te <    4758.6519571968811     
   4758.6426098336970      < Th <    4758.6519965527832     
   80.000006486184347      < Ts <   80.000006488044761     
   1.4495633960205487E+021 < Ne <   1.4499655063757607E+021
   1.4495633960207421E+021 < Nh <   1.4499655062934022E+021
 CFL_Te=   4.2786104984955049E-005 maxCFL_Ne=   3.6620947241005297E-005 maxCFL_Ts=   1.2162749826639499E-005 CPU=   4455.3743123313452      NumThreads=                    8 Elapsed time=   1.7955842627763127E-003
 CFL_Limit=   1.0000000000000000E-003
 dt_init=   1.0000000000000001E-018 dt=   1.0000000000000001E-018
 Time=  -7.5000000000417057E-014 Intensity=   57946080788.916252     
   4757.8664030622722      < Te <    4757.8757976903398     
   4757.8664560754787      < Th <    4757.8758498847010     
   80.000008624748347      < Ts <   80.000008627193154     
   1.9061520642081295E+021 < Ne <   1.9066744847258393E+021
   1.9061520642084663E+021 < Nh <   1.9066744845833570E+021
 CFL_Te=   4.2779126361139290E-005 maxCFL_Ne=   3.6614974229584089E-005 maxCFL_Ts=   1.2162749970603213E-005 CPU=   4455.8099996403689      NumThreads=                    8 Elapsed time=   1.7954086912695302E-003
 CFL_Limit=   1.0000000000000000E-003
 dt_init=   1.0000000000000001E-018 dt=   1.0000000000000001E-018
 Time=  -7.4000000000420394E-014 Intensity=   75016922429.376877     
   4757.0747494531088      < Te <    4757.0841511435056     
   4757.0747897250549      < Th <    4757.0841908018620     
   80.000011431572617      < Ts <   80.000011434776752     
   2.4982330210605890E+021 < Ne <   2.4989094011014328E+021
   2.4982330210609256E+021 < Nh <   2.4989094009600900E+021
 CFL_Te=   4.2773718344315765E-005 maxCFL_Ne=   3.6608882038963751E-005 maxCFL_Ts=   1.2162750159552858E-005 CPU=   4456.2267385770620      NumThreads=                    8 Elapsed time=   1.7952407876252986E-003
 CFL_Limit=   1.0000000000000000E-003
 dt_init=   1.0000000000000001E-018 dt=   1.0000000000000001E-018
 Time=  -7.3000000000423730E-014 Intensity=   96780813434.073273     
   4756.2672766321775      < Te <    4756.2766796026863     
   4756.2672876300703      < Th <    4756.2766961280950     
   80.000015103237416      < Ts <   80.000015107424744     
   3.2633579356844521E+021 < Ne <   3.2642306196424900E+021
   3.2633579356846550E+021 < Nh <   3.2642306195644691E+021
 CFL_Te=   4.2764748332608078E-005 maxCFL_Ne=   3.6602668108522844E-005 maxCFL_Ts=   1.2162750406721780E-005 CPU=   4456.1722230089299      NumThreads=                    8 Elapsed time=   1.7952627501003945E-003
 CFL_Limit=   1.0000000000000000E-003
 dt_init=   1.0000000000000001E-018 dt=   1.0000000000000001E-018
 Time=  -7.2000000000427066E-014 Intensity=   124426860014.13101     
   4755.4436399197457      < Te <    4755.4530518253086     
   4756.9115645407992      < Th <    4756.9209804217198     
   80.000019890286737      < Ts <   80.000019895738617     
   4.2486815308708153E+021 < Ne <   4.2498035982837539E+021
   4.2486815308704975E+021 < Nh <   4.2498035984343876E+021
 CFL_Te=   4.2757342910946374E-005 maxCFL_Ne=   3.6596329791644494E-005 maxCFL_Ts=   1.2162750728976014E-005 CPU=   4456.6068982268062      NumThreads=                    8 Elapsed time=   1.7950876491222589E-003
 CFL_Limit=   1.0000000000000000E-003
 dt_init=   1.0000000000000001E-018 dt=   1.0000000000000001E-018
 Time=  -7.1000000000430403E-014 Intensity=   159416717950.19138     
   4754.6035962414517      < Te <    4754.6130168068830     
   4755.6623927766523      < Th <    4755.6718166117698     
   80.000026110841389      < Ts <   80.000026117916192     
   5.5131869936978137E+021 < Ne <   5.5146247214096649E+021
   5.5131869936972013E+021 < Nh <   5.5146247216854823E+021
 CFL_Te=   4.2749789968110309E-005 maxCFL_Ne=   3.6589865213804151E-005 maxCFL_Ts=   1.2162751147730719E-005 CPU=   4457.0202683920079      NumThreads=                    8 Elapsed time=   1.7949211621795518E-003
 CFL_Limit=   1.0000000000000000E-003
 dt_init=   1.0000000000000001E-018 dt=   1.0000000000000001E-018
 Time=  -7.0000000000433739E-014 Intensity=   203539373738.42978     
   4753.7469169618107      < Te <    4753.7563459564044     
   4753.7468716408102      < Th <    4753.7563037135733     
   80.000034167393537      < Ts <   80.000034176545938     
   7.1303650015638748E+021 < Ne <   7.1322008216027875E+021
   7.1303650015629730E+021 < Nh <   7.1322008220049678E+021
 CFL_Te=   4.2742087448786268E-005 maxCFL_Ne=   3.6583272615184792E-005 maxCFL_Ts=   1.2162751690080706E-005 CPU=   4457.3494465926651      NumThreads=                    8 Elapsed time=   1.7947886060662006E-003
 CFL_Limit=   1.0000000000000000E-003
 dt_init=   1.0000000000000001E-018 dt=   1.0000000000000001E-018
 Time=  -6.9000000000437076E-014 Intensity=   258975005990.62759     
   4752.8734268785065      < Te <    4752.8828640760621     
   4752.8733919114038      < Th <    4752.8828314420980     
   80.000044567294893      < Ts <   80.000044579094634     
   9.1914231027633792E+021 < Ne <   9.1937591378967863E+021
   9.1914231027624774E+021 < Nh <   9.1937591382957401E+021
 CFL_Te=   4.2734233777731481E-005 maxCFL_Ne=   3.6576550647054291E-005 maxCFL_Ts=   1.2162752390179612E-005 CPU=   4457.7653054488574      NumThreads=                    8 Elapsed time=   1.7946211726807076E-003
 CFL_Limit=   1.0000000000000000E-003
 dt_init=   1.0000000000000001E-018 dt=   1.0000000000000001E-018
 Time=  -6.8000000000440412E-014 Intensity=   328368974519.18774     
   4750.6794040460954      < Te <    4750.6888491743503     
   4751.9830072558425      < Th <    4751.9924539772537     
   80.000057947735314      < Ts <   80.000057962895482     
   1.1809111422397240E+022 < Ne <   1.1812073690565800E+022
   1.1809111422395247E+022 < Nh <   1.1812073691422860E+022
 CFL_Te=   4.2702788619249587E-005 maxCFL_Ne=   3.6560649900908198E-005 maxCFL_Ts=   1.2162753290921341E-005 CPU=   4458.1257216091581      NumThreads=                    8 Elapsed time=   1.7944760869400525E-003
 CFL_Limit=   1.0000000000000000E-003
 dt_init=   1.0000000000000001E-018 dt=   1.0000000000000001E-018
 Time=  -6.7000000000443749E-014 Intensity=   414916998789.12994     
   4750.9710996985050      < Te <    4750.9805512295461     
   4751.0756657073734      < Th <    4751.0851196823032     
   80.000075106072984      < Ts <   80.000075125485381     
   1.5122260144898754E+022 < Ne <   1.5126003536456191E+022
   1.5122260144894473E+022 < Nh <   1.5126003538276387E+022
 CFL_Te=   4.2719011261865534E-005 maxCFL_Ne=   3.6562716574955297E-005 maxCFL_Ts=   1.2162754445981755E-005 CPU=   4458.5062019670386      NumThreads=                    8 Elapsed time=   1.7943229497966149E-003
 CFL_Limit=   1.0000000000000000E-003
 dt_init=   1.0000000000000001E-018 dt=   1.0000000000000001E-018
 Time=  -6.6000000000447085E-014 Intensity=   522462572428.35327     
   4750.0741047013898      < Te <    4750.0835627213801     
   4750.1514721523436      < Th <    4750.1609330521733     
   80.000097036375166      < Ts <   80.000097061150313     
   1.9301133646610131E+022 < Ne <   1.9305847781763886E+022
   1.9301133646601902E+022 < Nh <   1.9305847785265471E+022
 CFL_Te=   4.2707670669073611E-005 maxCFL_Ne=   3.6555604869656056E-005 maxCFL_Ts=   1.2162755922278342E-005 CPU=   4458.4113911198274      NumThreads=                    8 Elapsed time=   1.7943611071724417E-003
 CFL_Limit=   1.0000000000000000E-003
 dt_init=   1.0000000000000001E-018 dt=   1.0000000000000001E-018
 Time=  -6.5000000000450421E-014 Intensity=   655607608773.53821     
   4748.5446557678633      < Te <    4748.5541207045362     
   4749.2106442625291      < Th <    4749.2201116048600     
   80.000124973447456      < Ts <   80.000125004961632     
   2.4553715390747851E+022 < Ne <   2.4559631482014501E+022
   2.4553715390737294E+022 < Nh <   2.4559631486480474E+022
 CFL_Te=   4.2689894766610946E-005 maxCFL_Ne=   3.6543726572825090E-005 maxCFL_Ts=   1.2162757802933892E-005 CPU=   4458.7889518301608      NumThreads=                    8 Elapsed time=   1.7942091645123297E-003
 CFL_Limit=   1.0000000000000000E-003
 dt_init=   1.0000000000000001E-018 dt=   1.0000000000000001E-018
 Time=  -6.4000000000453758E-014 Intensity=   819837215909.35217     
   4747.6668827263102      < Te <    4747.6763532702571     
   4748.2535644156887      < Th <    4748.2630375360150     
   80.000160445346211      < Ts <   80.000160485299773     
   3.1133046129109242E+022 < Ne <   3.1140444969544133E+022
   3.1133046129094205E+022 < Nh <   3.1140444975915080E+022
 CFL_Te=   4.2682144864889746E-005 maxCFL_Ne=   3.6537282732019443E-005 maxCFL_Ts=   1.2162760190811172E-005 CPU=   4459.1570933536359      NumThreads=                    8 Elapsed time=   1.7940610372135090E-003
 CFL_Limit=   1.0000000000000000E-003
 dt_init=   1.0000000000000001E-018 dt=   1.0000000000000001E-018
 Time=  -6.3000000000457094E-014 Intensity=   1021659349832.0951     
   4750.3607014094259      < Te <    4750.3701746087054     
   4745.9784807283550      < Th <    4745.9879587737960     
   80.000205336123514      < Ts <   80.000205386611469     
   3.9345745506992682E+022 < Ne <   3.9354966728595481E+022
   3.9345745506973816E+022 < Nh <   3.9354966736516080E+022
 CFL_Te=   4.2735885427158096E-005 maxCFL_Ne=   3.6557214254455902E-005 maxCFL_Ts=   1.2162763212736152E-005 CPU=   4459.5547596042170      NumThreads=                    8 Elapsed time=   1.7939010576719539E-003
 CFL_Limit=   1.0000000000000000E-003
 dt_init=   1.0000000000000001E-018 dt=   1.0000000000000001E-018
 Time=  -6.2000000000460431E-014 Intensity=   1268759882568.7139     
   4743.5238420358328      < Te <    4743.5333239351812     
   4746.1887172328361      < Th <    4746.1981977102905     
   80.000261960651429      < Ts <   80.000262024238722     
   4.9561852895576474E+022 < Ne <   4.9573305645335220E+022
   4.9561852895580207E+022 < Nh <   4.9573305643553614E+022
 CFL_Te=   4.2619628025461923E-005 maxCFL_Ne=   3.6504600143183008E-005 maxCFL_Ts=   1.2162767024534028E-005 CPU=   4459.9335071613095      NumThreads=                    8 Elapsed time=   1.7937487155704026E-003
 CFL_Limit=   1.0000000000000000E-003
 dt_init=   1.0000000000000001E-018 dt=   1.0000000000000001E-018
 Time=  -6.1000000000463767E-014 Intensity=   1570173339800.8601     
   4745.0340581091468      < Te <    4745.0435400774168     
   4743.6152196909825      < Th <    4743.6247026199026     
   80.000333150927972      < Ts <   80.000333230752176     
   6.2226126579853716E+022 < Ne <   6.2240301699601000E+022
   6.2226126579853053E+022 < Nh <   6.2240301699662690E+022
 CFL_Te=   4.2659112482090841E-005 maxCFL_Ne=   3.6518206075712171E-005 maxCFL_Ts=   1.2162771816837795E-005 CPU=   4460.3236853712051      NumThreads=                    8 Elapsed time=   1.7935918028187253E-003
 CFL_Limit=   1.0000000000000000E-003
 dt_init=   1.0000000000000001E-018 dt=   1.0000000000000001E-018
 Time=  -6.0000000000467103E-014 Intensity=   1936469201836.5505     
   4743.8961372231533      < Te <    4743.9056194140339     
   4743.5357446773905      < Th <    4743.5452275380521     
   80.000422361388871      < Ts <   80.000422461267192     
   7.7870942391428012E+022 < Ne <   7.7888426360774664E+022
   7.7870942391424069E+022 < Nh <   7.7888426362192758E+022
 CFL_Te=   4.2653514930738972E-005 maxCFL_Ne=   3.6510403958927724E-005 maxCFL_Ts=   1.2162777822175273E-005 CPU=   4460.7279702756950      NumThreads=                    8 Elapsed time=   1.7934292459231853E-003
 CFL_Limit=   1.0000000000000000E-003
 dt_init=   1.0000000000000001E-018 dt=   1.0000000000000001E-018
 Time=  -5.9000000000470440E-014 Intensity=   2379953215735.2871     
   4739.3032398159803      < Te <    4739.3127206593508     
   4742.6676621197666      < Th <    4742.6771427496396     
   80.000533787444397      < Ts <   80.000533912004073     
   9.7130927809979709E+022 < Ne <   9.7152418454200893E+022
   9.7130927809957730E+022 < Nh <   9.7152418463479918E+022
 CFL_Te=   4.2573922500242367E-005 maxCFL_Ne=   3.6474523689964058E-005 maxCFL_Ts=   1.2162785322945364E-005 CPU=   4458.3233491345918      NumThreads=                    8 Elapsed time=   1.7943965418194454E-003
 CFL_Limit=   1.0000000000000000E-003
 dt_init=   1.0000000000000001E-018 dt=   1.0000000000000001E-018
 Time=  -5.8000000000473776E-014 Intensity=   2914882629713.4434     
   4740.8271983631948      < Te <    4740.8366720635240     
   4742.2214187126247      < Th <    4742.2308933159429     
   80.000672506858564      < Ts <   80.000672661693869     
   1.2075946288789581E+023 < Ne <   1.2078578708560365E+023
   1.2075946288786549E+023 < Nh <   1.2078578709845028E+023
 CFL_Te=   4.2613389530120711E-005 maxCFL_Ne=   3.6485816586635693E-005 maxCFL_Ts=   1.2162794660930686E-005 CPU=   4452.3952834425581      NumThreads=                    8 Elapsed time=   1.7967856604623976E-003
 CFL_Limit=   1.0000000000000000E-003
 dt_init=   1.0000000000000001E-018 dt=   1.0000000000000001E-018
 Time=  -5.7000000000477113E-014 Intensity=   3557693630525.8232     
   4738.3468596252869      < Te <    4738.3563250213001     
   4743.9311460808967      < Th <    4743.9406138791837     
   80.000844644028319      < Ts <   80.000844835870666     
   1.4964716477047068E+023 < Ne <   1.4967929821519212E+023
   1.4964716477032315E+023 < Nh <   1.4967929827806470E+023
 CFL_Te=   4.2575309388161708E-005 maxCFL_Ne=   3.6467982219476870E-005 maxCFL_Ts=   1.2162806248348684E-005 CPU=   4446.5988487449640      NumThreads=                    8 Elapsed time=   1.7991278890062167E-003
 CFL_Limit=   1.0000000000000000E-003
 dt_init=   1.0000000000000001E-018 dt=   1.0000000000000001E-018
 Time=  -5.6000000000475123E-014 Intensity=   4327238540091.4805     
   4735.8607664665542      < Te <    4735.8702191604316     
   4737.6686726630114      < Th <    4737.6781303515281     
   80.001057551375325      < Ts <   80.001057788294233     
   1.8484245526037362E+023 < Ne <   1.8488154437484726E+023
   1.8484245526016572E+023 < Nh <   1.8488154446288654E+023
 CFL_Te=   4.2542025573652971E-005 maxCFL_Ne=   3.6449583183031058E-005 maxCFL_Ts=   1.2162820580051784E-005 CPU=   4440.9196969552413      NumThreads=                    8 Elapsed time=   1.8014286557545536E-003
 CFL_Limit=   1.0000000000000000E-003
 dt_init=   1.0000000000000001E-018 dt=   1.0000000000000001E-018
 Time=  -5.5000000000472148E-014 Intensity=   5245029512467.2012     
   4734.4499008243101      < Te <    4734.4593353222826     
   4738.8718655664770      < Th <    4738.8813055766013     
   80.001320031522951      < Ts <   80.001320323167221     
   2.2757428531586573E+023 < Ne <   2.2762167140691963E+023
   2.2757428531552382E+023 < Nh <   2.2762167155160584E+023
 CFL_Te=   4.2526762541058616E-005 maxCFL_Ne=   3.6439626722336782E-005 maxCFL_Ts=   1.2162838248467691E-005 CPU=   4435.3277607847904      NumThreads=                    8 Elapsed time=   1.8036998462058358E-003
 CFL_Limit=   1.0000000000000000E-003
 dt_init=   1.0000000000000001E-018 dt=   1.0000000000000001E-018
 Time=  -5.4000000000469174E-014 Intensity=   6335484573989.3125     
   4731.8438065406963      < Te <    4731.8532174364818     
   4737.6921348656742      < Th <    4737.7015365299012     
   80.001642577476886      < Ts <   80.001642935318543     
   2.7927705674900191E+023 < Ne <   2.7933430239990701E+023
   2.7927705674847833E+023 < Nh <   2.7933430262091945E+023
 CFL_Te=   4.2489665429725542E-005 maxCFL_Ne=   3.6421907323326737E-005 maxCFL_Ts=   1.2162859959744465E-005 CPU=   4429.8401996263510      NumThreads=                    8 Elapsed time=   1.8059342187275254E-003
 CFL_Limit=   1.0000000000000000E-003
 dt_init=   1.0000000000000001E-018 dt=   1.0000000000000001E-018
 Time=  -5.3000000000466199E-014 Intensity=   7626170880184.9697     
   4732.8868605460930      < Te <    4732.8962400989849     
   4733.1097622562102      < Th <    4733.1191286868770     
   80.002037652133325      < Ts <   80.002038089780712     
   3.4161774091680780E+023 < Ne <   3.4168665864596886E+023
   3.4161774091619912E+023 < Nh <   3.4168665890123192E+023
 CFL_Te=   4.2513250058147594E-005 maxCFL_Ne=   3.6432559808653168E-005 maxCFL_Ts=   1.2162886552532695E-005 CPU=   4424.3235841358101      NumThreads=                    8 Elapsed time=   1.8081860080680820E-003
 CFL_Limit=   1.0000000000000000E-003
 dt_init=   1.0000000000000001E-018 dt=   1.0000000000000001E-018
 Time=  -5.2000000000463225E-014 Intensity=   9148039040900.7305     
   4724.9951375080545      < Te <    4725.0044813760214     
   4734.6639626721671      < Th <    4734.6732948819426     
   80.002520003455317      < Ts <   80.002520536978622     
   4.1652514212843881E+023 < Ne <   4.1660782509284193E+023
   4.1652514212756136E+023 < Nh <   4.1660782546109410E+023
 CFL_Te=   4.2387781088983036E-005 maxCFL_Ne=   3.6373836154160599E-005 maxCFL_Ts=   1.2162919019154277E-005 CPU=   4419.0915270282158      NumThreads=                    8 Elapsed time=   1.8103268400462165E-003
 CFL_Limit=   1.0000000000000000E-003
 dt_init=   1.0000000000000001E-018 dt=   1.0000000000000001E-018
 Time=  -5.1000000000460250E-014 Intensity=   10935641313518.512     
   4725.6470850298338      < Te <    4725.6563795121783     
   4732.2521238973413      < Th <    4732.2614138111358     
   80.003107013876445      < Ts <   80.003107662190772     
   5.0622119745562761E+023 < Ne <   5.0632005228504890E+023
   5.0622119745434898E+023 < Nh <   5.0632005282165285E+023
 CFL_Te=   4.2404719054653238E-005 maxCFL_Ne=   3.6379133916472805E-005 maxCFL_Ts=   1.2162958529054543E-005 CPU=   4413.8896396727741      NumThreads=                    8 Elapsed time=   1.8124603587943544E-003
 CFL_Limit=   1.0000000000000000E-003
 dt_init=   1.0000000000000001E-018 dt=   1.0000000000000001E-018
 Time=  -5.0000000000457276E-014 Intensity=   13027325412948.221     
   4720.9687850830405      < Te <    4720.9780219619688     
   4729.8733191143274      < Th <    4729.8825555542389     
   80.003819097174514      < Ts <   80.003819882441590     
   6.1325413043872207E+023 < Ne <   6.1337191181625301E+023
   6.1325413043685657E+023 < Nh <   6.1337191259910113E+023
 CFL_Te=   4.2327057760828228E-005 maxCFL_Ne=   3.6347158286289501E-005 maxCFL_Ts=   1.2163006455422536E-005 CPU=   4408.7980134852442      NumThreads=                    8 Elapsed time=   1.8145535303568687E-003
 CFL_Limit=   1.0000000000000000E-003
 dt_init=   1.0000000000000001E-018 dt=   1.0000000000000001E-018
 Time=  -4.9000000000454301E-014 Intensity=   15465394672231.760     
   4719.7987201074193      < Te <    4719.8078850753400     
   4728.6137331621376      < Th <    4728.6229030714294     
   80.004680132974045      < Ts <   80.004681081093807     
   7.4053320275976565E+023 < Ne <   7.4067304949770513E+023
   7.4053320275704237E+023 < Nh <   7.4067305064024280E+023
 CFL_Te=   4.2314198510845743E-005 maxCFL_Ne=   3.6339860542044801E-005 maxCFL_Ts=   1.2163064404304469E-005 CPU=   4403.5103369207491      NumThreads=                    8 Elapsed time=   1.8167324220690201E-003
 CFL_Limit=   1.0000000000000000E-003
 dt_init=   1.0000000000000001E-018 dt=   1.0000000000000001E-018
 Time=  -4.8000000000451327E-014 Intensity=   18296224350931.840     
   4716.9658123296231      < Te <    4716.9748929433526     
   4726.8648243772705      < Th <    4726.8739139830968     
   80.005717954426885      < Ts <   80.005719095513840     
   8.9136471855732949E+023 < Ne <   8.9153019085363013E+023
   8.9136471855352697E+023 < Nh <   8.9153019244792776E+023
 CFL_Te=   4.2268039097104605E-005 maxCFL_Ne=   3.6320131151511497E-005 maxCFL_Ts=   1.2163134247245223E-005 CPU=   4398.2841486185362      NumThreads=                    8 Elapsed time=   1.8188911242837122E-003
 CFL_Limit=   1.0000000000000000E-003
 dt_init=   1.0000000000000001E-018 dt=   1.0000000000000001E-018
 Time=  -4.7000000000448352E-014 Intensity=   21570323077271.652     
   4713.5708494166283      < Te <    4713.5798304973678     
   4727.5040517683738      < Th <    4727.5130442038599     
   80.006964871684346      < Ts <   80.006966240647770     
   1.0694888397441341E+024 < Ne <   1.0696839569366871E+024
   1.0694888397388528E+024 < Nh <   1.0696839591478107E+024
 CFL_Te=   4.2216019492977203E-005 maxCFL_Ne=   3.6299082846462071E-005 maxCFL_Ts=   1.2163218156266352E-005 CPU=   4393.1235882107985      NumThreads=                    8 Elapsed time=   1.8210277583513615E-003
 CFL_Limit=   1.0000000000000000E-003
 dt_init=   1.0000000000000001E-018 dt=   1.0000000000000001E-018
 Time=  -4.6000000000445378E-014 Intensity=   25342327775995.652     
   4708.6104949955961      < Te <    4708.6193597733754     
   4726.8539648259339      < Th <    4726.8628451326476     
   80.008458260011892      < Ts <   80.008459897143254     
   1.2791166739466761E+024 < Ne <   1.2793459523459251E+024
   1.2791166739388529E+024 < Nh <   1.2793459556232890E+024
 CFL_Te=   4.2131486287167306E-005 maxCFL_Ne=   3.6266149098471404E-005 maxCFL_Ts=   1.2163318643099918E-005 CPU=   4388.0058850237056      NumThreads=                    8 Elapsed time=   1.8231516113740996E-003
 CFL_Limit=   1.0000000000000000E-003
 dt_init=   1.0000000000000001E-018 dt=   1.0000000000000001E-018
 Time=  -4.5000000000442403E-014 Intensity=   29670920032117.160     
   4704.2550656194526      < Te <    4704.2637940250297     
   4722.5387627534947      < Th <    4722.5475104990410     
   80.010241152979617      < Ts <   80.010243104609160     
   1.5249669859470945E+024 < Ne <   1.5252354760125106E+024
   1.5249669859367930E+024 < Nh <   1.5252354803220246E+024
 CFL_Te=   4.2058389242632893E-005 maxCFL_Ne=   3.6240243895760242E-005 maxCFL_Ts=   1.2163438598636868E-005 CPU=   4383.0591324514089      NumThreads=                    8 Elapsed time=   1.8252092336079587E-003
 CFL_Limit=   1.0000000000000000E-003
 dt_init=   1.0000000000000001E-018 dt=   1.0000000000000001E-018
 Time=  -4.4000000000439429E-014 Intensity=   34618651727647.176     
   4701.8408631672764      < Te <    4701.8494320377704     
   4719.5093134514036      < Th <    4719.5179071444036     
   80.012362973896060      < Ts <   80.012365293133826     
   1.8123017770841035E+024 < Ne <   1.8126150991116815E+024
   1.8123017770701655E+024 < Nh <   1.8126151049347026E+024
 CFL_Te=   4.2018654988449691E-005 maxCFL_Ne=   3.6225300499784513E-005 maxCFL_Ts=   1.2163581341508524E-005 CPU=   4378.1003630513896      NumThreads=                    8 Elapsed time=   1.8272765210033395E-003
 CFL_Limit=   1.0000000000000000E-003
 dt_init=   1.0000000000000001E-018 dt=   1.0000000000000001E-018
 Time=  -4.3000000000436454E-014 Intensity=   40251668020123.664     
   4695.8768627240643      < Te <    4695.8852503131056     
   4716.5779683758574      < Th <    4716.5863838810101     
   80.014880213342664      < Ts <   80.014882960769469     
   2.1469598699125549E+024 < Ne <   2.1473242473200419E+024
   2.1469598698939593E+024 < Nh <   2.1473242550769470E+024
 CFL_Te=   4.1913490245848681E-005 maxCFL_Ne=   3.6188035110835056E-005 maxCFL_Ts=   1.2163750662820891E-005 CPU=   4373.1576519795999      NumThreads=                    8 Elapsed time=   1.8293417792470013E-003
 CFL_Limit=   1.0000000000000000E-003
 dt_init=   1.0000000000000001E-018 dt=   1.0000000000000001E-018
 Time=  -4.2000000000433480E-014 Intensity=   46639316361469.180     
   4690.3761462293787      < Te <    4690.3843651908683     
   4716.1847924781177      < Th <    4716.1930412464590     
   80.017857205558641      < Ts <   80.017860450084328     
   2.5353875270068982E+024 < Ne <   2.5358098160553607E+024
   2.5353875269819981E+024 < Nh <   2.5358098264307368E+024
 CFL_Te=   4.1814647894239414E-005 maxCFL_Ne=   3.6156904795428729E-005 maxCFL_Ts=   1.2163950877252512E-005 CPU=   4368.3160108462662      NumThreads=                    8 Elapsed time=   1.8313693377806186E-003
 CFL_Limit=   1.0000000000000000E-003
 dt_init=   1.0000000000000001E-018 dt=   1.0000000000000001E-018
 Time=  -4.1000000000430505E-014 Intensity=   53853631331009.289     
   4686.9004123933018      < Te <    4686.9088076869693     
   4714.2697243871180      < Th <    4714.2781559035502     
   80.021366949565632      < Ts <   80.021370769219317     
   2.9846650455260352E+024 < Ne <   2.9851527607587423E+024
   2.9846650454928330E+024 < Nh <   2.9851527745755609E+024
 CFL_Te=   4.1751552815572325E-005 maxCFL_Ne=   3.6136686645808803E-005 maxCFL_Ts=   1.2164186876789312E-005 CPU=   4363.6323018650282      NumThreads=                    8 Elapsed time=   1.8333350398430177E-003
 CFL_Limit=   1.0000000000000000E-003
 dt_init=   1.0000000000000001E-018 dt=   1.0000000000000001E-018
 Time=  -4.0000000000427531E-014 Intensity=   61968686616529.336     
   4679.1670028237504      < Te <    4679.1756180253351     
   4711.9475827866545      < Th <    4711.9562395970006     
   80.025491944913412      < Ts <   80.025496427685269     
   3.5025281704095741E+024 < Ne <   3.5030895041915721E+024
   3.5025281703658062E+024 < Nh <   3.5030895223811961E+024
 CFL_Te=   4.1618201624504676E-005 maxCFL_Ne=   3.6090991899576528E-005 maxCFL_Ts=   1.2164464184968789E-005 CPU=   4359.0023634692589      NumThreads=                    8 Elapsed time=   1.8352823267645422E-003
 CFL_Limit=   1.0000000000000000E-003
 dt_init=   1.0000000000000001E-018 dt=   1.0000000000000001E-018
 Time=  -3.9000000000424557E-014 Intensity=   71059807549614.547     
   4678.0261591253675      < Te <    4678.0350205243840     
   4710.4133021567814      < Th <    4710.4222157821596     
   80.030325053683569      < Ts <   80.030330298560429     
   4.0973831102828215E+024 < Ne <   4.0980269452343329E+024
   4.0973831102256400E+024 < Nh <   4.0980269689679319E+024
 CFL_Te=   4.1589211366343140E-005 maxCFL_Ne=   3.6092230933708394E-005 maxCFL_Ts=   1.2164789012285677E-005 CPU=   4354.3503771768146      NumThreads=                    8 Elapsed time=   1.8372430574102943E-003
 CFL_Limit=   1.0000000000000000E-003
 dt_init=   1.0000000000000001E-018 dt=   1.0000000000000001E-018
 Time=  -3.8000000000421582E-014 Intensity=   81202640199271.219     
   4666.5026975666315      < Te <    4666.5118437330293     
   4707.4356022716720      < Th <    4707.4448078549749     
   80.035970396630262      < Ts <   80.035976514227244     
   4.7783138863081659E+024 < Ne <   4.7790497988358119E+024
   4.7783138862329256E+024 < Nh <   4.7790498300323326E+024
 CFL_Te=   4.1365961761025456E-005 maxCFL_Ne=   3.6023195052601204E-005 maxCFL_Ts=   1.2165168313134775E-005 CPU=   4349.6778050251869      NumThreads=                    8 Elapsed time=   1.8392166865227562E-003
 CFL_Limit=   1.0000000000000000E-003
 dt_init=   1.0000000000000001E-018 dt=   1.0000000000000001E-018
 Time=  -3.7000000000418608E-014 Intensity=   92472076146523.797     
   4658.8854779098392      < Te <    4658.8949418216107     
   4706.5120131144313      < Th <    4706.5215463520681     
   80.042544327903940      < Ts <   80.042551441757553     
   5.5550807444688634E+024 < Ne <   5.5559190007432851E+024
   5.5550807443712743E+024 < Nh <   5.5559190411574349E+024
 CFL_Te=   4.1224680735799954E-005 maxCFL_Ne=   3.5988074687555282E-005 maxCFL_Ts=   1.2165609847082735E-005 CPU=   4345.1683638946224      NumThreads=                    8 Elapsed time=   1.8411254363523699E-003
 CFL_Limit=   1.0000000000000000E-003
 dt_init=   1.0000000000000001E-018 dt=   1.0000000000000001E-018
 Time=  -3.6000000000415633E-014 Intensity=   104941035678033.08     
   4653.3360233881713      < Te <    4653.3458409168206     
   4703.9248388241249      < Th <    4703.9347400300721     
   80.050176273288770      < Ts <   80.050184520554481     
   6.4381082973939260E+024 < Ne <   6.4390598359035180E+024
   6.4381082972676293E+024 < Nh <   6.4390598881289986E+024
 CFL_Te=   4.1109118211313218E-005 maxCFL_Ne=   3.5959470481218911E-005 maxCFL_Ts=   1.2166122229795133E-005 CPU=   4340.7099174441901      NumThreads=                    8 Elapsed time=   1.8430165001006103E-003
 CFL_Limit=   1.0000000000000000E-003
 dt_init=   1.0000000000000001E-018 dt=   1.0000000000000001E-018
 Time=  -3.5000000000412659E-014 Intensity=   118679116202025.80     
   4642.7353198130722      < Te <    4642.7455319881783     
   4702.4003873901702      < Th <    4702.4106972187146     
   80.059009690622375      < Ts <   80.059019222968388     
   7.4384622149170780E+024 < Ne <   7.4395386184287355E+024
   7.4384622147550107E+024 < Nh <   7.4395386853533476E+024
 CFL_Te=   4.0902562418767214E-005 maxCFL_Ne=   3.5909807298990256E-005 maxCFL_Ts=   1.2166714990730196E-005 CPU=   4336.3052282777790      NumThreads=                    8 Elapsed time=   1.8448885811429159E-003
 CFL_Limit=   1.0000000000000000E-003
 dt_init=   1.0000000000000001E-018 dt=   1.0000000000000001E-018
 Time=  -3.4000000000409684E-014 Intensity=   133751117135325.78     
   4636.9972013066517      < Te <    4637.0078470270937     
   4699.4412634734472      < Th <    4699.4520255779953     
   80.069202930506734      < Ts <   80.069213915193131     
   8.5678132526775938E+024 < Ne <   8.5690267065293353E+024
   8.5678132524712045E+024 < Nh <   8.5690267916344677E+024
 CFL_Te=   4.0773330355049384E-005 maxCFL_Ne=   3.5884474532775918E-005 maxCFL_Ts=   1.2167398622382121E-005 CPU=   4331.9864286528946      NumThreads=                    8 Elapsed time=   1.8467278537822513E-003
 CFL_Limit=   1.0000000000000000E-003
 dt_init=   1.0000000000000001E-018 dt=   1.0000000000000001E-018
 Time=  -3.3000000000406710E-014 Intensity=   150215457241557.91     
   4632.8151595157224      < Te <    4632.8262823368214     
   4698.8095252729181      < Th <    4698.8207839800380     
   80.080930174677860      < Ts <   80.080942795331751     
   9.8383876091673086E+024 < Ne <   9.8397508460427061E+024
   9.8383876089079054E+024 < Nh <   9.8397509528257657E+024
 CFL_Te=   4.0671242123228433E-005 maxCFL_Ne=   3.5872067350160440E-005 maxCFL_Ts=   1.2168184632615223E-005 CPU=   4327.7130300665522      NumThreads=                    8 Elapsed time=   1.8485514044994280E-003
 CFL_Limit=   1.0000000000000000E-003
 dt_init=   1.0000000000000001E-018 dt=   1.0000000000000001E-018
 Time=  -3.2000000000403735E-014 Intensity=   168122505300297.31     
   4618.5269345216793      < Te <    4618.5385775069517     
   4700.0059553994697      < Th <    4700.0177579687543     
   80.094382068246247      < Ts <   80.094396525289397     
   1.1262902663066487E+025 < Ne <   1.1264428889925821E+025
   1.1262902662739000E+025 < Nh <   1.1264429024537986E+025
 CFL_Te=   4.0382403209795434E-005 maxCFL_Ne=   3.5809605340322656E-005 maxCFL_Ts=   1.2169085573944106E-005 CPU=   4323.4845506147594      NumThreads=                    8 Elapsed time=   1.8503593354722346E-003
 CFL_Limit=   1.0000000000000000E-003
 dt_init=   1.0000000000000001E-018 dt=   1.0000000000000001E-018
 Time=  -3.1000000000400761E-014 Intensity=   187512849914319.81     
   4613.7390469201209      < Te <    4613.7512547817560     
   4696.5833883455807      < Th <    4696.5957815699294     
   80.109766585180367      < Ts <   80.109783097155287     
   1.2854487560797012E+025 < Ne <   1.2856190374893012E+025
   1.2854487560390962E+025 < Nh <   1.2856190541505043E+025
 CFL_Te=   4.0263824785132489E-005 maxCFL_Ne=   3.5799714201125880E-005 maxCFL_Ts=   1.2170115085470380E-005 CPU=   4319.2811038000955      NumThreads=                    8 Elapsed time=   1.8521600719530883E-003
 CFL_Limit=   1.0000000000000000E-003
 dt_init=   1.0000000000000001E-018 dt=   1.0000000000000001E-018
 Time=  -3.0000000000397786E-014 Intensity=   208415539059263.81     
   4597.4667814521736      < Te <    4597.4795953521334     
   4695.0089790721559      < Th <    4695.0220115020256     
   80.127309638028365      < Ts <   80.127328441390858     
   1.4626588006602333E+025 < Ne <   1.4628481290339996E+025
   1.4626588006098288E+025 < Nh <   1.4628481496801191E+025
 CFL_Te=   3.9930987755935271E-005 maxCFL_Ne=   3.5736575559671251E-005 maxCFL_Ts=   1.2171287914166894E-005 CPU=   4315.1409095342524      NumThreads=                    8 Elapsed time=   1.8539371408067104E-003
 CFL_Limit=   1.0000000000000000E-003
 dt_init=   1.0000000000000001E-018 dt=   1.0000000000000001E-018
 Time=  -2.9000000000394812E-014 Intensity=   230846324469259.19     
   4591.3080848644686      < Te <    4591.3215514901749     
   4694.2826195622529      < Th <    4694.2963380231258     
   80.147255428291771      < Ts <   80.147276779025646     
   1.6592855371930970E+025 < Ne <   1.6594953176441497E+025
   1.6592855371315202E+025 < Nh <   1.6594953428172115E+025
 CFL_Te=   3.9776245701766604E-005 maxCFL_Ne=   3.5726047697449455E-005 maxCFL_Ts=   1.2172619914782384E-005 CPU=   4311.0718199016283      NumThreads=                    8 Elapsed time=   1.8556870157135420E-003
 CFL_Limit=   1.0000000000000000E-003
 dt_init=   1.0000000000000001E-018 dt=   1.0000000000000001E-018
 Time=  -2.8000000000393169E-014 Intensity=   254805949951245.34     
   4585.8306898818628      < Te <    4585.8448536737696     
   4697.0106476184155      < Th <    4697.0251019535199     
   80.169867143046105      < Ts <   80.169891316133217     
   1.8767020095450591E+025 < Ne <   1.8769336505285996E+025
   1.8767020094700793E+025 < Nh <   1.8769336811238743E+025
 CFL_Te=   3.9622993266745235E-005 maxCFL_Ne=   3.5723106119069373E-005 maxCFL_Ts=   1.2174128068231683E-005 CPU=   4306.9573180708821      NumThreads=                    8 Elapsed time=   1.8574597817429170E-003
 CFL_Limit=   1.0000000000000000E-003
 dt_init=   1.0000000000000001E-018 dt=   1.0000000000000001E-018
 Time=  -2.7000000000393350E-014 Intensity=   280278526036475.69     
   4579.8369306897430      < Te <    4579.8518341891486     
   4691.3611630631076      < Th <    4691.3763947285170     
   80.195426821345407      < Ts <   80.195454110424109     
   2.1162750095946307E+025 < Ne <   2.1165299080325251E+025
   2.1162750095040580E+025 < Nh <   2.1165299449153420E+025
 CFL_Te=   3.9456107081421993E-005 maxCFL_Ne=   3.5721053218204060E-005 maxCFL_Ts=   1.2175830439261278E-005 CPU=   4303.0268066594890      NumThreads=                    8 Elapsed time=   1.8591564402106371E-003
 CFL_Limit=   1.0000000000000000E-003
 dt_init=   1.0000000000000001E-018 dt=   1.0000000000000001E-018
 Time=  -2.6000000000393531E-014 Intensity=   307230035825686.56     
   4560.7781235604307      < Te <    4560.7937952014172     
   4692.9195149119059      < Th <    4692.9355721805714     
   80.224235550786503      < Ts <   80.224266268619431     
   2.3793495079245146E+025 < Ne <   2.3796290330427355E+025
   2.3793495078164223E+025 < Nh <   2.3796290769640640E+025
 CFL_Te=   3.9052780463119294E-005 maxCFL_Ne=   3.5672970015726346E-005 maxCFL_Ts=   1.2177746150314373E-005 CPU=   4299.1350013453248      NumThreads=                    8 Elapsed time=   1.8608394473531456E-003
 CFL_Limit=   1.0000000000000000E-003
 dt_init=   1.0000000000000001E-018 dt=   1.0000000000000001E-018
 Time=  -2.5000000000393712E-014 Intensity=   335607018287163.19     
   4554.8202813081280      < Te <    4554.8367692393485     
   4695.1383184168144      < Th <    4695.1552453436589     
   80.256612959548931      < Ts <   80.256647438883505     
   2.6672318016537743E+025 < Ne <   2.6675372772046053E+025
   2.6672318015249480E+025 < Nh <   2.6675373294396883E+025
 CFL_Te=   3.8871583082790012E-005 maxCFL_Ne=   3.5684418019317362E-005 maxCFL_Ts=   1.2179895302016092E-005 CPU=   4295.2805789030617      NumThreads=                    8 Elapsed time=   1.8625092943388246E-003
 CFL_Limit=   1.0000000000000000E-003
 dt_init=   1.0000000000000001E-018 dt=   1.0000000000000001E-018
 Time=  -2.4000000000393893E-014 Intensity=   365335475466290.00     
   4549.3112812111694      < Te <    4549.3286165765148     
   4696.4906460499060      < Th <    4696.5084807651974     
   80.292897050685951      < Ts <   80.292935640654889     
   2.9811715842394957E+025 < Ne <   2.9815042702888387E+025
   2.9811715840873301E+025 < Nh <   2.9815043318490237E+025
 CFL_Te=   3.8689380952870034E-005 maxCFL_Ne=   3.5704314267866866E-005 maxCFL_Ts=   1.2182298909433463E-005 CPU=   4291.5029316663622      NumThreads=                    8 Elapsed time=   1.8641487906181282E-003
 CFL_Limit=   1.0000000000000000E-003
 dt_init=   1.0000000000000001E-018 dt=   1.0000000000000001E-018
 Time=  -2.3000000000394074E-014 Intensity=   396320048934882.44     
   4543.8224724878137      < Te <    4543.8406908867119     
   4699.8755822432431      < Th <    4699.8943636876074     
   80.333443738028237      < Ts <   80.333486807343292     
   3.3223431237830788E+025 < Ne <   3.3227041975967753E+025
   3.3223431236048733E+025 < Nh <   3.3227042695190538E+025
 CFL_Te=   3.8496166492012321E-005 maxCFL_Ne=   3.5729403115322044E-005 maxCFL_Ts=   1.2184978810819586E-005 CPU=   4287.7778726652505      NumThreads=                    8 Elapsed time=   1.8657682924762284E-003
 CFL_Limit=   1.0000000000000000E-003
 dt_init=   1.0000000000000001E-018 dt=   1.0000000000000001E-018
 Time=  -2.2000000000394255E-014 Intensity=   428443508249345.75     
   4539.2518365004544      < Te <    4539.2709667323079     
   4703.5029121821326      < Th <    4703.5226720993187     
   80.378624346188644      < Ts <   80.378672278332573     
   3.6918258109588931E+025 < Ne <   3.6922163467817892E+025
   3.6918258107517799E+025 < Nh <   3.6922164301599395E+025
 CFL_Te=   3.8323457417634205E-005 maxCFL_Ne=   3.5771756708517095E-005 maxCFL_Ts=   1.2187957434060838E-005 CPU=   4284.0575220265582      NumThreads=                    8 Elapsed time=   1.8673885583626872E-003
 CFL_Limit=   1.0000000000000000E-003
 dt_init=   1.0000000000000001E-018 dt=   1.0000000000000001E-018
 Time=  -2.1000000000394436E-014 Intensity=   461566590147825.06     
   4517.1120687505190      < Te <    4517.1320960645462     
   4706.0294871056358      < Th <    4706.0502487616159     
   80.428825234100785      < Ts <   80.428878424725994     
   4.0905844095640937E+025 < Ne <   4.0910053587076682E+025
   4.0905844093255581E+025 < Nh <   4.0910054544801767E+025
 CFL_Te=   3.7827512334709178E-005 maxCFL_Ne=   3.5770731513284474E-005 maxCFL_Ts=   1.2191257696008794E-005 CPU=   4280.2759478233838      NumThreads=                    8 Elapsed time=   1.8690383745160587E-003
 CFL_Limit=   1.0000000000000000E-003
 dt_init=   1.0000000000000001E-018 dt=   1.0000000000000001E-018
 Time=  -2.0000000000394617E-014 Intensity=   495528221702031.00     
   4530.2475206586378      < Te <    4530.2685348080231     
   4710.7098467851465      < Th <    4710.7316347508395     
   80.484446127351859      < Ts <   80.484504990272683     
   4.5194493025837031E+025 < Ne <   4.5199014739087591E+025
   4.5194493023105733E+025 < Nh <   4.5199015832654400E+025
 CFL_Te=   3.7937511413222452E-005 maxCFL_Ne=   3.5874750285170780E-005 maxCFL_Ts=   1.2194902808316944E-005 CPU=   4276.6426658661940      NumThreads=                    8 Elapsed time=   1.8706262423680130E-003
 CFL_Limit=   1.0000000000000000E-003
 dt_init=   1.0000000000000001E-018 dt=   1.0000000000000001E-018
 Time=  -1.9000000000394798E-014 Intensity=   530146153690173.19     
   4527.6907777076513      < Te <    4527.7127577916617     
   4714.7395734733664      < Th <    4714.7623991526625     
   80.545897541307980      < Ts <   80.545962494419271     
   4.9790970944245446E+025 < Ne <   4.9795811350654679E+025
   4.9790970941155286E+025 < Nh <   4.9795812584102585E+025
 CFL_Te=   3.7763842461278470E-005 maxCFL_Ne=   3.5952891789819417E-005 maxCFL_Ts=   1.2198916016294866E-005 CPU=   4273.0467652199195      NumThreads=                    8 Elapsed time=   1.8722004320465859E-003
 CFL_Limit=   1.0000000000000000E-003
 dt_init=   1.0000000000000001E-018 dt=   1.0000000000000001E-018
 Time=  -1.8000000000394979E-014 Intensity=   565218022188081.88     
   4506.5726569616345      < Te <    4506.5955547193598     
   4719.8666239806016      < Th <    4719.8904954029613     
   80.613596921189924      < Ts <   80.613668388279706     
   5.4700319342512044E+025 < Ne <   5.4705483106627713E+025
   5.4700319339046134E+025 < Nh <   5.4705484485658845E+025
 CFL_Te=   3.7257561841222905E-005 maxCFL_Ne=   3.6008655928364620E-005 maxCFL_Ts=   1.2203320248309149E-005 CPU=   4269.4950709918749      NumThreads=                    8 Elapsed time=   1.8737578722960015E-003
 CFL_Limit=   1.0000000000000000E-003
 dt_init=   1.0000000000000001E-018 dt=   1.0000000000000001E-018
 Time=  -1.7000000000395159E-014 Intensity=   600522846940976.88     
   4504.8335632090539      < Te <    4504.8574235026699     
   4724.9973561075503      < Th <    4725.0222720389438     
   80.687967281239452      < Ts <   80.688045694589334     
   5.9925680147149015E+025 < Ne <   5.9931169959637951E+025
   5.9925680143285091E+025 < Nh <   5.9931171491964136E+025
 CFL_Te=   3.7082751794833921E-005 maxCFL_Ne=   3.6120343039439519E-005 maxCFL_Ts=   1.2208137923545673E-005 CPU=   4265.9222754796192      NumThreads=                    8 Elapsed time=   1.8753271821157493E-003
 CFL_Limit=   1.0000000000000000E-003
 dt_init=   1.0000000000000001E-018 dt=   1.0000000000000001E-018
 Time=  -1.6000000000395340E-014 Intensity=   635822964718103.12     
   4503.8033578294644      < Te <    4503.8281711942636     
   4731.1478629616149      < Th <    4731.1738155421317     
   80.769432558610305      < Ts <   80.769518347826704     
   6.5468135595456112E+025 < Ne <   6.5473952019810499E+025
   6.5468135591191485E+025 < Nh <   6.5473953704992870E+025
 CFL_Te=   3.6912410178061752E-005 maxCFL_Ne=   3.6251822906755442E-005 maxCFL_Ts=   1.2213390542295480E-005 CPU=   4262.4129284134488      NumThreads=                    8 Elapsed time=   1.8768711840825222E-003
 CFL_Limit=   1.0000000000000000E-003
 dt_init=   1.0000000000000001E-018 dt=   1.0000000000000001E-018
 Time=  -1.5000000000395521E-014 Intensity=   670866384804700.00     
   4522.0072211186662      < Te <    4522.0330339367520     
   4737.0204356392660      < Th <    4737.0474045861201     
   80.858414025251278      < Ts <   80.858507618681500     
   7.1326567272622882E+025 < Ne <   7.1332708611489443E+025
   7.1326567267965256E+025 < Nh <   7.1332710444909767E+025
 CFL_Te=   3.7061605176081316E-005 maxCFL_Ne=   3.6398348603264175E-005 maxCFL_Ts=   1.2219098345135313E-005 CPU=   4258.9777873740868      NumThreads=                    8 Elapsed time=   1.8783850020810922E-003
 CFL_Limit=   1.0000000000000000E-003
 dt_init=   1.0000000000000001E-018 dt=   1.0000000000000001E-018
 Time=  -1.4000000000395702E-014 Intensity=   705389542387026.50     
   4523.0676468067304      < Te <    4523.0943773829867     
   4743.8816842411043      < Th <    4743.9096458126742     
   80.955327861402225      < Ts <   80.955429672184536     
   7.7497538102778033E+025 < Ne <   7.7504000286638594E+025
   7.7497538097728165E+025 < Nh <   7.7504002266464019E+025
 CFL_Te=   3.6901663027710207E-005 maxCFL_Ne=   3.6556929427079651E-005 maxCFL_Ts=   1.2225280047636877E-005 CPU=   4255.4962310071260      NumThreads=                    8 Elapsed time=   1.8799217683966043E-003
 CFL_Limit=   1.0000000000000000E-003
 dt_init=   1.0000000000000001E-018 dt=   1.0000000000000001E-018
 Time=  -1.3000000000395883E-014 Intensity=   739120414177271.25     
   4525.3959688458208      < Te <    4525.4235856746473     
   4765.0761437422370      < Th <    4765.1051114433576     
   81.060574491330300      < Ts <   81.060684924309427     
   8.3975200265719882E+025 < Ne <   8.3981976772900601E+025
   8.3975200260302554E+025 < Nh <   8.3981978887580921E+025
 CFL_Te=   3.6754329951242165E-005 maxCFL_Ne=   3.6737625255939151E-005 maxCFL_Ts=   1.2231952055882285E-005 CPU=   4252.2213221291559      NumThreads=                    8 Elapsed time=   1.8813696169498232E-003
 CFL_Limit=   1.0000000000000000E-003
 dt_init=   1.0000000000000001E-018 dt=   1.0000000000000001E-018
 Time=  -1.2000000000396064E-014 Intensity=   771781949551147.12     
   4528.9122105040215      < Te <    4528.9406738571579     
   4772.8361587907748      < Th <    4772.8660401787265     
   81.174539654060851      < Ts <   81.174659089726092     
   9.0751233231591757E+025 < Ne <   9.0758315037553224E+025
   9.0751233225849902E+025 < Nh <   9.0758317268353980E+025
 CFL_Te=   3.6626352408226385E-005 maxCFL_Ne=   3.6943574830073002E-005 maxCFL_Ts=   1.2239128443533525E-005 CPU=   4248.9929677718783      NumThreads=                    8 Elapsed time=   1.8827990680801493E-003
 CFL_Limit=   1.0000000000000000E-003
 dt_init=   1.0000000000000001E-018 dt=   1.0000000000000001E-018
 Time=  -1.1000000000396245E-014 Intensity=   803095760159726.00     
   4533.8412315424002      < Te <    4533.8704946651942     
   4780.9097573229210      < Th <    4780.9404976385831     
   81.297587493593767      < Ts <   81.297716290922196     
   9.7814813369429540E+025 < Ne <   9.7822188928115590E+025
   9.7814813363411930E+025 < Nh <   9.7822191254234659E+025
 CFL_Te=   3.6500145673894428E-005 maxCFL_Ne=   3.7172863037217357E-005 maxCFL_Ts=   1.2246820431886886E-005 CPU=   4245.7921155391732      NumThreads=                    8 Elapsed time=   1.8842184879285075E-003
 CFL_Limit=   1.0000000000000000E-003
 dt_init=   1.0000000000000001E-018 dt=   1.0000000000000001E-018
 Time=  -1.0000000000396426E-014 Intensity=   832786001732181.12     
   4556.6850192227466      < Te <    4556.7150991839799     
   4789.3601610118703      < Th <    4789.3916969531456     
   81.430054809134020      < Ts <   81.430193302364742     
   1.0515261783075942E+026 < Ne <   1.0516027309180869E+026
   1.0515261782452244E+026 < Nh <   1.0516027548939237E+026
 CFL_Te=   3.6684051086166936E-005 maxCFL_Ne=   3.7360158670117357E-005 maxCFL_Ts=   1.2255035966199200E-005 CPU=   4242.6218958508607      NumThreads=                    8 Elapsed time=   1.8856264348759730E-003
 CFL_Limit=   1.0000000000000000E-003
 dt_init=   1.0000000000000001E-018 dt=   1.0000000000000001E-018
 Time=  -9.0000000003966072E-015 Intensity=   860583374012861.38     
   4563.9290644308139      < Te <    4563.9598273127704     
   4814.2490328997364      < Th <    4814.2813609495752     
   81.572246692855657      < Ts <   81.572395177236743     
   1.1274886397597013E+026 < Ne <   1.1275678244381946E+026
   1.1274886396959159E+026 < Nh <   1.1275678488089085E+026
 CFL_Te=   3.6589321966628310E-005 maxCFL_Ne=   3.7626117801119894E-005 maxCFL_Ts=   1.2263779404025453E-005 CPU=   4239.4892349829097      NumThreads=                    8 Elapsed time=   1.8870197697370141E-003
 CFL_Limit=   1.0000000000000000E-003
 dt_init=   1.0000000000000001E-018 dt=   1.0000000000000001E-018
 Time=  -8.0000000003967882E-015 Intensity=   886229158751383.25     
   4572.8326426216181      < Te <    4572.8640199881856     
   4823.2545589990868      < Th <    4823.2875326936219     
   81.724431934600645      < Ts <   81.724590662476544     
   1.2058538584367924E+026 < Ne <   1.2059354865536573E+026
   1.2058538583724478E+026 < Nh <   1.2059355109724132E+026
 CFL_Te=   3.6509957947356190E-005 maxCFL_Ne=   3.7921433150940630E-005 maxCFL_Ts=   1.2273051217310694E-005 CPU=   4236.4021814054522      NumThreads=                    8 Elapsed time=   1.8883948353897674E-003
 CFL_Limit=   1.0000000000000000E-003
 dt_init=   1.0000000000000001E-018 dt=   1.0000000000000001E-018
 Time=  -7.0000000003969692E-015 Intensity=   909479211703578.62     
   4583.4379389806254      < Te <    4583.4698557401007     
   4832.8310214446365      < Th <    4832.8643947745559     
   81.886837883374483      < Ts <   81.887007063597409     
   1.2864174603504112E+026 < Ne <   1.2865013208616301E+026
   1.2864174602862968E+026 < Nh <   1.2865013450147153E+026
 CFL_Te=   3.6455547251077098E-005 maxCFL_Ne=   3.8248531212823184E-005 maxCFL_Ts=   1.2282847695376007E-005 CPU=   4233.3276770774155      NumThreads=                    8 Elapsed time=   1.8897663044886242E-003
 CFL_Limit=   1.0000000000000000E-003
 dt_init=   1.0000000000000001E-018 dt=   1.0000000000000001E-018
 Time=  -6.0000000003971501E-015 Intensity=   930107822817773.00     
   4609.0094575794010      < Te <    4609.0418955361674     
   4859.7721782614190      < Th <    4859.8061046362964     
   82.059642477296123      < Ts <   82.059822292765631     
   1.3689538359351821E+026 < Ne <   1.3690396971958180E+026
   1.3689538358726707E+026 < Nh <   1.3690397205439847E+026
 CFL_Te=   3.6658936070521443E-005 maxCFL_Ne=   3.8461924018612855E-005 maxCFL_Ts=   1.2293160520431974E-005 CPU=   4230.2038658048132      NumThreads=                    8 Elapsed time=   1.8911618101124230E-003
 CFL_Limit=   1.0000000000000000E-003
 dt_init=   1.0000000000000001E-018 dt=   1.0000000000000001E-018
 Time=  -5.0000000003973311E-015 Intensity=   947911359395656.38     
   4621.8397510489986      < Te <    4621.8725548140128     
   4869.4467703432838      < Th <    4869.4810693332729     
   82.242980977218920      < Ts <   82.243171533152662     
   1.4532179699902939E+026 < Ne <   1.4533055814220833E+026
   1.4532179699306112E+026 < Nh <   1.4533056034931437E+026
 CFL_Te=   3.6623968951082731E-005 maxCFL_Ne=   3.8827033419517661E-005 maxCFL_Ts=   1.2303977263188766E-005 CPU=   4227.2210493535549      NumThreads=                    8 Elapsed time=   1.8924962538269428E-003
 CFL_Limit=   1.0000000000000000E-003
 dt_init=   1.0000000000000001E-018 dt=   1.0000000000000001E-018
 Time=  -4.0000000003975121E-015 Intensity=   962711610077902.12     
   4648.3179554733288      < Te <    4648.3510902067410     
   4897.3181130893590      < Th <    4897.3527586311793     
   82.436935740462587      < Ts <   82.437137110755899     
   1.5389475758996115E+026 < Ne <   1.5390366702501905E+026
   1.5389475758436353E+026 < Nh <   1.5390366907168023E+026
 CFL_Te=   3.6833784369038373E-005 maxCFL_Ne=   3.9049470766918827E-005 maxCFL_Ts=   1.2315280896274804E-005 CPU=   4224.2758138581694      NumThreads=                    8 Elapsed time=   1.8938157337537434E-003
 CFL_Limit=   1.0000000000000000E-003
 dt_init=   1.0000000000000001E-018 dt=   1.0000000000000001E-018
 Time=  -3.0000000003976930E-015 Intensity=   974358752866415.50     
   4663.3180272301424      < Te <    4663.3513321239852     
   4906.3029208609623      < Th <    4906.3377118552262     
   82.641529401147679      < Ts <   82.641741582583037     
   1.6258655205714203E+026 < Ne <   1.6259558168454086E+026
   1.6258655205212994E+026 < Nh <   1.6259558348903093E+026
 CFL_Te=   3.6825682259124041E-005 maxCFL_Ne=   3.9453369567147680E-005 maxCFL_Ts=   1.2327049576401412E-005 CPU=   4221.4095777058819      NumThreads=                    8 Elapsed time=   1.8951015893481690E-003
 CFL_Limit=   1.0000000000000000E-003
 dt_init=   1.0000000000000001E-018 dt=   1.0000000000000001E-018
 Time=  -2.0000000003978740E-015 Intensity=   982733878069296.12     
   4690.3058551594677      < Te <    4690.3392785767865     
   4934.6673352890984      < Th <    4934.7022441014688     
   82.856744125417620      < Ts <   82.856967084488048     
   1.7136825164646662E+026 < Ne <   1.7137737218402386E+026
   1.7136825164207658E+026 < Nh <   1.7137737373559729E+026
 CFL_Te=   3.7038801212153731E-005 maxCFL_Ne=   3.9681696346589638E-005 maxCFL_Ts=   1.2339257960893525E-005 CPU=   4218.5578423382376      NumThreads=                    8 Elapsed time=   1.8963826736498666E-003
 CFL_Limit=   1.0000000000000000E-003
 dt_init=   1.0000000000000001E-018 dt=   1.0000000000000001E-018
 Time=  -1.0000000003979017E-015 Intensity=   987751006870884.38     
   4707.2894246909054      < Te <    4707.3228062800590     
   4944.8602119859661      < Th <    4944.8950361674724     
   83.082494375005211      < Ts <   83.082728000084515     
   1.8020999870636466E+026 < Ne <   1.8021918010352240E+026
   1.8020999870283526E+026 < Nh <   1.8021918131389933E+026
 CFL_Te=   3.7060535120571323E-005 maxCFL_Ne=   4.0123775931329282E-005 maxCFL_Ts=   1.2351875883009473E-005 CPU=   4215.7254541819548      NumThreads=                    8 Elapsed time=   1.8976567821948854E-003
 CFL_Limit=   1.0000000000000000E-003
 dt_init=   1.0000000000000001E-018 dt=   1.0000000000000001E-018
 Time=  -3.9788984726558512E-025 Intensity=   989358557602279.00     
   4734.3559645122059      < Te <    4734.3892373450099     
   4973.2581845632767      < Th <    4973.2928838579355     
   83.318648650061746      < Ts <   83.318892800029047     
   1.8908131380710299E+026 < Ne <   1.8909052540437186E+026
   1.8908131380447011E+026 < Nh <   1.8909052626493275E+026
 CFL_Te=   3.7273629456177577E-005 maxCFL_Ne=   4.0354484373083696E-005 maxCFL_Ts=   1.2364869870134036E-005 CPU=   4212.9250342578353      NumThreads=                    8 Elapsed time=   1.8989181945909728E-003
 CFL_Limit=   1.0000000000000000E-003
 dt_init=   1.0000000000000001E-018 dt=   1.0000000000000001E-018
