 Hello from thread =           0
 Hello from thread =           3
 Hello from thread =           2
 Hello from thread =           1
OpenMP TEST
Number of Threads = 4
*******************************
 Pi =    3.14159265358979     
 Read PolarizationSource TM:                      0
 Read phiMie0:    270.000000000000      deg -> rad
 Importing data on Polarization.
 Loading GMSH mesh...
 MESH INFORMATIONS
 [GMSH] Quadrangles number
      120000
 [GMSH] Node number
      120704
 Latest running index while remeshing                  2604
 [Mesh] Building...
 
 [Mesh] Convergence (                   500 )=  1.081720079616934E-005
 [Mesh] Convergence (                  1000 )=  1.811262921339221E-006
 [Mesh] Convergence (                  1500 )=  2.579260365273512E-007
 [Mesh] Convergence (                  2000 )=  3.591470637911698E-008
 [Mesh] Convergence (                  2500 )=  4.985051651601679E-009
 [Mesh] Convergence (                  3000 )=  6.916293277754448E-010
 [Mesh] Convergence is reached. The show can go on.
 [Mesh) ITERATIONS=                  3490
 Vessel cells:                    51 *                    51 =
                  2601
 Matter cells:                    51 *                    51 =
                  2601
  -73.8000000000000       -74.2000000000000     
 Done.
 [Mesh] Calculation of normales and distances.
 NEEDLE CHECK
 North -3.766032663078631E-002  0.999290598273626     
 South -4.425498528455761E-002 -0.999020268201533     
 East  0.997763878544350       6.683743466154690E-002
 West -0.983550514119218      -0.180633291991876     
  1.008423591908063E-007  1.008040131466220E-007  6.226196335372929E-009
  6.051711821471932E-009
 VESSEL CHECK
 North -3.766032663078620E-002  0.999290598273619     
 South -4.425498528455753E-002 -0.999020268201532     
 East  0.997763878550900       6.683743466200739E-002
 West -0.983550514120851      -0.180633291992154     
  1.008423591908069E-007  1.008040131466208E-007  6.226196335372337E-009
  6.051711821474587E-009
 epsilon(   515.000000000000      nm)= (17.8254000000000,0.506690000000000)
 Re(sqrt(epsilon))=   4.22244004813930     
 [Poisson eq.] Filling matrix
 Starting time loop.
 Time= -1.990000000000033E-013 Intensity=  1.560808197333866E-015
   80.0000004771923      < Te <    80.0000004778605     
   80.0000004771923      < Th <    80.0000004778750     
   80.0000000000000      < Ts <   80.0000000000000     
   100000.000010074      < Ne <   100000.000010088     
   100000.000010074      < Nh <   100000.000010088     
 CFL_Te=  3.017299651248141E-005 maxCFL_Ne=  2.329135641854283E-005 maxCFL_Ts=
  5.102011094536748E-004 CPU=   673.806270242854      NumThreads=           4 
 Elapsed time=  5.936424424424424E-003
 CFL_Limit=  1.000000000000000E-003
 dt_init=  1.000000000000000E-018 dt=  1.000000000000000E-018
 Time= -1.980000000000067E-013 Intensity=  3.105441224724688E-015
   80.0000014274143      < Te <    80.0000014287349     
   80.0000014274143      < Th <    80.0000014288140     
   80.0000000000000      < Ts <   80.0000000000000     
   100000.000030177      < Ne <   100000.000030205     
   100000.000030177      < Nh <   100000.000030205     
 CFL_Te=  3.017299687086950E-005 maxCFL_Ne=  2.329135669519234E-005 maxCFL_Ts=
  5.102011094536748E-004 CPU=   681.686445889263      NumThreads=           4 
 Elapsed time=  5.867800400200100E-003
 CFL_Limit=  1.000000000000000E-003
 dt_init=  1.000000000000000E-018 dt=  1.000000000000000E-018
 Time= -1.970000000000100E-013 Intensity=  6.157323060963920E-015
   80.0000033123723      < Te <    80.0000033150163     
   80.0000033123723      < Th <    80.0000033152225     
   80.0000000000000      < Ts <   80.0000000000000     
   100000.000070097      < Ne <   100000.000070152     
   100000.000070097      < Nh <   100000.000070152     
 CFL_Te=  3.017299758180487E-005 maxCFL_Ne=  2.329135724398268E-005 maxCFL_Ts=
  5.102011094536748E-004 CPU=   700.375701703940      NumThreads=           4 
 Elapsed time=  5.711220406802267E-003
 CFL_Limit=  1.000000000000000E-003
 dt_init=  1.000000000000000E-018 dt=  1.000000000000000E-018
 Time= -1.960000000000134E-013 Intensity=  1.216621304889952E-014
   80.0000070405513      < Te <    80.0000070458589     
   80.0000070405513      < Th <    80.0000070459380     
   80.0000000000000      < Ts <   80.0000000000000     
   100000.000149097      < Ne <   100000.000149206     
   100000.000149097      < Nh <   100000.000149206     
 CFL_Te=  3.017299898793401E-005 maxCFL_Ne=  2.329135832941200E-005 maxCFL_Ts=
  5.102011094536748E-004 CPU=   734.752237466632      NumThreads=           4 
 Elapsed time=  5.444012003000750E-003
 CFL_Limit=  1.000000000000000E-003
 dt_init=  1.000000000000000E-018 dt=  1.000000000000000E-018
 Time= -1.950000000000167E-013 Intensity=  2.395596909112202E-014
   80.0000143907402      < Te <    80.0000144014580     
   80.0000143907402      < Th <    80.0000144015475     
   80.0000000000000      < Ts <   80.0000000000000     
   100000.000304891      < Ne <   100000.000305106     
   100000.000304891      < Nh <   100000.000305106     
 CFL_Te=  3.017300176014928E-005 maxCFL_Ne=  2.329136046936035E-005 maxCFL_Ts=
  5.102011094536748E-004 CPU=   757.079943113749      NumThreads=           4 
 Elapsed time=  5.283457891578316E-003
 CFL_Limit=  1.000000000000000E-003
 dt_init=  1.000000000000000E-018 dt=  1.000000000000000E-018
 Time= -1.940000000000200E-013 Intensity=  4.700747468172524E-014
   80.0000288335292      < Te <    80.0000288541503     
   80.0000288335292      < Th <    80.0000288544446     
   80.0000000000000      < Ts <   80.0000000000000     
   100000.000611069      < Ne <   100000.000611490     
   100000.000611069      < Nh <   100000.000611490     
 CFL_Te=  3.017300720742703E-005 maxCFL_Ne=  2.329136467426216E-005 maxCFL_Ts=
  5.102011094536748E-004 CPU=   772.598448267119      NumThreads=           4 
 Elapsed time=  5.177333722287047E-003
 CFL_Limit=  1.000000000000000E-003
 dt_init=  1.000000000000000E-018 dt=  1.000000000000000E-018
 Time= -1.930000000000234E-013 Intensity=  9.192104385628073E-014
   80.0000571166093      < Te <    80.0000571565833     
   80.0000571166093      < Th <    80.0000571573068     
   80.0000000000000      < Ts <   80.0000000000000     
   100000.001210710      < Ne <   100000.001211533     
   100000.001210710      < Nh <   100000.001211533     
 CFL_Te=  3.017301787474292E-005 maxCFL_Ne=  2.329137290865334E-005 maxCFL_Ts=
  5.102011094536748E-004 CPU=   784.120105824285      NumThreads=           4 
 Elapsed time=  5.101259322760395E-003
 CFL_Limit=  1.000000000000000E-003
 dt_init=  1.000000000000000E-018 dt=  1.000000000000000E-018
 Time= -1.920000000000267E-013 Intensity=  1.791256685535073E-013
   80.0001123131088      < Te <    80.0001123916156     
   80.0001123131088      < Th <    80.0001123931493     
   80.0000000000000      < Ts <   80.0000000000000     
   100000.002381029      < Ne <   100000.002382633     
   100000.002381029      < Nh <   100000.002382633     
 CFL_Te=  3.017303869279016E-005 maxCFL_Ne=  2.329138897867005E-005 maxCFL_Ts=
  5.102011094536748E-004 CPU=   792.966656391508      NumThreads=           4 
 Elapsed time=  5.044348293536692E-003
 CFL_Limit=  1.000000000000000E-003
 dt_init=  1.000000000000000E-018 dt=  1.000000000000000E-018
 Time= -1.910000000000300E-013 Intensity=  3.478528381353071E-013
   80.0002196622561      < Te <    80.0002198125695     
   80.0002196622561      < Th <    80.0002198189563     
   80.0000000000000      < Ts <   80.0000000000000     
   100000.004657240      < Ne <   100000.004660355     
   100000.004657240      < Nh <   100000.004660355     
 CFL_Te=  3.017307918085799E-005 maxCFL_Ne=  2.329142023251049E-005 maxCFL_Ts=
  5.102011094536748E-004 CPU=   799.961277571673      NumThreads=           4 
 Elapsed time=  5.000242026891878E-003
 CFL_Limit=  1.000000000000000E-003
 dt_init=  1.000000000000000E-018 dt=  1.000000000000000E-018
 Time= -1.900000000000334E-013 Intensity=  6.731752308218254E-013
   80.0004277202368      < Te <    80.0004280111416     
   80.0004277202368      < Th <    80.0004280194406     
   80.0000000000000      < Ts <   80.0000000000000     
   100000.009069042      < Ne <   100000.009075070     
   100000.009069042      < Nh <   100000.009075070     
 CFL_Te=  3.017315765251660E-005 maxCFL_Ne=  2.329148080691742E-005 maxCFL_Ts=
  5.102011094536748E-004 CPU=   805.658528453297      NumThreads=           4 
 Elapsed time=  4.964882588258826E-003
 CFL_Limit=  1.000000000000000E-003
 dt_init=  1.000000000000000E-018 dt=  1.000000000000000E-018
 Time= -1.890000000000367E-013 Intensity=  1.298241700107108E-012
   80.0008295731229      < Te <    80.0008301697500     
   80.0008295731229      < Th <    80.0008301442948     
   80.0000000000000      < Ts <   80.0000000000000     
   100000.017590517      < Ne <   100000.017602142     
   100000.017590517      < Nh <   100000.017602142     
 CFL_Te=  3.017330921633736E-005 maxCFL_Ne=  2.329159780315173E-005 maxCFL_Ts=
  5.102011094536748E-004 CPU=   810.402326920823      NumThreads=           4 
 Elapsed time=  4.935819983634876E-003
 CFL_Limit=  1.000000000000000E-003
 dt_init=  1.000000000000000E-018 dt=  1.000000000000000E-018
 Time= -1.880000000000400E-013 Intensity=  2.495041832982707E-012
   80.0016030472941      < Te <    80.0016041489838     
   80.0016030472941      < Th <    80.0016041499444     
   80.0000000000000      < Ts <   80.0000000000000     
   100000.033992970      < Ne <   100000.034015311     
   100000.033992970      < Nh <   100000.034015311     
 CFL_Te=  3.017360094175397E-005 maxCFL_Ne=  2.329182299393289E-005 maxCFL_Ts=
  5.102011094536748E-004 CPU=   814.366306668097      NumThreads=           4 
 Elapsed time=  4.911794566213852E-003
 CFL_Limit=  1.000000000000000E-003
 dt_init=  1.000000000000000E-018 dt=  1.000000000000000E-018
 Time= -1.870000000000434E-013 Intensity=  4.778537059130534E-012
   80.0030866582960      < Te <    80.0030887489368     
   80.0030866582960      < Th <    80.0030887625848     
   80.0000000000000      < Ts <   80.0000000000000     
   100000.065455825      < Ne <   100000.065498612     
   100000.065455825      < Nh <   100000.065498612     
 CFL_Te=  3.017416050412047E-005 maxCFL_Ne=  2.329225493533821E-005 maxCFL_Ts=
  5.102011094536748E-004 CPU=   817.740830383447      NumThreads=           4 
 Elapsed time=  4.891525348103700E-003
 CFL_Limit=  1.000000000000000E-003
 dt_init=  1.000000000000000E-018 dt=  1.000000000000000E-018
 Time= -1.860000000000467E-013 Intensity=  9.120254035482025E-012
   80.0059225487846      < Te <    80.0059265010825     
   80.0059225487846      < Th <    80.0059267085335     
   80.0000000000000      < Ts <   80.0000000000000     
   100000.125598495      < Ne <   100000.125680157     
   100000.125598495      < Nh <   100000.125680157     
 CFL_Te=  3.017523009553685E-005 maxCFL_Ne=  2.329308058203496E-005 maxCFL_Ts=
  5.102011094536748E-004 CPU=   820.666695988056      NumThreads=           4 
 Elapsed time=  4.874085934709622E-003
 CFL_Limit=  1.000000000000000E-003
 dt_init=  1.000000000000000E-018 dt=  1.000000000000000E-018
 Time= -1.850000000000501E-013 Intensity=  1.734657596048508E-011
   80.0113245385380      < Te <    80.0113320647059     
   80.0113245385380      < Th <    80.0113324446282     
   80.0000000000000      < Ts <   80.0000000000000     
   100000.240166294      < Ne <   100000.240321614     
   100000.240166294      < Nh <   100000.240321614     
 CFL_Te=  3.017726752324958E-005 maxCFL_Ne=  2.329465332788453E-005 maxCFL_Ts=
  5.102011094536748E-004 CPU=   823.224796668099      NumThreads=           4 
 Elapsed time=  4.858940129341956E-003
 CFL_Limit=  1.000000000000000E-003
 dt_init=  1.000000000000000E-018 dt=  1.000000000000000E-018
 Time= -1.840000000000534E-013 Intensity=  3.287876068756104E-011
   80.0215789929777      < Te <    80.0215933846191     
   80.0215789929777      < Th <    80.0215937507974     
   80.0000000000000      < Ts <   80.0000000000000     
   100000.457655500      < Ne <   100000.457949894     
   100000.457655500      < Nh <   100000.457949894     
 CFL_Te=  3.018113511845211E-005 maxCFL_Ne=  2.329763882978214E-005 maxCFL_Ts=
  5.102011094536748E-004 CPU=   825.427319799856      NumThreads=           4 
 Elapsed time=  4.845974810925683E-003
 CFL_Limit=  1.000000000000000E-003
 dt_init=  1.000000000000000E-018 dt=  1.000000000000000E-018
 Time= -1.830000000000567E-013 Intensity=  6.210291219805711E-011
   80.0409773625022      < Te <    80.0410044840449     
   80.0409773625022      < Th <    80.0410050151967     
   80.0000000000000      < Ts <   80.0000000000000     
   100000.869097027      < Ne <   100000.869653092     
   100000.869097027      < Nh <   100000.869653092     
 CFL_Te=  3.018845145510860E-005 maxCFL_Ne=  2.330328650898011E-005 maxCFL_Ts=
  5.102011094536748E-004 CPU=   827.410449879061      NumThreads=           4 
 Elapsed time=  4.834360021177716E-003
 CFL_Limit=  1.000000000000000E-003
 dt_init=  1.000000000000000E-018 dt=  1.000000000000000E-018
 Time= -1.820000000000601E-013 Intensity=  1.168969938842701E-010
   80.0775461539646      < Te <    80.0775978236783     
   80.0775461539646      < Th <    80.0775986146410     
   80.0000000000000      < Ts <   80.0000000000000     
   100001.644761343      < Ne <   100001.645808031     
   100001.644761343      < Nh <   100001.645808031     
 CFL_Te=  3.020224383024209E-005 maxCFL_Ne=  2.331393321836344E-005 maxCFL_Ts=
  5.102011094536748E-004 CPU=   829.165050280828      NumThreads=           4 
 Elapsed time=  4.824130007222624E-003
 CFL_Limit=  1.000000000000000E-003
 dt_init=  1.000000000000000E-018 dt=  1.000000000000000E-018
 Time= -1.810000000000634E-013 Intensity=  2.192752273564716E-010
   80.1462445460000      < Te <    80.1463405753094     
   80.1462445460000      < Th <    80.1463424196547     
   80.0000000000000      < Ts <   80.0000000000000     
   100003.102013743      < Ne <   100003.103977118     
   100003.102013743      < Nh <   100003.103977118     
 CFL_Te=  3.022815428437876E-005 maxCFL_Ne=  2.333393420242261E-005 maxCFL_Ts=
  5.102011094536748E-004 CPU=   830.770444699735      NumThreads=           4 
 Elapsed time=  4.814807779356807E-003
 CFL_Limit=  1.000000000000000E-003
 dt_init=  1.000000000000000E-018 dt=  1.000000000000000E-018
 Time= -1.800000000000667E-013 Intensity=  4.098931371387976E-010
   80.2748528994295      < Te <    80.2750298645565     
   80.2748528994295      < Th <    80.2750383798441     
   80.0000000000000      < Ts <   80.0000000000000     
   100005.830306826      < Ne <   100005.833976979     
   100005.830306826      < Nh <   100005.833976979     
 CFL_Te=  3.027666052658321E-005 maxCFL_Ne=  2.337137748967586E-005 maxCFL_Ts=
  5.102011094536748E-004 CPU=   832.184055694289      NumThreads=           4 
 Elapsed time=  4.806628981449072E-003
 CFL_Limit=  1.000000000000000E-003
 dt_init=  1.000000000000000E-018 dt=  1.000000000000000E-018
 Time= -1.790000000000701E-013 Intensity=  7.635659860009758E-010
   80.5147754825009      < Te <    80.5151071699938     
   80.5147754825009      < Th <    80.5151178878966     
   80.0000000000000      < Ts <   80.0000000000000     
   100010.920597008      < Ne <   100010.927433922     
   100010.920597008      < Nh <   100010.927433922     
 CFL_Te=  3.036715031682194E-005 maxCFL_Ne=  2.344122901919887E-005 maxCFL_Ts=
  5.102011094536748E-004 CPU=   833.479066811450      NumThreads=           4 
 Elapsed time=  4.799160721939140E-003
 CFL_Limit=  1.000000000000000E-003
 dt_init=  1.000000000000000E-018 dt=  1.000000000000000E-018
 Time= -1.780000000000734E-013 Intensity=  1.417481341681680E-009
   80.9607796898452      < Te <    80.9613948061253     
   80.9607796898452      < Th <    80.9614210326744     
   80.0000000000000      < Ts <   80.0000000000000     
   100020.384915271      < Ne <   100020.397607297     
   100020.384915271      < Nh <   100020.397607297     
 CFL_Te=  3.053536635822793E-005 maxCFL_Ne=  2.357107955539214E-005 maxCFL_Ts=
  5.102011094536748E-004 CPU=   834.660013011044      NumThreads=           4 
 Elapsed time=  4.792370471385063E-003
 CFL_Limit=  1.000000000000000E-003
 dt_init=  1.000000000000000E-018 dt=  1.000000000000000E-018
 Time= -1.770000000000767E-013 Intensity=  2.622303641321438E-009
   81.7869087278791      < Te <    81.7880427284923     
   81.7869087278791      < Th <    81.7880813144918     
   80.0000000000000      < Ts <   80.0000000000000     
   100037.920950449      < Ne <   100037.944430367     
   100037.920950449      < Nh <   100037.944430367     
 CFL_Te=  3.084695121366255E-005 maxCFL_Ne=  2.381160037736439E-005 maxCFL_Ts=
  5.102011094536748E-004 CPU=   835.715612470506      NumThreads=           4 
 Elapsed time=  4.786317187703813E-003
 CFL_Limit=  1.000000000000000E-003
 dt_init=  1.000000000000000E-018 dt=  1.000000000000000E-018
 Time= -1.760000000000801E-013 Intensity=  4.834409727130662E-009
   83.3114968398126      < Te <    83.3135622360489     
   83.3114968398126      < Th <    83.3136521796535     
   80.0000000000000      < Ts <   80.0000000000000     
   100070.300347433      < Ne <   100070.343634388     
   100070.300347433      < Nh <   100070.343634388     
 CFL_Te=  3.142196860753691E-005 maxCFL_Ne=  2.425547193854821E-005 maxCFL_Ts=
  5.102011094536748E-004 CPU=   836.668620805084      NumThreads=           4 
 Elapsed time=  4.780865327721988E-003
 CFL_Limit=  1.000000000000000E-003
 dt_init=  1.000000000000000E-018 dt=  1.000000000000000E-018
 Time= -1.750000000000834E-013 Intensity=  8.881754856682622E-009
   86.1141542515284      < Te <    86.1179775084440     
   86.1141542515284      < Th <    86.1181114268881     
   80.0000000000000      < Ts <   80.0000000000000     
   100129.880468515      < Ne <   100129.959995106     
   100129.880468515      < Nh <   100129.959995106     
 CFL_Te=  3.247902575509891E-005 maxCFL_Ne=  2.507144309237280E-005 maxCFL_Ts=
  5.102011094536748E-004 CPU=   837.540355146057      NumThreads=           4 
 Elapsed time=  4.775889275571023E-003
 CFL_Limit=  1.000000000000000E-003
 dt_init=  1.000000000000000E-018 dt=  1.000000000000000E-018
 Time= -1.740000000000868E-013 Intensity=  1.626106400450773E-008
   91.2445365392578      < Te <    91.2517951782046     
   91.2445365392578      < Th <    91.2520807031403     
   80.0000000000000      < Ts <   80.0000000000000     
   100239.132440150      < Ne <   100239.278040542     
   100239.132440150      < Nh <   100239.278040542     
 CFL_Te=  3.441401332949885E-005 maxCFL_Ne=  2.656511261379928E-005 maxCFL_Ts=
  5.102011094536748E-004 CPU=   838.330276252462      NumThreads=           4 
 Elapsed time=  4.771389168814185E-003
 CFL_Limit=  1.000000000000000E-003
 dt_init=  1.000000000000000E-018 dt=  1.000000000000000E-018
 Time= -1.730000000000901E-013 Intensity=  2.966839047968111E-008
   100.590396310925      < Te <    100.603376791812     
   100.590396310925      < Th <    100.603662661639     
   80.0000000000000      < Ts <   80.0000000000000     
   100438.774692973      < Ne <   100439.040341597     
   100438.774692973      < Nh <   100439.040341597     
 CFL_Te=  3.793892073718131E-005 maxCFL_Ne=  2.928608448481423E-005 maxCFL_Ts=
  5.102011094536748E-004 CPU=   839.027406913065      NumThreads=           4 
 Elapsed time=  4.767424719434053E-003
 CFL_Limit=  1.000000000000000E-003
 dt_init=  1.000000000000000E-018 dt=  1.000000000000000E-018
 Time= -1.720000000000934E-013 Intensity=  5.394284693830016E-008
   117.513847165894      < Te <    117.537191575856     
   117.513847165894      < Th <    117.537400409326     
   80.0000000000000      < Ts <   80.0000000000000     
   100802.330358980      < Ne <   100802.813359332     
   100802.330358980      < Nh <   100802.813359332     
 CFL_Te=  4.432181099443447E-005 maxCFL_Ne=  3.421321102660899E-005 maxCFL_Ts=
  5.102011094536748E-004 CPU=   839.676006339090      NumThreads=           4 
 Elapsed time=  4.763742169363192E-003
 CFL_Limit=  1.000000000000000E-003
 dt_init=  1.000000000000000E-018 dt=  1.000000000000000E-018
 Time= -1.710000000000968E-013 Intensity=  9.773915737714293E-008
   147.914690497261      < Te <    147.956148336476     
   147.914690497261      < Th <    147.959300485019     
   80.0000000000000      < Ts <   80.0000000000000     
   101462.088336280      < Ne <   101462.963485631     
   101462.088336280      < Nh <   101462.963485631     
 CFL_Te=  5.578786767371357E-005 maxCFL_Ne=  4.306417194200334E-005 maxCFL_Ts=
  5.102011094536748E-004 CPU=   840.227030218590      NumThreads=           4 
 Elapsed time=  4.760618090278976E-003
 CFL_Limit=  1.000000000000000E-003
 dt_init=  1.000000000000000E-018 dt=  1.000000000000000E-018
 Time= -1.700000000001001E-013 Intensity=  1.764810860648570E-007
   201.899448425070      < Te <    201.975237300711     
   201.899448425070      < Th <    201.977444762440     
   80.0000000000000      < Ts <   80.0000000000000     
   102655.234529025      < Ne <   102656.814727913     
   102655.234529025      < Nh <   102656.814727913     
 CFL_Te=  7.614889146079881E-005 maxCFL_Ne=  5.878139982406862E-005 maxCFL_Ts=
  5.102011094536748E-004 CPU=   840.718468042746      NumThreads=           4 
 Elapsed time=  4.757835294509817E-003
 CFL_Limit=  1.000000000000000E-003
 dt_init=  1.000000000000000E-018 dt=  1.000000000000000E-018
 Time= -1.690000000001034E-013 Intensity=  3.175576613512355E-007
   296.085173074796      < Te <    296.216908165515     
   296.085173074796      < Th <    296.225176977785     
   80.0000000000000      < Ts <   80.0000000000000     
   104805.529041717      < Ne <   104808.372430064     
   104805.529041717      < Nh <   104808.372430064     
 CFL_Te=  1.116722105161770E-004 maxCFL_Ne=  8.620281568994621E-005 maxCFL_Ts=
  5.102011094536748E-004 CPU=   841.215847943214      NumThreads=           4 
 Elapsed time=  4.755022162005226E-003
 CFL_Limit=  1.000000000000000E-003
 dt_init=  1.000000000000000E-018 dt=  1.000000000000000E-018
 Time= -1.680000000001068E-013 Intensity=  5.694320037504541E-007
   455.879563155227      < Te <    456.111276895237     
   455.879563155227      < Th <    456.129922684553     
   80.0000000000000      < Ts <   80.0000000000000     
   108667.397801465      < Ne <   108672.496454468     
   108667.397801465      < Nh <   108672.496454468     
 CFL_Te=  1.719406548393182E-004 maxCFL_Ne=  1.327256665755292E-004 maxCFL_Ts=
  5.102011094536748E-004 CPU=   841.357671363653      NumThreads=           4 
 Elapsed time=  4.754220631894747E-003
 CFL_Limit=  1.000000000000000E-003
 dt_init=  1.000000000000000E-018 dt=  1.000000000000000E-018
 Time= -1.670000000001101E-013 Intensity=  1.017550563976508E-006
   715.216050913485      < Te <    715.573737369817     
   715.216050913485      < Th <    715.663537576620     
   80.0000000000000      < Ts <   80.0000000000000     
   115579.216730968      < Ne <   115588.327805169     
   115579.216730968      < Nh <   115588.327805169     
 CFL_Te=  2.697526410144930E-004 maxCFL_Ne=  2.082293982340400E-004 maxCFL_Ts=
  5.102011094536748E-004 CPU=   841.772775659316      NumThreads=           4 
 Elapsed time=  4.751876178066002E-003
 CFL_Limit=  1.000000000000000E-003
 dt_init=  1.000000000000000E-018 dt=  1.000000000000000E-018
 Time= -1.660000000001134E-013 Intensity=  1.812028301742214E-006
   1108.19778687023      < Te <    1108.74967381103     
   1108.19778687023      < Th <    1108.84373526557     
   80.0000000000000      < Ts <   80.0000000000000     
   127906.928487481      < Ne <   127923.153257922     
   127906.928487481      < Nh <   127923.153257922     
 CFL_Te=  4.179705969865323E-004 maxCFL_Ne=  3.226428685284014E-004 maxCFL_Ts=
  5.102011094536748E-004 CPU=   842.132624147638      NumThreads=           4 
 Elapsed time=  4.749845671931528E-003
 CFL_Limit=  1.000000000000000E-003
 dt_init=  1.000000000000000E-018 dt=  1.000000000000000E-018
 Time= -1.650000000001168E-013 Intensity=  3.215650229074063E-006
   1647.08522860360      < Te <    1648.24530934136     
   1647.08522860360      < Th <    1648.13944974560     
   80.0000000000000      < Ts <   80.0000000000000     
   149818.214500975      < Ne <   149847.007200747     
   149818.214500975      < Nh <   149847.007200747     
 CFL_Te=  6.212187070246904E-004 maxCFL_Ne=  4.795356110286598E-004 maxCFL_Ts=
  5.102011094536748E-004 CPU=   842.540056657262      NumThreads=           4 
 Elapsed time=  4.747548758535958E-003
 CFL_Limit=  1.000000000000000E-003
 dt_init=  1.000000000000000E-018 dt=  1.000000000000000E-018
 Time= -1.640000000001201E-013 Intensity=  5.686793797512061E-006
   2294.37455819415      < Te <    2295.84755235830     
   2294.37455819415      < Th <    2296.24104137994     
   80.0000000000000      < Ts <   80.0000000000000     
   188628.652609993      < Ne <   188679.571752309     
   188628.652609993      < Nh <   188679.571752309     
 CFL_Te=  8.653519391222347E-004 maxCFL_Ne=  6.679886909222192E-004 maxCFL_Ts=
  5.102011094536748E-004 CPU=   842.633988787367      NumThreads=           4 
 Elapsed time=  4.747019528320231E-003
 CFL_Limit=  1.000000000000000E-003
 dt_init=  1.000000000000000E-018 dt=  1.000000000000000E-018
 Time= -1.630000000001235E-013 Intensity=  1.002215253558967E-005
   2960.12330315565      < Te <    2962.01665421785     
   2960.12330315565      < Th <    2962.96920249176     
   80.0000000000000      < Ts <   80.0000000000000     
   257134.007541321      < Ne <   257223.745195043     
   257134.007541321      < Nh <   257223.745195043     
 CFL_Te=  1.116447369623381E-003 maxCFL_Ne=  8.618160810672580E-004 maxCFL_Ts=
  5.102011094536748E-004 CPU=   842.915971194732      NumThreads=           4 
 Elapsed time=  4.745431498148598E-003
 CFL_Limit=  1.000000000000000E-003
 dt_init=  1.000000000000000E-018 dt=  1.000000000000000E-018
 Time= -1.620000000001268E-013 Intensity=  1.760148807143688E-005
   3545.08479608467      < Te <    3548.69395315464     
   3545.08479608467      < Th <    3549.21404935700     
   80.0000000000000      < Ts <   80.0000000000000     
   377636.439548080      < Ne <   377794.042168564     
   377636.439548080      < Nh <   377794.042168564     
 CFL_Te=  1.337072881883410E-003 maxCFL_Ne=  1.032122912838052E-003 maxCFL_Ts=
  5.102011094536748E-004 CPU=   843.130789423942      NumThreads=           4 
 Elapsed time=  4.744222426905972E-003
 CFL_Limit=  1.000000000000000E-003
 dt_init=  1.000000000000000E-018 dt=  1.000000000000000E-018
 Time= -1.610000000001301E-013 Intensity=  3.080580861387861E-005
   3992.80612160870      < Te <    3996.92165254028     
   3992.80612160870      < Th <    3997.65612240910     
   80.0000000000000      < Ts <   80.0000000000000     
   588869.749484113      < Ne <   589145.583031403     
   588869.749484113      < Nh <   589145.583031403     
 CFL_Te=  1.505936555796155E-003 maxCFL_Ne=  1.162473374172557E-003 maxCFL_Ts=
  5.102011094536748E-004 CPU=   843.293520371334      NumThreads=           4 
 Elapsed time=  4.743306930946947E-003
 CFL_Limit=  1.000000000000000E-003
 dt_init=  1.000000000000000E-018 dt=  1.000000000000000E-018
 Time= -1.600000000001335E-013 Intensity=  5.372923910690367E-005
   4301.09011975485      < Te <    4305.90088774474     
   4301.09011975485      < Th <    4307.47525118818     
   80.0000000000000      < Ts <   80.0000000000000     
   957867.968133179      < Ne <   958349.057315509     
   957867.968133179      < Nh <   958349.057315509     
 CFL_Te=  1.622209705114069E-003 maxCFL_Ne=  1.252227779624124E-003 maxCFL_Ts=
  5.102011094536748E-004 CPU=   843.469431495034      NumThreads=           4 
 Elapsed time=  4.742317682942074E-003
 CFL_Limit=  1.000000000000000E-003
 dt_init=  1.000000000000000E-018 dt=  1.000000000000000E-018
 Time= -1.590000000001368E-013 Intensity=  9.338639650887173E-005
   4498.49788389463      < Te <    4503.18316539787     
   4498.49788389464      < Th <    4505.79491355694     
   80.0000000000000      < Ts <   80.0000000000000     
   1600232.26414848      < Ne <   1601068.44299929     
   1600232.26414848      < Nh <   1601068.44299928     
 CFL_Te=  1.696664501906534E-003 maxCFL_Ne=  1.309701461710890E-003 maxCFL_Ts=
  5.102011094536748E-004 CPU=   843.654619046593      NumThreads=           4 
 Elapsed time=  4.741276714066197E-003
 CFL_Limit=  1.000000000000000E-003
 dt_init=  1.000000000000000E-018 dt=  1.000000000000000E-018
 Time= -1.580000000001401E-013 Intensity=  1.617526464825109E-004
   4619.24705023830      < Te <    4621.96325312035     
   4619.24705023831      < Th <    4629.92135366042     
   80.0000000000000      < Ts <   80.0000000000000     
   2714613.46480080      < Ne <   2716061.79366190     
   2714613.46480080      < Nh <   2716061.79366188     
 CFL_Te=  1.742206553822039E-003 maxCFL_Ne=  1.344856609883097E-003 maxCFL_Ts=
  5.102011094536748E-004 CPU=   843.829444446886      NumThreads=           4 
 Elapsed time=  4.740294411771709E-003
 CFL_Limit=  1.000000000000000E-003
 dt_init=  1.000000000000000E-018 dt=  1.000000000000000E-018
 Time= -1.570000000001435E-013 Intensity=  2.791991054014986E-004
   4691.12653140612      < Te <    4694.77123185164     
   4691.12653140612      < Th <    4701.69731950656     
   80.0000000000000      < Ts <   80.0000000000000     
   4641168.51731424      < Ne <   4643668.45876771     
   4641168.51731423      < Nh <   4643668.45876763     
 CFL_Te=  1.769316795342771E-003 maxCFL_Ne=  1.365783742446514E-003 maxCFL_Ts=
  5.102011094536748E-004 CPU=   843.961256664965      NumThreads=           4 
 Elapsed time=  4.739554059396731E-003
 CFL_Limit=  1.000000000000000E-003
 dt_init=  1.000000000000000E-018 dt=  1.000000000000000E-018
 Time= -1.560000000001468E-013 Intensity=  4.802545629240912E-004
   4733.25823147325      < Te <    4737.27367262200     
   4733.25823147324      < Th <    4741.40461746894     
   80.0000000000000      < Ts <   80.0000000000000     
   7960299.10132209      < Ne <   7964599.28788505     
   7960299.10132209      < Nh <   7964599.28788487     
 CFL_Te=  1.785207290737866E-003 maxCFL_Ne=  1.378050047908130E-003 maxCFL_Ts=
  5.102011094536748E-004 CPU=   844.063980352813      NumThreads=           4 
 Elapsed time=  4.738977249482943E-003
 CFL_Limit=  1.000000000000000E-003
 dt_init=  1.000000000000000E-018 dt=  1.000000000000000E-018
 Time= -1.550000000001501E-013 Intensity=  8.232350018316378E-004
   4757.73684107280      < Te <    4762.04202982446     
   4757.73684107280      < Th <    4764.60337963370     
   80.0000000000000      < Ts <   80.0000000000000     
   13658825.0059179      < Ne <   13666196.2332209     
   13658825.0059179      < Nh <   13666196.2332209     
 CFL_Te=  1.794439703208766E-003 maxCFL_Ne=  1.385176798125789E-003 maxCFL_Ts=
  5.102011094536748E-004 CPU=   844.182678006099      NumThreads=           4 
 Elapsed time=  4.738310918020401E-003
 CFL_Limit=  1.000000000000000E-003
 dt_init=  1.000000000000000E-018 dt=  1.000000000000000E-018
 Time= -1.540000000001535E-013 Intensity=  1.406277423666162E-003
   4771.87294832010      < Te <    4779.74521688810     
   4771.87491102984      < Th <    4780.52766586651     
   80.0000000000000      < Ts <   80.0000000000000     
   23408631.3461357      < Ne <   23421223.1560522     
   23408631.3461357      < Nh <   23421223.1560526     
 CFL_Te=  1.799773103038160E-003 maxCFL_Ne=  1.389293794470437E-003 maxCFL_Ts=
  5.102011094536748E-004 CPU=   844.284546119234      NumThreads=           4 
 Elapsed time=  4.737739211721994E-003
 CFL_Limit=  1.000000000000000E-003
 dt_init=  1.000000000000000E-018 dt=  1.000000000000000E-018
 Time= -1.530000000001568E-013 Intensity=  2.393938736395840E-003
   4779.99149443464      < Te <    4784.39245343452     
   4779.98503924169      < Th <    4789.96247026798     
   80.0000000000000      < Ts <   80.0000000000000     
   40032217.8773097      < Ne <   40053653.2236142     
   40032217.8773097      < Nh <   40053653.2236121     
 CFL_Te=  1.802837278945481E-003 maxCFL_Ne=  1.391659115168931E-003 maxCFL_Ts=
  5.102011094536748E-004 CPU=   844.374881445335      NumThreads=           4 
 Elapsed time=  4.737232345369050E-003
 CFL_Limit=  1.000000000000000E-003
 dt_init=  1.000000000000000E-018 dt=  1.000000000000000E-018
 Time= -1.520000000001602E-013 Intensity=  4.061158219602303E-003
   4784.61726306662      < Te <    4793.14001684996     
   4784.61156738305      < Th <    4796.76938069802     
   80.0000000000000      < Ts <   80.0000000000000     
   68277683.9104500      < Ne <   68314047.5819283     
   68277683.9104500      < Nh <   68314047.5819251     
 CFL_Te=  1.804583468768862E-003 maxCFL_Ne=  1.393007046572892E-003 maxCFL_Ts=
  5.102011094536748E-004 CPU=   844.480410089638      NumThreads=           4 
 Elapsed time=  4.736640367507657E-003
 CFL_Limit=  1.000000000000000E-003
 dt_init=  1.000000000000000E-018 dt=  1.000000000000000E-018
 Time= -1.510000000001635E-013 Intensity=  6.865649637718419E-003
   4787.21428442342      < Te <    4792.00601033729     
   4787.20937759202      < Th <    4795.45084066464     
   80.0000000000000      < Ts <   80.0000000000000     
   116104122.150204      < Ne <   116165597.312058     
   116104122.150204      < Nh <   116165597.312053     
 CFL_Te=  1.805563853257205E-003 maxCFL_Ne=  1.393763832016318E-003 maxCFL_Ts=
  5.102011094536748E-004 CPU=   844.581801720129      NumThreads=           4 
 Elapsed time=  4.736071736157881E-003
 CFL_Limit=  1.000000000000000E-003
 dt_init=  1.000000000000000E-018 dt=  1.000000000000000E-018
 Time= -1.500000000001668E-013 Intensity=  1.156666652093452E-002
   4788.63149776545      < Te <    4792.79650048809     
   4788.62047129234      < Th <    4801.00731192530     
   80.0000000000000      < Ts <   80.0000000000000     
   196805808.834542      < Ne <   196909376.967142     
   196805808.834542      < Nh <   196909376.967123     
 CFL_Te=  1.806098411546702E-003 maxCFL_Ne=  1.394176472094742E-003 maxCFL_Ts=
  5.102011094536748E-004 CPU=   844.690316187847      NumThreads=           4 
 Elapsed time=  4.735463309266185E-003
 CFL_Limit=  1.000000000000000E-003
 dt_init=  1.000000000000000E-018 dt=  1.000000000000000E-018
 Time= -1.490000000001702E-013 Intensity=  1.941912432240791E-002
   4789.36152993427      < Te <    4794.16683760972     
   4789.34263067840      < Th <    4799.77463669519     
   80.0000000000000      < Ts <   80.0000000000000     
   332509750.667611      < Ne <   332683629.567480     
   332509750.667611      < Nh <   332683629.567429     
 CFL_Te=  1.806372637666142E-003 maxCFL_Ne=  1.394388154692607E-003 maxCFL_Ts=
  5.102011094536748E-004 CPU=   844.792729683852      NumThreads=           4 
 Elapsed time=  4.734889233122218E-003
 CFL_Limit=  1.000000000000000E-003
 dt_init=  1.000000000000000E-018 dt=  1.000000000000000E-018
 Time= -1.480000000001735E-013 Intensity=  3.248971634229540E-002
   4789.68191247337      < Te <    4796.35115749189     
   4789.66328101520      < Th <    4803.63958770797     
   80.0000000000000      < Ts <   80.0000000000000     
   559913485.388543      < Ne <   560204398.658107     
   559913485.388543      < Nh <   560204398.658025     
 CFL_Te=  1.806494235072967E-003 maxCFL_Ne=  1.394482019037197E-003 maxCFL_Ts=
  5.102011094536748E-004 CPU=   844.879123073670      NumThreads=           4 
 Elapsed time=  4.734405065482029E-003
 CFL_Limit=  1.000000000000000E-003
 dt_init=  1.000000000000000E-018 dt=  1.000000000000000E-018
 Time= -1.470000000001768E-013 Intensity=  5.416977693705801E-002
   4789.76473354749      < Te <    4795.71206678684     
   4789.74514960621      < Th <    4804.35565714422     
   80.0000000000000      < Ts <   80.0000000000000     
   939663677.221099      < Ne <   940148714.234591     
   939663677.221099      < Nh <   940148714.234445     
 CFL_Te=  1.806525881747206E-003 maxCFL_Ne=  1.394506447965522E-003 maxCFL_Ts=
  5.102011094536748E-004 CPU=   844.976141807911      NumThreads=           4 
 Elapsed time=  4.733861469084322E-003
 CFL_Limit=  1.000000000000000E-003
 dt_init=  1.000000000000000E-018 dt=  1.000000000000000E-018
 Time= -1.460000000001802E-013 Intensity=  9.000425155547633E-002
   4789.70595309732      < Te <    4794.72403564981     
   4789.68471460449      < Th <    4801.79042402559     
   80.0000000000000      < Ts <   80.0000000000000     
   1571629642.59681      < Ne <   1572435542.52925     
   1571629642.59681      < Nh <   1572435542.52898     
 CFL_Te=  1.806504149215252E-003 maxCFL_Ne=  1.394489672033194E-003 maxCFL_Ts=
  5.102011094536748E-004 CPU=   845.066394398968      NumThreads=           4 
 Elapsed time=  4.733355895479546E-003
 CFL_Limit=  1.000000000000000E-003
 dt_init=  1.000000000000000E-018 dt=  1.000000000000000E-018
 Time= -1.450000000001835E-013 Intensity=  0.149026620296781     
   4789.56612052616      < Te <    4792.44641807414     
   4789.54666241008      < Th <    4797.78415270286     
   80.0000000000000      < Ts <   80.0000000000000     
   2619686049.08483      < Ne <   2621020434.91034     
   2619686049.08483      < Nh <   2621020434.90991     
 CFL_Te=  1.806450435944686E-003 maxCFL_Ne=  1.394448209299167E-003 maxCFL_Ts=
  5.102011094536748E-004 CPU=   845.155432000122      NumThreads=           4 
 Elapsed time=  4.732857233767887E-003
 CFL_Limit=  1.000000000000000E-003
 dt_init=  1.000000000000000E-018 dt=  1.000000000000000E-018
 Time= -1.440000000001868E-013 Intensity=  0.245900566933201     
   4789.37448933489      < Te <    4793.00712916132     
   4789.35598114375      < Th <    4799.05207157921     
   80.0000000000000      < Ts <   80.0000000000000     
   4351777839.95345      < Ne <   4353979633.59250     
   4351777839.95345      < Nh <   4353979633.59190     
 CFL_Te=  1.806377297472670E-003 maxCFL_Ne=  1.394391751723969E-003 maxCFL_Ts=
  5.102011094536748E-004 CPU=   845.225152946034      NumThreads=           4 
 Elapsed time=  4.732466829764817E-003
 CFL_Limit=  1.000000000000000E-003
 dt_init=  1.000000000000000E-018 dt=  1.000000000000000E-018
 Time= -1.430000000001902E-013 Intensity=  0.404343119790425     
   4789.14737328426      < Te <    4797.44577991503     
   4789.13353420534      < Th <    4795.76616578098     
   80.0000000000000      < Ts <   80.0000000000000     
   7204453713.15490      < Ne <   7208074203.71066     
   7204453713.15490      < Nh <   7208074203.70991     
 CFL_Te=  1.806292120252803E-003 maxCFL_Ne=  1.394326001111965E-003 maxCFL_Ts=
  5.102011094536748E-004 CPU=   845.309064133760      NumThreads=           4 
 Elapsed time=  4.731997052579869E-003
 CFL_Limit=  1.000000000000000E-003
 dt_init=  1.000000000000000E-018 dt=  1.000000000000000E-018
 Time= -1.420000000001935E-013 Intensity=  0.662575595096888     
   4788.89596700653      < Te <    4795.16405602112     
   4788.88575083514      < Th <    4801.45095221329     
   80.0000000000000      < Ts <   80.0000000000000     
   11886430262.1156      < Ne <   11892362983.6163     
   11886430262.1156      < Nh <   11892362983.6153     
 CFL_Te=  1.806199259742983E-003 maxCFL_Ne=  1.394254319559537E-003 maxCFL_Ts=
  5.102011094536748E-004 CPU=   845.403569224953      NumThreads=           4 
 Elapsed time=  4.731468077035811E-003
 CFL_Limit=  1.000000000000000E-003
 dt_init=  1.000000000000000E-018 dt=  1.000000000000000E-018
 Time= -1.410000000001969E-013 Intensity=   1.08197110566200     
   4788.63790842721      < Te <    4793.37852850204     
   4788.61738473224      < Th <    4805.04574193143     
   80.0000000000000      < Ts <   80.0000000000000     
   19544182635.2930      < Ne <   19553870629.5347     
   19544182635.2930      < Nh <   19553870629.5313     
 CFL_Te=  1.806101288392273E-003 maxCFL_Ne=  1.394178692810058E-003 maxCFL_Ts=
  5.102011094536748E-004 CPU=   845.501336799680      NumThreads=           4 
 Elapsed time=  4.730920964762114E-003
 CFL_Limit=  1.000000000000000E-003
 dt_init=  1.000000000000000E-018 dt=  1.000000000000000E-018
 Time= -1.400000000002002E-013 Intensity=   1.76072179701996     
   4788.36850159899      < Te <    4793.90600046972     
   4788.34680070257      < Th <    4797.93250662506     
   80.0000000000000      < Ts <   80.0000000000000     
   32025737284.6974      < Ne <   32041502830.5098     
   32025737284.6974      < Nh <   32041502830.5038     
 CFL_Te=  1.805999726313448E-003 maxCFL_Ne=  1.394100294279917E-003 maxCFL_Ts=
  5.102011094536748E-004 CPU=   845.463586525257      NumThreads=           4 
 Elapsed time=  4.731132202203370E-003
 CFL_Limit=  1.000000000000000E-003
 dt_init=  1.000000000000000E-018 dt=  1.000000000000000E-018
 Time= -1.390000000002035E-013 Intensity=   2.85535866567550     
   4788.09377625069      < Te <    4791.59223880602     
   4788.07595356109      < Th <    4795.84393338756     
   80.0000000000000      < Ts <   80.0000000000000     
   52299358415.1148      < Ne <   52324925346.0625     
   52299358415.1148      < Nh <   52324925346.0543     
 CFL_Te=  1.805895470415047E-003 maxCFL_Ne=  1.394019816317200E-003 maxCFL_Ts=
  5.102011094536748E-004 CPU=   845.019047422533      NumThreads=           4 
 Elapsed time=  4.733621108542763E-003
 CFL_Limit=  1.000000000000000E-003
 dt_init=  1.000000000000000E-018 dt=  1.000000000000000E-018
 Time= -1.380000000002069E-013 Intensity=   4.61450845512207     
   4787.81389452696      < Te <    4791.78194213672     
   4787.79686644384      < Th <    4795.86173220059     
   80.0000000000000      < Ts <   80.0000000000000     
   85115630929.9101      < Ne <   85156949271.7059     
   85115630929.9101      < Nh <   85156949271.6941     
 CFL_Te=  1.805789047231206E-003 maxCFL_Ne=  1.393937665367922E-003 maxCFL_Ts=
  5.102011094536748E-004 CPU=   844.586155270038      NumThreads=           4 
 Elapsed time=  4.736047323343925E-003
 CFL_Limit=  1.000000000000000E-003
 dt_init=  1.000000000000000E-018 dt=  1.000000000000000E-018
 Time= -1.370000000002102E-013 Intensity=   7.43164701947838     
   4787.52849118950      < Te <    4789.95329755376     
   4787.51094018202      < Th <    4795.89199265113     
   80.0000000000000      < Ts <   80.0000000000000     
   138050574274.369      < Ne <   138117117238.166     
   138050574274.369      < Nh <   138117117238.148     
 CFL_Te=  1.805680762352297E-003 maxCFL_Ne=  1.393854077325604E-003 maxCFL_Ts=
  5.102011094536748E-004 CPU=   844.156925689254      NumThreads=           4 
 Elapsed time=  4.738455467547103E-003
 CFL_Limit=  1.000000000000000E-003
 dt_init=  1.000000000000000E-018 dt=  1.000000000000000E-018
 Time= -1.360000000002135E-013 Intensity=   11.9272288320214     
   4787.23671886057      < Te <    4792.17257958158     
   4787.22277173380      < Th <    4792.18355427892     
   80.0000000000000      < Ts <   80.0000000000000     
   223143006120.899      < Ne <   223249802534.452     
   223143006120.899      < Nh <   223249802534.430     
 CFL_Te=  1.805570789022701E-003 maxCFL_Ne=  1.393769185922290E-003 maxCFL_Ts=
  5.102011094536748E-004 CPU=   843.761771031422      NumThreads=           4 
 Elapsed time=  4.740674604290692E-003
 CFL_Limit=  1.000000000000000E-003
 dt_init=  1.000000000000000E-018 dt=  1.000000000000000E-018
 Time= -1.350000000002169E-013 Intensity=   19.0760687668457     
   4786.93881511980      < Te <    4791.52837783513     
   4786.93061369263      < Th <    4793.03804507130     
   80.0000000000000      < Ts <   80.0000000000000     
   359455197066.724      < Ne <   359626004392.328     
   359455197066.724      < Nh <   359626004392.307     
 CFL_Te=  1.805459220835498E-003 maxCFL_Ne=  1.393683063405024E-003 maxCFL_Ts=
  5.102011094536748E-004 CPU=   843.374362375655      NumThreads=           4 
 Elapsed time=  4.742852259265527E-003
 CFL_Limit=  1.000000000000000E-003
 dt_init=  1.000000000000000E-018 dt=  1.000000000000000E-018
 Time= -1.340000000002202E-013 Intensity=   30.4041633476423     
   4786.63993305922      < Te <    4789.37465189159     
   4786.63520109716      < Th <    4793.42578345989     
   80.0000000000000      < Ts <   80.0000000000000     
   577062637671.659      < Ne <   577334876750.534     
   577062637671.659      < Nh <   577334876750.514     
 CFL_Te=  1.805346103170135E-003 maxCFL_Ne=  1.393595744803435E-003 maxCFL_Ts=
  5.102011094536748E-004 CPU=   843.025656750568      NumThreads=           4 
 Elapsed time=  4.744814072940499E-003
 CFL_Limit=  1.000000000000000E-003
 dt_init=  1.000000000000000E-018 dt=  1.000000000000000E-018
 Time= -1.330000000002235E-013 Intensity=   48.2916545115885     
   4786.33857249596      < Te <    4789.05071538280     
   4786.33297368030      < Th <    4791.95341221594     
   80.0000000000000      < Ts <   80.0000000000000     
   923247492271.125      < Ne <   923679895480.487     
   923247492271.124      < Nh <   923679895480.454     
 CFL_Te=  1.805231452004576E-003 maxCFL_Ne=  1.393507242451350E-003 maxCFL_Ts=
  5.102011094536748E-004 CPU=   842.666666264193      NumThreads=           4 
 Elapsed time=  4.746835445305154E-003
 CFL_Limit=  1.000000000000000E-003
 dt_init=  1.000000000000000E-018 dt=  1.000000000000000E-018
 Time= -1.320000000002269E-013 Intensity=   76.4374099536951     
   4786.03323888546      < Te <    4787.70442976702     
   4786.02592729776      < Th <    4794.43046755067     
   80.0000000000000      < Ts <   80.0000000000000     
   1472077269933.12      < Ne <   1472761689087.99     
   1472077269933.11      < Nh <   1472761689087.93     
 CFL_Te=  1.805115265204320E-003 maxCFL_Ne=  1.393417554701087E-003 maxCFL_Ts=
  5.102011094536748E-004 CPU=   842.313455855573      NumThreads=           4 
 Elapsed time=  4.748825953322842E-003
 CFL_Limit=  1.000000000000000E-003
 dt_init=  1.000000000000000E-018 dt=  1.000000000000000E-018
 Time= -1.310000000002302E-013 Intensity=   120.568731186450     
   4785.72337485977      < Te <    4786.75670144592     
   4785.71529374536      < Th <    4790.91149725254     
   80.0000000000000      < Ts <   80.0000000000000     
   2339164019876.72      < Ne <   2340243589003.65     
   2339164019876.72      < Nh <   2340243589003.60     
 CFL_Te=  1.804997529314629E-003 maxCFL_Ne=  1.393326671166570E-003 maxCFL_Ts=
  5.102011094536748E-004 CPU=   841.960343690997      NumThreads=           4 
 Elapsed time=  4.750817577066334E-003
 CFL_Limit=  1.000000000000000E-003
 dt_init=  1.000000000000000E-018 dt=  1.000000000000000E-018
 Time= -1.300000000002336E-013 Intensity=   189.521405496306     
   4785.40685268331      < Te <    4791.75503830604     
   4785.40056010271      < Th <    4790.66248488608     
   80.0000000000000      < Ts <   80.0000000000000     
   3704321374318.34      < Ne <   3706018343452.35     
   3704321374318.34      < Nh <   3706018343452.25     
 CFL_Te=  1.804878223655848E-003 maxCFL_Ne=  1.393234575884609E-003 maxCFL_Ts=
  5.102011094536748E-004 CPU=   841.626569501174      NumThreads=           4 
 Elapsed time=  4.752701667166673E-003
 CFL_Limit=  1.000000000000000E-003
 dt_init=  1.000000000000000E-018 dt=  1.000000000000000E-018
 Time= -1.290000000002369E-013 Intensity=   296.877098171340     
   4785.08163024490      < Te <    4788.92520826463     
   4785.07960015252      < Th <    4792.11274069134     
   80.0000000000000      < Ts <   80.0000000000000     
   5846216274097.02      < Ne <   5848874509850.78     
   5846216274097.02      < Nh <   5848874509850.72     
 CFL_Te=  1.804757322796248E-003 maxCFL_Ne=  1.393141249223762E-003 maxCFL_Ts=
  5.102011094536748E-004 CPU=   841.325629581279      NumThreads=           4 
 Elapsed time=  4.754401695798532E-003
 CFL_Limit=  1.000000000000000E-003
 dt_init=  1.000000000000000E-018 dt=  1.000000000000000E-018
 Time= -1.280000000002402E-013 Intensity=   463.436221111202     
   4784.75481179232      < Te <    4788.62902970381     
   4784.74851247895      < Th <    4792.68742438936     
   80.0000000000000      < Ts <   80.0000000000000     
   9195167948715.81      < Ne <   9199317558754.21     
   9195167948715.81      < Nh <   9199317558753.88     
 CFL_Te=  1.804634798045376E-003 maxCFL_Ne=  1.393046669037088E-003 maxCFL_Ts=
  5.102011094536748E-004 CPU=   841.019310170845      NumThreads=           4 
 Elapsed time=  4.756133362963375E-003
 CFL_Limit=  1.000000000000000E-003
 dt_init=  1.000000000000000E-018 dt=  1.000000000000000E-018
 Time= -1.270000000002436E-013 Intensity=   720.938306690287     
   4784.42419218886      < Te <    4788.25763217084     
   4784.41613663455      < Th <    4792.73282506943     
   80.0000000000000      < Ts <   80.0000000000000     
   14413297836151.1      < Ne <   14419753126741.2     
   14413297836151.1      < Nh <   14419753126740.5     
 CFL_Te=  1.804510618354046E-003 maxCFL_Ne=  1.392950811356876E-003 maxCFL_Ts=
  5.102011094536748E-004 CPU=   840.702343875693      NumThreads=           4 
 Elapsed time=  4.757926546938998E-003
 CFL_Limit=  1.000000000000000E-003
 dt_init=  1.000000000000000E-018 dt=  1.000000000000000E-018
 Time= -1.260000000002469E-013 Intensity=   1117.63779565272     
   4784.08990810221      < Te <    4787.99607903911     
   4784.08348263440      < Th <    4792.63378642279     
   80.0000000000000      < Ts <   80.0000000000000     
   22515744299724.5      < Ne <   22525751646852.6     
   22515744299724.5      < Nh <   22525751646851.7     
 CFL_Te=  1.804384750853676E-003 maxCFL_Ne=  1.392853650810976E-003 maxCFL_Ts=
  5.102011094536748E-004 CPU=   840.392341103553      NumThreads=           4 
 Elapsed time=  4.759681644346545E-003
 CFL_Limit=  1.000000000000000E-003
 dt_init=  1.000000000000000E-018 dt=  1.000000000000000E-018
 Time= -1.250000000002502E-013 Intensity=   1726.62851138827     
   4783.75136252019      < Te <    4787.77340619582     
   4783.74339942359      < Th <    4790.14388753098     
   80.0000000000000      < Ts <   80.0000000000000     
   35053295964966.5      < Ne <   35068756228942.4     
   35053295964966.5      < Nh <   35068756228940.6     
 CFL_Te=  1.804257161175344E-003 maxCFL_Ne=  1.392755160869078E-003 maxCFL_Ts=
  5.102011094536748E-004 CPU=   840.104326106300      NumThreads=           4 
 Elapsed time=  4.761313417512233E-003
 CFL_Limit=  1.000000000000000E-003
 dt_init=  1.000000000000000E-018 dt=  1.000000000000000E-018
 Time= -1.240000000002536E-013 Intensity=   2658.22406883936     
   4783.40975020551      < Te <    4785.89018925849     
   4783.40123291061      < Th <    4791.27223312262     
   80.0000000000000      < Ts <   80.0000000000000     
   54386533278148.9      < Ne <   54410335050564.2     
   54386533278148.9      < Nh <   54410335050561.0     
 CFL_Te=  1.804127813633826E-003 maxCFL_Ne=  1.392655313984793E-003 maxCFL_Ts=
  5.102011094536748E-004 CPU=   839.821590705402      NumThreads=           4 
 Elapsed time=  4.762916367320623E-003
 CFL_Limit=  1.000000000000000E-003
 dt_init=  1.000000000000000E-018 dt=  1.000000000000000E-018
 Time= -1.230000000002569E-013 Intensity=   4078.29948007646     
   4783.06457670100      < Te <    4784.83103445195     
   4783.05322964260      < Th <    4789.15111818233     
   80.0000000000000      < Ts <   80.0000000000000     
   84095784678834.5      < Ne <   84132301773945.1     
   84095784678834.5      < Nh <   84132301773939.0     
 CFL_Te=  1.803996671328444E-003 maxCFL_Ne=  1.392554081673481E-003 maxCFL_Ts=
  5.102011094536748E-004 CPU=   839.522042663903      NumThreads=           4 
 Elapsed time=  4.764615813192380E-003
 CFL_Limit=  1.000000000000000E-003
 dt_init=  1.000000000000000E-018 dt=  1.000000000000000E-018
 Time= -1.220000000002602E-013 Intensity=   6235.35941631764     
   4782.71459353944      < Te <    4783.84126057743     
   4782.69759907788      < Th <    4789.98909791871     
   80.0000000000000      < Ts <   80.0000000000000     
   129591879091893.      < Ne <   129647710420061.     
   129591879091893.      < Nh <   129647710420049.     
 CFL_Te=  1.803863696192102E-003 maxCFL_Ne=  1.392451434550114E-003 maxCFL_Ts=
  5.102011094536748E-004 CPU=   839.218985578195      NumThreads=           4 
 Elapsed time=  4.766336401748741E-003
 CFL_Limit=  1.000000000000000E-003
 dt_init=  1.000000000000000E-018 dt=  1.000000000000000E-018
 Time= -1.210000000002636E-013 Intensity=   9500.33063335556     
   4782.35927315014      < Te <    4783.08032911244     
   4782.34160951741      < Th <    4787.34902893492     
   80.0000000000000      < Ts <   80.0000000000000     
   199022620847852.      < Ne <   199107686575447.     
   199022620847852.      < Nh <   199107686575431.     
 CFL_Te=  1.803728849007955E-003 maxCFL_Ne=  1.392347342342145E-003 maxCFL_Ts=
  5.102011094536748E-004 CPU=   838.945289056816      NumThreads=           4 
 Elapsed time=  4.767891365713490E-003
 CFL_Limit=  1.000000000000000E-003
 dt_init=  1.000000000000000E-018 dt=  1.000000000000000E-018
 Time= -1.200000000002669E-013 Intensity=   14424.8331367220     
   4781.99841153267      < Te <    4782.46145967145     
   4781.98306306044      < Th <    4785.25960527056     
   80.0000000000000      < Ts <   80.0000000000000     
   304613103359678.      < Ne <   304742262825491.     
   304613103359678.      < Nh <   304742262825472.     
 CFL_Te=  1.803592089405392E-003 maxCFL_Ne=  1.392241773886403E-003 maxCFL_Ts=
  5.102011094536748E-004 CPU=   838.669632134721      NumThreads=           4 
 Elapsed time=  4.769458493231165E-003
 CFL_Limit=  1.000000000000000E-003
 dt_init=  1.000000000000000E-018 dt=  1.000000000000000E-018
 Time= -1.190000000002703E-013 Intensity=   21826.1796778171     
   4781.63193467581      < Te <    4781.93031461358     
   4781.61966253704      < Th <    4786.59592197864     
   80.0000000000000      < Ts <   80.0000000000000     
   464640015367688.      < Ne <   464835446079729.     
   464640015367688.      < Nh <   464835446079707.     
 CFL_Te=  1.803453375842728E-003 maxCFL_Ne=  1.392134697115729E-003 maxCFL_Ts=
  5.102011094536748E-004 CPU=   838.395488921153      NumThreads=           4 
 Elapsed time=  4.771018037259719E-003
 CFL_Limit=  1.000000000000000E-003
 dt_init=  1.000000000000000E-018 dt=  1.000000000000000E-018
 Time= -1.180000000002736E-013 Intensity=   32910.8806942736     
   4781.25980815492      < Te <    4783.22625988642     
   4781.24669450928      < Th <    4785.82589133139     
   80.0000000000000      < Ts <   80.0000000000000     
   706328832560704.      < Ne <   706623515048835.     
   706328832560704.      < Nh <   706623515048810.     
 CFL_Te=  1.803312665580899E-003 maxCFL_Ne=  1.392026079038680E-003 maxCFL_Ts=
  5.102011094536748E-004 CPU=   838.139536597578      NumThreads=           4 
 Elapsed time=  4.772475017988024E-003
 CFL_Limit=  1.000000000000000E-003
 dt_init=  1.000000000000000E-018 dt=  1.000000000000000E-018
 Time= -1.170000000002769E-013 Intensity=   49453.3973638854     
   4780.88199781915      < Te <    4783.75991376976     
   4780.86851879081      < Th <    4785.14968322984     
   80.0000000000000      < Ts <   80.0000000000000     
  1.070089190755272E+015 < Ne <  1.070531994561168E+015
  1.070089190755272E+015 < Nh <  1.070531994561167E+015
 CFL_Te=  1.803169914651001E-003 maxCFL_Ne=  1.391915885714461E-003 maxCFL_Ts=
  5.102011094536748E-004 CPU=   837.878959269009      NumThreads=           4 
 Elapsed time=  4.773959240472777E-003
 CFL_Limit=  1.000000000000000E-003
 dt_init=  1.000000000000000E-018 dt=  1.000000000000000E-018
 Time= -1.160000000002803E-013 Intensity=   74053.8445926705     
   4780.49799129023      < Te <    4782.40611867835     
   4780.48519576702      < Th <    4784.16162411918     
   80.0000000000000      < Ts <   80.0000000000000     
  1.615683036091088E+015 < Ne <  1.616346112229847E+015
  1.615683036091088E+015 < Nh <  1.616346112229846E+015
 CFL_Te=  1.803025077817242E-003 maxCFL_Ne=  1.391804082224337E-003 maxCFL_Ts=
  5.102011094536748E-004 CPU=   837.656575677540      NumThreads=           4 
 Elapsed time=  4.775226645555304E-003
 CFL_Limit=  1.000000000000000E-003
 dt_init=  1.000000000000000E-018 dt=  1.000000000000000E-018
 Time= -1.150000000002836E-013 Intensity=   110508.055842179     
   4780.10602404072      < Te <    4785.05866451082     
   4780.09612625939      < Th <    4784.05295502135     
   80.0000000000000      < Ts <   80.0000000000000     
  2.431173407161619E+015 < Ne <  2.432162893499532E+015
  2.431173407161619E+015 < Nh <  2.432162893499530E+015
 CFL_Te=  1.802878108536493E-003 maxCFL_Ne=  1.391690632640400E-003 maxCFL_Ts=
  5.102011094536748E-004 CPU=   837.439344693836      NumThreads=           4 
 Elapsed time=  4.776465334886293E-003
 CFL_Limit=  1.000000000000000E-003
 dt_init=  1.000000000000000E-018 dt=  1.000000000000000E-018
 Time= -1.140000000002869E-013 Intensity=   164336.909951116     
   4779.70380416805      < Te <    4786.03714765041     
   4779.69984283524      < Th <    4785.02890477705     
   80.0000000000000      < Ts <   80.0000000000000     
  3.645857918227930E+015 < Ne <  3.647329390859386E+015
  3.645857918227930E+015 < Nh <  3.647329390859378E+015
 CFL_Te=  1.802728958914795E-003 maxCFL_Ne=  1.391575499991998E-003 maxCFL_Ts=
  5.102011094536748E-004 CPU=   837.116014191228      NumThreads=           4 
 Elapsed time=  4.778310212909452E-003
 CFL_Limit=  1.000000000000000E-003
 dt_init=  1.000000000000000E-018 dt=  1.000000000000000E-018
 Time= -1.130000000002903E-013 Intensity=   243540.472772856     
   4779.29887351211      < Te <    4783.34965824158     
   4779.29383383776      < Th <    4787.45827467175     
   80.0000000000000      < Ts <   80.0000000000000     
  5.448889904119529E+015 < Ne <  5.451070570701976E+015
  5.448889904119529E+015 < Nh <  5.451070570701892E+015
 CFL_Te=  1.802577579661365E-003 maxCFL_Ne=  1.391458646230240E-003 maxCFL_Ts=
  5.102011094536748E-004 CPU=   836.877349241522      NumThreads=           4 
 Elapsed time=  4.779672915780641E-003
 CFL_Limit=  1.000000000000000E-003
 dt_init=  1.000000000000000E-018 dt=  1.000000000000000E-018
 Time= -1.120000000002936E-013 Intensity=   359668.184683424     
   4778.89097522506      < Te <    4783.15847358037     
   4778.87845580194      < Th <    4788.33493838765     
   80.0000000000000      < Ts <   80.0000000000000     
  8.115985916945374E+015 < Ne <  8.119206395205622E+015
  8.115985916945373E+015 < Nh <  8.119206395205054E+015
 CFL_Te=  1.802423920040232E-003 maxCFL_Ne=  1.391340032190648E-003 maxCFL_Ts=
  5.102011094536748E-004 CPU=   836.644090860742      NumThreads=           4 
 Elapsed time=  4.781005500062501E-003
 CFL_Limit=  1.000000000000000E-003
 dt_init=  1.000000000000000E-018 dt=  1.000000000000000E-018
 Time= -1.110000000002969E-013 Intensity=   529331.514559278     
   4778.47611185873      < Te <    4782.69124776383     
   4778.46361714204      < Th <    4784.55716988676     
   80.0000000000000      < Ts <   80.0000000000000     
  1.204758432505787E+016 < Ne <  1.205232397788626E+016
  1.204758432505787E+016 < Nh <  1.205232397788531E+016
 CFL_Te=  1.802267927819535E-003 maxCFL_Ne=  1.391219617554029E-003 maxCFL_Ts=
  5.102011094536748E-004 CPU=   836.430329744371      NumThreads=           4 
 Elapsed time=  4.782227350869111E-003
 CFL_Limit=  1.000000000000000E-003
 dt_init=  1.000000000000000E-018 dt=  1.000000000000000E-018
 Time= -1.100000000003003E-013 Intensity=   776333.504121240     
   4778.05699339413      < Te <    4780.78346508206     
   4778.04523774227      < Th <    4785.32293176355     
   80.0000000000001      < Ts <   80.0000000000001     
  1.782315539698659E+016 < Ne <  1.783010671196591E+016
  1.782315539698659E+016 < Nh <  1.783010671196448E+016
 CFL_Te=  1.802109549218589E-003 maxCFL_Ne=  1.391097360805610E-003 maxCFL_Ts=
  5.102011094536749E-004 CPU=   836.201384970216      NumThreads=           4 
 Elapsed time=  4.783536683740930E-003
 CFL_Limit=  1.000000000000000E-003
 dt_init=  1.000000000000000E-018 dt=  1.000000000000000E-018
 Time= -1.090000000003036E-013 Intensity=   1134654.80755462     
   4777.63284920521      < Te <    4779.40397670989     
   4777.61992130459      < Th <    4782.34334763646     
   80.0000000000001      < Ts <   80.0000000000001     
  2.627820181085318E+016 < Ne <  2.628836153285806E+016
  2.627820181085318E+016 < Nh <  2.628836153285581E+016
 CFL_Te=  1.801948728852610E-003 maxCFL_Ne=  1.390973219192367E-003 maxCFL_Ts=
  5.102011094536749E-004 CPU=   836.005043802472      NumThreads=           4 
 Elapsed time=  4.784660128133276E-003
 CFL_Limit=  1.000000000000000E-003
 dt_init=  1.000000000000000E-018 dt=  1.000000000000000E-018
 Time= -1.080000000003070E-013 Intensity=   1652623.92535867     
   4777.20236685228      < Te <    4778.35782443991     
   4777.18947565268      < Th <    4781.82893043084     
   80.0000000000010      < Ts <   80.0000000000012     
  3.861300831602985E+016 < Ne <  3.862780592060389E+016
  3.861300831602985E+016 < Nh <  3.862780592060076E+016
 CFL_Te=  1.801785409675155E-003 maxCFL_Ne=  1.390847148678605E-003 maxCFL_Ts=
  5.102011094536775E-004 CPU=   835.808667416465      NumThreads=           4 
 Elapsed time=  4.785784302003282E-003
 CFL_Limit=  1.000000000000000E-003
 dt_init=  1.000000000000000E-018 dt=  1.000000000000000E-018
 Time= -1.070000000003103E-013 Intensity=   2398717.83430975     
   4776.76489058931      < Te <    4777.52191398668     
   4776.75245126147      < Th <    4780.90555170759     
   80.0000000000284      < Ts <   80.0000000000334     
  5.654563749535822E+016 < Ne <  5.656711559697229E+016
  5.654563749535822E+016 < Nh <  5.656711559696842E+016
 CFL_Te=  1.801619532918101E-003 maxCFL_Ne=  1.390719103899608E-003 maxCFL_Ts=
  5.102011094537562E-004 CPU=   835.602630978881      NumThreads=           4 
 Elapsed time=  4.786964343702621E-003
 CFL_Limit=  1.000000000000000E-003
 dt_init=  1.000000000000000E-018 dt=  1.000000000000000E-018
 Time= -1.060000000003136E-013 Intensity=   3469597.86881172     
   4776.31980024599      < Te <    4778.55118253919     
   4776.30535031891      < Th <    4782.91510068308     
   80.0000000000677      < Ts <   80.0000000000777     
  8.252633919927629E+016 < Ne <  8.255740591826219E+016
  8.252633919927627E+016 < Nh <  8.255740591825661E+016
 CFL_Te=  1.801451038029229E-003 maxCFL_Ne=  1.390589038113475E-003 maxCFL_Ts=
  5.102011094538700E-004 CPU=   835.376147830980      NumThreads=           4 
 Elapsed time=  4.788262162363429E-003
 CFL_Limit=  1.000000000000000E-003
 dt_init=  1.000000000000000E-018 dt=  1.000000000000000E-018
 Time= -1.050000000003170E-013 Intensity=   5001197.10000210     
   4775.86546885325      < Te <    4777.56508821074     
   4775.85129268942      < Th <    4781.82424758771     
   80.0000000001244      < Ts <   80.0000000001434     
  1.200368576713226E+017 < Ne <  1.200816383168418E+017
  1.200368576713226E+017 < Nh <  1.200816383168348E+017
 CFL_Te=  1.801279862607216E-003 maxCFL_Ne=  1.390456903150924E-003 maxCFL_Ts=
  5.102011094540334E-004 CPU=   835.143639778643      NumThreads=           4 
 Elapsed time=  4.789595237844608E-003
 CFL_Limit=  1.000000000000000E-003
 dt_init=  1.000000000000000E-018 dt=  1.000000000000000E-018
 Time= -1.040000000003203E-013 Intensity=   7183955.75640268     
   4775.40204734332      < Te <    4779.16491960669     
   4775.39029978911      < Th <    4781.75516152614     
   80.0000000002097      < Ts <   80.0000000002412     
  1.740066241996527E+017 < Ne <  1.740709493347334E+017
  1.740066241996527E+017 < Nh <  1.740709493347252E+017
 CFL_Te=  1.801105942334046E-003 maxCFL_Ne=  1.390322649363129E-003 maxCFL_Ts=
  5.102011094542769E-004 CPU=   834.907550887096      NumThreads=           4 
 Elapsed time=  4.790949603641704E-003
 CFL_Limit=  1.000000000000000E-003
 dt_init=  1.000000000000000E-018 dt=  1.000000000000000E-018
 Time= -1.030000000003236E-013 Intensity=   10283671.0777696     
   4774.93113899848      < Te <    4778.96684920366     
   4774.92023368055      < Th <    4783.59882095861     
   80.0000000003315      < Ts <   80.0000000003829     
  2.513892199111162E+017 < Ne <  2.514813000491400E+017
  2.513892199111161E+017 < Nh <  2.514813000491281E+017
 CFL_Te=  1.800929210904765E-003 maxCFL_Ne=  1.390186225567502E-003 maxCFL_Ts=
  5.102011094546285E-004 CPU=   834.680301800447      NumThreads=           4 
 Elapsed time=  4.792253981999815E-003
 CFL_Limit=  1.000000000000000E-003
 dt_init=  1.000000000000000E-018 dt=  1.000000000000000E-018
 Time= -1.020000000003270E-013 Intensity=   14669913.5881456     
   4774.45181541159      < Te <    4778.30865311649     
   4774.43826842752      < Th <    4784.71797659094     
   80.0000000005092      < Ts <   80.0000000005887     
  3.619576974731156E+017 < Ne <  3.620890523901443E+017
  3.619576974731156E+017 < Nh <  3.620890523901188E+017
 CFL_Te=  1.800749599954539E-003 maxCFL_Ne=  1.390047578991360E-003 maxCFL_Ts=
  5.102011094551406E-004 CPU=   834.443285497802      NumThreads=           4 
 Elapsed time=  4.793615179746732E-003
 CFL_Limit=  1.000000000000000E-003
 dt_init=  1.000000000000000E-018 dt=  1.000000000000000E-018
 Time= -1.010000000003303E-013 Intensity=   20854596.1456827     
   4773.96673739175      < Te <    4777.94602050626     
   4773.94873556334      < Th <    4783.62702674871     
   80.0000000007654      < Ts <   80.0000000008844     
  5.193975404703010E+017 < Ne <  5.195842734218743E+017
  5.193975404703010E+017 < Nh <  5.195842734218169E+017
 CFL_Te=  1.800567038982986E-003 maxCFL_Ne=  1.389906655213545E-003 maxCFL_Ts=
  5.102011094558787E-004 CPU=   834.212303896694      NumThreads=           4 
 Elapsed time=  4.794942464065293E-003
 CFL_Limit=  1.000000000000000E-003
 dt_init=  1.000000000000000E-018 dt=  1.000000000000000E-018
 Time= -1.000000000003336E-013 Intensity=   29544106.6529977     
   4773.47512625447      < Te <    4776.13801156607     
   4773.45630802307      < Th <    4779.93138644829     
   80.0000000011340      < Ts <   80.0000000013110     
  7.428027254318062E+017 < Ne <  7.430672646063418E+017
  7.428027254318062E+017 < Nh <  7.430672646062435E+017
 CFL_Te=  1.800381455275832E-003 maxCFL_Ne=  1.389763398103930E-003 maxCFL_Ts=
  5.102011094569396E-004 CPU=   833.986156425275      NumThreads=           4 
 Elapsed time=  4.796242682426824E-003
 CFL_Limit=  1.000000000000000E-003
 dt_init=  1.000000000000000E-018 dt=  1.000000000000000E-018
 Time= -9.900000000033698E-014 Intensity=   41709481.4776225     
   4772.97489996635      < Te <    4775.99775653489     
   4772.95866181354      < Th <    4779.83576255545     
   80.0000000016611      < Ts <   80.0000000019183     
  1.058715458540452E+018 < Ne <  1.059088927045168E+018
  1.058715458540452E+018 < Nh <  1.059088927045045E+018
 CFL_Te=  1.800192773823910E-003 maxCFL_Ne=  1.389617749760902E-003 maxCFL_Ts=
  5.102011094584505E-004 CPU=   833.762957684338      NumThreads=           4 
 Elapsed time=  4.797526638877612E-003
 CFL_Limit=  1.000000000000000E-003
 dt_init=  1.000000000000000E-018 dt=  1.000000000000000E-018
 Time= -9.800000000034032E-014 Intensity=   58680468.0536664     
   4772.46577003121      < Te <    4775.73256157424     
   4772.45344009817      < Th <    4778.58600446381     
   80.0000000024123      < Ts <   80.0000000027899     
  1.503896125239040E+018 < Ne <  1.504421552943022E+018
  1.503896125239040E+018 < Nh <  1.504421552942886E+018
 CFL_Te=  1.800000917239709E-003 maxCFL_Ne=  1.389469650446934E-003 maxCFL_Ts=
  5.102011094606114E-004 CPU=   833.555027774755      NumThreads=           4 
 Elapsed time=  4.798723379640976E-003
 CFL_Limit=  1.000000000000000E-003
 dt_init=  1.000000000000000E-018 dt=  1.000000000000000E-018
 Time= -9.700000000034366E-014 Intensity=   82271079.8515605     
   4771.94961794982      < Te <    4774.15896443952     
   4771.93659410128      < Th <    4778.58095816471     
   80.0000000034781      < Ts <   80.0000000040198     
  2.129069886852385E+018 < Ne <  2.129806545518197E+018
  2.129069886852385E+018 < Nh <  2.129806545517999E+018
 CFL_Te=  1.799805805671569E-003 maxCFL_Ne=  1.389319038522359E-003 maxCFL_Ts=
  5.102011094636700E-004 CPU=   833.339645807592      NumThreads=           4 
 Elapsed time=  4.799963640423693E-003
 CFL_Limit=  1.000000000000000E-003
 dt_init=  1.000000000000000E-018 dt=  1.000000000000000E-018
 Time= -9.600000000034699E-014 Intensity=   114946479.923098     
   4771.42550385729      < Te <    4772.92607074527     
   4771.41132113725      < Th <    4776.04200177793     
   80.0000000049849      < Ts <   80.0000000057599     
  3.003974027224194E+018 < Ne <  3.005003261367177E+018
  3.003974027224194E+018 < Nh <  3.005003261366881E+018
 CFL_Te=  1.799607356716065E-003 maxCFL_Ne=  1.389165850377734E-003 maxCFL_Ts=
  5.102011094680033E-004 CPU=   833.131630760137      NumThreads=           4 
 Elapsed time=  4.801162088097001E-003
 CFL_Limit=  1.000000000000000E-003
 dt_init=  1.000000000000000E-018 dt=  1.000000000000000E-018
 Time= -9.500000000035033E-014 Intensity=   160043855.317290     
   4770.89247588876      < Te <    4771.91598510815     
   4770.87723784020      < Th <    4775.06390539843     
   80.0000000071080      < Ts <   80.0000000082136     
  4.224130374395175E+018 < Ne <  4.225563409525128E+018
  4.224130374395175E+018 < Nh <  4.225563409524704E+018
 CFL_Te=  1.799405485328784E-003 maxCFL_Ne=  1.389010020364963E-003 maxCFL_Ts=
  5.102011094740902E-004 CPU=   832.919799587989      NumThreads=           4 
 Elapsed time=  4.802383136982257E-003
 CFL_Limit=  1.000000000000000E-003
 dt_init=  1.000000000000000E-018 dt=  1.000000000000000E-018
 Time= -9.400000000035367E-014 Intensity=   222063501.294921     
   4770.34921650243      < Te <    4772.49531016734     
   4770.33582302313      < Th <    4773.47718320756     
   80.0000000100909      < Ts <   80.0000000116709     
  5.919895804602827E+018 < Ne <  5.921884162729135E+018
  5.919895804602827E+018 < Nh <  5.921884162728650E+018
 CFL_Te=  1.799200103734427E-003 maxCFL_Ne=  1.388851480727908E-003 maxCFL_Ts=
  5.102011094826551E-004 CPU=   832.712948151163      NumThreads=           4 
 Elapsed time=  4.803576080906423E-003
 CFL_Limit=  1.000000000000000E-003
 dt_init=  1.000000000000000E-018 dt=  1.000000000000000E-018
 Time= -9.300000000035700E-014 Intensity=   307050784.689675     
   4769.79527556094      < Te <    4771.26602405674     
   4769.78542733580      < Th <    4773.14199181256     
   80.0000000142619      < Ts <   80.0000000165142     
  8.268508229355777E+018 < Ne <  8.271257563941868E+018
  8.268508229355777E+018 < Nh <  8.271257563941365E+018
 CFL_Te=  1.798991121337058E-003 maxCFL_Ne=  1.388690161533102E-003 maxCFL_Ts=
  5.102011094946473E-004 CPU=   832.511886372487      NumThreads=           4 
 Elapsed time=  4.804736203142085E-003
 CFL_Limit=  1.000000000000000E-003
 dt_init=  1.000000000000000E-018 dt=  1.000000000000000E-018
 Time= -9.200000000036034E-014 Intensity=   423095192.007019     
   4769.23232089203      < Te <    4770.65680817978     
   4769.22447338404      < Th <    4774.21434826026     
   80.0000000200789      < Ts <   80.0000000232361     
  1.151005441025804E+019 < Ne <  1.151384280461232E+019
  1.151005441025804E+019 < Nh <  1.151384280461177E+019
 CFL_Te=  1.798778444631745E-003 maxCFL_Ne=  1.388525990601542E-003 maxCFL_Ts=
  5.102011095113762E-004 CPU=   832.316366256825      NumThreads=           4 
 Elapsed time=  4.805864887637849E-003
 CFL_Limit=  1.000000000000000E-003
 dt_init=  1.000000000000000E-018 dt=  1.000000000000000E-018
 Time= -9.100000000036367E-014 Intensity=   580979513.569648     
   4768.65956808025      < Te <    4769.66856883316     
   4768.65083965224      < Th <    4773.67576863152     
   80.0000000281661      < Ts <   80.0000000325912     
  1.596855013876025E+019 < Ne <  1.597375222471917E+019
  1.596855013876025E+019 < Nh <  1.597375222471847E+019
 CFL_Te=  1.798561977119242E-003 maxCFL_Ne=  1.388358893442845E-003 maxCFL_Ts=
  5.102011095346773E-004 CPU=   832.122974551633      NumThreads=           4 
 Elapsed time=  4.806981807172542E-003
 CFL_Limit=  1.000000000000000E-003
 dt_init=  1.000000000000000E-018 dt=  1.000000000000000E-018
 Time= -9.000000000036701E-014 Intensity=   795020627.865727     
   4768.07649101063      < Te <    4768.79361870430     
   4768.06616678293      < Th <    4771.60805989607     
   80.0000000393566      < Ts <   80.0000000455474     
  2.207965561031793E+019 < Ne <  2.208677421227142E+019
  2.207965561031793E+019 < Nh <  2.208677421227051E+019
 CFL_Te=  1.798341619226032E-003 maxCFL_Ne=  1.388188793193498E-003 maxCFL_Ts=
  5.102011095668324E-004 CPU=   831.925258671265      NumThreads=           4 
 Elapsed time=  4.808124237493068E-003
 CFL_Limit=  1.000000000000000E-003
 dt_init=  1.000000000000000E-018 dt=  1.000000000000000E-018
 Time= -8.900000000037035E-014 Intensity=   1084153623.55440     
   4767.48270116118      < Te <    4767.99411830815     
   4767.47178284050      < Th <    4772.71834468941     
   80.0000000548012      < Ts <   80.0000000634328     
  3.042696453143377E+019 < Ne <  3.043667201752021E+019
  3.042696453143377E+019 < Nh <  3.043667201751912E+019
 CFL_Te=  1.798117268232307E-003 maxCFL_Ne=  1.388015610561291E-003 maxCFL_Ts=
  5.102011096110896E-004 CPU=   831.719935105629      NumThreads=           4 
 Elapsed time=  4.809311201001810E-003
 CFL_Limit=  1.000000000000000E-003
 dt_init=  1.000000000000000E-018 dt=  1.000000000000000E-018
 Time= -8.800000000037368E-014 Intensity=   1473323459.87788     
   4766.87787862814      < Te <    4767.24383503438     
   4766.86772643519      < Th <    4773.02930505211     
   80.0000000760451      < Ts <   80.0000000880223     
  4.178932272914163E+019 < Ne <  4.180251482613687E+019
  4.178932272914163E+019 < Nh <  4.180251482613622E+019
 CFL_Te=  1.797888818211783E-003 maxCFL_Ne=  1.387839263778849E-003 maxCFL_Ts=
  5.102011096723080E-004 CPU=   831.532960234898      NumThreads=           4 
 Elapsed time=  4.810392601719658E-003
 CFL_Limit=  1.000000000000000E-003
 dt_init=  1.000000000000000E-018 dt=  1.000000000000000E-018
 Time= -8.700000000037702E-014 Intensity=   1995263384.29891     
   4766.26173334822      < Te <    4766.52449379731     
   4766.25052969490      < Th <    4771.95293389250     
   80.0000001051675      < Ts <   80.0000001216776     
  5.720227200081888E+019 < Ne <  5.722013752468701E+019
  5.720227200081888E+019 < Nh <  5.722013752468614E+019
 CFL_Te=  1.797656159987766E-003 maxCFL_Ne=  1.387659668569707E-003 maxCFL_Ts=
  5.102011097559465E-004 CPU=   831.332593578108      NumThreads=           4 
 Elapsed time=  4.811551996035363E-003
 CFL_Limit=  1.000000000000000E-003
 dt_init=  1.000000000000000E-018 dt=  1.000000000000000E-018
 Time= -8.600000000038036E-014 Intensity=   2692757295.95815     
   4765.63398381894      < Te <    4767.08406265091     
   4765.62005586359      < Th <    4769.65042171030     
   80.0000001449808      < Ts <   80.0000001676277     
  7.803750227619835E+019 < Ne <  7.806161314957147E+019
  7.803750227619835E+019 < Nh <  7.806161314957045E+019
 CFL_Te=  1.797419181111431E-003 maxCFL_Ne=  1.387476738131566E-003 maxCFL_Ts=
  5.102011098700501E-004 CPU=   831.128323864882      NumThreads=           4 
 Elapsed time=  4.812734550303073E-003
 CFL_Limit=  1.000000000000000E-003
 dt_init=  1.000000000000000E-018 dt=  1.000000000000000E-018
 Time= -8.500000000038369E-014 Intensity=   3621504588.32363     
   4764.99328179059      < Te <    4767.28398584977     
   4764.97627494887      < Th <    4771.17651073636     
   80.0000001991841      < Ts <   80.0000002304760     
  1.061051581690664E+020 < Ne <  1.061375850748596E+020
  1.061051581690664E+020 < Nh <  1.061375850748584E+020
 CFL_Te=  1.797177765869637E-003 maxCFL_Ne=  1.387290383142306E-003 maxCFL_Ts=
  5.102011100255368E-004 CPU=   830.938741245296      NumThreads=           4 
 Elapsed time=  4.813832598544334E-003
 CFL_Limit=  1.000000000000000E-003
 dt_init=  1.000000000000000E-018 dt=  1.000000000000000E-018
 Time= -8.400000000038703E-014 Intensity=   4853731164.66279     
   4764.34016266620      < Te <    4767.25362654044     
   4764.31909849730      < Th <    4773.85428331438     
   80.0000002727102      < Ts <   80.0000003156232     
  1.437850168547058E+020 < Ne <  1.438284771945524E+020
  1.437850168547058E+020 < Nh <  1.438284771945510E+020
 CFL_Te=  1.796931795331507E-003 maxCFL_Ne=  1.387100511795949E-003 maxCFL_Ts=
  5.102011102365473E-004 CPU=   830.743663090450      NumThreads=           4 
 Elapsed time=  4.814962999681031E-003
 CFL_Limit=  1.000000000000000E-003
 dt_init=  1.000000000000000E-018 dt=  1.000000000000000E-018
 Time= -8.300000000039037E-014 Intensity=   6482719740.01183     
   4763.67543851569      < Te <    4765.79418294918     
   4763.64960004025      < Th <    4770.40232754355     
   80.0000003721778      < Ts <   80.0000004309304     
  1.941939690749733E+020 < Ne <  1.942520154747842E+020
  1.941939690749733E+020 < Nh <  1.942520154747822E+020
 CFL_Te=  1.796681147445004E-003 maxCFL_Ne=  1.386907029877215E-003 maxCFL_Ts=
  5.102011105222537E-004 CPU=   830.551684598511      NumThreads=           4 
 Elapsed time=  4.816075957914169E-003
 CFL_Limit=  1.000000000000000E-003
 dt_init=  1.000000000000000E-018 dt=  1.000000000000000E-018
 Time= -8.200000000039370E-014 Intensity=   8628466652.99022     
   4762.99837554191      < Te <    4765.70992150537     
   4762.97245680906      < Th <    4768.32256357752     
   80.0000005063218      < Ts <   80.0000005859596     
  2.613989340297177E+020 < Ne <  2.614761935975976E+020
  2.613989340297177E+020 < Nh <  2.614761935975941E+020
 CFL_Te=  1.796425697197772E-003 maxCFL_Ne=  1.386709840885666E-003 maxCFL_Ts=
  5.102011109067237E-004 CPU=   830.378727247859      NumThreads=           4 
 Elapsed time=  4.817079085415978E-003
 CFL_Limit=  1.000000000000000E-003
 dt_init=  1.000000000000000E-018 dt=  1.000000000000000E-018
 Time= -8.100000000039704E-014 Intensity=   11444711601.4082     
   4762.30840808817      < Te <    4767.71664843298     
   4762.28304340884      < Th <    4766.77630158869     
   80.0000006864105      < Ts <   80.0000007945145     
  3.506863657417602E+020 < Ne <  3.507888424827205E+020
  3.506863657417602E+020 < Nh <  3.507888424827178E+020
 CFL_Te=  1.796165316859174E-003 maxCFL_Ne=  1.386508846222553E-003 maxCFL_Ts=
  5.102011114235975E-004 CPU=   830.199943180010      NumThreads=           4 
 Elapsed time=  4.818116446356692E-003
 CFL_Limit=  1.000000000000000E-003
 dt_init=  1.000000000000000E-018 dt=  1.000000000000000E-018
 Time= -8.000000000040038E-014 Intensity=   15127631309.3281     
   4761.60460428511      < Te <    4765.57605245367     
   4761.58187092526      < Th <    4765.80115775241     
   80.0000009277849      < Ts <   80.0000010741784     
  4.689019101838937E+020 < Ne <  4.690373644333776E+020
  4.689019101838937E+020 < Nh <  4.690373644333772E+020
 CFL_Te=  1.795899876324560E-003 maxCFL_Ne=  1.386303945456567E-003 maxCFL_Ts=
  5.102011121177166E-004 CPU=   830.026135804087      NumThreads=           4 
 Elapsed time=  4.819125359377995E-003
 CFL_Limit=  1.000000000000000E-003
 dt_init=  1.000000000000000E-018 dt=  1.000000000000000E-018
 Time= -7.900000000040371E-014 Intensity=   19926538345.3390     
   4760.88589645670      < Te <    4765.16362400811     
   4760.86450478835      < Th <    4765.32458072383     
   80.0000012497154      < Ts <   80.0000014477301     
  6.248765984696412E+020 < Ne <  6.250550227029351E+020
  6.248765984696412E+020 < Nh <  6.250550227029341E+020
 CFL_Te=  1.795629243587056E-003 maxCFL_Ne=  1.386095036688018E-003 maxCFL_Ts=
  5.102011130426425E-004 CPU=   829.857398029379      NumThreads=           4 
 Elapsed time=  4.820105248803708E-003
 CFL_Limit=  1.000000000000000E-003
 dt_init=  1.000000000000000E-018 dt=  1.000000000000000E-018
 Time= -7.800000000040705E-014 Intensity=   26156982205.2235     
   4760.15235351503      < Te <    4763.31728614189     
   4760.13326641017      < Th <    4765.78055666723     
   80.0000016780550      < Ts <   80.0000019433395     
  8.299592624581716E+020 < Ne <  8.301934749301535E+020
  8.299592624581716E+020 < Nh <  8.301934749301534E+020
 CFL_Te=  1.795353285367127E-003 maxCFL_Ne=  1.385882017034818E-003 maxCFL_Ts=
  5.102011142762826E-004 CPU=   829.700558274037      NumThreads=           4 
 Elapsed time=  4.821016401773785E-003
 CFL_Limit=  1.000000000000000E-003
 dt_init=  1.000000000000000E-018 dt=  1.000000000000000E-018
 Time= -7.700000000041038E-014 Intensity=   34216711204.1343     
   4759.40553263320      < Te <    4761.75525781723     
   4759.38554669285      < Th <    4767.18269056743     
   80.0000022456066      < Ts <   80.0000025954342     
  1.098678685618417E+021 < Ne <  1.098985065617663E+021
  1.098678685618417E+021 < Nh <  1.098985065617662E+021
 CFL_Te=  1.795071867936371E-003 maxCFL_Ne=  1.385664783268382E-003 maxCFL_Ts=
  5.102011159059666E-004 CPU=   829.541726367320      NumThreads=           4 
 Elapsed time=  4.821939479182757E-003
 CFL_Limit=  1.000000000000000E-003
 dt_init=  1.000000000000000E-018 dt=  1.000000000000000E-018
 Time= -7.600000000041372E-014 Intensity=   44605020284.2526     
   4758.64469091131      < Te <    4761.69013665917     
   4758.62065818721      < Th <    4765.36196098375     
   80.0000029959650      < Ts <   80.0000034610441     
  1.449563402277753E+021 < Ne <  1.449962799796621E+021
  1.449563402277753E+021 < Nh <  1.449962799796626E+021
 CFL_Te=  1.794784842900598E-003 maxCFL_Ne=  1.385443220839208E-003 maxCFL_Ts=
  5.102011180617928E-004 CPU=   829.386106428600      NumThreads=           4 
 Elapsed time=  4.822844232614780E-003
 CFL_Limit=  1.000000000000000E-003
 dt_init=  1.000000000000000E-018 dt=  1.000000000000000E-018
 Time= -7.500000000041706E-014 Intensity=   57946080788.9163     
   4757.86911444276      < Te <    4761.31927337269     
   4757.84288954534      < Th <    4763.78850162881     
   80.0000039840688      < Ts <   80.0000046014009     
  1.906152072435061E+021 < Ne <  1.906670927404391E+021
  1.906152072435061E+021 < Nh <  1.906670927404409E+021
 CFL_Te=  1.794492104675316E-003 maxCFL_Ne=  1.385217248243782E-003 maxCFL_Ts=
  5.102011209004062E-004 CPU=   829.234658979693      NumThreads=           4 
 Elapsed time=  4.823725053800429E-003
 CFL_Limit=  1.000000000000000E-003
 dt_init=  1.000000000000000E-018 dt=  1.000000000000000E-018
 Time= -7.400000000042039E-014 Intensity=   75016922429.3769     
   4757.07820832753      < Te <    4760.80438130480     
   4757.04978211387      < Th <    4764.75747224386     
   80.0000052801731      < Ts <   80.0000060989775     
  2.498233031841141E+021 < Ne <  2.498904741682478E+021
  2.498233031841141E+021 < Nh <  2.498904741682514E+021
 CFL_Te=  1.794265250025436E-003 maxCFL_Ne=  1.384986766720779E-003 maxCFL_Ts=
  5.102011246303320E-004 CPU=   829.073967661391      NumThreads=           4 
 Elapsed time=  4.824659989364995E-003
 CFL_Limit=  1.000000000000000E-003
 dt_init=  1.000000000000000E-018 dt=  1.000000000000000E-018
 Time= -7.300000000042373E-014 Intensity=   96780813434.0733     
   4756.27152131805      < Te <    4760.18139012011     
   4756.24142743532      < Th <    4761.89093117299     
   80.0000069763893      < Ts <   80.0000080492990     
  3.263357949764238E+021 < Ne <  3.264224537276196E+021
  3.263357949764238E+021 < Nh <  3.264224537276242E+021
 CFL_Te=  1.793888977368403E-003 maxCFL_Ne=  1.384751677877301E-003 maxCFL_Ts=
  5.102011295066905E-004 CPU=   828.927374233908      NumThreads=           4 
 Elapsed time=  4.825513216639501E-003
 CFL_Limit=  1.000000000000000E-003
 dt_init=  1.000000000000000E-018 dt=  1.000000000000000E-018
 Time= -7.200000000042707E-014 Intensity=   124426860014.131     
   4755.44859420049      < Te <    4758.39747732835     
   4756.88613207185      < Th <    4761.99011429869     
   80.0000091881724      < Ts <   80.0000106133392     
  4.248681549198760E+021 < Ne <  4.249795683651012E+021
  4.248681549198760E+021 < Nh <  4.249795683651028E+021
 CFL_Te=  1.793578335889713E-003 maxCFL_Ne=  1.384511885274156E-003 maxCFL_Ts=
  5.102011358616249E-004 CPU=   828.779707672772      NumThreads=           4 
 Elapsed time=  4.826372995101524E-003
 CFL_Limit=  1.000000000000000E-003
 dt_init=  1.000000000000000E-018 dt=  1.000000000000000E-018
 Time= -7.100000000043040E-014 Intensity=   159416717950.191     
   4754.60917953594      < Te <    4758.06786093553     
   4755.63955024432      < Th <    4762.74416439927     
   80.0000120605943      < Ts <   80.0000139336111     
  5.513187017476569E+021 < Ne <  5.514614454877035E+021
  5.513187017476569E+021 < Nh <  5.514614454876953E+021
 CFL_Te=  1.793261506213409E-003 maxCFL_Ne=  1.384267315833239E-003 maxCFL_Ts=
  5.102011441082817E-004 CPU=   828.629039199622      NumThreads=           4 
 Elapsed time=  4.827250567833860E-003
 CFL_Limit=  1.000000000000000E-003
 dt_init=  1.000000000000000E-018 dt=  1.000000000000000E-018
 Time= -7.000000000043374E-014 Intensity=   203539373738.430     
   4753.75303912135      < Te <    4757.47970910005     
   4753.72454232589      < Th <    4761.31768164472     
   80.0000157830342      < Ts <   80.0000182295077     
  7.130365032312379E+021 < Ne <  7.132187547212057E+021
  7.130365032312379E+021 < Nh <  7.132187547211801E+021
 CFL_Te=  1.792938402122818E-003 maxCFL_Ne=  1.384017903001615E-003 maxCFL_Ts=
  5.102011547971823E-004 CPU=   828.495267465591      NumThreads=           4 
 Elapsed time=  4.828029992538404E-003
 CFL_Limit=  1.000000000000000E-003
 dt_init=  1.000000000000000E-018 dt=  1.000000000000000E-018
 Time= -6.900000000043708E-014 Intensity=   258975005990.628     
   4752.88000005621      < Te <    4755.74118587922     
   4752.85316211297      < Th <    4760.70379218849     
   80.0000205859822      < Ts <   80.0000237929298     
  9.191423142392962E+021 < Ne <  9.193742032355127E+021
  9.191423142392962E+021 < Nh <  9.193742032354633E+021
 CFL_Te=  1.792608957539021E-003 maxCFL_Ne=  1.383763595771253E-003 maxCFL_Ts=
  5.102011685945803E-004 CPU=   828.351654585701      NumThreads=           4 
 Elapsed time=  4.828867037152955E-003
 CFL_Limit=  1.000000000000000E-003
 dt_init=  1.000000000000000E-018 dt=  1.000000000000000E-018
 Time= -6.800000000044041E-014 Intensity=   328368974519.188     
   4750.68591735444      < Te <    4752.88974495464     
   4751.96431622671      < Th <    4757.96870648923     
   80.0000267645986      < Ts <   80.0000309390057     
  1.180911147330266E+022 < Ne <  1.181205172534494E+022
  1.180911147330266E+022 < Nh <  1.181205172534486E+022
 CFL_Te=  1.791289900924229E-003 maxCFL_Ne=  1.383162037758584E-003 maxCFL_Ts=
  5.102011863655461E-004 CPU=   828.215755164141      NumThreads=           4 
 Elapsed time=  4.829659391359026E-003
 CFL_Limit=  1.000000000000000E-003
 dt_init=  1.000000000000000E-018 dt=  1.000000000000000E-018
 Time= -6.700000000044375E-014 Intensity=   414916998789.130     
   4750.97620500087      < Te <    4753.65675442865     
   4751.05909370229      < Th <    4758.84337630989     
   80.0000346901384      < Ts <   80.0000401371405     
  1.512226021007266E+022 < Ne <  1.512597542644557E+022
  1.512226021007266E+022 < Nh <  1.512597542644547E+022
 CFL_Te=  1.791970405769722E-003 maxCFL_Ne=  1.383240221181141E-003 maxCFL_Ts=
  5.102012091802172E-004 CPU=   828.079082757174      NumThreads=           4 
 Elapsed time=  4.830456514710636E-003
 CFL_Limit=  1.000000000000000E-003
 dt_init=  1.000000000000000E-018 dt=  1.000000000000000E-018
 Time= -6.600000000044708E-014 Intensity=   522462572428.353     
   4750.07731570846      < Te <    4752.15849112227     
   4750.13484122510      < Th <    4756.12877831489     
   80.0000448197358      < Ts <   80.0000518791672     
  1.930113372977606E+022 < Ne <  1.930581192369529E+022
  1.930113372977606E+022 < Nh <  1.930581192369513E+022
 CFL_Te=  1.791494692317616E-003 maxCFL_Ne=  1.382971168985626E-003 maxCFL_Ts=
  5.102012382874638E-004 CPU=   827.935095724863      NumThreads=           4 
 Elapsed time=  4.831296584302868E-003
 CFL_Limit=  1.000000000000000E-003
 dt_init=  1.000000000000000E-018 dt=  1.000000000000000E-018
 Time= -6.500000000045042E-014 Intensity=   655607608773.537     
   4748.54716418006      < Te <    4750.16794186201     
   4749.19414223729      < Th <    4753.82633668847     
   80.0000577275875      < Ts <   80.0000667858740     
  2.455371549652662E+022 < Ne <  2.455958588510391E+022
  2.455371549652662E+022 < Nh <  2.455958588510368E+022
 CFL_Te=  1.790749031491189E-003 maxCFL_Ne=  1.382521787699555E-003 maxCFL_Ts=
  5.102012753845002E-004 CPU=   827.771400288416      NumThreads=           4 
 Elapsed time=  4.832251994459218E-003
 CFL_Limit=  1.000000000000000E-003
 dt_init=  1.000000000000000E-018 dt=  1.000000000000000E-018
 Time= -6.400000000045376E-014 Intensity=   819837215909.351     
   4747.66798632444      < Te <    4749.42204639627     
   4748.23854075727      < Th <    4752.79663485728     
   80.0000741118895      < Ts <   80.0000857992426     
  3.113304626320503E+022 < Ne <  3.114038717749891E+022
  3.113304626320503E+022 < Nh <  3.114038717749850E+022
 CFL_Te=  1.790423939762249E-003 maxCFL_Ne=  1.382278002089354E-003 maxCFL_Ts=
  5.102013223369935E-004 CPU=   827.634492925233      NumThreads=           4 
 Elapsed time=  4.833051345965778E-003
 CFL_Limit=  1.000000000000000E-003
 dt_init=  1.000000000000000E-018 dt=  1.000000000000000E-018
 Time= -6.300000000045709E-014 Intensity=   1021659349832.09     
   4750.36123379184      < Te <    4752.78925305022     
   4745.96572356450      < Th <    4750.50432158944     
   80.0000948598448      < Ts <   80.0001098473143     
  3.934574567642480E+022 < Ne <  3.935489372016752E+022
  3.934574567642480E+022 < Nh <  3.935489372016694E+022
 CFL_Te=  1.792678240383711E-003 maxCFL_Ne=  1.383032046280454E-003 maxCFL_Ts=
  5.102013818912803E-004 CPU=   827.500182074020      NumThreads=           4 
 Elapsed time=  4.833835794421857E-003
 CFL_Limit=  1.000000000000000E-003
 dt_init=  1.000000000000000E-018 dt=  1.000000000000000E-018
 Time= -6.200000000046043E-014 Intensity=   1268759882568.71     
   4743.52300191506      < Te <    4745.36458079705     
   4746.17793573486      < Th <    4750.67558082636     
   80.0001209982053      < Ts <   80.0001400226073     
  4.956185310898048E+022 < Ne <  4.957321370640811E+022
  4.956185310898048E+022 < Nh <  4.957321370640780E+022
 CFL_Te=  1.787801492974459E-003 maxCFL_Ne=  1.381041552150055E-003 maxCFL_Ts=
  5.102014568664734E-004 CPU=   827.375116380259      NumThreads=           4 
 Elapsed time=  4.834566475119385E-003
 CFL_Limit=  1.000000000000000E-003
 dt_init=  1.000000000000000E-018 dt=  1.000000000000000E-018
 Time= -6.100000000046377E-014 Intensity=   1570173339800.85     
   4745.03301001020      < Te <    4746.43888836319     
   4743.60507111303      < Th <    4748.04372213236     
   80.0001538752712      < Ts <   80.0001778818233     
  6.222612684772106E+022 < Ne <  6.224018631943314E+022
  6.222612684772105E+022 < Nh <  6.224018631943264E+022
 CFL_Te=  1.789457780655856E-003 maxCFL_Ne=  1.381556287217013E-003 maxCFL_Ts=
  5.102015513234184E-004 CPU=   827.241928533880      NumThreads=           4 
 Elapsed time=  4.835344851401809E-003
 CFL_Limit=  1.000000000000000E-003
 dt_init=  1.000000000000000E-018 dt=  1.000000000000000E-018
 Time= -6.000000000046710E-014 Intensity=   1936469201836.54     
   4743.89551417721      < Te <    4744.97248259123     
   4743.52436151231      < Th <    4747.90043117318     
   80.0001951067185      < Ts <   80.0002255814769     
  7.787094272657072E+022 < Ne <  7.788828203893362E+022
  7.787094272657072E+022 < Nh <  7.788828203893081E+022
 CFL_Te=  1.789222975281534E-003 maxCFL_Ne=  1.381261115161153E-003 maxCFL_Ts=
  5.102016697325545E-004 CPU=   827.110846599830      NumThreads=           4 
 Elapsed time=  4.836111165079750E-003
 CFL_Limit=  1.000000000000000E-003
 dt_init=  1.000000000000000E-018 dt=  1.000000000000000E-018
 Time= -5.900000000047044E-014 Intensity=   2379953215735.27     
   4739.30336730814      < Te <    4740.61869242723     
   4742.65487141026      < Th <    4746.98500924432     
   80.0002465807300      < Ts <   80.0002849890108     
  9.713092822790429E+022 < Ne <  9.715223854262552E+022
  9.713092822790429E+022 < Nh <  9.715223854261973E+022
 CFL_Te=  1.785884244244228E-003 maxCFL_Ne=  1.379903692830723E-003 maxCFL_Ts=
  5.102018174546495E-004 CPU=   826.997285595302      NumThreads=           4 
 Elapsed time=  4.836775246632954E-003
 CFL_Limit=  1.000000000000000E-003
 dt_init=  1.000000000000000E-018 dt=  1.000000000000000E-018
 Time= -5.800000000047378E-014 Intensity=   2914882629713.42     
   4740.82820953570      < Te <    4741.86847276382     
   4742.20803164880      < Th <    4746.57355273218     
   80.0003106429355      < Ts <   80.0003590114933     
  1.207594634073461E+023 < Ne <  1.207855635376912E+023
  1.207594634073461E+023 < Nh <  1.207855635376826E+023
 CFL_Te=  1.787539800777264E-003 maxCFL_Ne=  1.380330920768576E-003 maxCFL_Ts=
  5.102020016867268E-004 CPU=   826.870040434419      NumThreads=           4 
 Elapsed time=  4.837519567039205E-003
 CFL_Limit=  1.000000000000000E-003
 dt_init=  1.000000000000000E-018 dt=  1.000000000000000E-018
 Time= -5.700000000047711E-014 Intensity=   3557693630525.79     
   4738.34877758436      < Te <    4739.17345462896     
   4743.91753412294      < Th <    4749.10031449272     
   80.0003901384935      < Ts <   80.0004512714038     
  1.496471654140130E+023 < Ne <  1.496790213643290E+023
  1.496471654140130E+023 < Nh <  1.496790213643192E+023
 CFL_Te=  1.785942420605741E-003 maxCFL_Ne=  1.379656209140740E-003 maxCFL_Ts=
  5.102022300338130E-004 CPU=   826.741774080434      NumThreads=           4 
 Elapsed time=  4.838270092797852E-003
 CFL_Limit=  1.000000000000000E-003
 dt_init=  1.000000000000000E-018 dt=  1.000000000000000E-018
 Time= -5.600000000047512E-014 Intensity=   4327238540091.44     
   4735.86355057426      < Te <    4736.51948732470     
   4737.65420870283      < Th <    4743.40423668104     
   80.0004885328290      < Ts <   80.0005652805316     
  1.848424560550462E+023 < Ne <  1.848812026437447E+023
  1.848424560550462E+023 < Nh <  1.848812026437324E+023
 CFL_Te=  1.784546235944240E-003 maxCFL_Ne=  1.378960134720905E-003 maxCFL_Ts=
  5.102025127243050E-004 CPU=   826.630406080745      NumThreads=           4 
 Elapsed time=  4.838921930013403E-003
 CFL_Limit=  1.000000000000000E-003
 dt_init=  1.000000000000000E-018 dt=  1.000000000000000E-018
 Time= -5.500000000047215E-014 Intensity=   5245029512467.14     
   4734.45347458444      < Te <    4734.97705685939     
   4738.85725931036      < Th <    4744.30538635085     
   80.0006097680555      < Ts <   80.0007060034384     
  2.275742862939627E+023 < Ne <  2.276212509610176E+023
  2.275742862939627E+023 < Nh <  2.276212509610017E+023
 CFL_Te=  1.783905984119618E-003 maxCFL_Ne=  1.378583458776832E-003 maxCFL_Ts=
  5.102028600607757E-004 CPU=   826.510025634328      NumThreads=           4 
 Elapsed time=  4.839626714666998E-003
 CFL_Limit=  1.000000000000000E-003
 dt_init=  1.000000000000000E-018 dt=  1.000000000000000E-018
 Time= -5.400000000046917E-014 Intensity=   6335484573989.22     
   4731.84590292542      < Te <    4733.70306561358     
   4737.67357294506      < Th <    4743.62682562801     
   80.0007587218977      < Ts <   80.0008786204346     
  2.792770579489371E+023 < Ne <  2.793337868481668E+023
  2.792770579489371E+023 < Nh <  2.793337868481228E+023
 CFL_Te=  1.782349839647089E-003 maxCFL_Ne=  1.377913096009276E-003 maxCFL_Ts=
  5.102032883829028E-004 CPU=   826.392566978126      NumThreads=           4 
 Elapsed time=  4.840314591195829E-003
 CFL_Limit=  1.000000000000000E-003
 dt_init=  1.000000000000000E-018 dt=  1.000000000000000E-018
 Time= -5.300000000046620E-014 Intensity=   7626170880184.83     
   4732.88775476965      < Te <    4734.34185989516     
   4733.08890353479      < Th <    4739.84110561684     
   80.0009411703190      < Ts <   80.0010908203294     
  3.416177423841788E+023 < Ne <  3.416860285923551E+023
  3.416177423841788E+023 < Nh <  3.416860285923003E+023
 CFL_Te=  1.783339163143510E-003 maxCFL_Ne=  1.378316095479593E-003 maxCFL_Ts=
  5.102038128179474E-004 CPU=   826.275542000148      NumThreads=           4 
 Elapsed time=  4.841000122449812E-003
 CFL_Limit=  1.000000000000000E-003
 dt_init=  1.000000000000000E-018 dt=  1.000000000000000E-018
 Time= -5.200000000046322E-014 Intensity=   9148039040900.53     
   4724.99565768817      < Te <    4726.13610755250     
   4734.64187922169      < Th <    4740.08983498260     
   80.0011639665944      < Ts <   80.0013478861060     
  4.165251439169743E+023 < Ne <  4.166070575583376E+023
  4.165251439169743E+023 < Nh <  4.166070575582568E+023
 CFL_Te=  1.778076009457856E-003 maxCFL_Ne=  1.376094463372670E-003 maxCFL_Ts=
  5.102044537094998E-004 CPU=   826.161894935908      NumThreads=           4 
 Elapsed time=  4.841666051797647E-003
 CFL_Limit=  1.000000000000000E-003
 dt_init=  1.000000000000000E-018 dt=  1.000000000000000E-018
 Time= -5.100000000046025E-014 Intensity=   10935641313518.2     
   4725.64774769015      < Te <    4726.54797165582     
   4732.23071703606      < Th <    4737.01981036547     
   80.0014350930621      < Ts <   80.0016607538026     
  5.062211996285176E+023 < Ne <  5.063191202614261E+023
  5.062211996285175E+023 < Nh <  5.063191202613099E+023
 CFL_Te=  1.778786519357304E-003 maxCFL_Ne=  1.376294882393345E-003 maxCFL_Ts=
  5.102052338389541E-004 CPU=   826.038084905052      NumThreads=           4 
 Elapsed time=  4.842391740884167E-003
 CFL_Limit=  1.000000000000000E-003
 dt_init=  1.000000000000000E-018 dt=  1.000000000000000E-018
 Time= -5.000000000045728E-014 Intensity=   13027325412947.8     
   4720.96928251014      < Te <    4722.50661279668     
   4729.85244204566      < Th <    4734.32193367771     
   80.0017639413736      < Ts <   80.0020401694883     
  6.132541330699963E+023 < Ne <  6.133707837845808E+023
  6.132541330699962E+023 < Nh <  6.133707837844165E+023
 CFL_Te=  1.775528794038879E-003 maxCFL_Ne=  1.375085178112969E-003 maxCFL_Ts=
  5.102061770057222E-004 CPU=   825.922575467089      NumThreads=           4 
 Elapsed time=  4.843068973793159E-003
 CFL_Limit=  1.000000000000000E-003
 dt_init=  1.000000000000000E-018 dt=  1.000000000000000E-018
 Time= -4.900000000045430E-014 Intensity=   15465394672231.2     
   4719.79872976507      < Te <    4721.01852552900     
   4728.59315323736      < Th <    4732.99479316042     
   80.0021617080650      < Ts <   80.0025012449001     
  7.405332059357803E+023 < Ne <  7.406716887434377E+023
  7.405332059357801E+023 < Nh <  7.406716887432020E+023
 CFL_Te=  1.774989374364855E-003 maxCFL_Ne=  1.374809084330956E-003 maxCFL_Ts=
  5.102073218354675E-004 CPU=   825.808877153660      NumThreads=           4 
 Elapsed time=  4.843735773084590E-003
 CFL_Limit=  1.000000000000000E-003
 dt_init=  1.000000000000000E-018 dt=  1.000000000000000E-018
 Time= -4.800000000045133E-014 Intensity=   18296224350931.0     
   4716.96547505696      < Te <    4719.62444658550     
   4726.84387599396      < Th <    4732.39682196532     
   80.0026409793025      < Ts <   80.0030569051952     
  8.913647223785887E+023 < Ne <  8.915285546101770E+023
  8.913647223785887E+023 < Nh <  8.915285546098472E+023
 CFL_Te=  1.773053084217226E-003 maxCFL_Ne=  1.374062677440718E-003 maxCFL_Ts=
  5.102086988761721E-004 CPU=   825.683996403433      NumThreads=           4 
 Elapsed time=  4.844468364923453E-003
 CFL_Limit=  1.000000000000000E-003
 dt_init=  1.000000000000000E-018 dt=  1.000000000000000E-018
 Time= -4.700000000044835E-014 Intensity=   21570323077270.4     
   4713.56724805889      < Te <    4716.38085207438     
   4727.48144043082      < Th <    4731.91774881413     
   80.0032166495209      < Ts <   80.0037220229432     
  1.069488844326957E+024 < Ne <  1.069681996552134E+024
  1.069488844326957E+024 < Nh <  1.069681996551648E+024
 CFL_Te=  1.770870971217113E-003 maxCFL_Ne=  1.373266373220400E-003 maxCFL_Ts=
  5.102103489423034E-004 CPU=   825.562511282930      NumThreads=           4 
 Elapsed time=  4.845181249550651E-003
 CFL_Limit=  1.000000000000000E-003
 dt_init=  1.000000000000000E-018 dt=  1.000000000000000E-018
 Time= -4.600000000044538E-014 Intensity=   25342327775993.9     
   4708.60533018543      < Te <    4710.85600558412     
   4726.83113571639      < Th <    4732.25994646290     
   80.0039064374093      < Ts <   80.0045185477280     
  1.279116679425156E+024 < Ne <  1.279343610690633E+024
  1.279116679425156E+024 < Nh <  1.279343610689816E+024
 CFL_Te=  1.767324982144457E-003 maxCFL_Ne=  1.372020419442489E-003 maxCFL_Ts=
  5.102123270871051E-004 CPU=   825.450140616412      NumThreads=           4 
 Elapsed time=  4.845840836628809E-003
 CFL_Limit=  1.000000000000000E-003
 dt_init=  1.000000000000000E-018 dt=  1.000000000000000E-018
 Time= -4.500000000044240E-014 Intensity=   29670920032114.8     
   4704.24946190912      < Te <    4706.05743462557     
   4722.51623063945      < Th <    4727.77951923955     
   80.0047295599182      < Ts <   80.0054712671024     
  1.524966992475223E+024 < Ne <  1.525232687546307E+024
  1.524966992475223E+024 < Nh <  1.525232687545142E+024
 CFL_Te=  1.764258714650809E-003 maxCFL_Ne=  1.371040368250863E-003 maxCFL_Ts=
  5.102146864685763E-004 CPU=   825.335256172771      NumThreads=           4 
 Elapsed time=  4.846515364615256E-003
 CFL_Limit=  1.000000000000000E-003
 dt_init=  1.000000000000000E-018 dt=  1.000000000000000E-018
 Time= -4.400000000043943E-014 Intensity=   34618651727643.9     
   4701.83402936047      < Te <    4704.72673296486     
   4719.48615407870      < Th <    4725.33271425539     
   80.0057096316934      < Ts <   80.0066067039480     
  1.812301784838059E+024 < Ne <  1.812611789608665E+024
  1.812301784838059E+024 < Nh <  1.812611789606962E+024
 CFL_Te=  1.762591943388389E-003 maxCFL_Ne=  1.370475021707140E-003 maxCFL_Ts=
  5.102175108964206E-004 CPU=   825.222881102556      NumThreads=           4 
 Elapsed time=  4.847175340867570E-003
 CFL_Limit=  1.000000000000000E-003
 dt_init=  1.000000000000000E-018 dt=  1.000000000000000E-018
 Time= -4.300000000043645E-014 Intensity=   40251668020119.1     
   4695.86807793223      < Te <    4698.90274324927     
   4716.55331353134      < Th <    4721.40386172828     
   80.0068721604767      < Ts <   80.0079483737024     
  2.146959879093147E+024 < Ne <  2.147320332403519E+024
  2.146959879093147E+024 < Nh <  2.147320332401046E+024
 CFL_Te=  1.758180503251995E-003 maxCFL_Ne=  1.369065191251743E-003 maxCFL_Ts=
  5.102208409847805E-004 CPU=   825.110575605389      NumThreads=           4 
 Elapsed time=  4.847835088121580E-003
 CFL_Limit=  1.000000000000000E-003
 dt_init=  1.000000000000000E-018 dt=  1.000000000000000E-018
 Time= -4.200000000043348E-014 Intensity=   46639316361462.9     
   4690.36546321287      < Te <    4693.49656468876     
   4716.15881833756      < Th <    4721.69211113436     
   80.0082480559132      < Ts <   80.0095411738847     
  2.535387537841812E+024 < Ne <  2.535805199863352E+024
  2.535387537841812E+024 < Nh <  2.535805199859690E+024
 CFL_Te=  1.754034272568649E-003 maxCFL_Ne=  1.367887461205741E-003 maxCFL_Ts=
  5.102247880918921E-004 CPU=   824.998085816100      NumThreads=           4 
 Elapsed time=  4.848496098076570E-003
 CFL_Limit=  1.000000000000000E-003
 dt_init=  1.000000000000000E-018 dt=  1.000000000000000E-018
 Time= -4.100000000043051E-014 Intensity=   53853631331000.8     
   4686.88912811783      < Te <    4689.43742430067     
   4714.24385957464      < Th <    4719.52477044788     
   80.0098692368027      < Ts <   80.0114215683352     
  2.984665058272828E+024 < Ne <  2.985147334221781E+024
  2.984665058272828E+024 < Nh <  2.985147334216440E+024
 CFL_Te=  1.751387561438524E-003 maxCFL_Ne=  1.367122557347266E-003 maxCFL_Ts=
  5.102294727132542E-004 CPU=   824.892645156575      NumThreads=           4 
 Elapsed time=  4.849115849785218E-003
 CFL_Limit=  1.000000000000000E-003
 dt_init=  1.000000000000000E-018 dt=  1.000000000000000E-018
 Time= -4.000000000042753E-014 Intensity=   61968686616517.9     
   4679.15610831780      < Te <    4681.23575749591     
   4711.92084507549      < Th <    4718.32696882442     
   80.0117752854738      < Ts <   80.0136235135250     
  3.502528185358402E+024 < Ne <  3.503083144421892E+024
  3.502528185358402E+024 < Nh <  3.503083144414317E+024
 CFL_Te=  1.745793756306191E-003 maxCFL_Ne=  1.365393824684582E-003 maxCFL_Ts=
  5.102349521733764E-004 CPU=   824.781530438347      NumThreads=           4 
 Elapsed time=  4.849769123557023E-003
 CFL_Limit=  1.000000000000000E-003
 dt_init=  1.000000000000000E-018 dt=  1.000000000000000E-018
 Time= -3.900000000042456E-014 Intensity=   71059807549599.2     
   4678.01610524798      < Te <    4680.43142724002     
   4710.38549368251      < Th <    4715.76803465158     
   80.0140085524460      < Ts <   80.0161958821645     
  4.097383127758916E+024 < Ne <  4.098019514811259E+024
  4.097383127758916E+024 < Nh <  4.098019514800896E+024
 CFL_Te=  1.744577665135278E-003 maxCFL_Ne=  1.365440683884394E-003 maxCFL_Ts=
  5.102413694783965E-004 CPU=   824.667516802567      NumThreads=           4 
 Elapsed time=  4.850439623848595E-003
 CFL_Limit=  1.000000000000000E-003
 dt_init=  1.000000000000000E-018 dt=  1.000000000000000E-018
 Time= -3.800000000042158E-014 Intensity=   81202640199250.8     
   4666.49299687193      < Te <    4669.18483316881     
   4707.40738241267      < Th <    4713.27460102933     
   80.0166162983549      < Ts <   80.0192133581832     
  4.778313906673115E+024 < Ne <  4.779041146173924E+024
  4.778313906673115E+024 < Nh <  4.779041146159844E+024
 CFL_Te=  1.735212811265158E-003 maxCFL_Ne=  1.362828908141624E-003 maxCFL_Ts=
  5.102488489055218E-004 CPU=   824.557302440469      NumThreads=           4 
 Elapsed time=  4.851087957333070E-003
 CFL_Limit=  1.000000000000000E-003
 dt_init=  1.000000000000000E-018 dt=  1.000000000000000E-018
 Time= -3.700000000041861E-014 Intensity=   92472076146496.7     
   4658.87408185086      < Te <    4663.01710767362     
   4706.48268362662      < Th <    4713.36024339475     
   80.0196531487401      < Ts <   80.0227319524577     
  5.555080768126441E+024 < Ne <  5.555908959064497E+024
  5.555080768126441E+024 < Nh <  5.555908959045662E+024
 CFL_Te=  1.729286359776446E-003 maxCFL_Ne=  1.361500218847320E-003 maxCFL_Ts=
  5.102575930354891E-004 CPU=   824.450124842304      NumThreads=           4 
 Elapsed time=  4.851718593365604E-003
 CFL_Limit=  1.000000000000000E-003
 dt_init=  1.000000000000000E-018 dt=  1.000000000000000E-018
 Time= -3.600000000041563E-014 Intensity=   104941035677998.     
   4653.32272727375      < Te <    4656.74437579577     
   4703.89592186552      < Th <    4709.72453508774     
   80.0231810652314      < Ts <   80.0268156560859     
  6.438108324790194E+024 < Ne <  6.439048219470762E+024
  6.438108324790193E+024 < Nh <  6.439048219444976E+024
 CFL_Te=  1.724438740750371E-003 maxCFL_Ne=  1.360418044611042E-003 maxCFL_Ts=
  5.102677121408707E-004 CPU=   824.332379376410      NumThreads=           4 
 Elapsed time=  4.852411600070733E-003
 CFL_Limit=  1.000000000000000E-003
 dt_init=  1.000000000000000E-018 dt=  1.000000000000000E-018
 Time= -3.500000000041266E-014 Intensity=   118679116201979.     
   4642.72098817945      < Te <    4646.16180239873     
   4702.37188549102      < Th <    4707.82558430531     
   80.0272607150102      < Ts <   80.0315072033252     
  7.438462246543951E+024 < Ne <  7.439525221036277E+024
  7.438462246543950E+024 < Nh <  7.439525221000981E+024
 CFL_Te=  1.715774147028514E-003 maxCFL_Ne=  1.358539167802777E-003 maxCFL_Ts=
  5.102794084391419E-004 CPU=   824.228223574465      NumThreads=           4 
 Elapsed time=  4.853024788029018E-003
 CFL_Limit=  1.000000000000000E-003
 dt_init=  1.000000000000000E-018 dt=  1.000000000000000E-018
 Time= -3.400000000040968E-014 Intensity=   133751117135266.     
   4636.98263961181      < Te <    4639.84468584129     
   4699.41281806403      < Th <    4705.35354331346     
   80.0319685395223      < Ts <   80.0369674707509     
  8.567813289075089E+024 < Ne <  8.569011301683656E+024
  8.567813289075088E+024 < Nh <  8.569011301635695E+024
 CFL_Te=  1.710353112572717E-003 maxCFL_Ne=  1.357580752079406E-003 maxCFL_Ts=
  5.102929284798090E-004 CPU=   824.122390379010      NumThreads=           4 
 Elapsed time=  4.853648009927770E-003
 CFL_Limit=  1.000000000000000E-003
 dt_init=  1.000000000000000E-018 dt=  1.000000000000000E-018
 Time= -3.300000000040671E-014 Intensity=   150215457241480.     
   4632.80131375942      < Te <    4635.19224840994     
   4698.78098158293      < Th <    4704.47281670474     
   80.0373850227481      < Ts <   80.0432297482691     
  9.838387650927585E+024 < Ne <  9.839733184887312E+024
  9.838387650927585E+024 < Nh <  9.839733184823929E+024
 CFL_Te=  1.706070698390167E-003 maxCFL_Ne=  1.357111332071645E-003 maxCFL_Ts=
  5.103084379853878E-004 CPU=   824.021739402625      NumThreads=           4 
 Elapsed time=  4.854240863717747E-003
 CFL_Limit=  1.000000000000000E-003
 dt_init=  1.000000000000000E-018 dt=  1.000000000000000E-018
 Time= -3.200000000040374E-014 Intensity=   168122505300198.     
   4618.51438301463      < Te <    4620.51349124325     
   4699.97860695485      < Th <    4704.90199555833     
   80.0436013070786      < Ts <   80.0503800245728     
  1.126290271083113E+025 < Ne <  1.126440870366176E+025
  1.126290271083113E+025 < Nh <  1.126440870357888E+025
 CFL_Te=  1.693954491295195E-003 maxCFL_Ne=  1.354748240639346E-003 maxCFL_Ts=
  5.103262592402126E-004 CPU=   823.917301270574      NumThreads=           4 
 Elapsed time=  4.854856177715344E-003
 CFL_Limit=  1.000000000000000E-003
 dt_init=  1.000000000000000E-018 dt=  1.000000000000000E-018
 Time= -3.100000000040076E-014 Intensity=   187512849914194.     
   4613.72819190723      < Te <    4615.41060218635     
   4696.55733957051      < Th <    4700.82445806597     
   80.0507079352002      < Ts <   80.0585751477199     
  1.285448761526453E+025 < Ne <  1.285616737094586E+025
  1.285448761526453E+025 < Nh <  1.285616737084146E+025
 CFL_Te=  1.688980337352136E-003 maxCFL_Ne=  1.354373998163350E-003 maxCFL_Ts=
  5.103466530159088E-004 CPU=   823.816578775967      NumThreads=           4 
 Elapsed time=  4.855449748223362E-003
 CFL_Limit=  1.000000000000000E-003
 dt_init=  1.000000000000000E-018 dt=  1.000000000000000E-018
 Time= -3.000000000039779E-014 Intensity=   208415539059104.     
   4597.45695409506      < Te <    4599.97421289790     
   4694.98375379141      < Th <    4699.84936432356     
   80.0588123106267      < Ts <   80.0678976351305     
  1.462658806852410E+025 < Ne <  1.462845515823074E+025
  1.462658806852410E+025 < Nh <  1.462845515810051E+025
 CFL_Te=  1.675018491475412E-003 maxCFL_Ne=  1.351985298820496E-003 maxCFL_Ts=
  5.103698675824479E-004 CPU=   823.717845740965      NumThreads=           4 
 Elapsed time=  4.856031735480797E-003
 CFL_Limit=  1.000000000000000E-003
 dt_init=  1.000000000000000E-018 dt=  1.000000000000000E-018
 Time= -2.900000000039481E-014 Intensity=   230846324469059.     
   4591.29877082556      < Te <    4593.42591130325     
   4694.25819019265      < Th <    4699.06410908121     
   80.0680274263957      < Ts <   80.0785285807013     
  1.659285544211651E+025 < Ne <  1.659492358204356E+025
  1.659285544211651E+025 < Nh <  1.659492358188361E+025
 CFL_Te=  1.668527336338644E-003 maxCFL_Ne=  1.351586956237147E-003 maxCFL_Ts=
  5.103962483152772E-004 CPU=   823.613076836565      NumThreads=           4 
 Elapsed time=  4.856649454090375E-003
 CFL_Limit=  1.000000000000000E-003
 dt_init=  1.000000000000000E-018 dt=  1.000000000000000E-018
 Time= -2.800000000039317E-014 Intensity=   254805949950995.     
   4585.82244300192      < Te <    4587.62721630278     
   4696.98758359735      < Th <    4701.19433422332     
   80.0784799870064      < Ts <   80.0905721694562     
  1.876702017476571E+025 < Ne <  1.876930308780506E+025
  1.876702017476571E+025 < Nh <  1.876930308760921E+025
 CFL_Te=  1.662098658229880E-003 maxCFL_Ne=  1.351475609848463E-003 maxCFL_Ts=
  5.104262255386469E-004 CPU=   823.511512958977      NumThreads=           4 
 Elapsed time=  4.857248425862941E-003
 CFL_Limit=  1.000000000000000E-003
 dt_init=  1.000000000000000E-018 dt=  1.000000000000000E-018
 Time= -2.700000000039335E-014 Intensity=   280278526036166.     
   4579.83008469189      < Te <    4581.64418794305     
   4691.33830906421      < Th <    4695.53265036327     
   80.0902909405386      < Ts <   80.1042058753806     
  2.116275018531340E+025 < Ne <  2.116526145636044E+025
  2.116275018531340E+025 < Nh <  2.116526145612342E+025
 CFL_Te=  1.655098063420863E-003 maxCFL_Ne=  1.351397875775633E-003 maxCFL_Ts=
  5.104600648432365E-004 CPU=   823.415172818305      NumThreads=           4 
 Elapsed time=  4.857816727264319E-003
 CFL_Limit=  1.000000000000000E-003
 dt_init=  1.000000000000000E-018 dt=  1.000000000000000E-018
 Time= -2.600000000039353E-014 Intensity=   307230035825305.     
   4560.77285812565      < Te <    4562.35015555341     
   4692.89658023259      < Th <    4697.61418121257     
   80.1036070828558      < Ts <   80.1195521987487     
  2.379349517964562E+025 < Ne <  2.379624809342709E+025
  2.379349517964562E+025 < Nh <  2.379624809314575E+025
 CFL_Te=  1.638179294409218E-003 maxCFL_Ne=  1.349578723778686E-003 maxCFL_Ts=
  5.104981380759742E-004 CPU=   823.314198478711      NumThreads=           4 
 Elapsed time=  4.858412508117863E-003
 CFL_Limit=  1.000000000000000E-003
 dt_init=  1.000000000000000E-018 dt=  1.000000000000000E-018
 Time= -2.500000000039371E-014 Intensity=   335607018286696.     
   4554.81673333032      < Te <    4556.71181582136     
   4695.11549399619      < Th <    4699.28026000929     
   80.1185748348756      < Ts <   80.1368243289101     
  2.667231812900288E+025 < Ne <  2.667532549465493E+025
  2.667231812900288E+025 < Nh <  2.667532549432334E+025
 CFL_Te=  1.630578351671315E-003 maxCFL_Ne=  1.350011735361949E-003 maxCFL_Ts=
  5.105409057460038E-004 CPU=   823.217413349316      NumThreads=           4 
 Elapsed time=  4.858983708478334E-003
 CFL_Limit=  1.000000000000000E-003
 dt_init=  1.000000000000000E-018 dt=  1.000000000000000E-018
 Time= -2.400000000039389E-014 Intensity=   365335475465723.     
   4549.30974826074      < Te <    4551.00496270382     
   4696.46895785438      < Th <    4700.63197012364     
   80.1353509022231      < Ts <   80.1561342202743     
  2.981171596784065E+025 < Ne <  2.981498993622478E+025
  2.981171596784065E+025 < Nh <  2.981498993584014E+025
 CFL_Te=  1.622935247637233E-003 maxCFL_Ne=  1.350764344979105E-003 maxCFL_Ts=
  5.105888840726900E-004 CPU=   823.119509950209      NumThreads=           4 
 Elapsed time=  4.859561645236620E-003
 CFL_Limit=  1.000000000000000E-003
 dt_init=  1.000000000000000E-018 dt=  1.000000000000000E-018
 Time= -2.300000000039407E-014 Intensity=   396320048934197.     
   4543.82259233578      < Te <    4545.31330142463     
   4699.85533809888      < Th <    4703.55065050681     
   80.1541039557045      < Ts <   80.1778494068605     
  3.322343137757296E+025 < Ne <  3.322698324856347E+025
  3.322343137757296E+025 < Nh <  3.322698324812375E+025
 CFL_Te=  1.614830183734470E-003 maxCFL_Ne=  1.351713391249855E-003 maxCFL_Ts=
  5.106422881645516E-004 CPU=   823.020032926451      NumThreads=           4 
 Elapsed time=  4.860149012141311E-003
 CFL_Limit=  1.000000000000000E-003
 dt_init=  1.000000000000000E-018 dt=  1.000000000000000E-018
 Time= -2.200000000039425E-014 Intensity=   428443508248523.     
   4539.25355956546      < Te <    4540.57043130614     
   4703.48438835039      < Th <    4706.77349828071     
   80.1749913517847      < Ts <   80.2019626814853     
  3.691825826481645E+025 < Ne <  3.692209830203035E+025
  3.691825826481645E+025 < Nh <  3.692209830184766E+025
 CFL_Te=  1.607585257810466E-003 maxCFL_Ne=  1.353315581276151E-003 maxCFL_Ts=
  5.107014527242508E-004 CPU=   822.924730428021      NumThreads=           4 
 Elapsed time=  4.860711863549795E-003
 CFL_Limit=  1.000000000000000E-003
 dt_init=  1.000000000000000E-018 dt=  1.000000000000000E-018
 Time= -2.100000000039444E-014 Intensity=   461566590146843.     
   4517.11490157566      < Te <    4519.13938828227     
   4706.01170467131      < Th <    4709.30453126375     
   80.1982185342029      < Ts <   80.2287715918139     
  4.090584426758546E+025 < Ne <  4.090998148889351E+025
  4.090584426758546E+025 < Nh <  4.090998148867711E+025
 CFL_Te=  1.586781269145719E-003 maxCFL_Ne=  1.353276661130227E-003 maxCFL_Ts=
  5.107676277313541E-004 CPU=   822.827706973824      NumThreads=           4 
 Elapsed time=  4.861285012765434E-003
 CFL_Limit=  1.000000000000000E-003
 dt_init=  1.000000000000000E-018 dt=  1.000000000000000E-018
 Time= -2.000000000039462E-014 Intensity=   495528221700866.     
   4530.25039721554      < Te <    4532.05465618693     
   4710.69356635851      < Th <    4714.21211493118     
   80.2239556628845      < Ts <   80.2585863808476     
  4.519449321577269E+025 < Ne <  4.519893519001097E+025
  4.519449321577269E+025 < Nh <  4.519893518975427E+025
 CFL_Te=  1.591395288572542E-003 maxCFL_Ne=  1.357211719099827E-003 maxCFL_Ts=
  5.108406118875985E-004 CPU=   822.732990244305      NumThreads=           4 
 Elapsed time=  4.861844665803698E-003
 CFL_Limit=  1.000000000000000E-003
 dt_init=  1.000000000000000E-018 dt=  1.000000000000000E-018
 Time= -1.900000000039480E-014 Intensity=   530146153688800.     
   4527.69294391316      < Te <    4529.31729005387     
   4714.72423582443      < Th <    4718.75611390746     
   80.2524158909162      < Ts <   80.2915743566143     
  4.979097115348906E+025 < Ne <  4.979572381476784E+025
  4.979097115348906E+025 < Nh <  4.979572381446691E+025
 CFL_Te=  1.584110031547149E-003 maxCFL_Ne=  1.360167779353456E-003 maxCFL_Ts=
  5.109213213717528E-004 CPU=   822.637308540832      NumThreads=           4 
 Elapsed time=  4.862410151437300E-003
 CFL_Limit=  1.000000000000000E-003
 dt_init=  1.000000000000000E-018 dt=  1.000000000000000E-018
 Time= -1.800000000039498E-014 Intensity=   565218022186473.     
   4506.57406439760      < Te <    4508.74068071814     
   4719.85231219833      < Th <    4723.76584073157     
   80.2837689127715      < Ts <   80.3275948773744     
  5.470031957240287E+025 < Ne <  5.470538704015366E+025
  5.470031957240287E+025 < Nh <  5.470538703980439E+025
 CFL_Te=  1.562872422803171E-003 maxCFL_Ne=  1.362277248853029E-003 maxCFL_Ts=
  5.110098866949153E-004 CPU=   822.545335874765      NumThreads=           4 
 Elapsed time=  4.862953840405716E-003
 CFL_Limit=  1.000000000000000E-003
 dt_init=  1.000000000000000E-018 dt=  1.000000000000000E-018
 Time= -1.700000000039516E-014 Intensity=   600522846939104.     
   4504.83408569633      < Te <    4506.72755755257     
   4724.98430948173      < Th <    4729.31929837128     
   80.3182326627494      < Ts <   80.3673808489283     
  5.992568039904810E+025 < Ne <  5.993106480672546E+025
  5.992568039904810E+025 < Nh <  5.993106480632321E+025
 CFL_Te=  1.555539245810386E-003 maxCFL_Ne=  1.366502355285912E-003 maxCFL_Ts=
  5.111073583855407E-004 CPU=   822.425088560470      NumThreads=           4 
 Elapsed time=  4.863664856092110E-003
 CFL_Limit=  1.000000000000000E-003
 dt_init=  1.000000000000000E-018 dt=  1.000000000000000E-018
 Time= -1.600000000039534E-014 Intensity=   635822964715936.     
   4503.80289419943      < Te <    4505.85060191889     
   4731.13529366272      < Th <    4736.22789472457     
   80.3559747211800      < Ts <   80.4108745385419     
  6.546813587074441E+025 < Ne <  6.547383722009536E+025
  6.546813587074441E+025 < Nh <  6.547383721963898E+025
 CFL_Te=  1.548393478218034E-003 maxCFL_Ne=  1.371476231636162E-003 maxCFL_Ts=
  5.112138730752066E-004 CPU=   822.327576240686      NumThreads=           4 
 Elapsed time=  4.864241593704313E-003
 CFL_Limit=  1.000000000000000E-003
 dt_init=  1.000000000000000E-018 dt=  1.000000000000000E-018
 Time= -1.500000000039552E-014 Intensity=   670866384802207.     
   4522.00561429649      < Te <    4523.81865668868     
   4737.00562039446      < Th <    4741.98585425469     
   80.3972077434247      < Ts <   80.4584880234760     
  7.132656757268991E+025 < Ne <  7.133258359956629E+025
  7.132656757268991E+025 < Nh <  7.133258359905647E+025
 CFL_Te=  1.554651523991121E-003 maxCFL_Ne=  1.377019277728272E-003 maxCFL_Ts=
  5.113298264791174E-004 CPU=   822.237025432946      NumThreads=           4 
 Elapsed time=  4.864777279877188E-003
 CFL_Limit=  1.000000000000000E-003
 dt_init=  1.000000000000000E-018 dt=  1.000000000000000E-018
 Time= -1.400000000039570E-014 Intensity=   705389542384176.     
   4523.06482017743      < Te <    4524.66584628351     
   4743.86384787820      < Th <    4748.73928152290     
   80.4421626376770      < Ts <   80.5104969527857     
  7.749753842900954E+025 < Ne <  7.750386451966717E+025
  7.749753842900954E+025 < Nh <  7.750386451849877E+025
 CFL_Te=  1.547941917957304E-003 maxCFL_Ne=  1.383018370041409E-003 maxCFL_Ts=
  5.114560161343709E-004 CPU=   822.149366700961      NumThreads=           4 
 Elapsed time=  4.865295969333168E-003
 CFL_Limit=  1.000000000000000E-003
 dt_init=  1.000000000000000E-018 dt=  1.000000000000000E-018
 Time= -1.300000000039588E-014 Intensity=   739120414174032.     
   4525.39178985630      < Te <    4527.14218875358     
   4765.05551843095      < Th <    4770.55984889691     
   80.4909896593556      < Ts <   80.5669562522150     
  8.397520061948962E+025 < Ne <  8.398182970390283E+025
  8.397520061948962E+025 < Nh <  8.398182970262828E+025
 CFL_Te=  1.541761194390503E-003 maxCFL_Ne=  1.389854077393485E-003 maxCFL_Ts=
  5.115924430505724E-004 CPU=   822.060896719768      NumThreads=           4 
 Elapsed time=  4.865819571227653E-003
 CFL_Limit=  1.000000000000000E-003
 dt_init=  1.000000000000000E-018 dt=  1.000000000000000E-018
 Time= -1.200000000039606E-014 Intensity=   771781949547488.     
   4528.90653629221      < Te <    4530.46113350602     
   4772.81269223813      < Th <    4777.80563139708     
   80.5438778282102      < Ts <   80.6276831829256     
  9.075123361425063E+025 < Ne <  9.075815612048616E+025
  9.075123361425063E+025 < Nh <  9.075815611911907E+025
 CFL_Te=  1.536392348887380E-003 maxCFL_Ne=  1.397645140426699E-003 maxCFL_Ts=
  5.117398421731119E-004 CPU=   821.975533081678      NumThreads=           4 
 Elapsed time=  4.866324895345188E-003
 CFL_Limit=  1.000000000000000E-003
 dt_init=  1.000000000000000E-018 dt=  1.000000000000000E-018
 Time= -1.100000000039625E-014 Intensity=   803095760155617.     
   4533.83390752388      < Te <    4535.22002709055     
   4780.88411994816      < Th <    4785.76267923570     
   80.6010194305876      < Ts <   80.6934296862550     
  9.781481378229105E+025 < Ne <  9.782201762857873E+025
  9.781481378229105E+025 < Nh <  9.782201762713920E+025
 CFL_Te=  1.531097739104320E-003 maxCFL_Ne=  1.406319102671056E-003 maxCFL_Ts=
  5.118984821434366E-004 CPU=   821.888138895203      NumThreads=           4 
 Elapsed time=  4.866842348372214E-003
 CFL_Limit=  1.000000000000000E-003
 dt_init=  1.000000000000000E-018 dt=  1.000000000000000E-018
 Time= -1.000000000039643E-014 Intensity=   832786001727595.     
   4556.67580971150      < Te <    4557.92425187251     
   4789.33260582468      < Th <    4795.09178002900     
   80.6626071086491      < Ts <   80.7642288375871     
  1.051526182750863E+026 < Ne <  1.051600888908424E+026
  1.051526182750863E+026 < Nh <  1.051600888893561E+026
 CFL_Te=  1.538811572142341E-003 maxCFL_Ne=  1.413404348292555E-003 maxCFL_Ts=
  5.120687669665207E-004 CPU=   821.799871910570      NumThreads=           4 
 Elapsed time=  4.867365080868847E-003
 CFL_Limit=  1.000000000000000E-003
 dt_init=  1.000000000000000E-018 dt=  1.000000000000000E-018
 Time= -9.000000000396607E-015 Intensity=   860583374007772.     
   4563.91785279184      < Te <    4565.28796712549     
   4814.21968843771      < Th <    4820.13997949043     
   80.7287156416637      < Ts <   80.8409911317371     
  1.127488644529825E+026 < Ne <  1.127565848483508E+026
  1.127488644529825E+026 < Nh <  1.127565848472083E+026
 CFL_Te=  1.534837269523395E-003 maxCFL_Ne=  1.423465538356371E-003 maxCFL_Ts=
  5.122514391718095E-004 CPU=   821.712511617237      NumThreads=           4 
 Elapsed time=  4.867882554358923E-003
 CFL_Limit=  1.000000000000000E-003
 dt_init=  1.000000000000000E-018 dt=  1.000000000000000E-018
 Time= -8.000000000396788E-015 Intensity=   886229158745770.     
   4572.81923727107      < Te <    4574.35982120816     
   4823.22272236982      < Th <    4829.27406785586     
   80.7995259716899      < Ts <   80.9226652798463     
  1.205853863545017E+026 < Ne <  1.205933372244300E+026
  1.205853863545017E+026 < Nh <  1.205933372236738E+026
 CFL_Te=  1.531507442032138E-003 maxCFL_Ne=  1.434637271690243E-003 maxCFL_Ts=
  5.124461647493129E-004 CPU=   821.629289738968      NumThreads=           4 
 Elapsed time=  4.868375616539669E-003
 CFL_Limit=  1.000000000000000E-003
 dt_init=  1.000000000000000E-018 dt=  1.000000000000000E-018
 Time= -7.000000000396969E-015 Intensity=   909479211697424.     
   4583.42213583739      < Te <    4584.85062008257     
   4832.79690358154      < Th <    4838.35085607312     
   80.8751315168310      < Ts <   81.0099186487588     
  1.286417465806920E+026 < Ne <  1.286499063968088E+026
  1.286417465806920E+026 < Nh <  1.286499063960653E+026
 CFL_Te=  1.529224289591331E-003 maxCFL_Ne=  1.447011341435337E-003 maxCFL_Ts=
  5.126534052669970E-004 CPU=   821.543017874355      NumThreads=           4 
 Elapsed time=  4.868886854336033E-003
 CFL_Limit=  1.000000000000000E-003
 dt_init=  1.000000000000000E-018 dt=  1.000000000000000E-018
 Time= -6.000000000397150E-015 Intensity=   930107822811065.     
   4608.99095230507      < Te <    4610.32372979695     
   4859.73612980620      < Th <    4865.16041624208     
   80.9556359827078      < Ts <   81.1028076422865     
  1.368953841749496E+026 < Ne <  1.369037293658731E+026
  1.368953841749496E+026 < Nh <  1.369037293651727E+026
 CFL_Te=  1.537755150187183E-003 maxCFL_Ne=  1.455083661294427E-003 maxCFL_Ts=
  5.128721524908351E-004 CPU=   821.461463780144      NumThreads=           4 
 Elapsed time=  4.869370233867185E-003
 CFL_Limit=  1.000000000000000E-003
 dt_init=  1.000000000000000E-018 dt=  1.000000000000000E-018
 Time= -5.000000000397331E-015 Intensity=   947911359388388.     
   4621.81839316845      < Te <    4623.06094061501     
   4869.40854840908      < Th <    4874.41071699779     
   81.0411128189493      < Ts <   81.2009908217277     
  1.453217976170408E+026 < Ne <  1.453303027813664E+026
  1.453217976170408E+026 < Nh <  1.453303027807384E+026
 CFL_Te=  1.536287474089561E-003 maxCFL_Ne=  1.468895632187708E-003 maxCFL_Ts=
  5.131028325220989E-004 CPU=   821.377902532195      NumThreads=           4 
 Elapsed time=  4.869865609567228E-003
 CFL_Limit=  1.000000000000000E-003
 dt_init=  1.000000000000000E-018 dt=  1.000000000000000E-018
 Time= -4.000000000397512E-015 Intensity=   962711610070075.     
   4648.29341078037      < Te <    4649.45860380994     
   4897.27770326979      < Th <    4901.92506692379     
   81.1315701723687      < Ts <   81.3052636837105     
  1.538947582451815E+026 < Ne <  1.539033963636406E+026
  1.538947582451815E+026 < Nh <  1.539033963631073E+026
 CFL_Te=  1.545087761802449E-003 maxCFL_Ne=  1.477309985299305E-003 maxCFL_Ts=
  5.133461870967427E-004 CPU=   821.296067621908      NumThreads=           4 
 Elapsed time=  4.870350848728820E-003
 CFL_Limit=  1.000000000000000E-003
 dt_init=  1.000000000000000E-018 dt=  1.000000000000000E-018
 Time= -3.000000000397693E-015 Intensity=   974358752858044.     
   4663.29012253766      < Te <    4664.38227914769     
   4906.25953542315      < Th <    4910.56523687085     
   81.2271282142224      < Ts <   81.4150878534841     
  1.625865527493396E+026 < Ne <  1.625952954571941E+026
  1.625865527493396E+026 < Nh <  1.625952954568115E+026
 CFL_Te=  1.544746857948002E-003 maxCFL_Ne=  1.492589272908172E-003 maxCFL_Ts=
  5.136019601198971E-004 CPU=   821.211261724464      NumThreads=           4 
 Elapsed time=  4.870853806364499E-003
 CFL_Limit=  1.000000000000000E-003
 dt_init=  1.000000000000000E-018 dt=  1.000000000000000E-018
 Time= -2.000000000397874E-015 Intensity=   982733878060388.     
   4690.27422696064      < Te <    4691.56145979875     
   4934.61918404173      < Th <    4938.88864697101     
   81.3276901655366      < Ts <   81.5312045069441     
  1.713682523766821E+026 < Ne <  1.713770702400517E+026
  1.713682523766821E+026 < Nh <  1.713770702398324E+026
 CFL_Te=  1.553685551758909E-003 maxCFL_Ne=  1.501226279319956E-003 maxCFL_Ts=
  5.138698689223229E-004 CPU=   821.121326167736      NumThreads=           4 
 Elapsed time=  4.871387299935858E-003
 CFL_Limit=  1.000000000000000E-003
 dt_init=  1.000000000000000E-018 dt=  1.000000000000000E-018
 Time= -1.000000000397902E-015 Intensity=   987751006861459.     
   4707.25387474221      < Te <    4708.45735605057     
   4944.80541792383      < Th <    4948.86758747566     
   81.4333050102889      < Ts <   81.6527731267744     
  1.802099994748523E+026 < Ne <  1.802188622988337E+026
  1.802099994748523E+026 < Nh <  1.802188622988531E+026
 CFL_Te=  1.554596029503191E-003 maxCFL_Ne=  1.517949837943345E-003 maxCFL_Ts=
  5.141486212824278E-004 CPU=   821.043959174403      NumThreads=           4 
 Elapsed time=  4.871846330886084E-003
 CFL_Limit=  1.000000000000000E-003
 dt_init=  1.000000000000000E-018 dt=  1.000000000000000E-018
 Time= -3.978898472655851E-025 Intensity=   989358557592368.     
   4734.31610394366      < Te <    4735.66449499192     
   4973.19716424495      < Th <    4977.38116396639     
   81.5439113334173      < Ts <   81.7801433654945     
  1.890813146136874E+026 < Ne <  1.890901917217133E+026
  1.890813146136874E+026 < Nh <  1.890901917219975E+026
 CFL_Te=  1.563533505124208E-003 maxCFL_Ne=  1.526676775197931E-003 maxCFL_Ts=
  5.144390114196308E-004 CPU=   820.955099443461      NumThreads=           4 
 Elapsed time=  4.872373656868284E-003
 CFL_Limit=  1.000000000000000E-003
 dt_init=  1.000000000000000E-018 dt=  1.000000000000000E-018
