 Hello from thread =           0
 Hello from thread =           7
 Hello from thread =           2
 Hello from thread =           3
 Hello from thread =           1
 Hello from thread =           4
 Hello from thread =           5
 Hello from thread =           6
OpenMP TEST
Number of Threads = 8
*******************************
 Pi =    3.14159265358979     
 Read PolarizationSource TM:                      0
 Read phiMie0:    270.000000000000      deg -> rad
 Importing data on Polarization.
 Loading GMSH mesh...
 MESH INFORMATIONS
 [GMSH] Quadrangles number
      120000
 [GMSH] Node number
      120704
 Latest running index while remeshing                  2604
 [Mesh] Building...
 
 [Mesh] Convergence (                   500 )=  1.081720079616934E-005
 [Mesh] Convergence (                  1000 )=  1.811262921339221E-006
 [Mesh] Convergence (                  1500 )=  2.579260365273512E-007
 [Mesh] Convergence (                  2000 )=  3.591470637911698E-008
 [Mesh] Convergence (                  2500 )=  4.985051651601679E-009
 [Mesh] Convergence (                  3000 )=  6.916293277754448E-010
 [Mesh] Convergence is reached. The show can go on.
 [Mesh) ITERATIONS=                  3490
 Vessel cells:                    51 *                    51 =
                  2601
 Matter cells:                    51 *                    51 =
                  2601
  -73.8000000000000       -74.2000000000000     
 Done.
 [Mesh] Calculation of normales and distances.
 NEEDLE CHECK
 North -3.766032663078631E-002  0.999290598273626     
 South -4.425498528455761E-002 -0.999020268201533     
 East  0.997763878544350       6.683743466154690E-002
 West -0.983550514119218      -0.180633291991876     
  1.008423591908063E-007  1.008040131466220E-007  6.226196335372929E-009
  6.051711821471932E-009
 VESSEL CHECK
 North -3.766032663078620E-002  0.999290598273619     
 South -4.425498528455753E-002 -0.999020268201532     
 East  0.997763878550900       6.683743466200739E-002
 West -0.983550514120851      -0.180633291992154     
  1.008423591908069E-007  1.008040131466208E-007  6.226196335372337E-009
  6.051711821474587E-009
 epsilon(   515.000000000000      nm)= (17.8254000000000,0.506690000000000)
 Re(sqrt(epsilon))=   4.22244004813930     
 [Poisson eq.] Filling matrix
 Starting time loop.
 Time= -1.990000000000033E-013 Intensity=  1.560808197333866E-015
   80.0000004771923      < Te <    80.0000004778959     
   80.0000004771923      < Th <    80.0000004779826     
   80.0000000000000      < Ts <   80.0000000000000     
   100000.000010074      < Ne <   100000.000010088     
   100000.000010074      < Nh <   100000.000010088     
 CFL_Te=  3.017299651248141E-005 maxCFL_Ne=  2.329135641854283E-005 maxCFL_Ts=
  5.102011094536748E-004 CPU=   999.968844814520      NumThreads=           8 
 Elapsed time=  8.000249249249249E-003
 CFL_Limit=  1.000000000000000E-003
 dt_init=  1.000000000000000E-018 dt=  1.000000000000000E-018
 Time= -1.980000000000067E-013 Intensity=  3.105441224724688E-015
   80.0000014274143      < Te <    80.0000014288369     
   80.0000014274143      < Th <    80.0000014291013     
   80.0000000000000      < Ts <   80.0000000000000     
   100000.000030177      < Ne <   100000.000030205     
   100000.000030177      < Nh <   100000.000030205     
 CFL_Te=  3.017299687086950E-005 maxCFL_Ne=  2.329135669519234E-005 maxCFL_Ts=
  5.102011094536748E-004 CPU=   1018.06116388226      NumThreads=           8 
 Elapsed time=  7.858074037018508E-003
 CFL_Limit=  1.000000000000000E-003
 dt_init=  1.000000000000000E-018 dt=  1.000000000000000E-018
 Time= -1.970000000000100E-013 Intensity=  6.157323060963920E-015
   80.0000033123723      < Te <    80.0000033152411     
   80.0000033123723      < Th <    80.0000033157539     
   80.0000000000000      < Ts <   80.0000000000000     
   100000.000070097      < Ne <   100000.000070152     
   100000.000070097      < Nh <   100000.000070152     
 CFL_Te=  3.017299758180487E-005 maxCFL_Ne=  2.329135724398268E-005 maxCFL_Ts=
  5.102011094536748E-004 CPU=   1024.14120923194      NumThreads=           8 
 Elapsed time=  7.811422807602534E-003
 CFL_Limit=  1.000000000000000E-003
 dt_init=  1.000000000000000E-018 dt=  1.000000000000000E-018
 Time= -1.960000000000134E-013 Intensity=  1.216621304889952E-014
   80.0000070405513      < Te <    80.0000070460799     
   80.0000070405513      < Th <    80.0000070471179     
   80.0000000000000      < Ts <   80.0000000000000     
   100000.000149097      < Ne <   100000.000149206     
   100000.000149097      < Nh <   100000.000149206     
 CFL_Te=  3.017299898793401E-005 maxCFL_Ne=  2.329135832941200E-005 maxCFL_Ts=
  5.102011094536748E-004 CPU=   1026.95833027978      NumThreads=           8 
 Elapsed time=  7.789994748687172E-003
 CFL_Limit=  1.000000000000000E-003
 dt_init=  1.000000000000000E-018 dt=  1.000000000000000E-018
 Time= -1.950000000000167E-013 Intensity=  2.395596909112202E-014
   80.0000143907402      < Te <    80.0000144017952     
   80.0000143907402      < Th <    80.0000144039169     
   80.0000000000000      < Ts <   80.0000000000000     
   100000.000304891      < Ne <   100000.000305106     
   100000.000304891      < Nh <   100000.000305106     
 CFL_Te=  3.017300176014928E-005 maxCFL_Ne=  2.329136046936035E-005 maxCFL_Ts=
  5.102011094536748E-004 CPU=   1028.70324357654      NumThreads=           8 
 Elapsed time=  7.776781156231246E-003
 CFL_Limit=  1.000000000000000E-003
 dt_init=  1.000000000000000E-018 dt=  1.000000000000000E-018
 Time= -1.940000000000200E-013 Intensity=  4.700747468172524E-014
   80.0000288335292      < Te <    80.0000288556627     
   80.0000288335292      < Th <    80.0000288592537     
   80.0000000000000      < Ts <   80.0000000000000     
   100000.000611069      < Ne <   100000.000611490     
   100000.000611069      < Nh <   100000.000611490     
 CFL_Te=  3.017300720742703E-005 maxCFL_Ne=  2.329136467426216E-005 maxCFL_Ts=
  5.102011094536748E-004 CPU=   1029.79345766157      NumThreads=           8 
 Elapsed time=  7.768548091348557E-003
 CFL_Limit=  1.000000000000000E-003
 dt_init=  1.000000000000000E-018 dt=  1.000000000000000E-018
 Time= -1.930000000000234E-013 Intensity=  9.192104385628073E-014
   80.0000571166093      < Te <    80.0000571596343     
   80.0000571166093      < Th <    80.0000571643250     
   80.0000000000000      < Ts <   80.0000000000000     
   100000.001210710      < Ne <   100000.001211533     
   100000.001210710      < Nh <   100000.001211533     
 CFL_Te=  3.017301787474292E-005 maxCFL_Ne=  2.329137290865334E-005 maxCFL_Ts=
  5.102011094536748E-004 CPU=   1030.57960421267      NumThreads=           8 
 Elapsed time=  7.762622088869839E-003
 CFL_Limit=  1.000000000000000E-003
 dt_init=  1.000000000000000E-018 dt=  1.000000000000000E-018
 Time= -1.920000000000267E-013 Intensity=  1.791256685535073E-013
   80.0001123131088      < Te <    80.0001123970570     
   80.0001123131088      < Th <    80.0001124140166     
   80.0000000000000      < Ts <   80.0000000000000     
   100000.002381029      < Ne <   100000.002382633     
   100000.002381029      < Nh <   100000.002382633     
 CFL_Te=  3.017303869279016E-005 maxCFL_Ne=  2.329138897867005E-005 maxCFL_Ts=
  5.102011094536748E-004 CPU=   1031.11187365638      NumThreads=           8 
 Elapsed time=  7.758614951868983E-003
 CFL_Limit=  1.000000000000000E-003
 dt_init=  1.000000000000000E-018 dt=  1.000000000000000E-018
 Time= -1.910000000000300E-013 Intensity=  3.478528381353071E-013
   80.0002196622561      < Te <    80.0002198265748     
   80.0002196622561      < Th <    80.0002198504489     
   80.0000000000000      < Ts <   80.0000000000000     
   100000.004657240      < Ne <   100000.004660355     
   100000.004657240      < Nh <   100000.004660355     
 CFL_Te=  3.017307918085799E-005 maxCFL_Ne=  2.329142023251049E-005 maxCFL_Ts=
  5.102011094536748E-004 CPU=   1031.49248632544      NumThreads=           8 
 Elapsed time=  7.755752083564839E-003
 CFL_Limit=  1.000000000000000E-003
 dt_init=  1.000000000000000E-018 dt=  1.000000000000000E-018
 Time= -1.900000000000334E-013 Intensity=  6.731752308218254E-013
   80.0004277202368      < Te <    80.0004280389060     
   80.0004277202368      < Th <    80.0004280800552     
   80.0000000000000      < Ts <   80.0000000000000     
   100000.009069042      < Ne <   100000.009075070     
   100000.009069042      < Nh <   100000.009075070     
 CFL_Te=  3.017315765251660E-005 maxCFL_Ne=  2.329148080691742E-005 maxCFL_Ts=
  5.102011094536748E-004 CPU=   1031.80904288683      NumThreads=           8 
 Elapsed time=  7.753372637263726E-003
 CFL_Limit=  1.000000000000000E-003
 dt_init=  1.000000000000000E-018 dt=  1.000000000000000E-018
 Time= -1.890000000000367E-013 Intensity=  1.298241700107108E-012
   80.0008295731229      < Te <    80.0008301977737     
   80.0008295731229      < Th <    80.0008302707970     
   80.0000000000000      < Ts <   80.0000000000000     
   100000.017590517      < Ne <   100000.017602142     
   100000.017590517      < Nh <   100000.017602142     
 CFL_Te=  3.017330921633736E-005 maxCFL_Ne=  2.329159780315173E-005 maxCFL_Ts=
  5.102011094536748E-004 CPU=   1031.99841311127      NumThreads=           8 
 Elapsed time=  7.751949904536776E-003
 CFL_Limit=  1.000000000000000E-003
 dt_init=  1.000000000000000E-018 dt=  1.000000000000000E-018
 Time= -1.880000000000400E-013 Intensity=  2.495041832982707E-012
   80.0016030472941      < Te <    80.0016042373468     
   80.0016030472941      < Th <    80.0016043849841     
   80.0000000000000      < Ts <   80.0000000000000     
   100000.033992970      < Ne <   100000.034015311     
   100000.033992970      < Nh <   100000.034015311     
 CFL_Te=  3.017360094175397E-005 maxCFL_Ne=  2.329182299393289E-005 maxCFL_Ts=
  5.102011094536748E-004 CPU=   1032.22000239387      NumThreads=           8 
 Elapsed time=  7.750285773814484E-003
 CFL_Limit=  1.000000000000000E-003
 dt_init=  1.000000000000000E-018 dt=  1.000000000000000E-018
 Time= -1.870000000000434E-013 Intensity=  4.778537059130534E-012
   80.0030866582960      < Te <    80.0030889189641     
   80.0030866582960      < Th <    80.0030893155904     
   80.0000000000000      < Ts <   80.0000000000000     
   100000.065455825      < Ne <   100000.065498612     
   100000.065455825      < Nh <   100000.065498612     
 CFL_Te=  3.017416050412047E-005 maxCFL_Ne=  2.329225493533821E-005 maxCFL_Ts=
  5.102011094536748E-004 CPU=   1032.38726888357      NumThreads=           8 
 Elapsed time=  7.749030079236864E-003
 CFL_Limit=  1.000000000000000E-003
 dt_init=  1.000000000000000E-018 dt=  1.000000000000000E-018
 Time= -1.860000000000467E-013 Intensity=  9.120254035482025E-012
   80.0059225487846      < Te <    80.0059268195872     
   80.0059225487846      < Th <    80.0059275436215     
   80.0000000000000      < Ts <   80.0000000000000     
   100000.125598495      < Ne <   100000.125680157     
   100000.125598495      < Nh <   100000.125680157     
 CFL_Te=  3.017523009553685E-005 maxCFL_Ne=  2.329308058203496E-005 maxCFL_Ts=
  5.102011094536748E-004 CPU=   1032.51564084826      NumThreads=           8 
 Elapsed time=  7.748066647617687E-003
 CFL_Limit=  1.000000000000000E-003
 dt_init=  1.000000000000000E-018 dt=  1.000000000000000E-018
 Time= -1.850000000000501E-013 Intensity=  1.734657596048508E-011
   80.0113245385380      < Te <    80.0113326474772     
   80.0113245385380      < Th <    80.0113337374628     
   80.0000000000000      < Ts <   80.0000000000000     
   100000.240166294      < Ne <   100000.240321614     
   100000.240166294      < Nh <   100000.240321614     
 CFL_Te=  3.017726752324958E-005 maxCFL_Ne=  2.329465332788453E-005 maxCFL_Ts=
  5.102011094536748E-004 CPU=   1032.60723783906      NumThreads=           8 
 Elapsed time=  7.747379358623909E-003
 CFL_Limit=  1.000000000000000E-003
 dt_init=  1.000000000000000E-018 dt=  1.000000000000000E-018
 Time= -1.840000000000534E-013 Intensity=  3.287876068756104E-011
   80.0215789929777      < Te <    80.0215942005185     
   80.0215789929777      < Th <    80.0215963166034     
   80.0000000000000      < Ts <   80.0000000000000     
   100000.457655500      < Ne <   100000.457949894     
   100000.457655500      < Nh <   100000.457949894     
 CFL_Te=  3.018113511845211E-005 maxCFL_Ne=  2.329763882978214E-005 maxCFL_Ts=
  5.102011094536748E-004 CPU=   1032.68450658897      NumThreads=           8 
 Elapsed time=  7.746799674979686E-003
 CFL_Limit=  1.000000000000000E-003
 dt_init=  1.000000000000000E-018 dt=  1.000000000000000E-018
 Time= -1.830000000000567E-013 Intensity=  6.210291219805711E-011
   80.0409773625022      < Te <    80.0410060042680     
   80.0409773625022      < Th <    80.0410126065138     
   80.0000000000000      < Ts <   80.0000000000000     
   100000.869097027      < Ne <   100000.869653092     
   100000.869097027      < Nh <   100000.869653092     
 CFL_Te=  3.018845145514441E-005 maxCFL_Ne=  2.330328660353009E-005 maxCFL_Ts=
  5.102011094536748E-004 CPU=   1032.73406730214      NumThreads=           8 
 Elapsed time=  7.746427907523971E-003
 CFL_Limit=  1.000000000000000E-003
 dt_init=  1.000000000000000E-018 dt=  1.000000000000000E-018
 Time= -1.820000000000601E-013 Intensity=  1.168969938842701E-010
   80.0775461539646      < Te <    80.0776005957129     
   80.0775461539646      < Th <    80.0776144566464     
   80.0000000000000      < Ts <   80.0000000000000     
   100001.644761343      < Ne <   100001.645808031     
   100001.644761343      < Nh <   100001.645808031     
 CFL_Te=  3.020224383027772E-005 maxCFL_Ne=  2.331393331241804E-005 maxCFL_Ts=
  5.102011094536748E-004 CPU=   1032.65378906925      NumThreads=           8 
 Elapsed time=  7.747030112784044E-003
 CFL_Limit=  1.000000000000000E-003
 dt_init=  1.000000000000000E-018 dt=  1.000000000000000E-018
 Time= -1.810000000000634E-013 Intensity=  2.192752273564716E-010
   80.1462445460000      < Te <    80.1463439101085     
   80.1462445460000      < Th <    80.1463693922942     
   80.0000000000000      < Ts <   80.0000000000000     
   100003.102013743      < Ne <   100003.103977118     
   100003.102013743      < Nh <   100003.103977118     
 CFL_Te=  3.022815428441420E-005 maxCFL_Ne=  2.333393429598363E-005 maxCFL_Ts=
  5.102011094536748E-004 CPU=   1032.71594822793      NumThreads=           8 
 Elapsed time=  7.746563819148376E-003
 CFL_Limit=  1.000000000000000E-003
 dt_init=  1.000000000000000E-018 dt=  1.000000000000000E-018
 Time= -1.800000000000667E-013 Intensity=  4.098931371387976E-010
   80.2748528994295      < Te <    80.2750430052109     
   80.2748528994295      < Th <    80.2750728379197     
   80.0000000000000      < Ts <   80.0000000000000     
   100005.830306826      < Ne <   100005.833976979     
   100005.830306826      < Nh <   100005.833976979     
 CFL_Te=  3.027666052661847E-005 maxCFL_Ne=  2.337137758277446E-005 maxCFL_Ts=
  5.102011094536748E-004 CPU=   1032.69440971531      NumThreads=           8 
 Elapsed time=  7.746725386269314E-003
 CFL_Limit=  1.000000000000000E-003
 dt_init=  1.000000000000000E-018 dt=  1.000000000000000E-018
 Time= -1.790000000000701E-013 Intensity=  7.635659860009758E-010
   80.5147754825009      < Te <    80.5151305357133     
   80.5147754825009      < Th <    80.5151936503369     
   80.0000000000000      < Ts <   80.0000000000000     
   100010.920597008      < Ne <   100010.927433922     
   100010.920597008      < Nh <   100010.927433922     
 CFL_Te=  3.036715031685708E-005 maxCFL_Ne=  2.344122911198311E-005 maxCFL_Ts=
  5.102011094536748E-004 CPU=   1032.69775771399      NumThreads=           8 
 Elapsed time=  7.746700271441496E-003
 CFL_Limit=  1.000000000000000E-003
 dt_init=  1.000000000000000E-018 dt=  1.000000000000000E-018
 Time= -1.780000000000734E-013 Intensity=  1.417481341681680E-009
   80.9607796898452      < Te <    80.9614510253939     
   80.9607796898452      < Th <    80.9615710917015     
   80.0000000000000      < Ts <   80.0000000000000     
   100020.384915271      < Ne <   100020.397607297     
   100020.384915271      < Nh <   100020.397607297     
 CFL_Te=  3.053536635826296E-005 maxCFL_Ne=  2.357107964785931E-005 maxCFL_Ts=
  5.102011094536748E-004 CPU=   1032.68195581508      NumThreads=           8 
 Elapsed time=  7.746818809945907E-003
 CFL_Limit=  1.000000000000000E-003
 dt_init=  1.000000000000000E-018 dt=  1.000000000000000E-018
 Time= -1.770000000000767E-013 Intensity=  2.622303641321438E-009
   81.7869087278791      < Te <    81.7881342546529     
   81.7869087278791      < Th <    81.7883246988360     
   80.0000000000000      < Ts <   80.0000000000000     
   100037.920950449      < Ne <   100037.944430367     
   100037.920950449      < Nh <   100037.944430367     
 CFL_Te=  3.084695121369753E-005 maxCFL_Ne=  2.381160046971662E-005 maxCFL_Ts=
  5.102011094536748E-004 CPU=   1032.62934639190      NumThreads=           8 
 Elapsed time=  7.747213487542937E-003
 CFL_Limit=  1.000000000000000E-003
 dt_init=  1.000000000000000E-018 dt=  1.000000000000000E-018
 Time= -1.760000000000801E-013 Intensity=  4.834409727130662E-009
   83.3114968398126      < Te <    83.3137627548890     
   83.3114968398126      < Th <    83.3142247874533     
   80.0000000000000      < Ts <   80.0000000000000     
   100070.300347433      < Ne <   100070.343634388     
   100070.300347433      < Nh <   100070.343634388     
 CFL_Te=  3.142196860757221E-005 maxCFL_Ne=  2.425547203174499E-005 maxCFL_Ts=
  5.102011094536748E-004 CPU=   1032.60625053464      NumThreads=           8 
 Elapsed time=  7.747386766115254E-003
 CFL_Limit=  1.000000000000000E-003
 dt_init=  1.000000000000000E-018 dt=  1.000000000000000E-018
 Time= -1.750000000000834E-013 Intensity=  8.881754856682622E-009
   86.1141542515284      < Te <    86.1183950452732     
   86.1141542515284      < Th <    86.1189134542283     
   80.0000000000000      < Ts <   80.0000000000000     
   100129.880468515      < Ne <   100129.959995106     
   100129.880468515      < Nh <   100129.959995106     
 CFL_Te=  3.247902575513452E-005 maxCFL_Ne=  2.507144318640938E-005 maxCFL_Ts=
  5.102011094536748E-004 CPU=   1032.49158481826      NumThreads=           8 
 Elapsed time=  7.748247169886795E-003
 CFL_Limit=  1.000000000000000E-003
 dt_init=  1.000000000000000E-018 dt=  1.000000000000000E-018
 Time= -1.740000000000868E-013 Intensity=  1.626106400450773E-008
   91.2445365392578      < Te <    91.2524019476600     
   91.2445365392578      < Th <    91.2536237344613     
   80.0000000000000      < Ts <   80.0000000000000     
   100239.132440150      < Ne <   100239.278040542     
   100239.132440150      < Nh <   100239.278040542     
 CFL_Te=  3.441401332953478E-005 maxCFL_Ne=  2.656511270867490E-005 maxCFL_Ts=
  5.102011094536748E-004 CPU=   1032.39572428182      NumThreads=           8 
 Elapsed time=  7.748966614100542E-003
 CFL_Limit=  1.000000000000000E-003
 dt_init=  1.000000000000000E-018 dt=  1.000000000000000E-018
 Time= -1.730000000000901E-013 Intensity=  2.966839047968111E-008
   100.590396310925      < Te <    100.604055784038     
   100.590396310925      < Th <    100.606807205632     
   80.0000000000000      < Ts <   80.0000000000000     
   100438.774692973      < Ne <   100439.040341597     
   100438.774692973      < Nh <   100439.040341597     
 CFL_Te=  3.793892073721757E-005 maxCFL_Ne=  2.928608458053483E-005 maxCFL_Ts=
  5.102011094536748E-004 CPU=   1032.32740199127      NumThreads=           8 
 Elapsed time=  7.749479462202303E-003
 CFL_Limit=  1.000000000000000E-003
 dt_init=  1.000000000000000E-018 dt=  1.000000000000000E-018
 Time= -1.720000000000934E-013 Intensity=  5.394284693830016E-008
   117.513847165894      < Te <    117.538626348094     
   117.513847165894      < Th <    117.544932584193     
   80.0000000000000      < Ts <   80.0000000000000     
   100802.330358980      < Ne <   100802.813359332     
   100802.330358980      < Nh <   100802.813359332     
 CFL_Te=  4.432181099447106E-005 maxCFL_Ne=  3.421321112319107E-005 maxCFL_Ts=
  5.102011094536748E-004 CPU=   1032.18253174285      NumThreads=           8 
 Elapsed time=  7.750567127397407E-003
 CFL_Limit=  1.000000000000000E-003
 dt_init=  1.000000000000000E-018 dt=  1.000000000000000E-018
 Time= -1.710000000000968E-013 Intensity=  9.773915737714293E-008
   147.914690497261      < Te <    147.962217384576     
   147.914690497261      < Th <    147.973420244860     
   80.0000000000000      < Ts <   80.0000000000000     
   101462.088336280      < Ne <   101462.963485631     
   101462.088336280      < Nh <   101462.963485631     
 CFL_Te=  5.578786767375049E-005 maxCFL_Ne=  4.306417203947841E-005 maxCFL_Ts=
  5.102011094536748E-004 CPU=   1032.09241887741      NumThreads=           8 
 Elapsed time=  7.751243835994345E-003
 CFL_Limit=  1.000000000000000E-003
 dt_init=  1.000000000000000E-018 dt=  1.000000000000000E-018
 Time= -1.700000000001001E-013 Intensity=  1.764810860648570E-007
   201.899448425070      < Te <    201.985034797706     
   201.899448425070      < Th <    202.005668674656     
   80.0000000000000      < Ts <   80.0000000000000     
   102655.234529025      < Ne <   102656.814727913     
   102655.234529025      < Nh <   102656.814727913     
 CFL_Te=  7.614889146083605E-005 maxCFL_Ne=  5.878139992248640E-005 maxCFL_Ts=
  5.102011094536748E-004 CPU=   1031.93005516925      NumThreads=           8 
 Elapsed time=  7.752463415447181E-003
 CFL_Limit=  1.000000000000000E-003
 dt_init=  1.000000000000000E-018 dt=  1.000000000000000E-018
 Time= -1.690000000001034E-013 Intensity=  3.175576613512355E-007
   296.085173074796      < Te <    296.248768069588     
   296.085173074796      < Th <    296.293300993863     
   80.0000000000000      < Ts <   80.0000000000000     
   104805.529041717      < Ne <   104808.372430064     
   104805.529041717      < Nh <   104808.372430064     
 CFL_Te=  1.116722105163420E-004 maxCFL_Ne=  8.620281612579508E-005 maxCFL_Ts=
  5.102011094536748E-004 CPU=   1031.82306995398      NumThreads=           8 
 Elapsed time=  7.753267234426917E-003
 CFL_Limit=  1.000000000000000E-003
 dt_init=  1.000000000000000E-018 dt=  1.000000000000000E-018
 Time= -1.680000000001068E-013 Intensity=  5.694320037504541E-007
   455.879563155227      < Te <    456.170087693631     
   455.879563155227      < Th <    456.261360609844     
   80.0000000000000      < Ts <   80.0000000000000     
   108667.397801465      < Ne <   108672.496454468     
   108667.397801465      < Nh <   108672.496454468     
 CFL_Te=  1.719406548402013E-004 maxCFL_Ne=  1.327256689073971E-004 maxCFL_Ts=
  5.102011094536748E-004 CPU=   1031.69803882381      NumThreads=           8 
 Elapsed time=  7.754206850214070E-003
 CFL_Limit=  1.000000000000000E-003
 dt_init=  1.000000000000000E-018 dt=  1.000000000000000E-018
 Time= -1.670000000001101E-013 Intensity=  1.017550563976508E-006
   715.216050913485      < Te <    715.796827279040     
   715.216050913485      < Th <    716.037937669458     
   80.0000000000000      < Ts <   80.0000000000000     
   115579.216730968      < Ne <   115588.327805169     
   115579.216730968      < Nh <   115588.327805169     
 CFL_Te=  2.697526410163694E-004 maxCFL_Ne=  2.082294031896513E-004 maxCFL_Ts=
  5.102011094536748E-004 CPU=   1031.63037051784      NumThreads=           8 
 Elapsed time=  7.754715476226552E-003
 CFL_Limit=  1.000000000000000E-003
 dt_init=  1.000000000000000E-018 dt=  1.000000000000000E-018
 Time= -1.660000000001134E-013 Intensity=  1.812028301742214E-006
   1108.19778687023      < Te <    1109.26217957659     
   1108.19778687023      < Th <    1110.37597527477     
   80.0000000000000      < Ts <   80.0000000000000     
   127906.928487481      < Ne <   127923.153257922     
   127906.928487481      < Nh <   127923.153257922     
 CFL_Te=  4.179705969896794E-004 maxCFL_Ne=  3.226428768398648E-004 maxCFL_Ts=
  5.102011094536748E-004 CPU=   1031.54286130903      NumThreads=           8 
 Elapsed time=  7.755373334509839E-003
 CFL_Limit=  1.000000000000000E-003
 dt_init=  1.000000000000000E-018 dt=  1.000000000000000E-018
 Time= -1.650000000001168E-013 Intensity=  3.215650229074063E-006
   1647.08522860360      < Te <    1649.02954920571     
   1647.08522860360      < Th <    1650.90628647279     
   80.0000000000000      < Ts <   80.0000000000000     
   149818.214500975      < Ne <   149847.007200776     
   149818.214500975      < Nh <   149847.007200776     
 CFL_Te=  6.212187070292806E-004 maxCFL_Ne=  4.795356231524806E-004 maxCFL_Ts=
  5.102011094536748E-004 CPU=   1031.45657419068      NumThreads=           8 
 Elapsed time=  7.756022114917569E-003
 CFL_Limit=  1.000000000000000E-003
 dt_init=  1.000000000000000E-018 dt=  1.000000000000000E-018
 Time= -1.640000000001201E-013 Intensity=  5.686793797512061E-006
   2294.37455819415      < Te <    2297.87415771532     
   2294.37455819415      < Th <    2304.85518862025     
   80.0000000000000      < Ts <   80.0000000000000     
   188628.652609993      < Ne <   188679.571754999     
   188628.652609993      < Nh <   188679.571754999     
 CFL_Te=  8.653519391281630E-004 maxCFL_Ne=  6.679887065805407E-004 maxCFL_Ts=
  5.102011094536748E-004 CPU=   1031.30677772335      NumThreads=           8 
 Elapsed time=  7.757148670796411E-003
 CFL_Limit=  1.000000000000000E-003
 dt_init=  1.000000000000000E-018 dt=  1.000000000000000E-018
 Time= -1.630000000001235E-013 Intensity=  1.002215253558967E-005
   2960.12330315565      < Te <    2965.99111017203     
   2960.12330315565      < Th <    2975.92473821267     
   80.0000000000000      < Ts <   80.0000000000000     
   257134.007541321      < Ne <   257223.745228801     
   257134.007541321      < Nh <   257223.745228801     
 CFL_Te=  1.116447369630115E-003 maxCFL_Ne=  8.618160988545997E-004 maxCFL_Ts=
  5.102011094536748E-004 CPU=   1031.20348615286      NumThreads=           8 
 Elapsed time=  7.757925673666856E-003
 CFL_Limit=  1.000000000000000E-003
 dt_init=  1.000000000000000E-018 dt=  1.000000000000000E-018
 Time= -1.620000000001268E-013 Intensity=  1.760148807143688E-005
   3545.08479608467      < Te <    3552.42825571792     
   3545.08479608467      < Th <    3571.49038871151     
   80.0000000000000      < Ts <   80.0000000000000     
   377636.439548080      < Ne <   377794.042372676     
   377636.439548080      < Nh <   377794.042372675     
 CFL_Te=  1.337072881890160E-003 maxCFL_Ne=  1.032122930667384E-003 maxCFL_Ts=
  5.102011094536748E-004 CPU=   1031.08068643575      NumThreads=           8 
 Elapsed time=  7.758849627621780E-003
 CFL_Limit=  1.000000000000000E-003
 dt_init=  1.000000000000000E-018 dt=  1.000000000000000E-018
 Time= -1.610000000001301E-013 Intensity=  3.080580861387861E-005
   3992.80612160870      < Te <    4005.51359417381     
   3992.80612160870      < Th <    4024.15292013454     
   80.0000000000000      < Ts <   80.0000000000000     
   588869.749484113      < Ne <   589145.584166783     
   588869.749484113      < Nh <   589145.584166776     
 CFL_Te=  1.505936555802217E-003 maxCFL_Ne=  1.162473390188065E-003 maxCFL_Ts=
  5.102011094536748E-004 CPU=   1030.94276952483      NumThreads=           8 
 Elapsed time=  7.759887586861202E-003
 CFL_Limit=  1.000000000000000E-003
 dt_init=  1.000000000000000E-018 dt=  1.000000000000000E-018
 Time= -1.600000000001335E-013 Intensity=  5.372923910690367E-005
   4301.09011975485      < Te <    4313.30744775213     
   4301.09011975485      < Th <    4335.47313320612     
   80.0000000000000      < Ts <   80.0000000000000     
   957867.968133179      < Ne <   958349.060201847     
   957867.968133179      < Nh <   958349.060201815     
 CFL_Te=  1.622209705119057E-003 maxCFL_Ne=  1.252227792801970E-003 maxCFL_Ts=
  5.102011094536748E-004 CPU=   1030.79541238831      NumThreads=           8 
 Elapsed time=  7.760996899922499E-003
 CFL_Limit=  1.000000000000000E-003
 dt_init=  1.000000000000000E-018 dt=  1.000000000000000E-018
 Time= -1.590000000001368E-013 Intensity=  9.338639650887173E-005
   4498.49788389464      < Te <    4517.64331524444     
   4498.49788389464      < Th <    4545.86186329828     
   80.0000000000000      < Ts <   80.0000000000000     
   1600232.26414848      < Ne <   1601068.45011014     
   1600232.26414848      < Nh <   1601068.45011005     
 CFL_Te=  1.696664501910376E-003 maxCFL_Ne=  1.309701471860356E-003 maxCFL_Ts=
  5.102011094536748E-004 CPU=   1030.61971059631      NumThreads=           8 
 Elapsed time=  7.762320007805069E-003
 CFL_Limit=  1.000000000000000E-003
 dt_init=  1.000000000000000E-018 dt=  1.000000000000000E-018
 Time= -1.580000000001401E-013 Intensity=  1.617526464825109E-004
   4619.24705023831      < Te <    4645.08865316012     
   4619.24705023831      < Th <    4667.13807100286     
   80.0000000000000      < Ts <   80.0000000000000     
   2714613.46480080      < Ne <   2716061.81897390     
   2714613.46480080      < Nh <   2716061.81897362     
 CFL_Te=  1.742206553824858E-003 maxCFL_Ne=  1.344856617331496E-003 maxCFL_Ts=
  5.102011094536748E-004 CPU=   1030.48526157373      NumThreads=           8 
 Elapsed time=  7.763332769827853E-003
 CFL_Limit=  1.000000000000000E-003
 dt_init=  1.000000000000000E-018 dt=  1.000000000000000E-018
 Time= -1.570000000001435E-013 Intensity=  2.791991054014986E-004
   4691.12653140612      < Te <    4710.31153507755     
   4691.08888201614      < Th <    4738.76235937620     
   80.0000000000000      < Ts <   80.0000000000000     
   4641168.51731424      < Ne <   4643668.51303736     
   4641168.51731423      < Nh <   4643668.51303660     
 CFL_Te=  1.769316795344769E-003 maxCFL_Ne=  1.365783747724523E-003 maxCFL_Ts=
  5.102011094536748E-004 CPU=   1030.36155532908      NumThreads=           8 
 Elapsed time=  7.764264843368450E-003
 CFL_Limit=  1.000000000000000E-003
 dt_init=  1.000000000000000E-018 dt=  1.000000000000000E-018
 Time= -1.560000000001468E-013 Intensity=  4.802545629240912E-004
   4733.24738457551      < Te <    4747.32223270566     
   4733.19030683386      < Th <    4788.16674778820     
   80.0000000000000      < Ts <   80.0000000000000     
   7960299.10132209      < Ne <   7964599.37846866     
   7960299.10132209      < Nh <   7964599.37846691     
 CFL_Te=  1.785207291077799E-003 maxCFL_Ne=  1.378050945310595E-003 maxCFL_Ts=
  5.102011094536748E-004 CPU=   1030.22304376312      NumThreads=           8 
 Elapsed time=  7.765308734289416E-003
 CFL_Limit=  1.000000000000000E-003
 dt_init=  1.000000000000000E-018 dt=  1.000000000000000E-018
 Time= -1.550000000001501E-013 Intensity=  8.232350018316378E-004
   4757.70816400043      < Te <    4772.06383972442     
   4757.62984807596      < Th <    4819.96855848828     
   80.0000000000000      < Ts <   80.0000000000000     
   13658825.0059179      < Ne <   13666196.3795232     
   13658825.0059179      < Nh <   13666196.3795195     
 CFL_Te=  1.794439705438876E-003 maxCFL_Ne=  1.385182685471352E-003 maxCFL_Ts=
  5.102011094536748E-004 CPU=   1030.10273451454      NumThreads=           8 
 Elapsed time=  7.766215671459366E-003
 CFL_Limit=  1.000000000000000E-003
 dt_init=  1.000000000000000E-018 dt=  1.000000000000000E-018
 Time= -1.540000000001535E-013 Intensity=  1.406277423666162E-003
   4771.84233144955      < Te <    4788.76551954552     
   4771.73100514071      < Th <    4831.32117201904     
   80.0000000000000      < Ts <   80.0000000000000     
   23408631.3461357      < Ne <   23421223.3501248     
   23408631.3461357      < Nh <   23421223.3501206     
 CFL_Te=  1.799773105431876E-003 maxCFL_Ne=  1.389300113728418E-003 maxCFL_Ts=
  5.102011094536748E-004 CPU=   1029.94753428363      NumThreads=           8 
 Elapsed time=  7.767385943172678E-003
 CFL_Limit=  1.000000000000000E-003
 dt_init=  1.000000000000000E-018 dt=  1.000000000000000E-018
 Time= -1.530000000001568E-013 Intensity=  2.393938736395840E-003
   4779.96235618681      < Te <    4795.96051926889     
   4779.84902321111      < Th <    4827.86262519871     
   80.0000000000000      < Ts <   80.0000000000000     
   40032217.8773097      < Ne <   40053653.5558610     
   40032217.8773097      < Nh <   40053653.5558531     
 CFL_Te=  1.802837280932449E-003 maxCFL_Ne=  1.391664360635161E-003 maxCFL_Ts=
  5.102011094536748E-004 CPU=   1029.82027185999      NumThreads=           8 
 Elapsed time=  7.768345815868423E-003
 CFL_Limit=  1.000000000000000E-003
 dt_init=  1.000000000000000E-018 dt=  1.000000000000000E-018
 Time= -1.520000000001602E-013 Intensity=  4.061158219602303E-003
   4784.58995134887      < Te <    4801.17105481826     
   4784.48496522750      < Th <    4835.31304216384     
   80.0000000000000      < Ts <   80.0000000000000     
   68277683.9104500      < Ne <   68314048.1376456     
   68277683.9104500      < Nh <   68314048.1376284     
 CFL_Te=  1.804583470249947E-003 maxCFL_Ne=  1.393010956540551E-003 maxCFL_Ts=
  5.102011094536748E-004 CPU=   1029.70189257090      NumThreads=           8 
 Elapsed time=  7.769238900810434E-003
 CFL_Limit=  1.000000000000000E-003
 dt_init=  1.000000000000000E-018 dt=  1.000000000000000E-018
 Time= -1.510000000001635E-013 Intensity=  6.865649637718419E-003
   4787.19096155901      < Te <    4802.37944372223     
   4787.09334521377      < Th <    4836.13687257650     
   80.0000000000000      < Ts <   80.0000000000000     
   116104122.150204      < Ne <   116165598.240221     
   116104122.150204      < Nh <   116165598.240192     
 CFL_Te=  1.805563854298697E-003 maxCFL_Ne=  1.393766581486152E-003 maxCFL_Ts=
  5.102011094536748E-004 CPU=   1029.59676758432      NumThreads=           8 
 Elapsed time=  7.770032163921714E-003
 CFL_Limit=  1.000000000000000E-003
 dt_init=  1.000000000000000E-018 dt=  1.000000000000000E-018
 Time= -1.500000000001668E-013 Intensity=  1.156666652093452E-002
   4788.61424654722      < Te <    4803.00929288463     
   4788.49650120670      < Th <    4842.74010409062     
   80.0000000000000      < Ts <   80.0000000000000     
   196805808.834542      < Ne <   196909378.414305     
   196805808.834542      < Nh <   196909378.414249     
 CFL_Te=  1.806098413857428E-003 maxCFL_Ne=  1.394182572254635E-003 maxCFL_Ts=
  5.102011094536748E-004 CPU=   1029.50467292637      NumThreads=           8 
 Elapsed time=  7.770727234544691E-003
 CFL_Limit=  1.000000000000000E-003
 dt_init=  1.000000000000000E-018 dt=  1.000000000000000E-018
 Time= -1.490000000001702E-013 Intensity=  1.941912432240791E-002
   4789.33979464877      < Te <    4805.91967496383     
   4789.21749856219      < Th <    4839.84318778986     
   80.0000000000000      < Ts <   80.0000000000000     
   332509750.667611      < Ne <   332683632.236005     
   332509750.667611      < Nh <   332683632.235914     
 CFL_Te=  1.806372842439767E-003 maxCFL_Ne=  1.394928743739783E-003 maxCFL_Ts=
  5.102011094536748E-004 CPU=   1029.37560265226      NumThreads=           8 
 Elapsed time=  7.771701582383969E-003
 CFL_Limit=  1.000000000000000E-003
 dt_init=  1.000000000000000E-018 dt=  1.000000000000000E-018
 Time= -1.480000000001735E-013 Intensity=  3.248971634229540E-002
   4789.64695106102      < Te <    4812.55617902304     
   4789.54722626910      < Th <    4842.65296413348     
   80.0000000000000      < Ts <   80.0000000000000     
   559913485.388543      < Ne <   560204403.435061     
   559913485.388543      < Nh <   560204403.434858     
 CFL_Te=  1.806494349921988E-003 maxCFL_Ne=  1.394785227286972E-003 maxCFL_Ts=
  5.102011094536748E-004 CPU=   1029.24911562172      NumThreads=           8 
 Elapsed time=  7.772656666474355E-003
 CFL_Limit=  1.000000000000000E-003
 dt_init=  1.000000000000000E-018 dt=  1.000000000000000E-018
 Time= -1.470000000001768E-013 Intensity=  5.416977693705801E-002
   4789.72622746672      < Te <    4804.17185360196     
   4789.63795513812      < Th <    4848.10074804006     
   80.0000000000000      < Ts <   80.0000000000000     
   939663677.221099      < Ne <   940148721.425045     
   939663677.221099      < Nh <   940148721.424583     
 CFL_Te=  1.806525946543123E-003 maxCFL_Ne=  1.394677612964993E-003 maxCFL_Ts=
  5.102011094536748E-004 CPU=   1029.15873116306      NumThreads=           8 
 Elapsed time=  7.773339289420556E-003
 CFL_Limit=  1.000000000000000E-003
 dt_init=  1.000000000000000E-018 dt=  1.000000000000000E-018
 Time= -1.460000000001802E-013 Intensity=  9.000425155547633E-002
   4789.66967448461      < Te <    4806.25096287356     
   4789.59764525713      < Th <    4839.93341753757     
   80.0000000000000      < Ts <   80.0000000000000     
   1571629642.59681      < Ne <   1572435553.84535     
   1571629642.59681      < Nh <   1572435553.84500     
 CFL_Te=  1.806504185988620E-003 maxCFL_Ne=  1.394586890493766E-003 maxCFL_Ts=
  5.102011094536748E-004 CPU=   1029.07358712286      NumThreads=           8 
 Elapsed time=  7.773982444119336E-003
 CFL_Limit=  1.000000000000000E-003
 dt_init=  1.000000000000000E-018 dt=  1.000000000000000E-018
 Time= -1.450000000001835E-013 Intensity=  0.149026620296781     
   4789.52780324580      < Te <    4815.81283100872     
   4789.42644181610      < Th <    4848.17485546668     
   80.0000000000000      < Ts <   80.0000000000000     
   2619686049.08484      < Ne <   2621020461.81459     
   2619686049.08483      < Nh <   2621020461.81404     
 CFL_Te=  1.806450456932548E-003 maxCFL_Ne=  1.394503751322101E-003 maxCFL_Ts=
  5.102011094536748E-004 CPU=   1029.00941608444      NumThreads=           8 
 Elapsed time=  7.774467244858997E-003
 CFL_Limit=  1.000000000000000E-003
 dt_init=  1.000000000000000E-018 dt=  1.000000000000000E-018
 Time= -1.440000000001868E-013 Intensity=  0.245900566933201     
   4789.33833144375      < Te <    4811.02435206424     
   4789.23504134513      < Th <    4846.69728307184     
   80.0000000000000      < Ts <   80.0000000000000     
   4351777839.95345      < Ne <   4353979692.34092     
   4351777839.95345      < Nh <   4353979692.34006     
 CFL_Te=  1.806377309515942E-003 maxCFL_Ne=  1.394423661931277E-003 maxCFL_Ts=
  5.102011094536748E-004 CPU=   1028.90270782470      NumThreads=           8 
 Elapsed time=  7.775273540598939E-003
 CFL_Limit=  1.000000000000000E-003
 dt_init=  1.000000000000000E-018 dt=  1.000000000000000E-018
 Time= -1.430000000001902E-013 Intensity=  0.404343119790425     
   4789.10413911875      < Te <    4807.44187075116     
   4789.00341610430      < Th <    4832.38855443166     
   80.0000000000000      < Ts <   80.0000000000000     
   7204453713.15490      < Ne <   7208074304.24694     
   7204453713.15490      < Nh <   7208074304.24551     
 CFL_Te=  1.806292127199382E-003 maxCFL_Ne=  1.394344433521494E-003 maxCFL_Ts=
  5.102011094536748E-004 CPU=   1028.83362226617      NumThreads=           8 
 Elapsed time=  7.775795645537641E-003
 CFL_Limit=  1.000000000000000E-003
 dt_init=  1.000000000000000E-018 dt=  1.000000000000000E-018
 Time= -1.420000000001935E-013 Intensity=  0.662575595096888     
   4788.85927154114      < Te <    4807.52707600818     
   4788.76317357880      < Th <    4845.65197294192     
   80.0000000000000      < Ts <   80.0000000000000     
   11886430262.1156      < Ne <   11892363130.1404     
   11886430262.1156      < Nh <   11892363130.1373     
 CFL_Te=  1.806199263769843E-003 maxCFL_Ne=  1.394265022430587E-003 maxCFL_Ts=
  5.102011094536748E-004 CPU=   1028.77472429687      NumThreads=           8 
 Elapsed time=  7.776240814496801E-003
 CFL_Limit=  1.000000000000000E-003
 dt_init=  1.000000000000000E-018 dt=  1.000000000000000E-018
 Time= -1.410000000001969E-013 Intensity=   1.08197110566200     
   4788.60857477367      < Te <    4808.87413810290     
   4788.51244251811      < Th <    4840.87864370016     
   80.0000000000000      < Ts <   80.0000000000000     
   19544182635.2930      < Ne <   19553870869.3235     
   19544182635.2930      < Nh <   19553870869.3175     
 CFL_Te=  1.806101290737905E-003 maxCFL_Ne=  1.394184938998382E-003 maxCFL_Ts=
  5.102011094536748E-004 CPU=   1028.73098396415      NumThreads=           8 
 Elapsed time=  7.776571450363565E-003
 CFL_Limit=  1.000000000000000E-003
 dt_init=  1.000000000000000E-018 dt=  1.000000000000000E-018
 Time= -1.400000000002002E-013 Intensity=   1.76072179701996     
   4788.34381477837      < Te <    4810.38828209307     
   4788.24854834840      < Th <    4835.55151748472     
   80.0000000000000      < Ts <   80.0000000000000     
   32025737284.6974      < Ne <   32041503251.2851     
   32025737284.6974      < Nh <   32041503251.2760     
 CFL_Te=  1.805999727686192E-003 maxCFL_Ne=  1.394103957522071E-003 maxCFL_Ts=
  5.102011094536748E-004 CPU=   1028.57644051612      NumThreads=           8 
 Elapsed time=  7.777739878997983E-003
 CFL_Limit=  1.000000000000000E-003
 dt_init=  1.000000000000000E-018 dt=  1.000000000000000E-018
 Time= -1.390000000002035E-013 Intensity=   2.85535866567550     
   4788.06862271707      < Te <    4810.05017462671     
   4787.98541566159      < Th <    4827.85288990414     
   80.0000000000000      < Ts <   80.0000000000000     
   52299358415.1148      < Ne <   52324926023.4554     
   52299358415.1148      < Nh <   52324926023.4069     
 CFL_Te=  1.805895726273200E-003 maxCFL_Ne=  1.394695293423295E-003 maxCFL_Ts=
  5.102011094536748E-004 CPU=   1028.09879465807      NumThreads=           8 
 Elapsed time=  7.781353350054919E-003
 CFL_Limit=  1.000000000000000E-003
 dt_init=  1.000000000000000E-018 dt=  1.000000000000000E-018
 Time= -1.380000000002069E-013 Intensity=   4.61450845512207     
   4787.78750005337      < Te <    4803.14998460529     
   4787.72035627319      < Th <    4828.94126342054     
   80.0000000000000      < Ts <   80.0000000000000     
   85115630929.9101      < Ne <   85156950392.1234     
   85115630929.9101      < Nh <   85156950392.0532     
 CFL_Te=  1.805789194240614E-003 maxCFL_Ne=  1.394325780454161E-003 maxCFL_Ts=
  5.102011094536748E-004 CPU=   1027.60262447065      NumThreads=           8 
 Elapsed time=  7.785110517911579E-003
 CFL_Limit=  1.000000000000000E-003
 dt_init=  1.000000000000000E-018 dt=  1.000000000000000E-018
 Time= -1.370000000002102E-013 Intensity=   7.43164701947838     
   4787.50598191285      < Te <    4800.96102771437     
   4787.45160834303      < Th <    4836.80918360214     
   80.0000000000000      < Ts <   80.0000000000000     
   138050574274.369      < Ne <   138117118873.770     
   138050574274.369      < Nh <   138117118873.725     
 CFL_Te=  1.805680847363964E-003 maxCFL_Ne=  1.394078516214896E-003 maxCFL_Ts=
  5.102011094536748E-004 CPU=   1027.15313653230      NumThreads=           8 
 Elapsed time=  7.788517325671837E-003
 CFL_Limit=  1.000000000000000E-003
 dt_init=  1.000000000000000E-018 dt=  1.000000000000000E-018
 Time= -1.360000000002135E-013 Intensity=   11.9272288320214     
   4787.22033670959      < Te <    4801.95374793975     
   4787.16675243921      < Th <    4834.74183244403     
   80.0000000000000      < Ts <   80.0000000000000     
   223143006120.899      < Ne <   223249804819.093     
   223143006120.899      < Nh <   223249804819.015     
 CFL_Te=  1.805570838482775E-003 maxCFL_Ne=  1.393899766457855E-003 maxCFL_Ts=
  5.102011094536748E-004 CPU=   1026.72437046720      NumThreads=           8 
 Elapsed time=  7.791769855778997E-003
 CFL_Limit=  1.000000000000000E-003
 dt_init=  1.000000000000000E-018 dt=  1.000000000000000E-018
 Time= -1.350000000002169E-013 Intensity=   19.0760687668457     
   4786.91984625365      < Te <    4800.29625462960     
   4786.86792146585      < Th <    4829.91015566668     
   80.0000000000000      < Ts <   80.0000000000000     
   359455197066.724      < Ne <   359626007636.798     
   359455197066.724      < Nh <   359626007636.668     
 CFL_Te=  1.805459249779159E-003 maxCFL_Ne=  1.393759478785589E-003 maxCFL_Ts=
  5.102011094536748E-004 CPU=   1026.32199570088      NumThreads=           8 
 Elapsed time=  7.794824658840905E-003
 CFL_Limit=  1.000000000000000E-003
 dt_init=  1.000000000000000E-018 dt=  1.000000000000000E-018
 Time= -1.340000000002202E-013 Intensity=   30.4041633476423     
   4786.61498820405      < Te <    4796.83799845044     
   4786.57058752536      < Th <    4819.01211743629     
   80.0000000000000      < Ts <   80.0000000000000     
   577062637671.659      < Ne <   577334881688.442     
   577062637671.659      < Nh <   577334881688.258     
 CFL_Te=  1.805346120202449E-003 maxCFL_Ne=  1.393640712760307E-003 maxCFL_Ts=
  5.102011094536748E-004 CPU=   1025.91611004272      NumThreads=           8 
 Elapsed time=  7.797908544068850E-003
 CFL_Limit=  1.000000000000000E-003
 dt_init=  1.000000000000000E-018 dt=  1.000000000000000E-018
 Time= -1.330000000002235E-013 Intensity=   48.2916545115885     
   4786.31614081375      < Te <    4794.80805727444     
   4786.26865497318      < Th <    4820.59492619408     
   80.0000000000000      < Ts <   80.0000000000000     
   923247492271.125      < Ne <   923679903070.226     
   923247492271.124      < Nh <   923679903069.961     
 CFL_Te=  1.805231462081530E-003 maxCFL_Ne=  1.393533847159326E-003 maxCFL_Ts=
  5.102011094536748E-004 CPU=   1025.55387973426      NumThreads=           8 
 Elapsed time=  7.800662800937328E-003
 CFL_Limit=  1.000000000000000E-003
 dt_init=  1.000000000000000E-018 dt=  1.000000000000000E-018
 Time= -1.320000000002269E-013 Intensity=   76.4374099536951     
   4786.01065923471      < Te <    4794.22189284520     
   4785.95710178221      < Th <    4822.50546863024     
   80.0000000000000      < Ts <   80.0000000000000     
   1472077269933.12      < Ne <   1472761700753.88     
   1472077269933.11      < Nh <   1472761700753.47     
 CFL_Te=  1.805115271197354E-003 maxCFL_Ne=  1.393433377077790E-003 maxCFL_Ts=
  5.102011094536748E-004 CPU=   1025.18880326146      NumThreads=           8 
 Elapsed time=  7.803440668245122E-003
 CFL_Limit=  1.000000000000000E-003
 dt_init=  1.000000000000000E-018 dt=  1.000000000000000E-018
 Time= -1.310000000002302E-013 Intensity=   120.568731186450     
   4785.69950160162      < Te <    4794.59797514910     
   4785.63823528738      < Th <    4829.71745982456     
   80.0000000000000      < Ts <   80.0000000000000     
   2339164019876.72      < Ne <   2340243606637.18     
   2339164019876.72      < Nh <   2340243606636.60     
 CFL_Te=  1.804997532896942E-003 maxCFL_Ne=  1.393336128681432E-003 maxCFL_Ts=
  5.102011094536748E-004 CPU=   1024.82734244964      NumThreads=           8 
 Elapsed time=  7.806192973811215E-003
 CFL_Limit=  1.000000000000000E-003
 dt_init=  1.000000000000000E-018 dt=  1.000000000000000E-018
 Time= -1.300000000002336E-013 Intensity=   189.521405496306     
   4785.38518540156      < Te <    4794.95391142883     
   4785.31954581438      < Th <    4824.16093274633     
   80.0000000000000      < Ts <   80.0000000000000     
   3704321374318.34      < Ne <   3706018370040.12     
   3704321374318.34      < Nh <   3706018370037.91     
 CFL_Te=  1.804878225807741E-003 maxCFL_Ne=  1.393240256683194E-003 maxCFL_Ts=
  5.102011094536748E-004 CPU=   1024.44595108855      NumThreads=           8 
 Elapsed time=  7.809099144273490E-003
 CFL_Limit=  1.000000000000000E-003
 dt_init=  1.000000000000000E-018 dt=  1.000000000000000E-018
 Time= -1.290000000002369E-013 Intensity=   296.877098171340     
   4785.07013026663      < Te <    4792.59257632900     
   4784.99763682169      < Th <    4817.96372471021     
   80.0000000000000      < Ts <   80.0000000000000     
   5846216274097.02      < Ne <   5848874544953.10     
   5846216274097.02      < Nh <   5848874544949.63     
 CFL_Te=  1.804757324095186E-003 maxCFL_Ne=  1.393144677616881E-003 maxCFL_Ts=
  5.102011094536748E-004 CPU=   1024.09292778959      NumThreads=           8 
 Elapsed time=  7.811791081564530E-003
 CFL_Limit=  1.000000000000000E-003
 dt_init=  1.000000000000000E-018 dt=  1.000000000000000E-018
 Time= -1.280000000002402E-013 Intensity=   463.436221111202     
   4784.74640862037      < Te <    4792.10907350082     
   4784.67272943468      < Th <    4818.06539173991     
   80.0000000000000      < Ts <   80.0000000000000     
   9195167948715.81      < Ne <   9199317602747.48     
   9195167948715.81      < Nh <   9199317602745.72     
 CFL_Te=  1.804634798834286E-003 maxCFL_Ne=  1.393048747422234E-003 maxCFL_Ts=
  5.102011094536748E-004 CPU=   1023.74121009765      NumThreads=           8 
 Elapsed time=  7.814474909373741E-003
 CFL_Limit=  1.000000000000000E-003
 dt_init=  1.000000000000000E-018 dt=  1.000000000000000E-018
 Time= -1.270000000002436E-013 Intensity=   720.938306690287     
   4784.42003883054      < Te <    4796.10724558953     
   4784.34501996320      < Th <    4817.09931066710     
   80.0000000000000      < Ts <   80.0000000000000     
   14413297836151.1      < Ne <   14419753200020.6     
   14413297836151.1      < Nh <   14419753200018.0     
 CFL_Te=  1.804510784422186E-003 maxCFL_Ne=  1.393389201826536E-003 maxCFL_Ts=
  5.102011094536748E-004 CPU=   1023.41316270391      NumThreads=           8 
 Elapsed time=  7.816979780544939E-003
 CFL_Limit=  1.000000000000000E-003
 dt_init=  1.000000000000000E-018 dt=  1.000000000000000E-018
 Time= -1.260000000002469E-013 Intensity=   1117.63779565272     
   4784.08266810848      < Te <    4797.17064613963     
   4784.01222440959      < Th <    4819.80653981826     
   80.0000000000000      < Ts <   80.0000000000000     
   22515744299724.5      < Ne <   22525751789305.7     
   22515744299724.5      < Nh <   22525751789301.8     
 CFL_Te=  1.804384850485260E-003 maxCFL_Ne=  1.393116618712377E-003 maxCFL_Ts=
  5.102011094536748E-004 CPU=   1023.08477514598      NumThreads=           8 
 Elapsed time=  7.819488857957540E-003
 CFL_Limit=  1.000000000000000E-003
 dt_init=  1.000000000000000E-018 dt=  1.000000000000000E-018
 Time= -1.250000000002502E-013 Intensity=   1726.62851138827     
   4783.74316250606      < Te <    4794.93373360975     
   4783.67994181787      < Th <    4816.15550042502     
   80.0000000000000      < Ts <   80.0000000000000     
   35053295964966.5      < Ne <   35068756483182.5     
   35053295964966.5      < Nh <   35068756483176.3     
 CFL_Te=  1.804257221338288E-003 maxCFL_Ne=  1.392913878259036E-003 maxCFL_Ts=
  5.102011094536748E-004 CPU=   1022.76187760072      NumThreads=           8 
 Elapsed time=  7.821957559434127E-003
 CFL_Limit=  1.000000000000000E-003
 dt_init=  1.000000000000000E-018 dt=  1.000000000000000E-018
 Time= -1.240000000002536E-013 Intensity=   2658.22406883936     
   4783.39812055413      < Te <    4791.06734754491     
   4783.33323608900      < Th <    4821.37970810265     
   80.0000000000000      < Ts <   80.0000000000000     
   54386533278148.9      < Ne <   54410335426278.2     
   54386533278148.9      < Nh <   54410335426268.0     
 CFL_Te=  1.804127850202056E-003 maxCFL_Ne=  1.392751674381377E-003 maxCFL_Ts=
  5.102011094536748E-004 CPU=   1022.44758900432      NumThreads=           8 
 Elapsed time=  7.824361938972881E-003
 CFL_Limit=  1.000000000000000E-003
 dt_init=  1.000000000000000E-018 dt=  1.000000000000000E-018
 Time= -1.230000000002569E-013 Intensity=   4078.29948007646     
   4783.05104031758      < Te <    4794.00811631563     
   4782.98887668291      < Th <    4820.56008937437     
   80.0000000000000      < Ts <   80.0000000000000     
   84095784678834.5      < Ne <   84132302422665.1     
   84095784678834.5      < Nh <   84132302422650.6     
 CFL_Te=  1.803996693706568E-003 maxCFL_Ne=  1.392612914181743E-003 maxCFL_Ts=
  5.102011094536748E-004 CPU=   1022.16629587213      NumThreads=           8 
 Elapsed time=  7.826515149547396E-003
 CFL_Limit=  1.000000000000000E-003
 dt_init=  1.000000000000000E-018 dt=  1.000000000000000E-018
 Time= -1.220000000002602E-013 Intensity=   6235.35941631764     
   4782.69805567907      < Te <    4796.55955099747     
   4782.63313132984      < Th <    4816.55846364324     
   80.0000000000000      < Ts <   80.0000000000000     
   129591879091893.      < Ne <   129647711620449.     
   129591879091893.      < Nh <   129647711620429.     
 CFL_Te=  1.803863709985017E-003 maxCFL_Ne=  1.392487549690080E-003 maxCFL_Ts=
  5.102011094536748E-004 CPU=   1021.88284206365      NumThreads=           8 
 Elapsed time=  7.828686098539725E-003
 CFL_Limit=  1.000000000000000E-003
 dt_init=  1.000000000000000E-018 dt=  1.000000000000000E-018
 Time= -1.210000000002636E-013 Intensity=   9500.33063335556     
   4782.34100819499      < Te <    4795.88465376256     
   4782.25918868908      < Th <    4817.21686466650     
   80.0000000000000      < Ts <   80.0000000000000     
   199022620847852.      < Ne <   199107688848224.     
   199022620847852.      < Nh <   199107688848191.     
 CFL_Te=  1.803728857574731E-003 maxCFL_Ne=  1.392369628604517E-003 maxCFL_Ts=
  5.102011094536748E-004 CPU=   1021.60230968584      NumThreads=           8 
 Elapsed time=  7.830835858681755E-003
 CFL_Limit=  1.000000000000000E-003
 dt_init=  1.000000000000000E-018 dt=  1.000000000000000E-018
 Time= -1.200000000002669E-013 Intensity=   14424.8331367220     
   4781.97787947146      < Te <    4802.54351229942     
   4781.89647870804      < Th <    4815.03237669388     
   80.0000000000000      < Ts <   80.0000000000000     
   304613103359678.      < Ne <   304742267019927.     
   304613103359678.      < Nh <   304742267019871.     
 CFL_Te=  1.803592254835132E-003 maxCFL_Ne=  1.392678157769610E-003 maxCFL_Ts=
  5.102011094536748E-004 CPU=   1021.33827828528      NumThreads=           8 
 Elapsed time=  7.832860248253103E-003
 CFL_Limit=  1.000000000000000E-003
 dt_init=  1.000000000000000E-018 dt=  1.000000000000000E-018
 Time= -1.190000000002703E-013 Intensity=   21826.1796778171     
   4781.60459443909      < Te <    4796.49100200108     
   4781.53035237401      < Th <    4808.68274814183     
   80.0000000000000      < Ts <   80.0000000000000     
   464640015367688.      < Ne <   464835453352553.     
   464640015367688.      < Nh <   464835453352474.     
 CFL_Te=  1.803453643871096E-003 maxCFL_Ne=  1.392841943047891E-003 maxCFL_Ts=
  5.102011094536748E-004 CPU=   1021.07360262627      NumThreads=           8 
 Elapsed time=  7.834890628279361E-003
 CFL_Limit=  1.000000000000000E-003
 dt_init=  1.000000000000000E-018 dt=  1.000000000000000E-018
 Time= -1.180000000002736E-013 Intensity=   32910.8806942736     
   4781.23122505347      < Te <    4794.38353882224     
   4781.16570194680      < Th <    4809.95379499062     
   80.0000000000000      < Ts <   80.0000000000000     
   706328832560704.      < Ne <   706623525845005.     
   706328832560704.      < Nh <   706623525844868.     
 CFL_Te=  1.803312831002070E-003 maxCFL_Ne=  1.392462470732582E-003 maxCFL_Ts=
  5.102011094536748E-004 CPU=   1020.78946981075      NumThreads=           8 
 Elapsed time=  7.837071439895609E-003
 CFL_Limit=  1.000000000000000E-003
 dt_init=  1.000000000000000E-018 dt=  1.000000000000000E-018
 Time= -1.170000000002769E-013 Intensity=   49453.3973638854     
   4780.85432779409      < Te <    4791.28406480541     
   4780.79563394600      < Th <    4809.64439830001     
   80.0000000000000      < Ts <   80.0000000000000     
  1.070089190755272E+015 < Ne <  1.070532009179358E+015
  1.070089190755272E+015 < Nh <  1.070532009179131E+015
 CFL_Te=  1.803170017375111E-003 maxCFL_Ne=  1.392186791995968E-003 maxCFL_Ts=
  5.102011094536748E-004 CPU=   1020.53072033131      NumThreads=           8 
 Elapsed time=  7.839058482632321E-003
 CFL_Limit=  1.000000000000000E-003
 dt_init=  1.000000000000000E-018 dt=  1.000000000000000E-018
 Time= -1.160000000002803E-013 Intensity=   74053.8445926705     
   4780.46946778740      < Te <    4792.20020103049     
   4780.41168472189      < Th <    4808.58811148033     
   80.0000000000000      < Ts <   80.0000000000000     
  1.615683036091088E+015 < Ne <  1.616346132213496E+015
  1.615683036091088E+015 < Nh <  1.616346132213133E+015
 CFL_Te=  1.803025774040350E-003 maxCFL_Ne=  1.391973234060323E-003 maxCFL_Ts=
  5.102011094536748E-004 CPU=   1020.27422279253      NumThreads=           8 
 Elapsed time=  7.841029226538411E-003
 CFL_Limit=  1.000000000000000E-003
 dt_init=  1.000000000000000E-018 dt=  1.000000000000000E-018
 Time= -1.150000000002836E-013 Intensity=   110508.055842179     
   4780.07864113785      < Te <    4791.01023697924     
   4780.01505355928      < Th <    4811.82349518036     
   80.0000000000000      < Ts <   80.0000000000000     
  2.431173407161619E+015 < Ne <  2.432162922386098E+015
  2.431173407161619E+015 < Nh <  2.432162922385565E+015
 CFL_Te=  1.802881867215053E-003 maxCFL_Ne=  1.391796838130513E-003 maxCFL_Ts=
  5.102011094536748E-004 CPU=   1020.04440386533      NumThreads=           8 
 Elapsed time=  7.842795832892152E-003
 CFL_Limit=  1.000000000000000E-003
 dt_init=  1.000000000000000E-018 dt=  1.000000000000000E-018
 Time= -1.140000000002869E-013 Intensity=   164336.909951116     
   4779.68455035310      < Te <    4788.54399280787     
   4779.61726920042      < Th <    4812.24868980821     
   80.0000000000000      < Ts <   80.0000000000000     
  3.645857918227930E+015 < Ne <  3.647329427108024E+015
  3.645857918227930E+015 < Nh <  3.647329427107139E+015
 CFL_Te=  1.802733945608925E-003 maxCFL_Ne=  1.391642541302034E-003 maxCFL_Ts=
  5.102011094536748E-004 CPU=   1019.81044853312      NumThreads=           8 
 Elapsed time=  7.844595053430855E-003
 CFL_Limit=  1.000000000000000E-003
 dt_init=  1.000000000000000E-018 dt=  1.000000000000000E-018
 Time= -1.130000000002903E-013 Intensity=   243540.472772856     
   4779.28816172653      < Te <    4788.78918012059     
   4779.20549117085      < Th <    4823.03138365517     
   80.0000000000000      < Ts <   80.0000000000000     
  5.448889904119529E+015 < Ne <  5.451070612958868E+015
  5.448889904119529E+015 < Nh <  5.451070612957327E+015
 CFL_Te=  1.802582080019366E-003 maxCFL_Ne=  1.391501185309168E-003 maxCFL_Ts=
  5.102011094536748E-004 CPU=   1019.58209764654      NumThreads=           8 
 Elapsed time=  7.846351969562869E-003
 CFL_Limit=  1.000000000000000E-003
 dt_init=  1.000000000000000E-018 dt=  1.000000000000000E-018
 Time= -1.120000000002936E-013 Intensity=   359668.184683424     
   4778.87968418978      < Te <    4790.65566262145     
   4778.80130038871      < Th <    4820.51701758008     
   80.0000000000000      < Ts <   80.0000000000000     
  8.115985916945374E+015 < Ne <  8.119206467269570E+015
  8.115985916945373E+015 < Nh <  8.119206467267101E+015
 CFL_Te=  1.802427429440985E-003 maxCFL_Ne=  1.391367160230872E-003 maxCFL_Ts=
  5.102011094536748E-004 CPU=   1019.36023833492      NumThreads=           8 
 Elapsed time=  7.848059693860158E-003
 CFL_Limit=  1.000000000000000E-003
 dt_init=  1.000000000000000E-018 dt=  1.000000000000000E-018
 Time= -1.110000000002969E-013 Intensity=   529331.514559278     
   4778.46555037030      < Te <    4789.79808470346     
   4778.39526065247      < Th <    4811.27676110723     
   80.0000000000000      < Ts <   80.0000000000000     
  1.204758432505787E+016 < Ne <  1.205232407844476E+016
  1.204758432505787E+016 < Nh <  1.205232407844106E+016
 CFL_Te=  1.802270488466684E-003 maxCFL_Ne=  1.391237002620649E-003 maxCFL_Ts=
  5.102011094536748E-004 CPU=   1019.13894010295      NumThreads=           8 
 Elapsed time=  7.849763840043147E-003
 CFL_Limit=  1.000000000000000E-003
 dt_init=  1.000000000000000E-018 dt=  1.000000000000000E-018
 Time= -1.100000000003003E-013 Intensity=   776333.504121240     
   4778.04155457768      < Te <    4788.80318667465     
   4777.97597442700      < Th <    4811.91882464687     
   80.0000000000001      < Ts <   80.0000000000001     
  1.782315539698659E+016 < Ne <  1.783010686414002E+016
  1.782315539698659E+016 < Nh <  1.783010686413455E+016
 CFL_Te=  1.802111355906502E-003 maxCFL_Ne=  1.391108555482607E-003 maxCFL_Ts=
  5.102011094536749E-004 CPU=   1018.92058766088      NumThreads=           8 
 Elapsed time=  7.851446027178081E-003
 CFL_Limit=  1.000000000000000E-003
 dt_init=  1.000000000000000E-018 dt=  1.000000000000000E-018
 Time= -1.090000000003036E-013 Intensity=   1134654.80755462     
   4777.61593569187      < Te <    4793.46551549131     
   4777.54939455628      < Th <    4817.50565627489     
   80.0000000000001      < Ts <   80.0000000000001     
  2.627820181085318E+016 < Ne <  2.628836182056920E+016
  2.627820181085318E+016 < Nh <  2.628836182056132E+016
 CFL_Te=  1.801949980972938E-003 maxCFL_Ne=  1.390980461541566E-003 maxCFL_Ts=
  5.102011094536749E-004 CPU=   1018.71378618981      NumThreads=           8 
 Elapsed time=  7.853039890548249E-003
 CFL_Limit=  1.000000000000000E-003
 dt_init=  1.000000000000000E-018 dt=  1.000000000000000E-018
 Time= -1.080000000003070E-013 Intensity=   1652623.92535867     
   4777.17918898659      < Te <    4790.62800615618     
   4777.11729042090      < Th <    4813.54382182008     
   80.0000000000011      < Ts <   80.0000000000015     
  3.861300831602985E+016 < Ne <  3.862780641906818E+016
  3.861300831602985E+016 < Nh <  3.862780641905610E+016
 CFL_Te=  1.801786269152367E-003 maxCFL_Ne=  1.390851855636756E-003 maxCFL_Ts=
  5.102011094536777E-004 CPU=   1018.50695127618      NumThreads=           8 
 Elapsed time=  7.854634659072381E-003
 CFL_Limit=  1.000000000000000E-003
 dt_init=  1.000000000000000E-018 dt=  1.000000000000000E-018
 Time= -1.070000000003103E-013 Intensity=   2398717.83430975     
   4776.74150539584      < Te <    4788.46819057358     
   4776.67637499034      < Th <    4813.14280549624     
   80.0000000000336      < Ts <   80.0000000000343     
  5.654563749535822E+016 < Ne <  5.656711634180706E+016
  5.654563749535822E+016 < Nh <  5.656711634178787E+016
 CFL_Te=  1.801620119993075E-003 maxCFL_Ne=  1.390722176872111E-003 maxCFL_Ts=
  5.102011094537700E-004 CPU=   1018.30530082293      NumThreads=           8 
 Elapsed time=  7.856190077312660E-003
 CFL_Limit=  1.000000000000000E-003
 dt_init=  1.000000000000000E-018 dt=  1.000000000000000E-018
 Time= -1.060000000003136E-013 Intensity=   3469597.86881172     
   4776.29794636411      < Te <    4787.23346601603     
   4776.23015151186      < Th <    4810.81730543207     
   80.0000000000784      < Ts <   80.0000000000794     
  8.252633919927629E+016 < Ne <  8.255740694184080E+016
  8.252633919927627E+016 < Nh <  8.255740694181213E+016
 CFL_Te=  1.801451438209631E-003 maxCFL_Ne=  1.390591053241067E-003 maxCFL_Ts=
  5.102011094538966E-004 CPU=   1018.07936345297      NumThreads=           8 
 Elapsed time=  7.857933563123011E-003
 CFL_Limit=  1.000000000000000E-003
 dt_init=  1.000000000000000E-018 dt=  1.000000000000000E-018
 Time= -1.050000000003170E-013 Intensity=   5001197.10000210     
   4775.84501345091      < Te <    4788.98520006391     
   4775.77484192579      < Th <    4812.22272920662     
   80.0000000001451      < Ts <   80.0000000001467     
  1.200368576713226E+017 < Ne <  1.200816398070487E+017
  1.200368576713226E+017 < Nh <  1.200816398070064E+017
 CFL_Te=  1.801280135314897E-003 maxCFL_Ne=  1.390458230371667E-003 maxCFL_Ts=
  5.102011094540858E-004 CPU=   1017.87229797764      NumThreads=           8 
 Elapsed time=  7.859532100337898E-003
 CFL_Limit=  1.000000000000000E-003
 dt_init=  1.000000000000000E-018 dt=  1.000000000000000E-018
 Time= -1.040000000003203E-013 Intensity=   7183955.75640268     
   4775.38369346287      < Te <    4785.71469841560     
   4775.31699641599      < Th <    4808.71624231501     
   80.0000000002446      < Ts <   80.0000000002471     
  1.740066241996527E+017 < Ne <  1.740709514312498E+017
  1.740066241996527E+017 < Nh <  1.740709514311874E+017
 CFL_Te=  1.801106128339278E-003 maxCFL_Ne=  1.390323527282078E-003 maxCFL_Ts=
  5.102011094543682E-004 CPU=   1017.65159189438      NumThreads=           8 
 Elapsed time=  7.861236658715194E-003
 CFL_Limit=  1.000000000000000E-003
 dt_init=  1.000000000000000E-018 dt=  1.000000000000000E-018
 Time= -1.030000000003236E-013 Intensity=   10283671.0777696     
   4774.91273418743      < Te <    4786.33391961052     
   4774.84717337060      < Th <    4807.90393263263     
   80.0000000003886      < Ts <   80.0000000003924     
  2.513892199111162E+017 < Ne <  2.514813028923720E+017
  2.513892199111161E+017 < Nh <  2.514813028922831E+017
 CFL_Te=  1.800929337985566E-003 maxCFL_Ne=  1.390186808760946E-003 maxCFL_Ts=
  5.102011094547764E-004 CPU=   1017.46291572001      NumThreads=           8 
 Elapsed time=  7.862694429839483E-003
 CFL_Limit=  1.000000000000000E-003
 dt_init=  1.000000000000000E-018 dt=  1.000000000000000E-018
 Time= -1.020000000003270E-013 Intensity=   14669913.5881456     
   4774.43817026982      < Te <    4786.82408107895     
   4774.36123405837      < Th <    4805.98391375648     
   80.0000000005976      < Ts <   80.0000000006032     
  3.619576974731156E+017 < Ne <  3.620890562074096E+017
  3.619576974731156E+017 < Nh <  3.620890562072881E+017
 CFL_Te=  1.800749686969994E-003 maxCFL_Ne=  1.390047968033085E-003 maxCFL_Ts=
  5.102011094553681E-004 CPU=   1017.27170195407      NumThreads=           8 
 Elapsed time=  7.864172358901621E-003
 CFL_Limit=  1.000000000000000E-003
 dt_init=  1.000000000000000E-018 dt=  1.000000000000000E-018
 Time= -1.010000000003303E-013 Intensity=   20854596.1456827     
   4773.95507316281      < Te <    4785.77709341197     
   4773.87088696024      < Th <    4817.15022252876     
   80.0000000008993      < Ts <   80.0000000009068     
  5.193975404703010E+017 < Ne <  5.195842786539076E+017
  5.193975404703010E+017 < Nh <  5.195842786537427E+017
 CFL_Te=  1.800567098719415E-003 maxCFL_Ne=  1.389906915820084E-003 maxCFL_Ts=
  5.102011094562214E-004 CPU=   1017.08811071422      NumThreads=           8 
 Elapsed time=  7.865591894867626E-003
 CFL_Limit=  1.000000000000000E-003
 dt_init=  1.000000000000000E-018 dt=  1.000000000000000E-018
 Time= -1.000000000003336E-013 Intensity=   29544106.6529977     
   4773.46091244323      < Te <    4784.43750302363     
   4773.37889906137      < Th <    4824.77840882539     
   80.0000000013323      < Ts <   80.0000000013431     
  7.428027254318062E+017 < Ne <  7.430672723349021E+017
  7.428027254318062E+017 < Nh <  7.430672723346771E+017
 CFL_Te=  1.800381496402741E-003 maxCFL_Ne=  1.389763573395840E-003 maxCFL_Ts=
  5.102011094574485E-004 CPU=   1016.90789109208      NumThreads=           8 
 Elapsed time=  7.866985859858597E-003
 CFL_Limit=  1.000000000000000E-003
 dt_init=  1.000000000000000E-018 dt=  1.000000000000000E-018
 Time= -9.900000000033698E-014 Intensity=   41709481.4776225     
   4772.96241463914      < Te <    4784.94527676986     
   4772.86475092404      < Th <    4825.49910655053     
   80.0000000019513      < Ts <   80.0000000019667     
  1.058715458540452E+018 < Ne <  1.059088938094918E+018
  1.058715458540452E+018 < Nh <  1.059088938094625E+018
 CFL_Te=  1.800192802225451E-003 maxCFL_Ne=  1.389617868149321E-003 maxCFL_Ts=
  5.102011094592027E-004 CPU=   1016.71910071946      NumThreads=           8 
 Elapsed time=  7.868446647986613E-003
 CFL_Limit=  1.000000000000000E-003
 dt_init=  1.000000000000000E-018 dt=  1.000000000000000E-018
 Time= -9.800000000034032E-014 Intensity=   58680468.0536664     
   4772.45620558373      < Te <    4782.45112707556     
   4772.35106562660      < Th <    4812.66818795395     
   80.0000000028343      < Ts <   80.0000000028559     
  1.503896125239040E+018 < Ne <  1.504421567887862E+018
  1.503896125239040E+018 < Nh <  1.504421567887507E+018
 CFL_Te=  1.800000936916255E-003 maxCFL_Ne=  1.389469730727789E-003 maxCFL_Ts=
  5.102011094617045E-004 CPU=   1016.53676362177      NumThreads=           8 
 Elapsed time=  7.869858018215865E-003
 CFL_Limit=  1.000000000000000E-003
 dt_init=  1.000000000000000E-018 dt=  1.000000000000000E-018
 Time= -9.700000000034366E-014 Intensity=   82271079.8515605     
   4771.94333291814      < Te <    4780.57817215033     
   4771.83624923683      < Th <    4809.12240950761     
   80.0000000040853      < Ts <   80.0000000041183     
  2.129069886852385E+018 < Ne <  2.129806565856424E+018
  2.129069886852385E+018 < Nh <  2.129806565855922E+018
 CFL_Te=  1.799805819348641E-003 maxCFL_Ne=  1.389319093180650E-003 maxCFL_Ts=
  5.102011094652538E-004 CPU=   1016.35967284313      NumThreads=           8 
 Elapsed time=  7.871229264361790E-003
 CFL_Limit=  1.000000000000000E-003
 dt_init=  1.000000000000000E-018 dt=  1.000000000000000E-018
 Time= -9.600000000034699E-014 Intensity=   114946479.923098     
   4771.41437009441      < Te <    4781.51839306701     
   4771.31625246258      < Th <    4806.66001610994     
   80.0000000058580      < Ts <   80.0000000059034     
  3.003974027224195E+018 < Ne <  3.005003291265723E+018
  3.003974027224194E+018 < Nh <  3.005003291264955E+018
 CFL_Te=  1.799607366255183E-003 maxCFL_Ne=  1.389165887739562E-003 maxCFL_Ts=
  5.102011094702730E-004 CPU=   1016.18126669166      NumThreads=           8 
 Elapsed time=  7.872611178953643E-003
 CFL_Limit=  1.000000000000000E-003
 dt_init=  1.000000000000000E-018 dt=  1.000000000000000E-018
 Time= -9.500000000035033E-014 Intensity=   160043855.317290     
   4770.87685756552      < Te <    4780.72870607545     
   4770.78547523367      < Th <    4809.76544185734     
   80.0000000083486      < Ts <   80.0000000084168     
  4.224130374395176E+018 < Ne <  4.225563453582031E+018
  4.224130374395175E+018 < Nh <  4.225563453580768E+018
 CFL_Te=  1.799405492004838E-003 maxCFL_Ne=  1.389010046004848E-003 maxCFL_Ts=
  5.102011094773351E-004 CPU=   1015.99487744051      NumThreads=           8 
 Elapsed time=  7.874055448147125E-003
 CFL_Limit=  1.000000000000000E-003
 dt_init=  1.000000000000000E-018 dt=  1.000000000000000E-018
 Time= -9.400000000035367E-014 Intensity=   222063501.294921     
   4770.33056040688      < Te <    4781.44612762606     
   4770.24237034145      < Th <    4812.00297675222     
   80.0000000118530      < Ts <   80.0000000119501     
  5.919895804602828E+018 < Ne <  5.921884226712327E+018
  5.919895804602827E+018 < Nh <  5.921884226710419E+018
 CFL_Te=  1.799200108423073E-003 maxCFL_Ne=  1.388851498392706E-003 maxCFL_Ts=
  5.102011094872592E-004 CPU=   1015.79816188558      NumThreads=           8 
 Elapsed time=  7.875580307361390E-003
 CFL_Limit=  1.000000000000000E-003
 dt_init=  1.000000000000000E-018 dt=  1.000000000000000E-018
 Time= -9.300000000035700E-014 Intensity=   307050784.689675     
   4769.77384206414      < Te <    4783.43525521496     
   4769.68620797075      < Th <    4805.71982170612     
   80.0000000167469      < Ts <   80.0000000168891     
  8.268508229355778E+018 < Ne <  8.271257660807085E+018
  8.268508229355777E+018 < Nh <  8.271257660804390E+018
 CFL_Te=  1.798991124641549E-003 maxCFL_Ne=  1.388690173750969E-003 maxCFL_Ts=
  5.102011095011382E-004 CPU=   1015.61698338423      NumThreads=           8 
 Elapsed time=  7.876985252198619E-003
 CFL_Limit=  1.000000000000000E-003
 dt_init=  1.000000000000000E-018 dt=  1.000000000000000E-018
 Time= -9.200000000036034E-014 Intensity=   423095192.007019     
   4769.20900313467      < Te <    4781.40181735512     
   4769.12558559170      < Th <    4811.09635211386     
   80.0000000235807      < Ts <   80.0000000237884     
  1.151005441025804E+019 < Ne <  1.151384295808519E+019
  1.151005441025804E+019 < Nh <  1.151384295808100E+019
 CFL_Te=  1.798778446968973E-003 maxCFL_Ne=  1.388525999084872E-003 maxCFL_Ts=
  5.102011095205023E-004 CPU=   1015.43183560808      NumThreads=           8 
 Elapsed time=  7.878421494643469E-003
 CFL_Limit=  1.000000000000000E-003
 dt_init=  1.000000000000000E-018 dt=  1.000000000000000E-018
 Time= -9.100000000036367E-014 Intensity=   580979513.569648     
   4768.63585498926      < Te <    4778.61342052524     
   4768.55590590348      < Th <    4802.90765650903     
   80.0000000330699      < Ts <   80.0000000333569     
  1.596855013876025E+019 < Ne <  1.597375244374649E+019
  1.596855013876025E+019 < Nh <  1.597375244374027E+019
 CFL_Te=  1.798561978778248E-003 maxCFL_Ne=  1.388358899355902E-003 maxCFL_Ts=
  5.102011095473813E-004 CPU=   1015.25493801741      NumThreads=           8 
 Elapsed time=  7.879794227469976E-003
 CFL_Limit=  1.000000000000000E-003
 dt_init=  1.000000000000000E-018 dt=  1.000000000000000E-018
 Time= -9.000000000036701E-014 Intensity=   795020627.865727     
   4768.05295795135      < Te <    4776.40616875652     
   4767.97409531899      < Th <    4800.46241682623     
   80.0000000462314      < Ts <   80.0000000466197     
  2.207965561031793E+019 < Ne <  2.208677450916824E+019
  2.207965561031793E+019 < Nh <  2.208677450915960E+019
 CFL_Te=  1.798341620407834E-003 maxCFL_Ne=  1.388188797330860E-003 maxCFL_Ts=
  5.102011095846584E-004 CPU=   1015.07810493743      NumThreads=           8 
 Elapsed time=  7.881166937881254E-003
 CFL_Limit=  1.000000000000000E-003
 dt_init=  1.000000000000000E-018 dt=  1.000000000000000E-018
 Time= -8.900000000037035E-014 Intensity=   1084153623.55440     
   4767.45688011658      < Te <    4780.44474490447     
   4767.38186052364      < Th <    4797.01845748054     
   80.0000000643655      < Ts <   80.0000000648953     
  3.042696453143377E+019 < Ne <  3.043667240561591E+019
  3.042696453143377E+019 < Nh <  3.043667240560423E+019
 CFL_Te=  1.798117269077209E-003 maxCFL_Ne=  1.388015613467279E-003 maxCFL_Ts=
  5.102011096360279E-004 CPU=   1014.90642613314      NumThreads=           8 
 Elapsed time=  7.882500094595447E-003
 CFL_Limit=  1.000000000000000E-003
 dt_init=  1.000000000000000E-018 dt=  1.000000000000000E-018
 Time= -8.800000000037368E-014 Intensity=   1473323459.87788     
   4766.84832492695      < Te <    4777.30515181253     
   4766.77749637121      < Th <    4794.93504374650     
   80.0000000893444      < Ts <   80.0000000900471     
  4.178932272914163E+019 < Ne <  4.180251536238535E+019
  4.178932272914163E+019 < Nh <  4.180251536234507E+019
 CFL_Te=  1.797888818818034E-003 maxCFL_Ne=  1.387839265827724E-003 maxCFL_Ts=
  5.102011097067994E-004 CPU=   1014.72781168145      NumThreads=           8 
 Elapsed time=  7.883887588282039E-003
 CFL_Limit=  1.000000000000000E-003
 dt_init=  1.000000000000000E-018 dt=  1.000000000000000E-018
 Time= -8.700000000037702E-014 Intensity=   1995263384.29891     
   4766.23089864436      < Te <    4776.23126449071     
   4766.15915255347      < Th <    4804.23240461480     
   80.0000001236022      < Ts <   80.0000001245511     
  5.720227200081889E+019 < Ne <  5.722013828253506E+019
  5.720227200081888E+019 < Nh <  5.722013828247526E+019
 CFL_Te=  1.797656160424371E-003 maxCFL_Ne=  1.387659670019749E-003 maxCFL_Ts=
  5.102011098038274E-004 CPU=   1014.57479557767      NumThreads=           8 
 Elapsed time=  7.885076620147081E-003
 CFL_Limit=  1.000000000000000E-003
 dt_init=  1.000000000000000E-018 dt=  1.000000000000000E-018
 Time= -8.600000000038036E-014 Intensity=   2692757295.95815     
   4765.60276380741      < Te <    4775.36840472858     
   4765.52414789567      < Th <    4807.39888390472     
   80.0000001703189      < Ts <   80.0000001716245     
  7.803750227619835E+019 < Ne <  7.806161416865712E+019
  7.803750227619835E+019 < Nh <  7.806161416856489E+019
 CFL_Te=  1.797419181427029E-003 maxCFL_Ne=  1.387476739161675E-003 maxCFL_Ts=
  5.102011099362818E-004 CPU=   1014.41904768218      NumThreads=           8 
 Elapsed time=  7.886287248133755E-003
 CFL_Limit=  1.000000000000000E-003
 dt_init=  1.000000000000000E-018 dt=  1.000000000000000E-018
 Time= -8.500000000038369E-014 Intensity=   3621504588.32363     
   4764.96183805125      < Te <    4777.15237911678     
   4764.88016160708      < Th <    4800.55877276499     
   80.0000002340051      < Ts <   80.0000002358505     
  1.061051581690664E+020 < Ne <  1.061375864446391E+020
  1.061051581690664E+020 < Nh <  1.061375864445063E+020
 CFL_Te=  1.797177766098629E-003 maxCFL_Ne=  1.387290383876856E-003 maxCFL_Ts=
  5.102011101168487E-004 CPU=   1014.27004703190      NumThreads=           8 
 Elapsed time=  7.887445777789371E-003
 CFL_Limit=  1.000000000000000E-003
 dt_init=  1.000000000000000E-018 dt=  1.000000000000000E-018
 Time= -8.400000000038703E-014 Intensity=   4853731164.66279     
   4764.30666792815      < Te <    4778.15588346419     
   4764.22847631904      < Th <    4801.39955434827     
   80.0000003202688      < Ts <   80.0000003228948     
  1.437850168547058E+020 < Ne <  1.438284791386755E+020
  1.437850168547058E+020 < Nh <  1.438284791384986E+020
 CFL_Te=  1.796931795498297E-003 maxCFL_Ne=  1.387100512321704E-003 maxCFL_Ts=
  5.102011103616375E-004 CPU=   1013.43195951808      NumThreads=           8 
 Elapsed time=  7.893968534211501E-003
 CFL_Limit=  1.000000000000000E-003
 dt_init=  1.000000000000000E-018 dt=  1.000000000000000E-018
 Time= -8.300000000039037E-014 Intensity=   6482719740.01183     
   4763.63962606789      < Te <    4777.58893024211     
   4763.56171168841      < Th <    4801.83728652026     
   80.0000004365581      < Ts <   80.0000004406355     
  1.941939690749733E+020 < Ne <  1.942520182214977E+020
  1.941939690749733E+020 < Nh <  1.942520182212523E+020
 CFL_Te=  1.796681147571278E-003 maxCFL_Ne=  1.386907041630291E-003 maxCFL_Ts=
  5.102011106922592E-004 CPU=   1011.70407318622      NumThreads=           8 
 Elapsed time=  7.907450619236062E-003
 CFL_Limit=  1.000000000000000E-003
 dt_init=  1.000000000000000E-018 dt=  1.000000000000000E-018
 Time= -8.200000000039370E-014 Intensity=   8628466652.99022     
   4762.96100692093      < Te <    4775.74957101428     
   4762.87935249710      < Th <    4803.34177572834     
   80.0000005934209      < Ts <   80.0000005994483     
  2.613989340297177E+020 < Ne <  2.614761973458349E+020
  2.613989340297177E+020 < Nh <  2.614761973454654E+020
 CFL_Te=  1.796425702166626E-003 maxCFL_Ne=  1.386713898753578E-003 maxCFL_Ts=
  5.102011111381533E-004 CPU=   1010.00923893452      NumThreads=           8 
 Elapsed time=  7.920719624742582E-003
 CFL_Limit=  1.000000000000000E-003
 dt_init=  1.000000000000000E-018 dt=  1.000000000000000E-018
 Time= -8.100000000039704E-014 Intensity=   11444711601.4082     
   4762.26752438554      < Te <    4778.29411290701     
   4762.18005067495      < Th <    4800.37545353393     
   80.0000008045315      < Ts <   80.0000008132771     
  3.506863657417602E+020 < Ne <  3.507888475562057E+020
  3.506863657417602E+020 < Nh <  3.507888475556779E+020
 CFL_Te=  1.796165343987167E-003 maxCFL_Ne=  1.386514640369884E-003 maxCFL_Ts=
  5.102011117381558E-004 CPU=   1008.35437303950      NumThreads=           8 
 Elapsed time=  7.933718753939108E-003
 CFL_Limit=  1.000000000000000E-003
 dt_init=  1.000000000000000E-018 dt=  1.000000000000000E-018
 Time= -8.000000000040038E-014 Intensity=   15127631309.3281     
   4761.56139813909      < Te <    4779.71053264688     
   4761.47315005306      < Th <    4800.58839422086     
   80.0000010862417      < Ts <   80.0000010991418     
  4.689019101838937E+020 < Ne <  4.690373713190257E+020
  4.689019101838937E+020 < Nh <  4.690373713182847E+020
 CFL_Te=  1.795899921788477E-003 maxCFL_Ne=  1.386310178631478E-003 maxCFL_Ts=
  5.102011125405864E-004 CPU=   1006.71628395909      NumThreads=           8 
 Elapsed time=  7.946628188568238E-003
 CFL_Limit=  1.000000000000000E-003
 dt_init=  1.000000000000000E-018 dt=  1.000000000000000E-018
 Time= -7.900000000040371E-014 Intensity=   19926538345.3390     
   4760.84121521945      < Te <    4779.06754796538     
   4760.75238681584      < Th <    4805.83081637751     
   80.0000014623917      < Ts <   80.0000014812983     
  6.248765984696412E+020 < Ne <  6.250550325017173E+020
  6.248765984696412E+020 < Nh <  6.250550325006096E+020
 CFL_Te=  1.795629294190828E-003 maxCFL_Ne=  1.386101021263363E-003 maxCFL_Ts=
  5.102011136132671E-004 CPU=   1005.10784452931      NumThreads=           8 
 Elapsed time=  7.959344903676890E-003
 CFL_Limit=  1.000000000000000E-003
 dt_init=  1.000000000000000E-018 dt=  1.000000000000000E-018
 Time= -7.800000000040705E-014 Intensity=   26156982205.2235     
   4760.10500477071      < Te <    4779.81286855478     
   4760.01852460947      < Th <    4810.44942818729     
   80.0000019626223      < Ts <   80.0000019904673     
  8.299592624581716E+020 < Ne <  8.301934893581051E+020
  8.299592624581716E+020 < Nh <  8.301934893565860E+020
 CFL_Te=  1.795353332682922E-003 maxCFL_Ne=  1.385887425165378E-003 maxCFL_Ts=
  5.102011150393001E-004 CPU=   1003.54126911086      NumThreads=           8 
 Elapsed time=  7.971769817785392E-003
 CFL_Limit=  1.000000000000000E-003
 dt_init=  1.000000000000000E-018 dt=  1.000000000000000E-018
 Time= -7.700000000041038E-014 Intensity=   34216711204.1343     
   4759.35569187587      < Te <    4779.50633317459     
   4759.27045043457      < Th <    4805.89911411455     
   80.0000026278919      < Ts <   80.0000026647794     
  1.098678685618417E+021 < Ne <  1.098985086622876E+021
  1.098678685618417E+021 < Nh <  1.098985086621931E+021
 CFL_Te=  1.795071916676539E-003 maxCFL_Ne=  1.385669493449035E-003 maxCFL_Ts=
  5.102011169269490E-004 CPU=   1001.99637996945      NumThreads=           8 
 Elapsed time=  7.984060780981959E-003
 CFL_Limit=  1.000000000000000E-003
 dt_init=  1.000000000000000E-018 dt=  1.000000000000000E-018
 Time= -7.600000000041372E-014 Intensity=   44605020284.2526     
   4758.59247215167      < Te <    4784.09740303471     
   4758.50844532238      < Th <    4805.19189694235     
   80.0000035064306      < Ts <   80.0000035572896     
  1.449563402277753E+021 < Ne <  1.449962832784646E+021
  1.449563402277753E+021 < Nh <  1.449962832783230E+021
 CFL_Te=  1.794784907184722E-003 maxCFL_Ne=  1.385447229967397E-003 maxCFL_Ts=
  5.102011194234517E-004 CPU=   1000.49340557224      NumThreads=           8 
 Elapsed time=  7.996054702054049E-003
 CFL_Limit=  1.000000000000000E-003
 dt_init=  1.000000000000000E-018 dt=  1.000000000000000E-018
 Time= -7.500000000041706E-014 Intensity=   57946080788.9163     
   4757.81785882610      < Te <    4780.22039141903     
   4757.72984617336      < Th <    4800.40484249711     
   80.0000046598961      < Ts <   80.0000047315283     
  1.906152072435061E+021 < Ne <  1.906670976684461E+021
  1.906152072435061E+021 < Nh <  1.906670976682334E+021
 CFL_Te=  1.794492176818202E-003 maxCFL_Ne=  1.385220599095453E-003 maxCFL_Ts=
  5.102011227079211E-004 CPU=   999.003614794627      NumThreads=           8 
 Elapsed time=  8.007979031832254E-003
 CFL_Limit=  1.000000000000000E-003
 dt_init=  1.000000000000000E-018 dt=  1.000000000000000E-018
 Time= -7.400000000042039E-014 Intensity=   75016922429.3769     
   4757.02866727069      < Te <    4783.07000960619     
   4756.93305551115      < Th <    4798.59470845061     
   80.0000061787771      < Ts <   80.0000062720605     
  2.498233031841141E+021 < Ne <  2.498904811016589E+021
  2.498233031841141E+021 < Nh <  2.498904811013658E+021
 CFL_Te=  1.794265319259372E-003 maxCFL_Ne=  1.384989534414515E-003 maxCFL_Ts=
  5.102011270220247E-004 CPU=   997.536370415238      NumThreads=           8 
 Elapsed time=  8.019757712362796E-003
 CFL_Limit=  1.000000000000000E-003
 dt_init=  1.000000000000000E-018 dt=  1.000000000000000E-018
 Time= -7.300000000042373E-014 Intensity=   96780813434.0733     
   4756.22325089353      < Te <    4777.98429152814     
   4756.12691700731      < Th <    4801.95219711693     
   80.0000081612543      < Ts <   80.0000082895858     
  3.263357949764238E+021 < Ne <  3.264224633295381E+021
  3.263357949764238E+021 < Nh <  3.264224633291026E+021
 CFL_Te=  1.793889038041807E-003 maxCFL_Ne=  1.384753944478656E-003 maxCFL_Ts=
  5.102011326658655E-004 CPU=   996.114182879533      NumThreads=           8 
 Elapsed time=  8.031207804785865E-003
 CFL_Limit=  1.000000000000000E-003
 dt_init=  1.000000000000000E-018 dt=  1.000000000000000E-018
 Time= -7.200000000042707E-014 Intensity=   124426860014.131     
   4755.40309879596      < Te <    4779.30618845596     
   4756.77020263547      < Th <    4801.32327220707     
   80.0000107487644      < Ts <   80.0000109208829     
  4.248681549198760E+021 < Ne <  4.249795815099404E+021
  4.248681549198760E+021 < Nh <  4.249795815092943E+021
 CFL_Te=  1.793578386395213E-003 maxCFL_Ne=  1.384513730079180E-003 maxCFL_Ts=
  5.102011400242238E-004 CPU=   994.707063111106      NumThreads=           8 
 Elapsed time=  8.042568809131321E-003
 CFL_Limit=  1.000000000000000E-003
 dt_init=  1.000000000000000E-018 dt=  1.000000000000000E-018
 Time= -7.100000000043040E-014 Intensity=   159416717950.191     
   4754.56481318697      < Te <    4776.00068460605     
   4755.52143749541      < Th <    4798.51330828535     
   80.0000141070686      < Ts <   80.0000143379153     
  5.513187017476569E+021 < Ne <  5.514614630516211E+021
  5.513187017476569E+021 < Nh <  5.514614630507283E+021
 CFL_Te=  1.793261547006326E-003 maxCFL_Ne=  1.384268810656483E-003 maxCFL_Ts=
  5.102011495697463E-004 CPU=   993.332991811509      NumThreads=           8 
 Elapsed time=  8.053694044139878E-003
 CFL_Limit=  1.000000000000000E-003
 dt_init=  1.000000000000000E-018 dt=  1.000000000000000E-018
 Time= -7.000000000043374E-014 Intensity=   203539373738.430     
   4753.70906054102      < Te <    4772.00157047576     
   4753.60739297887      < Th <    4792.81046663287     
   80.0000184618372      < Ts <   80.0000187581634     
  7.130365032312379E+021 < Ne <  7.132187776055987E+021
  7.130365032312379E+021 < Nh <  7.132187776043627E+021
 CFL_Te=  1.792938545547091E-003 maxCFL_Ne=  1.384312319454307E-003 maxCFL_Ts=
  5.102011619489388E-004 CPU=   991.978947236732      NumThreads=           8 
 Elapsed time=  8.064687282209864E-003
 CFL_Limit=  1.000000000000000E-003
 dt_init=  1.000000000000000E-018 dt=  1.000000000000000E-018
 Time= -6.900000000043708E-014 Intensity=   258975005990.628     
   4752.83410642181      < Te <    4770.20675149688     
   4752.73266871202      < Th <    4793.49923744657     
   80.0000240674359      < Ts <   80.0000244600884     
  9.191423142392962E+021 < Ne <  9.193742316040191E+021
  9.191423142392962E+021 < Nh <  9.193742316023217E+021
 CFL_Te=  1.792609193722615E-003 maxCFL_Ne=  1.384321055185766E-003 maxCFL_Ts=
  5.102011779167080E-004 CPU=   990.634690283739      NumThreads=           8 
 Elapsed time=  8.075630783441095E-003
 CFL_Limit=  1.000000000000000E-003
 dt_init=  1.000000000000000E-018 dt=  1.000000000000000E-018
 Time= -6.800000000044041E-014 Intensity=   328368974519.188     
   4750.63907110132      < Te <    4768.48573675796     
   4751.83736060729      < Th <    4793.30868454566     
   80.0000312961467      < Ts <   80.0000317993639     
  1.180911147330266E+022 < Ne <  1.181205207367458E+022
  1.180911147330266E+022 < Nh <  1.181205207365149E+022
 CFL_Te=  1.791290074365619E-003 maxCFL_Ne=  1.383568593617655E-003 maxCFL_Ts=
  5.102011984892857E-004 CPU=   989.329097953399      NumThreads=           8 
 Elapsed time=  8.086287987030205E-003
 CFL_Limit=  1.000000000000000E-003
 dt_init=  1.000000000000000E-018 dt=  1.000000000000000E-018
 Time= -6.700000000044375E-014 Intensity=   414916998789.130     
   4750.92987226678      < Te <    4767.84210128659     
   4750.92918741896      < Th <    4791.59136956193     
   80.0000405695884      < Ts <   80.0000412062552     
  1.512226021007266E+022 < Ne <  1.512597586124893E+022
  1.512226021007266E+022 < Nh <  1.512597586121906E+022
 CFL_Te=  1.791970533994076E-003 maxCFL_Ne=  1.383538750236400E-003 maxCFL_Ts=
  5.102012248622283E-004 CPU=   988.036904079865      NumThreads=           8 
 Elapsed time=  8.096863555365078E-003
 CFL_Limit=  1.000000000000000E-003
 dt_init=  1.000000000000000E-018 dt=  1.000000000000000E-018
 Time= -6.600000000044708E-014 Intensity=   522462572428.353     
   4750.03148303498      < Te <    4766.15318471341     
   4750.00485098519      < Th <    4794.78538521367     
   80.0000524166954      < Ts <   80.0000532439885     
  1.930113372977606E+022 < Ne <  1.930581246784576E+022
  1.930113372977606E+022 < Nh <  1.930581246780471E+022
 CFL_Te=  1.791494787540452E-003 maxCFL_Ne=  1.383191570220674E-003 maxCFL_Ts=
  5.102012585250046E-004 CPU=   986.774389678684      NumThreads=           8 
 Elapsed time=  8.107222971813223E-003
 CFL_Limit=  1.000000000000000E-003
 dt_init=  1.000000000000000E-018 dt=  1.000000000000000E-018
 Time= -6.500000000045042E-014 Intensity=   655607608773.537     
   4748.50258842965      < Te <    4763.13908024529     
   4749.05780689737      < Th <    4802.03535433499     
   80.0000674805979      < Ts <   80.0000685759427     
  2.455371549652662E+022 < Ne <  2.455958655592544E+022
  2.455371549652662E+022 < Nh <  2.455958655586712E+022
 CFL_Te=  1.790749102569259E-003 maxCFL_Ne=  1.382685374572213E-003 maxCFL_Ts=
  5.102013014902667E-004 CPU=   985.528939759301      NumThreads=           8 
 Elapsed time=  8.117468373839806E-003
 CFL_Limit=  1.000000000000000E-003
 dt_init=  1.000000000000000E-018 dt=  1.000000000000000E-018
 Time= -6.400000000045376E-014 Intensity=   819837215909.351     
   4747.62420027303      < Te <    4764.92663755683     
   4748.09258931733      < Th <    4800.12101033696     
   80.0000866569563      < Ts <   80.0000880476550     
  3.113304626320502E+022 < Ne <  3.114038803596611E+022
  3.113304626320502E+022 < Nh <  3.114038803588459E+022
 CFL_Te=  1.790423993216218E-003 maxCFL_Ne=  1.382400095674778E-003 maxCFL_Ts=
  5.102013559687556E-004 CPU=   984.286136254972      NumThreads=           8 
 Elapsed time=  8.127717850866550E-003
 CFL_Limit=  1.000000000000000E-003
 dt_init=  1.000000000000000E-018 dt=  1.000000000000000E-018
 Time= -6.300000000045709E-014 Intensity=   1021659349832.09     
   4750.31693440784      < Te <    4768.69806626453     
   4745.81576339895      < Th <    4793.47409095048     
   80.0001108416050      < Ts <   80.0001126692023     
  3.934574567642479E+022 < Ne <  3.935489484804983E+022
  3.934574567642479E+022 < Nh <  3.935489484794374E+022
 CFL_Te=  1.792678280946191E-003 maxCFL_Ne=  1.383123826054953E-003 maxCFL_Ts=
  5.102014248949843E-004 CPU=   983.088693364715      NumThreads=           8 
 Elapsed time=  8.137617749034664E-003
 CFL_Limit=  1.000000000000000E-003
 dt_init=  1.000000000000000E-018 dt=  1.000000000000000E-018
 Time= -6.200000000046043E-014 Intensity=   1268759882568.71     
   4743.48028369116      < Te <    4761.66648570827     
   4746.02917509270      < Th <    4789.30711161531     
   80.0001414251017      < Ts <   80.0001437668370     
  4.956185310898047E+022 < Ne <  4.957321519300172E+022
  4.956185310898047E+022 < Nh <  4.957321519287466E+022
 CFL_Te=  1.787801624017510E-003 maxCFL_Ne=  1.381375648138153E-003 maxCFL_Ts=
  5.102015119640990E-004 CPU=   981.892918447128      NumThreads=           8 
 Elapsed time=  8.147527953101108E-003
 CFL_Limit=  1.000000000000000E-003
 dt_init=  1.000000000000000E-018 dt=  1.000000000000000E-018
 Time= -6.100000000046377E-014 Intensity=   1570173339800.85     
   4744.99085715505      < Te <    4762.95786611260     
   4743.46077186824      < Th <    4785.88491206766     
   80.0001799435961      < Ts <   80.0001828895361     
  6.222612684772105E+022 < Ne <  6.224018826226415E+022
  6.222612684772105E+022 < Nh <  6.224018826210364E+022
 CFL_Te=  1.789457879105506E-003 maxCFL_Ne=  1.381806652163096E-003 maxCFL_Ts=
  5.102016214689194E-004 CPU=   980.737237497561      NumThreads=           8 
 Elapsed time=  8.157128835459247E-003
 CFL_Limit=  1.000000000000000E-003
 dt_init=  1.000000000000000E-018 dt=  1.000000000000000E-018
 Time= -6.000000000046710E-014 Intensity=   1936469201836.54     
   4743.85483679935      < Te <    4761.77059749691     
   4743.38551103420      < Th <    4785.30232720046     
   80.0002281465863      < Ts <   80.0002318571750     
  7.787094272657070E+022 < Ne <  7.788828452797823E+022
  7.787094272657070E+022 < Nh <  7.788828452777648E+022
 CFL_Te=  1.789223580592089E-003 maxCFL_Ne=  1.381449678105214E-003 maxCFL_Ts=
  5.102017586886594E-004 CPU=   979.587405141009      NumThreads=           8 
 Elapsed time=  8.166703612168659E-003
 CFL_Limit=  1.000000000000000E-003
 dt_init=  1.000000000000000E-018 dt=  1.000000000000000E-018
 Time= -5.900000000047044E-014 Intensity=   2379953215735.27     
   4739.26190261181      < Te <    4759.04117983208     
   4742.52052094755      < Th <    4785.85215335445     
   80.0002885074445      < Ts <   80.0002930117842     
  9.713092822790427E+022 < Ne <  9.715224174451641E+022
  9.713092822790427E+022 < Nh <  9.715224174426495E+022
 CFL_Te=  1.785887400601366E-003 maxCFL_Ne=  1.380046364179889E-003 maxCFL_Ts=
  5.102019300528285E-004 CPU=   978.457930915476      NumThreads=           8 
 Elapsed time=  8.176130773977120E-003
 CFL_Limit=  1.000000000000000E-003
 dt_init=  1.000000000000000E-018 dt=  1.000000000000000E-018
 Time= -5.800000000047378E-014 Intensity=   2914882629713.42     
   4740.78686434319      < Te <    4760.09067437078     
   4742.07577756260      < Th <    4787.75020179653     
   80.0003634096906      < Ts <   80.0003691716312     
  1.207594634073461E+023 < Ne <  1.207855676827904E+023
  1.207594634073461E+023 < Nh <  1.207855676824657E+023
 CFL_Te=  1.787544509525477E-003 maxCFL_Ne=  1.380442670547064E-003 maxCFL_Ts=
  5.102021431744522E-004 CPU=   977.346068437299      NumThreads=           8 
 Elapsed time=  8.185432221353673E-003
 CFL_Limit=  1.000000000000000E-003
 dt_init=  1.000000000000000E-018 dt=  1.000000000000000E-018
 Time= -5.700000000047711E-014 Intensity=   3557693630525.79     
   4738.30623499036      < Te <    4763.84673817149     
   4743.78401582983      < Th <    4788.49207403115     
   80.0004565277986      < Ts <   80.0004637808779     
  1.496471654140131E+023 < Ne <  1.496790267972422E+023
  1.496471654140131E+023 < Nh <  1.496790267968077E+023
 CFL_Te=  1.785947431092215E-003 maxCFL_Ne=  1.379744207742746E-003 maxCFL_Ts=
  5.102024078696260E-004 CPU=   976.247948313973      NumThreads=           8 
 Elapsed time=  8.194639500975532E-003
 CFL_Limit=  1.000000000000000E-003
 dt_init=  1.000000000000000E-018 dt=  1.000000000000000E-018
 Time= -5.600000000047512E-014 Intensity=   4327238540091.44     
   4735.81849688411      < Te <    4758.01415289540     
   4737.52050474018      < Th <    4779.50879326698     
   80.0005712532406      < Ts <   80.0005805313075     
  1.848424560550462E+023 < Ne <  1.848812098023100E+023
  1.848424560550462E+023 < Nh <  1.848812098017688E+023
 CFL_Te=  1.784550905202527E-003 maxCFL_Ne=  1.379029762804810E-003 maxCFL_Ts=
  5.102027347076163E-004 CPU=   975.182816642053      NumThreads=           8 
 Elapsed time=  8.203589997152757E-003
 CFL_Limit=  1.000000000000000E-003
 dt_init=  1.000000000000000E-018 dt=  1.000000000000000E-018
 Time= -5.500000000047215E-014 Intensity=   5245029512467.14     
   4734.40629428190      < Te <    4756.75024783798     
   4738.71956955955      < Th <    4778.69528418363     
   80.0007130310611      < Ts <   80.0007244977013     
  2.275742862939627E+023 < Ne <  2.276212600558947E+023
  2.275742862939627E+023 < Nh <  2.276212600552038E+023
 CFL_Te=  1.783910075650633E-003 maxCFL_Ne=  1.378638812578298E-003 maxCFL_Ts=
  5.102031378583696E-004 CPU=   974.127640574774      NumThreads=           8 
 Elapsed time=  8.212476134318168E-003
 CFL_Limit=  1.000000000000000E-003
 dt_init=  1.000000000000000E-018 dt=  1.000000000000000E-018
 Time= -5.400000000046917E-014 Intensity=   6335484573989.22     
   4731.79925133280      < Te <    4753.13522255502     
   4737.53654318126      < Th <    4780.07245417799     
   80.0008873306290      < Ts <   80.0009014781489     
  2.792770579489372E+023 < Ne <  2.793337983803699E+023
  2.792770579489372E+023 < Nh <  2.793337983794776E+023
 CFL_Te=  1.782353311083997E-003 maxCFL_Ne=  1.377957277548953E-003 maxCFL_Ts=
  5.102036337591072E-004 CPU=   973.091281562023      NumThreads=           8 
 Elapsed time=  8.221222563168241E-003
 CFL_Limit=  1.000000000000000E-003
 dt_init=  1.000000000000000E-018 dt=  1.000000000000000E-018
 Time= -5.300000000046620E-014 Intensity=   7626170880184.83     
   4732.84008772144      < Te <    4753.50778518257     
   4732.94619606139      < Th <    4776.30777470639     
   80.0011008076802      < Ts <   80.0011181038250     
  3.416177423841789E+023 < Ne <  3.416860427795728E+023
  3.416177423841789E+023 < Nh <  3.416860427784639E+023
 CFL_Te=  1.783342062817916E-003 maxCFL_Ne=  1.378351560297739E-003 maxCFL_Ts=
  5.102042403663184E-004 CPU=   972.061621561114      NumThreads=           8 
 Elapsed time=  8.229930924700167E-003
 CFL_Limit=  1.000000000000000E-003
 dt_init=  1.000000000000000E-018 dt=  1.000000000000000E-018
 Time= -5.200000000046322E-014 Intensity=   9148039040900.53     
   4724.94576167375      < Te <    4744.29212797425     
   4734.49162767160      < Th <    4781.77315758090     
   80.0013613427971      < Ts <   80.0013829972539     
  4.165251439169749E+023 < Ne <  4.166070748402190E+023
  4.165251439169749E+023 < Nh <  4.166070748388075E+023
 CFL_Te=  1.778078488843126E-003 maxCFL_Ne=  1.376355970666674E-003 maxCFL_Ts=
  5.102049827316676E-004 CPU=   971.052702834996      NumThreads=           8 
 Elapsed time=  8.238481780282299E-003
 CFL_Limit=  1.000000000000000E-003
 dt_init=  1.000000000000000E-018 dt=  1.000000000000000E-018
 Time= -5.100000000046025E-014 Intensity=   10935641313518.2     
   4725.59596066842      < Te <    4744.54919030550     
   4732.06753122805      < Th <    4780.33980759075     
   80.0016778038011      < Ts <   80.0017053057576     
  5.062211996285186E+023 < Ne <  5.063191413711636E+023
  5.062211996285186E+023 < Nh <  5.063191413693972E+023
 CFL_Te=  1.778788641528738E-003 maxCFL_Ne=  1.376722224924394E-003 maxCFL_Ts=
  5.102058849167064E-004 CPU=   970.060642486657      NumThreads=           8 
 Elapsed time=  8.246907100047652E-003
 CFL_Limit=  1.000000000000000E-003
 dt_init=  1.000000000000000E-018 dt=  1.000000000000000E-018
 Time= -5.000000000045728E-014 Intensity=   13027325412947.8     
   4720.91801427354      < Te <    4740.65111938707     
   4729.67953363023      < Th <    4774.54568530432     
   80.0020630253989      < Ts <   80.0020955631880     
  6.132541330699982E+023 < Ne <  6.133708092688928E+023
  6.132541330699982E+023 < Nh <  6.133708092666863E+023
 CFL_Te=  1.775530527193282E-003 maxCFL_Ne=  1.375416832562824E-003 maxCFL_Ts=
  5.102069797788574E-004 CPU=   969.080138832767      NumThreads=           8 
 Elapsed time=  8.255251221674812E-003
 CFL_Limit=  1.000000000000000E-003
 dt_init=  1.000000000000000E-018 dt=  1.000000000000000E-018
 Time= -4.900000000045430E-014 Intensity=   15465394672231.2     
   4719.74554800191      < Te <    4737.62564564628     
   4728.41306148082      < Th <    4774.64064642413     
   80.0025277589280      < Ts <   80.0025672660655     
  7.405332059357830E+023 < Ne <  7.406717190232597E+023
  7.405332059357828E+023 < Nh <  7.406717190204391E+023
 CFL_Te=  1.774990874575051E-003 maxCFL_Ne=  1.375285622702788E-003 maxCFL_Ts=
  5.102083019004416E-004 CPU=   968.118001716230      NumThreads=           8 
 Elapsed time=  8.263455473215055E-003
 CFL_Limit=  1.000000000000000E-003
 dt_init=  1.000000000000000E-018 dt=  1.000000000000000E-018
 Time= -4.800000000045133E-014 Intensity=   18296224350931.0     
   4716.91092945958      < Te <    4736.20407327318     
   4726.65868988018      < Th <    4772.54088054733     
   80.0030871318540      < Ts <   80.0031359310107     
  8.913647223785934E+023 < Ne <  8.915285914633338E+023
  8.913647223785934E+023 < Nh <  8.915285914597208E+023
 CFL_Te=  1.773054309154865E-003 maxCFL_Ne=  1.374435528429298E-003 maxCFL_Ts=
  5.102098942266571E-004 CPU=   967.167801544006      NumThreads=           8 
 Elapsed time=  8.271573957723407E-003
 CFL_Limit=  1.000000000000000E-003
 dt_init=  1.000000000000000E-018 dt=  1.000000000000000E-018
 Time= -4.700000000044835E-014 Intensity=   21570323077270.4     
   4713.51298050037      < Te <    4731.71665388295     
   4727.29205047239      < Th <    4772.68587034126     
   80.0037588944919      < Ts <   80.0038209244022     
  1.069488844326965E+024 < Ne <  1.069682040196791E+024
  1.069488844326965E+024 < Nh <  1.069682040191995E+024
 CFL_Te=  1.770871973670465E-003 maxCFL_Ne=  1.373559731120918E-003 maxCFL_Ts=
  5.102118103799347E-004 CPU=   966.229370472419      NumThreads=           8 
 Elapsed time=  8.279607559526532E-003
 CFL_Limit=  1.000000000000000E-003
 dt_init=  1.000000000000000E-018 dt=  1.000000000000000E-018
 Time= -4.600000000044538E-014 Intensity=   25342327775993.9     
   4708.55051420332      < Te <    4724.41002093140     
   4726.63710643840      < Th <    4770.78485951106     
   80.0045653551432      < Ts <   80.0046406958484     
  1.279116679425167E+024 < Ne <  1.279343661574802E+024
  1.279116679425167E+024 < Nh <  1.279343661568269E+024
 CFL_Te=  1.767325804960411E-003 maxCFL_Ne=  1.372254225538906E-003 maxCFL_Ts=
  5.102141065028374E-004 CPU=   965.307513559076      NumThreads=           8 
 Elapsed time=  8.287514483860284E-003
 CFL_Limit=  1.000000000000000E-003
 dt_init=  1.000000000000000E-018 dt=  1.000000000000000E-018
 Time= -4.500000000044240E-014 Intensity=   29670920032114.8     
   4704.19319354278      < Te <    4722.53289623878     
   4722.31687509150      < Th <    4769.30237770809     
   80.0055289810249      < Ts <   80.0056172796380     
  1.524966992475240E+024 < Ne <  1.525232746876822E+024
  1.524966992475240E+024 < Nh <  1.525232746868542E+024
 CFL_Te=  1.764259392742871E-003 maxCFL_Ne=  1.371228596811003E-003 maxCFL_Ts=
  5.102168460213911E-004 CPU=   964.396554718989      NumThreads=           8 
 Elapsed time=  8.295342782856664E-003
 CFL_Limit=  1.000000000000000E-003
 dt_init=  1.000000000000000E-018 dt=  1.000000000000000E-018
 Time= -4.400000000043943E-014 Intensity=   34618651727643.9     
   4701.77799897285      < Te <    4715.94672346343     
   4719.28145414424      < Th <    4766.34241014289     
   80.0066750545080      < Ts <   80.0067794841470     
  1.812301784838084E+024 < Ne <  1.812611858339381E+024
  1.812301784838084E+024 < Nh <  1.812611858328765E+024
 CFL_Te=  1.762592504709872E-003 maxCFL_Ne=  1.370627404279581E-003 maxCFL_Ts=
  5.102201063073681E-004 CPU=   963.503781479734      NumThreads=           8 
 Elapsed time=  8.303029166853633E-003
 CFL_Limit=  1.000000000000000E-003
 dt_init=  1.000000000000000E-018 dt=  1.000000000000000E-018
 Time= -4.300000000043645E-014 Intensity=   40251668020119.1     
   4695.81305194324      < Te <    4709.70733792419     
   4716.34592619731      < Th <    4762.86683291674     
   80.0080319090043      < Ts <   80.0081605666925     
  2.146959879093182E+024 < Ne <  2.147320409632092E+024
  2.146959879093182E+024 < Nh <  2.147320409618126E+024
 CFL_Te=  1.758180969076227E-003 maxCFL_Ne=  1.369189083952460E-003 maxCFL_Ts=
  5.102239710026920E-004 CPU=   962.618585957357      NumThreads=           8 
 Elapsed time=  8.310664386397366E-003
 CFL_Limit=  1.000000000000000E-003
 dt_init=  1.000000000000000E-018 dt=  1.000000000000000E-018
 Time= -4.200000000043348E-014 Intensity=   46639316361462.9     
   4690.31027658683      < Te <    4705.09925593499     
   4715.94973698793      < Th <    4758.97383924022     
   80.0096374010091      < Ts <   80.0097930141924     
  2.535387537841863E+024 < Ne <  2.535805285627564E+024
  2.535387537841863E+024 < Nh <  2.535805285609372E+024
 CFL_Te=  1.754034660993150E-003 maxCFL_Ne=  1.367988726673153E-003 maxCFL_Ts=
  5.102285400966040E-004 CPU=   961.745378280888      NumThreads=           8 
 Elapsed time=  8.318209976012505E-003
 CFL_Limit=  1.000000000000000E-003
 dt_init=  1.000000000000000E-018 dt=  1.000000000000000E-018
 Time= -4.100000000043051E-014 Intensity=   53853631331000.8     
   4686.83303050806      < Te <    4701.91791877569     
   4714.03433192045      < Th <    4755.60987270702     
   80.0115334956244      < Ts <   80.0117165959412     
  2.984665058272898E+024 < Ne <  2.985147434146945E+024
  2.984665058272898E+024 < Nh <  2.985147434124041E+024
 CFL_Te=  1.751387888202560E-003 maxCFL_Ne=  1.367208184882659E-003 maxCFL_Ts=
  5.102339316784120E-004 CPU=   960.892622403914      NumThreads=           8 
 Elapsed time=  8.325592072906118E-003
 CFL_Limit=  1.000000000000000E-003
 dt_init=  1.000000000000000E-018 dt=  1.000000000000000E-018
 Time= -4.000000000042753E-014 Intensity=   61968686616517.9     
   4679.09964066018      < Te <    4695.13977075060     
   4711.71082741824      < Th <    4754.06739749328     
   80.0137654332844      < Ts <   80.0139792988876     
  3.502528185358498E+024 < Ne <  3.503083260943968E+024
  3.502528185358498E+024 < Nh <  3.503083260915251E+024
 CFL_Te=  1.745794032319175E-003 maxCFL_Ne=  1.365466391087846E-003 maxCFL_Ts=
  5.102402736181883E-004 CPU=   960.049069374668      NumThreads=           8 
 Elapsed time=  8.332907405671285E-003
 CFL_Limit=  1.000000000000000E-003
 dt_init=  1.000000000000000E-018 dt=  1.000000000000000E-018
 Time= -3.900000000042456E-014 Intensity=   71059807549599.2     
   4677.95836244888      < Te <    4695.53671446067     
   4710.17341716260      < Th <    4754.54084500694     
   80.0163709155906      < Ts <   80.0166296318033     
  4.097383127759049E+024 < Ne <  4.098019651570158E+024
  4.097383127759050E+024 < Nh <  4.098019651534156E+024
 CFL_Te=  1.744577900469040E-003 maxCFL_Ne=  1.365502449681038E-003 maxCFL_Ts=
  5.102476996870623E-004 CPU=   959.224737835753      NumThreads=           8 
 Elapsed time=  8.340068478686203E-003
 CFL_Limit=  1.000000000000000E-003
 dt_init=  1.000000000000000E-018 dt=  1.000000000000000E-018
 Time= -3.800000000042158E-014 Intensity=   81202640199250.8     
   4666.43417018891      < Te <    4682.54729262658     
   4707.19202899566      < Th <    4751.20890014374     
   80.0194145318076      < Ts <   80.0197266248243     
  4.778313906673310E+024 < Ne <  4.779041310961962E+024
  4.778313906673311E+024 < Nh <  4.779041310916386E+024
 CFL_Te=  1.735213151969567E-003 maxCFL_Ne=  1.363243261470234E-003 maxCFL_Ts=
  5.102563706159422E-004 CPU=   958.400199168623      NumThreads=           8 
 Elapsed time=  8.347243674343668E-003
 CFL_Limit=  1.000000000000000E-003
 dt_init=  1.000000000000000E-018 dt=  1.000000000000000E-018
 Time= -3.700000000041861E-014 Intensity=   92472076146496.7     
   4658.81670182754      < Te <    4675.14169989245     
   4706.26506450357      < Th <    4748.55790265128     
   80.0229682079754      < Ts <   80.0233326930165     
  5.555080768126727E+024 < Ne <  5.555909152012801E+024
  5.555080768126728E+024 < Nh <  5.555909151955096E+024
 CFL_Te=  1.729286734516857E-003 maxCFL_Ne=  1.362029245953307E-003 maxCFL_Ts=
  5.102664696664014E-004 CPU=   957.591849926301      NumThreads=           8 
 Elapsed time=  8.354289983374131E-003
 CFL_Limit=  1.000000000000000E-003
 dt_init=  1.000000000000000E-018 dt=  1.000000000000000E-018
 Time= -3.600000000041563E-014 Intensity=   104941035677998.     
   4653.26749206015      < Te <    4670.88173862057     
   4703.67548367655      < Th <    4746.51282619391     
   80.0270888447734      < Ts <   80.0275159528771     
  6.438108324790608E+024 < Ne <  6.439048449301610E+024
  6.438108324790609E+024 < Nh <  6.439048449228738E+024
 CFL_Te=  1.724439073717831E-003 maxCFL_Ne=  1.360848613719190E-003 maxCFL_Ts=
  5.102781752290117E-004 CPU=   956.796148328277      NumThreads=           8 
 Elapsed time=  8.361237672180928E-003
 CFL_Limit=  1.000000000000000E-003
 dt_init=  1.000000000000000E-018 dt=  1.000000000000000E-018
 Time= -3.500000000041266E-014 Intensity=   118679116201979.     
   4642.66789812391      < Te <    4660.81917020218     
   4702.14993761955      < Th <    4744.34064131437     
   80.0318520466770      < Ts <   80.0323646605295     
  7.438462246544538E+024 < Ne <  7.439525494745667E+024
  7.438462246544539E+024 < Nh <  7.439525494652975E+024
 CFL_Te=  1.715774504974324E-003 maxCFL_Ne=  1.359060410523456E-003 maxCFL_Ts=
  5.102917366507161E-004 CPU=   956.009696100304      NumThreads=           8 
 Elapsed time=  8.368115964339177E-003
 CFL_Limit=  1.000000000000000E-003
 dt_init=  1.000000000000000E-018 dt=  1.000000000000000E-018
 Time= -3.400000000040968E-014 Intensity=   133751117135266.     
   4636.93142229367      < Te <    4659.72566445954     
   4699.18881468633      < Th <    4742.07783954680     
   80.0373491844876      < Ts <   80.0379514746391     
  8.567813289075886E+024 < Ne <  8.569011627328090E+024
  8.567813289075887E+024 < Nh <  8.569011627210286E+024
 CFL_Te=  1.710353426061279E-003 maxCFL_Ne=  1.358008136873167E-003 maxCFL_Ts=
  5.103073449232677E-004 CPU=   955.228682707054      NumThreads=           8 
 Elapsed time=  8.374957897336730E-003
 CFL_Limit=  1.000000000000000E-003
 dt_init=  1.000000000000000E-018 dt=  1.000000000000000E-018
 Time= -3.300000000040671E-014 Intensity=   150215457241480.     
   4632.74987937568      < Te <    4656.53892990010     
   4698.55698756928      < Th <    4739.62250757256     
   80.0436819449179      < Ts <   80.0443854408948     
  9.838387650928693E+024 < Ne <  9.839733571174940E+024
  9.838387650928693E+024 < Nh <  9.839733571025233E+024
 CFL_Te=  1.706070974666826E-003 maxCFL_Ne=  1.357463975473706E-003 maxCFL_Ts=
  5.103253274179185E-004 CPU=   954.456690386034      NumThreads=           8 
 Elapsed time=  8.381731806777286E-003
 CFL_Limit=  1.000000000000000E-003
 dt_init=  1.000000000000000E-018 dt=  1.000000000000000E-018
 Time= -3.200000000040374E-014 Intensity=   168122505300198.     
   4618.46216941125      < Te <    4642.23121787713     
   4699.75031189458      < Th <    4742.01899788914     
   80.0509401186522      < Ts <   80.0517575312599     
  1.126290271083264E+025 < Ne <  1.126440917839894E+025
  1.126290271083264E+025 < Nh <  1.126440917813801E+025
 CFL_Te=  1.693954737094604E-003 maxCFL_Ne=  1.355039956236250E-003 maxCFL_Ts=
  5.103459470071967E-004 CPU=   953.706998891645      NumThreads=           8 
 Elapsed time=  8.388320531669831E-003
 CFL_Limit=  1.000000000000000E-003
 dt_init=  1.000000000000000E-018 dt=  1.000000000000000E-018
 Time= -3.100000000040076E-014 Intensity=   187512849914194.     
   4613.67391659042      < Te <    4635.83002509325     
   4696.32653681298      < Th <    4737.33265087415     
   80.0592633713822      < Ts <   80.0601967333579     
  1.285448761526663E+025 < Ne <  1.285616795297780E+025
  1.285448761526663E+025 < Nh <  1.285616795264207E+025
 CFL_Te=  1.688980571021942E-003 maxCFL_Ne=  1.354617027499015E-003 maxCFL_Ts=
  5.103695375932403E-004 CPU=   952.963741221551      NumThreads=           8 
 Elapsed time=  8.394862945934592E-003
 CFL_Limit=  1.000000000000000E-003
 dt_init=  1.000000000000000E-018 dt=  1.000000000000000E-018
 Time= -3.000000000039779E-014 Intensity=   208415539059104.     
   4597.40099026502      < Te <    4617.02506753435     
   4694.75062033850      < Th <    4736.65536054486     
   80.0687349610296      < Ts <   80.0698297047954     
  1.462658806852697E+025 < Ne <  1.462845585071133E+025
  1.462658806852697E+025 < Nh <  1.462845585027450E+025
 CFL_Te=  1.675018729686500E-003 maxCFL_Ne=  1.352188194774046E-003 maxCFL_Ts=
  5.103964133221044E-004 CPU=   952.223327819134      NumThreads=           8 
 Elapsed time=  8.401390478767522E-003
 CFL_Limit=  1.000000000000000E-003
 dt_init=  1.000000000000000E-018 dt=  1.000000000000000E-018
 Time= -2.900000000039481E-014 Intensity=   230846324469059.     
   4591.24317438326      < Te <    4610.88178696112     
   4694.02326351817      < Th <    4737.13244857739     
   80.0795119377783      < Ts <   80.0807752761831     
  1.659285544212039E+025 < Ne <  1.659492438961412E+025
  1.659285544212039E+025 < Nh <  1.659492438905619E+025
 CFL_Te=  1.668527585200191E-003 maxCFL_Ne=  1.351757607718654E-003 maxCFL_Ts=
  5.104269408627683E-004 CPU=   951.504392050325      NumThreads=           8 
 Elapsed time=  8.407738384434997E-003
 CFL_Limit=  1.000000000000000E-003
 dt_init=  1.000000000000000E-018 dt=  1.000000000000000E-018
 Time= -2.800000000039317E-014 Intensity=   254805949950995.     
   4585.76555367857      < Te <    4606.34859995209     
   4696.75142067622      < Th <    4739.43814690299     
   80.0917257138323      < Ts <   80.0931891174958     
  1.876702017477095E+025 < Ne <  1.876930402150679E+025
  1.876702017477095E+025 < Nh <  1.876930402079586E+025
 CFL_Te=  1.662098912204478E-003 maxCFL_Ne=  1.351619778147696E-003 maxCFL_Ts=
  5.104615764985699E-004 CPU=   950.781081495142      NumThreads=           8 
 Elapsed time=  8.414134605433752E-003
 CFL_Limit=  1.000000000000000E-003
 dt_init=  1.000000000000000E-018 dt=  1.000000000000000E-018
 Time= -2.700000000039335E-014 Intensity=   280278526036166.     
   4579.77119962583      < Te <    4598.79237513297     
   4691.10030606743      < Th <    4733.21455685782     
   80.1054879333045      < Ts <   80.1072100879334     
  2.116275018532035E+025 < Ne <  2.116526252450431E+025
  2.116275018532035E+025 < Nh <  2.116526252360849E+025
 CFL_Te=  1.655098318876761E-003 maxCFL_Ne=  1.351520155642029E-003 maxCFL_Ts=
  5.105005803258942E-004 CPU=   950.067060225801      NumThreads=           8 
 Elapsed time=  8.420458233862622E-003
 CFL_Limit=  1.000000000000000E-003
 dt_init=  1.000000000000000E-018 dt=  1.000000000000000E-018
 Time= -2.600000000039353E-014 Intensity=   307230035825305.     
   4560.71298156956      < Te <    4579.81812034947     
   4692.65837067366      < Th <    4734.85361076419     
   80.1210709194419      < Ts <   80.1230251998935     
  2.379349517965482E+025 < Ne <  2.379624931311712E+025
  2.379349517965482E+025 < Nh <  2.379624931201241E+025
 CFL_Te=  1.638179546976208E-003 maxCFL_Ne=  1.349682468245748E-003 maxCFL_Ts=
  5.105446354278763E-004 CPU=   949.373241292587      NumThreads=           8 
 Elapsed time=  8.426612055241697E-003
 CFL_Limit=  1.000000000000000E-003
 dt_init=  1.000000000000000E-018 dt=  1.000000000000000E-018
 Time= -2.500000000039371E-014 Intensity=   335607018286696.     
   4554.75590466333      < Te <    4573.48735475116     
   4694.87674255739      < Th <    4735.50066139745     
   80.1385665737014      < Ts <   80.1407935803562     
  2.667231812901498E+025 < Ne <  2.667532688212533E+025
  2.667231812901498E+025 < Nh <  2.667532688076696E+025
 CFL_Te=  1.630578602587693E-003 maxCFL_Ne=  1.350100415283441E-003 maxCFL_Ts=
  5.105940492962246E-004 CPU=   948.684662849087      NumThreads=           8 
 Elapsed time=  8.432728295590259E-003
 CFL_Limit=  1.000000000000000E-003
 dt_init=  1.000000000000000E-018 dt=  1.000000000000000E-018
 Time= -2.400000000039389E-014 Intensity=   365335475465723.     
   4549.24695720522      < Te <    4568.14744311003     
   4696.22674748903      < Th <    4736.57624886440     
   80.1582003479227      < Ts <   80.1607088950172     
  2.981171596785664E+025 < Ne <  2.981499152370735E+025
  2.981171596785664E+025 < Nh <  2.981499152260270E+025
 CFL_Te=  1.622935502387929E-003 maxCFL_Ne=  1.350840676781404E-003 maxCFL_Ts=
  5.106493986898800E-004 CPU=   948.003482313975      NumThreads=           8 
 Elapsed time=  8.438787566974812E-003
 CFL_Limit=  1.000000000000000E-003
 dt_init=  1.000000000000000E-018 dt=  1.000000000000000E-018
 Time= -2.300000000039407E-014 Intensity=   396320048934197.     
   4543.75834712749      < Te <    4562.35777313828     
   4699.61071335384      < Th <    4740.20880348432     
   80.1801108466110      < Ts <   80.1829615746644     
  3.322343137759402E+025 < Ne <  3.322698506655330E+025
  3.322343137759402E+025 < Nh <  3.322698506521546E+025
 CFL_Te=  1.614830486345483E-003 maxCFL_Ne=  1.351907865107575E-003 maxCFL_Ts=
  5.107111143591022E-004 CPU=   947.328225010072      NumThreads=           8 
 Elapsed time=  8.444802750298025E-003
 CFL_Limit=  1.000000000000000E-003
 dt_init=  1.000000000000000E-018 dt=  1.000000000000000E-018
 Time= -2.200000000039425E-014 Intensity=   428443508248523.     
   4539.18817293160      < Te <    4557.47822286756     
   4703.23865633673      < Th <    4742.99382892927     
   80.2045527126795      < Ts <   80.2077894297729     
  3.691825826484397E+025 < Ne <  3.692210036812075E+025
  3.691825826484397E+025 < Nh <  3.692210036651177E+025
 CFL_Te=  1.607585562074582E-003 maxCFL_Ne=  1.353481495818048E-003 maxCFL_Ts=
  5.107798635800427E-004 CPU=   946.661196086523      NumThreads=           8 
 Elapsed time=  8.450753060410451E-003
 CFL_Limit=  1.000000000000000E-003
 dt_init=  1.000000000000000E-018 dt=  1.000000000000000E-018
 Time= -2.100000000039444E-014 Intensity=   461566590146843.     
   4517.04909814274      < Te <    4554.08328302020     
   4705.76429582257      < Th <    4745.34454319605     
   80.2317092763941      < Ts <   80.2353590580202     
  4.090584426762107E+025 < Ne <  4.090998384715283E+025
  4.090584426762107E+025 < Nh <  4.090998384523942E+025
 CFL_Te=  1.586781620434788E-003 maxCFL_Ne=  1.353540191025372E-003 maxCFL_Ts=
  5.108561923128816E-004 CPU=   946.001319399110      NumThreads=           8 
 Elapsed time=  8.456647824848184E-003
 CFL_Limit=  1.000000000000000E-003
 dt_init=  1.000000000000000E-018 dt=  1.000000000000000E-018
 Time= -2.000000000039462E-014 Intensity=   495528221700866.     
   4530.18565077744      < Te <    4549.09549308965     
   4710.44196292396      < Th <    4752.95159357256     
   80.2617968334792      < Ts <   80.2659291229261     
  4.519449321581884E+025 < Ne <  4.519893784056712E+025
  4.519449321581884E+025 < Nh <  4.519893783829714E+025
 CFL_Te=  1.591395649886830E-003 maxCFL_Ne=  1.357438255789416E-003 maxCFL_Ts=
  5.109405924133405E-004 CPU=   945.356598709488      NumThreads=           8 
 Elapsed time=  8.462415146750816E-003
 CFL_Limit=  1.000000000000000E-003
 dt_init=  1.000000000000000E-018 dt=  1.000000000000000E-018
 Time= -1.900000000039480E-014 Intensity=   530146153688800.     
   4527.62979894384      < Te <    4546.21258587315     
   4714.46934436029      < Th <    4759.06598998128     
   80.2950628825363      < Ts <   80.2997187224128     
  4.979097115354844E+025 < Ne <  4.979572679280834E+025
  4.979097115354844E+025 < Nh <  4.979572679014338E+025
 CFL_Te=  1.584110406974981E-003 maxCFL_Ne=  1.360362817462197E-003 maxCFL_Ts=
  5.110336361935031E-004 CPU=   944.716700695391      NumThreads=           8 
 Elapsed time=  8.468147111310007E-003
 CFL_Limit=  1.000000000000000E-003
 dt_init=  1.000000000000000E-018 dt=  1.000000000000000E-018
 Time= -1.800000000039498E-014 Intensity=   565218022186473.     
   4506.51282954413      < Te <    4543.70207904143     
   4719.59302662328      < Th <    4762.53092251016     
   80.3316934825811      < Ts <   80.3369421909717     
  5.470031957247888E+025 < Ne <  5.470539041133658E+025
  5.470031957247889E+025 < Nh <  5.470539040823537E+025
 CFL_Te=  1.562872815257169E-003 maxCFL_Ne=  1.362445140467958E-003 maxCFL_Ts=
  5.111360377959157E-004 CPU=   944.078189877506      NumThreads=           8 
 Elapsed time=  8.473874394914259E-003
 CFL_Limit=  1.000000000000000E-003
 dt_init=  1.000000000000000E-018 dt=  1.000000000000000E-018
 Time= -1.700000000039516E-014 Intensity=   600522846939103.     
   4504.77497551374      < Te <    4523.79917401380     
   4724.71995262703      < Th <    4769.10659784756     
   80.3719992283297      < Ts <   80.3778351299361     
  5.992568039914533E+025 < Ne <  5.993106860207415E+025
  5.992568039914534E+025 < Nh <  5.993106859848697E+025
 CFL_Te=  1.555539664123429E-003 maxCFL_Ne=  1.366648381570529E-003 maxCFL_Ts=
  5.112481592999540E-004 CPU=   943.456513265543      NumThreads=           8 
 Elapsed time=  8.479458128186493E-003
 CFL_Limit=  1.000000000000000E-003
 dt_init=  1.000000000000000E-018 dt=  1.000000000000000E-018
 Time= -1.600000000039534E-014 Intensity=   635822964715935.     
   4503.74566039320      < Te <    4522.37638780727     
   4730.86697806331      < Th <    4774.07278550439     
   80.4161375447687      < Ts <   80.4226688736871     
  6.546813587086771E+025 < Ne <  6.547384148503434E+025
  6.546813587086772E+025 < Nh <  6.547384148092873E+025
 CFL_Te=  1.548393948145050E-003 maxCFL_Ne=  1.371603833280041E-003 maxCFL_Ts=
  5.113708439497784E-004 CPU=   942.833055958603      NumThreads=           8 
 Elapsed time=  8.485065250354622E-003
 CFL_Limit=  1.000000000000000E-003
 dt_init=  1.000000000000000E-018 dt=  1.000000000000000E-018
 Time= -1.500000000039552E-014 Intensity=   670866384802206.     
   4521.94950718900      < Te <    4540.30830253624     
   4736.73511705664      < Th <    4782.03733383160     
   80.4644267252077      < Ts <   80.4716761564312     
  7.132656757284579E+025 < Ne <  7.133258833336981E+025
  7.132656757284580E+025 < Nh <  7.133258832872293E+025
 CFL_Te=  1.554652771614351E-003 maxCFL_Ne=  1.377131513758875E-003 maxCFL_Ts=
  5.115045634850756E-004 CPU=   942.217274881370      NumThreads=           8 
 Elapsed time=  8.490610619516862E-003
 CFL_Limit=  1.000000000000000E-003
 dt_init=  1.000000000000000E-018 dt=  1.000000000000000E-018
 Time= -1.400000000039570E-014 Intensity=   705389542384174.     
   4523.00880570419      < Te <    4541.45157697426     
   4743.59291177533      < Th <    4802.25756599054     
   80.5168509064623      < Ts <   80.5250841371294     
  7.749753842920591E+025 < Ne <  7.750386976686209E+025
  7.749753842920592E+025 < Nh <  7.750386976163995E+025
 CFL_Te=  1.547944262850625E-003 maxCFL_Ne=  1.383117214525969E-003 maxCFL_Ts=
  5.116496028852334E-004 CPU=   941.609267147003      NumThreads=           8 
 Elapsed time=  8.496093102651089E-003
 CFL_Limit=  1.000000000000000E-003
 dt_init=  1.000000000000000E-018 dt=  1.000000000000000E-018
 Time= -1.300000000039588E-014 Intensity=   739120414174030.     
   4525.33627281183      < Te <    4543.13597767553     
   4764.78305757397      < Th <    4810.44920400675     
   80.5740068180901      < Ts <   80.5830411692535     
  8.397520061973574E+025 < Ne <  8.398183550401673E+025
  8.397520061973576E+025 < Nh <  8.398183549822038E+025
 CFL_Te=  1.541764286014115E-003 maxCFL_Ne=  1.389941480374277E-003 maxCFL_Ts=
  5.118067936791079E-004 CPU=   941.007740693071      NumThreads=           8 
 Elapsed time=  8.501524115102219E-003
 CFL_Limit=  1.000000000000000E-003
 dt_init=  1.000000000000000E-018 dt=  1.000000000000000E-018
 Time= -1.200000000039606E-014 Intensity=   771781949547485.     
   4528.85126500766      < Te <    4546.73664130955     
   4772.53785383405      < Th <    4819.51845944494     
   80.6358467212225      < Ts <   80.6458052148265     
  9.075123361455801E+025 < Ne <  9.075816252850614E+025
  9.075123361455803E+025 < Nh <  9.075816252215718E+025
 CFL_Te=  1.536395864485635E-003 maxCFL_Ne=  1.397722962922895E-003 maxCFL_Ts=
  5.119764770678212E-004 CPU=   940.419738223719      NumThreads=           8 
 Elapsed time=  8.506839738509247E-003
 CFL_Limit=  1.000000000000000E-003
 dt_init=  1.000000000000000E-018 dt=  1.000000000000000E-018
 Time= -1.100000000039625E-014 Intensity=   803095760155613.     
   4533.77788818424      < Te <    4550.44166199345     
   4780.60445210742      < Th <    4825.24516835324     
   80.7025127768052      < Ts <   80.7136179547079     
  9.781481378267375E+025 < Ne <  9.782202467016880E+025
  9.781481378267377E+025 < Nh <  9.782202466330477E+025
 CFL_Te=  1.531101498497041E-003 maxCFL_Ne=  1.406482027110367E-003 maxCFL_Ts=
  5.121591769828290E-004 CPU=   939.834332673314      NumThreads=           8 
 Elapsed time=  8.512138492796259E-003
 CFL_Limit=  1.000000000000000E-003
 dt_init=  1.000000000000000E-018 dt=  1.000000000000000E-018
 Time= -1.000000000039643E-014 Intensity=   832786001727590.     
   4556.61974721862      < Te <    4573.20765287469     
   4789.04760708548      < Th <    4834.56840605021     
   80.7743716561817      < Ts <   80.7866963257165     
  1.051526182755606E+026 < Ne <  1.051600965455560E+026
  1.051526182755606E+026 < Nh <  1.051600965382368E+026
 CFL_Te=  1.538815480259545E-003 maxCFL_Ne=  1.413645672251825E-003 maxCFL_Ts=
  5.123551766046578E-004 CPU=   939.253912975877      NumThreads=           8 
 Elapsed time=  8.517398638940205E-003
 CFL_Limit=  1.000000000000000E-003
 dt_init=  1.000000000000000E-018 dt=  1.000000000000000E-018
 Time= -9.000000000396607E-015 Intensity=   860583374007766.     
   4563.86095967514      < Te <    4582.48062823175     
   4813.93142441527      < Th <    4861.72827767361     
   80.8517675782196      < Ts <   80.8652011341070     
  1.127488644535680E+026 < Ne <  1.127565932485503E+026
  1.127488644535680E+026 < Nh <  1.127565932408814E+026
 CFL_Te=  1.534841197291547E-003 maxCFL_Ne=  1.423680369783649E-003 maxCFL_Ts=
  5.125645491090363E-004 CPU=   938.683761560271      NumThreads=           8 
 Elapsed time=  8.522572060586705E-003
 CFL_Limit=  1.000000000000000E-003
 dt_init=  1.000000000000000E-018 dt=  1.000000000000000E-018
 Time= -8.000000000396788E-015 Intensity=   886229158745762.     
   4572.76112497131      < Te <    4591.38602518009     
   4822.93032391601      < Th <    4870.06507032042     
   80.9344047578682      < Ts <   80.9492133800652     
  1.205853863552220E+026 < Ne <  1.205933464914212E+026
  1.205853863552220E+026 < Nh <  1.205933464835234E+026
 CFL_Te=  1.531511366483682E-003 maxCFL_Ne=  1.434829414881006E-003 maxCFL_Ts=
  5.127876347802598E-004 CPU=   938.113963783342      NumThreads=           8 
 Elapsed time=  8.527748555982062E-003
 CFL_Limit=  1.000000000000000E-003
 dt_init=  1.000000000000000E-018 dt=  1.000000000000000E-018
 Time= -7.000000000396969E-015 Intensity=   909479211697414.     
   4583.36196333524      < Te <    4601.42642053106     
   4832.49837021773      < Th <    4893.84251027055     
   81.0227827182868      < Ts <   81.0389420032576     
  1.286417465815750E+026 < Ne <  1.286499165774964E+026
  1.286417465815750E+026 < Nh <  1.286499165695023E+026
 CFL_Te=  1.529228242884385E-003 maxCFL_Ne=  1.447274013305567E-003 maxCFL_Ts=
  5.130245394028123E-004 CPU=   937.557454345262      NumThreads=           8 
 Elapsed time=  8.532810403162712E-003
 CFL_Limit=  1.000000000000000E-003
 dt_init=  1.000000000000000E-018 dt=  1.000000000000000E-018
 Time= -6.000000000397150E-015 Intensity=   930107822811053.     
   4608.92899594548      < Te <    4627.65524995194     
   4859.43164295665      < Th <    4904.75849389087     
   81.1166012973385      < Ts <   81.1344040366800     
  1.368953841760274E+026 < Ne <  1.369037404546993E+026
  1.368953841760274E+026 < Nh <  1.369037404469055E+026
 CFL_Te=  1.537759141837033E-003 maxCFL_Ne=  1.455319437872059E-003 maxCFL_Ts=
  5.132752855941060E-004 CPU=   937.006828372842      NumThreads=           8 
 Elapsed time=  8.537824653735329E-003
 CFL_Limit=  1.000000000000000E-003
 dt_init=  1.000000000000000E-018 dt=  1.000000000000000E-018
 Time= -5.000000000397331E-015 Intensity=   947911359388373.     
   4621.75434754138      < Te <    4640.21441094069     
   4869.09668216290      < Th <    4915.89848469779     
   81.2162512565854      < Ts <   81.2357773986679     
  1.453217976183518E+026 < Ne <  1.453303149352952E+026
  1.453217976183518E+026 < Nh <  1.453303149279309E+026
 CFL_Te=  1.536291540491629E-003 maxCFL_Ne=  1.469108319734580E-003 maxCFL_Ts=
  5.135395725167997E-004 CPU=   936.454497593289      NumThreads=           8 
 Elapsed time=  8.542860353130016E-003
 CFL_Limit=  1.000000000000000E-003
 dt_init=  1.000000000000000E-018 dt=  1.000000000000000E-018
 Time= -4.000000000397512E-015 Intensity=   962711610070056.     
   4648.22793850003      < Te <    4666.24382125857     
   4896.95964415667      < Th <    4943.09075373088     
   81.3221868086797      < Ts <   81.3430102074992     
  1.538947582467708E+026 < Ne <  1.539034095522274E+026
  1.538947582467708E+026 < Nh <  1.539034095455431E+026
 CFL_Te=  1.545092487954485E-003 maxCFL_Ne=  1.477580081541799E-003 maxCFL_Ts=
  5.138180355037088E-004 CPU=   935.915766836068      NumThreads=           8 
 Elapsed time=  8.547777784580534E-003
 CFL_Limit=  1.000000000000000E-003
 dt_init=  1.000000000000000E-018 dt=  1.000000000000000E-018
 Time= -3.000000000397693E-015 Intensity=   974358752858021.     
   4663.22325791229      < Te <    4680.53095208765     
   4905.93249398988      < Th <    4949.93023351069     
   81.4337238532004      < Ts <   81.4562237917048     
  1.625865527512576E+026 < Ne <  1.625953098134390E+026
  1.625865527512577E+026 < Nh <  1.625953098079747E+026
 CFL_Te=  1.544752364468161E-003 maxCFL_Ne=  1.492833959374653E-003 maxCFL_Ts=
  5.141100314697283E-004 CPU=   935.384555104783      NumThreads=           8 
 Elapsed time=  8.552632130112337E-003
 CFL_Limit=  1.000000000000000E-003
 dt_init=  1.000000000000000E-018 dt=  1.000000000000000E-018
 Time= -2.000000000397874E-015 Intensity=   982733878060360.     
   4690.20663372003      < Te <    4706.68834939229     
   4934.28673951002      < Th <    4978.34104504715     
   81.5509711471085      < Ts <   81.5755267674026     
  1.713682523789900E+026 < Ne <  1.713770856659106E+026
  1.713682523789900E+026 < Nh <  1.713770856618767E+026
 CFL_Te=  1.553691667667388E-003 maxCFL_Ne=  1.501448449841164E-003 maxCFL_Ts=
  5.144151903009262E-004 CPU=   934.859881534229      NumThreads=           8 
 Elapsed time=  8.557432143596685E-003
 CFL_Limit=  1.000000000000000E-003
 dt_init=  1.000000000000000E-018 dt=  1.000000000000000E-018
 Time= -1.000000000397902E-015 Intensity=   987751006861425.     
   4707.18501975202      < Te <    4723.79415880258     
   4944.46646174931      < Th <    4987.37925722769     
   81.6737456756557      < Ts <   81.7007038641464     
  1.802099994776168E+026 < Ne <  1.802188789097957E+026
  1.802099994776168E+026 < Nh <  1.802188789078962E+026
 CFL_Te=  1.554602512183496E-003 maxCFL_Ne=  1.518152779523622E-003 maxCFL_Ts=
  5.147328373201866E-004 CPU=   934.337669992648      NumThreads=           8 
 Elapsed time=  8.562214986004955E-003
 CFL_Limit=  1.000000000000000E-003
 dt_init=  1.000000000000000E-018 dt=  1.000000000000000E-018
 Time= -3.978898472655851E-025 Intensity=   989358557592328.     
   4734.24649106868      < Te <    4751.45382370613     
   4972.85237443742      < Th <    5017.25332042862     
   81.8028356971039      < Ts <   81.8318125008173     
  1.890813146169879E+026 < Ne <  1.890902095016260E+026
  1.890813146169880E+026 < Nh <  1.890902095021459E+026
 CFL_Te=  1.563540248433460E-003 maxCFL_Ne=  1.526862393218511E-003 maxCFL_Ts=
  5.150629079325907E-004 CPU=   933.822229456916      NumThreads=           8 
 Elapsed time=  8.566941059705298E-003
 CFL_Limit=  1.000000000000000E-003
 dt_init=  1.000000000000000E-018 dt=  1.000000000000000E-018
