 Hello from thread =           5
 Hello from thread =           3
 Hello from thread =           9
 Hello from thread =           1
 Hello from thread =          15
 Hello from thread =           8
 Hello from thread =          11
 Hello from thread =          13
 Hello from thread =          10
 Hello from thread =          14
 Hello from thread =          12
 Hello from thread =           0
 Hello from thread =           2
 Hello from thread =           6
 Hello from thread =           4
 Hello from thread =           7
OpenMP TEST
Number of Threads = *
*******************************
 Pi =    3.14159265358979     
 Read PolarizationSource TM:                      0
 Read phiMie0:    270.000000000000      deg -> rad
 Importing data on Polarization.
 Loading GMSH mesh...
 MESH INFORMATIONS
 [GMSH] Quadrangles number
      120000
 [GMSH] Node number
      120704
 Latest running index while remeshing                  2604
 [Mesh] Building...
 
 [Mesh] Convergence (                   500 )=  1.081720079616934E-005
 [Mesh] Convergence (                  1000 )=  1.811262921339221E-006
 [Mesh] Convergence (                  1500 )=  2.579260365273512E-007
 [Mesh] Convergence (                  2000 )=  3.591470637911698E-008
 [Mesh] Convergence (                  2500 )=  4.985051651601679E-009
 [Mesh] Convergence (                  3000 )=  6.916293277754448E-010
 [Mesh] Convergence is reached. The show can go on.
 [Mesh) ITERATIONS=                  3490
 Vessel cells:                    51 *                    51 =
                  2601
 Matter cells:                    51 *                    51 =
                  2601
  -73.8000000000000       -74.2000000000000     
 Done.
 [Mesh] Calculation of normales and distances.
 NEEDLE CHECK
 North -3.766032663078631E-002  0.999290598273626     
 South -4.425498528455761E-002 -0.999020268201533     
 East  0.997763878544350       6.683743466154690E-002
 West -0.983550514119218      -0.180633291991876     
  1.008423591908063E-007  1.008040131466220E-007  6.226196335372929E-009
  6.051711821471932E-009
 VESSEL CHECK
 North -3.766032663078620E-002  0.999290598273619     
 South -4.425498528455753E-002 -0.999020268201532     
 East  0.997763878550900       6.683743466200739E-002
 West -0.983550514120851      -0.180633291992154     
  1.008423591908069E-007  1.008040131466208E-007  6.226196335372337E-009
  6.051711821474587E-009
 epsilon(   515.000000000000      nm)= (17.8254000000000,0.506690000000000)
 Re(sqrt(epsilon))=   4.22244004813930     
 [Poisson eq.] Filling matrix
 Starting time loop.
 Time= -1.990000000000033E-013 Intensity=  1.560808197333866E-015
   80.0000004771923      < Te <    80.0000004780423     
   80.0000004771923      < Th <    80.0000004780756     
   80.0000000000000      < Ts <   80.0000000000000     
   100000.000010074      < Ne <   100000.000010088     
   100000.000010074      < Nh <   100000.000010088     
 CFL_Te=  3.017299651248141E-005 maxCFL_Ne=  2.329135641854970E-005 maxCFL_Ts=
  5.102011094536748E-004 CPU=   725.432344561121      NumThreads=          16 
 Elapsed time=  2.205581281281281E-002
 CFL_Limit=  1.000000000000000E-003
 dt_init=  1.000000000000000E-018 dt=  1.000000000000000E-018
 Time= -1.980000000000067E-013 Intensity=  3.105441224724688E-015
   80.0000014274143      < Te <    80.0000014291972     
   80.0000014274143      < Th <    80.0000014293082     
   80.0000000000000      < Ts <   80.0000000000000     
   100000.000030177      < Ne <   100000.000030205     
   100000.000030177      < Nh <   100000.000030205     
 CFL_Te=  3.017299687086950E-005 maxCFL_Ne=  2.329135669519917E-005 maxCFL_Ts=
  5.102011094536748E-004 CPU=   741.973651769569      NumThreads=          16 
 Elapsed time=  2.156410805402701E-002
 CFL_Limit=  1.000000000000000E-003
 dt_init=  1.000000000000000E-018 dt=  1.000000000000000E-018
 Time= -1.970000000000100E-013 Intensity=  6.157323060963920E-015
   80.0000033123723      < Te <    80.0000033160159     
   80.0000033123723      < Th <    80.0000033164116     
   80.0000000000000      < Ts <   80.0000000000000     
   100000.000070097      < Ne <   100000.000070152     
   100000.000070097      < Nh <   100000.000070152     
 CFL_Te=  3.017299758181978E-005 maxCFL_Ne=  2.329135724400160E-005 maxCFL_Ts=
  5.102011094536748E-004 CPU=   747.802511939453      NumThreads=          16 
 Elapsed time=  2.139602334111370E-002
 CFL_Limit=  1.000000000000000E-003
 dt_init=  1.000000000000000E-018 dt=  1.000000000000000E-018
 Time= -1.960000000000134E-013 Intensity=  1.216621304889952E-014
   80.0000070405513      < Te <    80.0000070476209     
   80.0000070405513      < Th <    80.0000070489093     
   80.0000000000000      < Ts <   80.0000000000000     
   100000.000149097      < Ne <   100000.000149206     
   100000.000149097      < Nh <   100000.000149206     
 CFL_Te=  3.017299898794799E-005 maxCFL_Ne=  2.329135832946235E-005 maxCFL_Ts=
  5.102011094536748E-004 CPU=   745.656597517343      NumThreads=          16 
 Elapsed time=  2.145759864966242E-002
 CFL_Limit=  1.000000000000000E-003
 dt_init=  1.000000000000000E-018 dt=  1.000000000000000E-018
 Time= -1.950000000000167E-013 Intensity=  2.395596909112202E-014
   80.0000143907402      < Te <    80.0000144048007     
   80.0000143907402      < Th <    80.0000144083330     
   80.0000000000000      < Ts <   80.0000000000000     
   100000.000304891      < Ne <   100000.000305106     
   100000.000304891      < Nh <   100000.000305106     
 CFL_Te=  3.017300176020772E-005 maxCFL_Ne=  2.329136046941044E-005 maxCFL_Ts=
  5.102011094536748E-004 CPU=   746.003521915607      NumThreads=          16 
 Elapsed time=  2.144761992398480E-002
 CFL_Limit=  1.000000000000000E-003
 dt_init=  1.000000000000000E-018 dt=  1.000000000000000E-018
 Time= -1.940000000000200E-013 Intensity=  4.700747468172524E-014
   80.0000288335292      < Te <    80.0000288600263     
   80.0000288335292      < Th <    80.0000288684334     
   80.0000000000000      < Ts <   80.0000000000000     
   100000.000611069      < Ne <   100000.000611490     
   100000.000611069      < Nh <   100000.000611490     
 CFL_Te=  3.017300720765909E-005 maxCFL_Ne=  2.329136467431206E-005 maxCFL_Ts=
  5.102011094536748E-004 CPU=   747.756844375748      NumThreads=          16 
 Elapsed time=  2.139733005500917E-002
 CFL_Limit=  1.000000000000000E-003
 dt_init=  1.000000000000000E-018 dt=  1.000000000000000E-018
 Time= -1.930000000000234E-013 Intensity=  9.192104385628073E-014
   80.0000571166093      < Te <    80.0000571703922     
   80.0000571166093      < Th <    80.0000571840377     
   80.0000000000000      < Ts <   80.0000000000000     
   100000.001210710      < Ne <   100000.001211533     
   100000.001210710      < Nh <   100000.001211533     
 CFL_Te=  3.017301787496061E-005 maxCFL_Ne=  2.329137290870317E-005 maxCFL_Ts=
  5.102011094536748E-004 CPU=   749.278672745809      NumThreads=          16 
 Elapsed time=  2.135387083869124E-002
 CFL_Limit=  1.000000000000000E-003
 dt_init=  1.000000000000000E-018 dt=  1.000000000000000E-018
 Time= -1.920000000000267E-013 Intensity=  1.791256685535073E-013
   80.0001123131088      < Te <    80.0001124168769     
   80.0001123131088      < Th <    80.0001124352239     
   80.0000000000000      < Ts <   80.0000000000000     
   100000.002381029      < Ne <   100000.002382633     
   100000.002381029      < Nh <   100000.002382633     
 CFL_Te=  3.017303869299511E-005 maxCFL_Ne=  2.329138897928877E-005 maxCFL_Ts=
  5.102011094536748E-004 CPU=   750.263587944855      NumThreads=          16 
 Elapsed time=  2.132583835479435E-002
 CFL_Limit=  1.000000000000000E-003
 dt_init=  1.000000000000000E-018 dt=  1.000000000000000E-018
 Time= -1.910000000000300E-013 Intensity=  3.478528381353071E-013
   80.0002196622561      < Te <    80.0002198628166     
   80.0002196622561      < Th <    80.0002199142946     
   80.0000000000000      < Ts <   80.0000000000000     
   100000.004657240      < Ne <   100000.004660355     
   100000.004657240      < Nh <   100000.004660355     
 CFL_Te=  3.017307918105167E-005 maxCFL_Ne=  2.329142023454495E-005 maxCFL_Ts=
  5.102011094536748E-004 CPU=   751.069844440897      NumThreads=          16 
 Elapsed time=  2.130294554950550E-002
 CFL_Limit=  1.000000000000000E-003
 dt_init=  1.000000000000000E-018 dt=  1.000000000000000E-018
 Time= -1.900000000000334E-013 Intensity=  6.731752308218254E-013
   80.0004277202368      < Te <    80.0004281199891     
   80.0004277202368      < Th <    80.0004281849505     
   80.0000000000000      < Ts <   80.0000000000000     
   100000.009069042      < Ne <   100000.009075070     
   100000.009069042      < Nh <   100000.009075070     
 CFL_Te=  3.017315765438997E-005 maxCFL_Ne=  2.329148081020986E-005 maxCFL_Ts=
  5.102011094536748E-004 CPU=   751.815311557366      NumThreads=          16 
 Elapsed time=  2.128182248224823E-002
 CFL_Limit=  1.000000000000000E-003
 dt_init=  1.000000000000000E-018 dt=  1.000000000000000E-018
 Time= -1.890000000000367E-013 Intensity=  1.298241700107108E-012
   80.0008295731229      < Te <    80.0008303854434     
   80.0008295731229      < Th <    80.0008305004205     
   80.0000000000000      < Ts <   80.0000000000000     
   100000.017590517      < Ne <   100000.017602142     
   100000.017590517      < Nh <   100000.017602142     
 CFL_Te=  3.017330922007011E-005 maxCFL_Ne=  2.329159781067131E-005 maxCFL_Ts=
  5.102011094536748E-004 CPU=   752.349375344899      NumThreads=          16 
 Elapsed time=  2.126671533775798E-002
 CFL_Limit=  1.000000000000000E-003
 dt_init=  1.000000000000000E-018 dt=  1.000000000000000E-018
 Time= -1.880000000000400E-013 Intensity=  2.495041832982707E-012
   80.0016030472941      < Te <    80.0016046411329     
   80.0016030472941      < Th <    80.0016049138805     
   80.0000000000000      < Ts <   80.0000000000000     
   100000.033992970      < Ne <   100000.034015311     
   100000.033992970      < Nh <   100000.034015311     
 CFL_Te=  3.017360095173832E-005 maxCFL_Ne=  2.329182302226697E-005 maxCFL_Ts=
  5.102011094536748E-004 CPU=   752.854363651873      NumThreads=          16 
 Elapsed time=  2.125245037086424E-002
 CFL_Limit=  1.000000000000000E-003
 dt_init=  1.000000000000000E-018 dt=  1.000000000000000E-018
 Time= -1.870000000000434E-013 Intensity=  4.778537059130534E-012
   80.0030866582960      < Te <    80.0030895969503     
   80.0030866582960      < Th <    80.0030902025968     
   80.0000000000000      < Ts <   80.0000000000000     
   100000.065455825      < Ne <   100000.065498612     
   100000.065455825      < Nh <   100000.065498612     
 CFL_Te=  3.017416051384911E-005 maxCFL_Ne=  2.329225499000358E-005 maxCFL_Ts=
  5.102011094536748E-004 CPU=   753.258818450105      NumThreads=          16 
 Elapsed time=  2.124103907992923E-002
 CFL_Limit=  1.000000000000000E-003
 dt_init=  1.000000000000000E-018 dt=  1.000000000000000E-018
 Time= -1.860000000000467E-013 Intensity=  9.120254035482025E-012
   80.0059225487846      < Te <    80.0059284705982     
   80.0059225487846      < Th <    80.0059289649448     
   80.0000000000000      < Ts <   80.0000000000000     
   100000.125598495      < Ne <   100000.125680157     
   100000.125598495      < Nh <   100000.125680157     
 CFL_Te=  3.017523010504645E-005 maxCFL_Ne=  2.329308071626964E-005 maxCFL_Ts=
  5.102011094536748E-004 CPU=   753.511337805043      NumThreads=          16 
 Elapsed time=  2.123392070862205E-002
 CFL_Limit=  1.000000000000000E-003
 dt_init=  1.000000000000000E-018 dt=  1.000000000000000E-018
 Time= -1.850000000000501E-013 Intensity=  1.734657596048508E-011
   80.0113245385380      < Te <    80.0113350923205     
   80.0113245385380      < Th <    80.0113367113106     
   80.0000000000000      < Ts <   80.0000000000000     
   100000.240166294      < Ne <   100000.240321614     
   100000.240166294      < Nh <   100000.240321614     
 CFL_Te=  3.017726753252980E-005 maxCFL_Ne=  2.329465348546027E-005 maxCFL_Ts=
  5.102011094536748E-004 CPU=   753.795269853015      NumThreads=          16 
 Elapsed time=  2.122592252816854E-002
 CFL_Limit=  1.000000000000000E-003
 dt_init=  1.000000000000000E-018 dt=  1.000000000000000E-018
 Time= -1.840000000000534E-013 Intensity=  3.287876068756104E-011
   80.0215789929777      < Te <    80.0216004777075     
   80.0215789929777      < Th <    80.0216026870738     
   80.0000000000000      < Ts <   80.0000000000000     
   100000.457655500      < Ne <   100000.457949894     
   100000.457655500      < Nh <   100000.457949894     
 CFL_Te=  3.018113512752295E-005 maxCFL_Ne=  2.329763903202137E-005 maxCFL_Ts=
  5.102011094536748E-004 CPU=   754.023542899372      NumThreads=          16 
 Elapsed time=  2.121949659353710E-002
 CFL_Limit=  1.000000000000000E-003
 dt_init=  1.000000000000000E-018 dt=  1.000000000000000E-018
 Time= -1.830000000000567E-013 Intensity=  6.210291219805711E-011
   80.0409773625022      < Te <    80.0410157863083     
   80.0409773625022      < Th <    80.0410256469277     
   80.0000000000000      < Ts <   80.0000000000000     
   100000.869097027      < Ne <   100000.869653092     
   100000.869097027      < Nh <   100000.869653092     
 CFL_Te=  3.018845146396611E-005 maxCFL_Ne=  2.330328671023637E-005 maxCFL_Ts=
  5.102011094536748E-004 CPU=   754.205200616215      NumThreads=          16 
 Elapsed time=  2.121438566974528E-002
 CFL_Limit=  1.000000000000000E-003
 dt_init=  1.000000000000000E-018 dt=  1.000000000000000E-018
 Time= -1.820000000000601E-013 Intensity=  1.168969938842701E-010
   80.0775461539646      < Te <    80.0776191284975     
   80.0775461539646      < Th <    80.0776333486260     
   80.0000000000000      < Ts <   80.0000000000000     
   100001.644761343      < Ne <   100001.645808031     
   100001.644761343      < Nh <   100001.645808031     
 CFL_Te=  3.020224402899660E-005 maxCFL_Ne=  2.331393359012676E-005 maxCFL_Ts=
  5.102011094536748E-004 CPU=   754.407172625006      NumThreads=          16 
 Elapsed time=  2.120870609478304E-002
 CFL_Limit=  1.000000000000000E-003
 dt_init=  1.000000000000000E-018 dt=  1.000000000000000E-018
 Time= -1.810000000000634E-013 Intensity=  2.192752273564716E-010
   80.1462445460000      < Te <    80.1463777946614     
   80.1462445460000      < Th <    80.1464116367574     
   80.0000000000000      < Ts <   80.0000000000000     
   100003.102013743      < Ne <   100003.103977118     
   100003.102013743      < Nh <   100003.103977118     
 CFL_Te=  3.022815537923689E-005 maxCFL_Ne=  2.333393528951996E-005 maxCFL_Ts=
  5.102011094536748E-004 CPU=   754.578324750529      NumThreads=          16 
 Elapsed time=  2.120389557345123E-002
 CFL_Limit=  1.000000000000000E-003
 dt_init=  1.000000000000000E-018 dt=  1.000000000000000E-018
 Time= -1.800000000000667E-013 Intensity=  4.098931371387976E-010
   80.2748528994295      < Te <    80.2751044581176     
   80.2748528994295      < Th <    80.2751608199990     
   80.0000000000000      < Ts <   80.0000000000000     
   100005.830306826      < Ne <   100005.833976979     
   100005.830306826      < Nh <   100005.833976979     
 CFL_Te=  3.027666155899902E-005 maxCFL_Ne=  2.337138070491240E-005 maxCFL_Ts=
  5.102011094536748E-004 CPU=   754.717004273141      NumThreads=          16 
 Elapsed time=  2.119999934996750E-002
 CFL_Limit=  1.000000000000000E-003
 dt_init=  1.000000000000000E-018 dt=  1.000000000000000E-018
 Time= -1.790000000000701E-013 Intensity=  7.635659860009758E-010
   80.5147754825009      < Te <    80.5152406188015     
   80.5147754825010      < Th <    80.5153445989872     
   80.0000000000000      < Ts <   80.0000000000000     
   100010.920597008      < Ne <   100010.927433922     
   100010.920597008      < Nh <   100010.927433922     
 CFL_Te=  3.036715129313397E-005 maxCFL_Ne=  2.344123681929895E-005 maxCFL_Ts=
  5.102011094536748E-004 CPU=   754.886185770857      NumThreads=          16 
 Elapsed time=  2.119524810705272E-002
 CFL_Limit=  1.000000000000000E-003
 dt_init=  1.000000000000000E-018 dt=  1.000000000000000E-018
 Time= -1.780000000000734E-013 Intensity=  1.417481341681680E-009
   80.9607796898452      < Te <    80.9616758233081     
   80.9607796898452      < Th <    80.9617747523674     
   80.0000000000000      < Ts <   80.0000000000000     
   100020.384915271      < Ne <   100020.397607297     
   100020.384915271      < Nh <   100020.397607297     
 CFL_Te=  3.053536958042378E-005 maxCFL_Ne=  2.357109104152166E-005 maxCFL_Ts=
  5.102011094536748E-004 CPU=   755.014142240032      NumThreads=          16 
 Elapsed time=  2.119165602981954E-002
 CFL_Limit=  1.000000000000000E-003
 dt_init=  1.000000000000000E-018 dt=  1.000000000000000E-018
 Time= -1.770000000000767E-013 Intensity=  2.622303641321438E-009
   81.7869087278791      < Te <    81.7885587097720     
   81.7869087278791      < Th <    81.7888575705031     
   80.0000000000000      < Ts <   80.0000000000000     
   100037.920950449      < Ne <   100037.944430367     
   100037.920950449      < Nh <   100037.944430367     
 CFL_Te=  3.084695424675432E-005 maxCFL_Ne=  2.381162274006158E-005 maxCFL_Ts=
  5.102011094536748E-004 CPU=   755.160806080476      NumThreads=          16 
 Elapsed time=  2.118754028436019E-002
 CFL_Limit=  1.000000000000000E-003
 dt_init=  1.000000000000000E-018 dt=  1.000000000000000E-018
 Time= -1.760000000000801E-013 Intensity=  4.834409727130662E-009
   83.3114968398126      < Te <    83.3145951126364     
   83.3114968398128      < Th <    83.3150564429266     
   80.0000000000000      < Ts <   80.0000000000000     
   100070.300347433      < Ne <   100070.343634388     
   100070.300347433      < Nh <   100070.343634388     
 CFL_Te=  3.142197147042952E-005 maxCFL_Ne=  2.425551547666852E-005 maxCFL_Ts=
  5.102011094536748E-004 CPU=   755.296083405535      NumThreads=          16 
 Elapsed time=  2.118374548939539E-002
 CFL_Limit=  1.000000000000000E-003
 dt_init=  1.000000000000000E-018 dt=  1.000000000000000E-018
 Time= -1.750000000000834E-013 Intensity=  8.881754856682622E-009
   86.1141542515284      < Te <    86.1199175355931     
   86.1141542515287      < Th <    86.1208556681056     
   80.0000000000000      < Ts <   80.0000000000000     
   100129.880468515      < Ne <   100129.959995106     
   100129.880468515      < Nh <   100129.959995106     
 CFL_Te=  3.247904864320197E-005 maxCFL_Ne=  2.507151704406689E-005 maxCFL_Ts=
  5.102011094536748E-004 CPU=   755.377429761140      NumThreads=          16 
 Elapsed time=  2.118146421856874E-002
 CFL_Limit=  1.000000000000000E-003
 dt_init=  1.000000000000000E-018 dt=  1.000000000000000E-018
 Time= -1.740000000000868E-013 Intensity=  1.626106400450773E-008
   91.2445365392580      < Te <    91.2551032610450     
   91.2445365392585      < Th <    91.2568312040226     
   80.0000000000000      < Ts <   80.0000000000000     
   100239.132440150      < Ne <   100239.278040542     
   100239.132440150      < Nh <   100239.278040542     
 CFL_Te=  3.441403538203464E-005 maxCFL_Ne=  2.656521973539026E-005 maxCFL_Ts=
  5.102011094536748E-004 CPU=   755.463002128218      NumThreads=          16 
 Elapsed time=  2.117906496403708E-002
 CFL_Limit=  1.000000000000000E-003
 dt_init=  1.000000000000000E-018 dt=  1.000000000000000E-018
 Time= -1.730000000000901E-013 Intensity=  2.966839047968111E-008
   100.590396310925      < Te <    100.609923085108     
   100.590396310926      < Th <    100.613152483586     
   80.0000000000000      < Ts <   80.0000000000000     
   100438.774692973      < Ne <   100439.040341597     
   100438.774692973      < Nh <   100439.040341597     
 CFL_Te=  3.793894272633105E-005 maxCFL_Ne=  2.928630303909635E-005 maxCFL_Ts=
  5.102011094536748E-004 CPU=   755.546001819999      NumThreads=          16 
 Elapsed time=  2.117673836068002E-002
 CFL_Limit=  1.000000000000000E-003
 dt_init=  1.000000000000000E-018 dt=  1.000000000000000E-018
 Time= -1.720000000000934E-013 Intensity=  5.394284693830016E-008
   117.513847165895      < Te <    117.548450246228     
   117.513847165898      < Th <    117.558801920689     
   80.0000000000000      < Ts <   80.0000000000000     
   100802.330358980      < Ne <   100802.813359332     
   100802.330358980      < Nh <   100802.813359332     
 CFL_Te=  4.432199768945643E-005 maxCFL_Ne=  3.421366360779670E-005 maxCFL_Ts=
  5.102011094536748E-004 CPU=   755.611715403553      NumThreads=          16 
 Elapsed time=  2.117489667488124E-002
 CFL_Limit=  1.000000000000000E-003
 dt_init=  1.000000000000000E-018 dt=  1.000000000000000E-018
 Time= -1.710000000000968E-013 Intensity=  9.773915737714293E-008
   147.914690497264      < Te <    147.980230126375     
   147.914690497274      < Th <    147.996343638578     
   80.0000000000000      < Ts <   80.0000000000000     
   101462.088336280      < Ne <   101462.963485631     
   101462.088336280      < Nh <   101462.963485631     
 CFL_Te=  5.578847619266014E-005 maxCFL_Ne=  4.306570452018624E-005 maxCFL_Ts=
  5.102011094536748E-004 CPU=   755.652893446579      NumThreads=          16 
 Elapsed time=  2.117374278423394E-002
 CFL_Limit=  1.000000000000000E-003
 dt_init=  1.000000000000000E-018 dt=  1.000000000000000E-018
 Time= -1.700000000001001E-013 Intensity=  1.764810860648570E-007
   201.899448425078      < Te <    202.030999366601     
   201.899448425103      < Th <    202.055897687252     
   80.0000000000000      < Ts <   80.0000000000000     
   102655.234529025      < Ne <   102656.814727913     
   102655.234529025      < Nh <   102656.814727913     
 CFL_Te=  7.615025437117692E-005 maxCFL_Ne=  5.878510502734637E-005 maxCFL_Ts=
  5.102011094536748E-004 CPU=   755.741716690367      NumThreads=          16 
 Elapsed time=  2.117125420847361E-002
 CFL_Limit=  1.000000000000000E-003
 dt_init=  1.000000000000000E-018 dt=  1.000000000000000E-018
 Time= -1.690000000001034E-013 Intensity=  3.175576613512355E-007
   296.085173074814      < Te <    296.350500287904     
   296.085173074872      < Th <    296.428945680320     
   80.0000000000000      < Ts <   80.0000000000000     
   104805.529041717      < Ne <   104808.372430064     
   104805.529041717      < Nh <   104808.372430064     
 CFL_Te=  1.116756104715797E-004 maxCFL_Ne=  8.620688876814527E-005 maxCFL_Ts=
  5.102011094536748E-004 CPU=   755.824024172544      NumThreads=          16 
 Elapsed time=  2.116894870802284E-002
 CFL_Limit=  1.000000000000000E-003
 dt_init=  1.000000000000000E-018 dt=  1.000000000000000E-018
 Time= -1.680000000001068E-013 Intensity=  5.694320037504541E-007
   455.879563155369      < Te <    456.516723293852     
   455.879563155402      < Th <    456.598749542781     
   80.0000000000000      < Ts <   80.0000000000000     
   108667.397801465      < Ne <   108672.496454468     
   108667.397801465      < Nh <   108672.496454468     
 CFL_Te=  1.719432508230019E-004 maxCFL_Ne=  1.327375141229184E-004 maxCFL_Ts=
  5.102011094536748E-004 CPU=   755.889811355085      NumThreads=          16 
 Elapsed time=  2.116710631582237E-002
 CFL_Limit=  1.000000000000000E-003
 dt_init=  1.000000000000000E-018 dt=  1.000000000000000E-018
 Time= -1.670000000001101E-013 Intensity=  1.017550563976508E-006
   715.216047136227      < Te <    716.465517576815     
   715.216050914131      < Th <    717.039707886785     
   80.0000000000000      < Ts <   80.0000000000000     
   115579.216730968      < Ne <   115588.327805169     
   115579.216730968      < Nh <   115588.327805169     
 CFL_Te=  2.697682541939003E-004 maxCFL_Ne=  2.082729397910105E-004 maxCFL_Ts=
  5.102011094536748E-004 CPU=   755.919729520976      NumThreads=          16 
 Elapsed time=  2.116626855359253E-002
 CFL_Limit=  1.000000000000000E-003
 dt_init=  1.000000000000000E-018 dt=  1.000000000000000E-018
 Time= -1.660000000001134E-013 Intensity=  1.812028301742214E-006
   1108.19775290477      < Te <    1111.25138485217     
   1108.19778687565      < Th <    1112.50511797516     
   80.0000000000000      < Ts <   80.0000000000000     
   127906.928487481      < Ne <   127923.153257922     
   127906.928487481      < Nh <   127923.153257922     
 CFL_Te=  4.179948661339042E-004 maxCFL_Ne=  3.226920184479205E-004 maxCFL_Ts=
  5.102011094536748E-004 CPU=   755.948460330467      NumThreads=          16 
 Elapsed time=  2.116546410188535E-002
 CFL_Limit=  1.000000000000000E-003
 dt_init=  1.000000000000000E-018 dt=  1.000000000000000E-018
 Time= -1.650000000001168E-013 Intensity=  3.215650229074063E-006
   1647.08516236418      < Te <    1654.02591011976     
   1647.08522864509      < Th <    1656.90827058301     
   80.0000000000000      < Ts <   80.0000000000000     
   149818.214500975      < Ne <   149847.007200949     
   149818.214500975      < Nh <   149847.007200949     
 CFL_Te=  6.212312917835873E-004 maxCFL_Ne=  4.797358819340462E-004 maxCFL_Ts=
  5.102011094536748E-004 CPU=   755.854297265543      NumThreads=          16 
 Elapsed time=  2.116810086002457E-002
 CFL_Limit=  1.000000000000000E-003
 dt_init=  1.000000000000000E-018 dt=  1.000000000000000E-018
 Time= -1.640000000001201E-013 Intensity=  5.686793797512061E-006
   2294.37455829564      < Te <    2306.68421039613     
   2294.37455833594      < Th <    2313.09629557204     
   80.0000000000000      < Ts <   80.0000000000000     
   188628.652609993      < Ne <   188679.571765347     
   188628.652609993      < Nh <   188679.571765347     
 CFL_Te=  8.656557130496531E-004 maxCFL_Ne=  6.682412093739401E-004 maxCFL_Ts=
  5.102011094536748E-004 CPU=   755.854974591676      NumThreads=          16 
 Elapsed time=  2.116808189116364E-002
 CFL_Limit=  1.000000000000000E-003
 dt_init=  1.000000000000000E-018 dt=  1.000000000000000E-018
 Time= -1.630000000001235E-013 Intensity=  1.002215253558967E-005
   2960.12330354053      < Te <    2980.69469625576     
   2960.12330346209      < Th <    2990.29243079147     
   80.0000000000000      < Ts <   80.0000000000000     
   257134.007541321      < Ne <   257223.745406591     
   257134.007541321      < Nh <   257223.745406590     
 CFL_Te=  1.116615626868503E-003 maxCFL_Ne=  8.621566202440484E-004 maxCFL_Ts=
  5.102011094536748E-004 CPU=   755.828551296869      NumThreads=          16 
 Elapsed time=  2.116882191410578E-002
 CFL_Limit=  1.000000000000000E-003
 dt_init=  1.000000000000000E-018 dt=  1.000000000000000E-018
 Time= -1.620000000001268E-013 Intensity=  1.760148807143688E-005
   3545.08479683907      < Te <    3572.42512944658     
   3545.08479656741      < Th <    3596.93244319097     
   80.0000000000000      < Ts <   80.0000000000000     
   377636.439548080      < Ne <   377794.043372863     
   377636.439548080      < Nh <   377794.043372857     
 CFL_Te=  1.337250148051986E-003 maxCFL_Ne=  1.033169765976623E-003 maxCFL_Ts=
  5.102011094536748E-004 CPU=   755.813202757962      NumThreads=          16 
 Elapsed time=  2.116925179609990E-002
 CFL_Limit=  1.000000000000000E-003
 dt_init=  1.000000000000000E-018 dt=  1.000000000000000E-018
 Time= -1.610000000001301E-013 Intensity=  3.080580861387861E-005
   3992.80612265960      < Te <    4032.70548543402     
   3992.80612221222      < Th <    4070.15991204783     
   80.0000000000000      < Ts <   80.0000000000000     
   588869.749484113      < Ne <   589145.587870312     
   588869.749484114      < Nh <   589145.587870250     
 CFL_Te=  1.506279860793772E-003 maxCFL_Ne=  1.163642539759062E-003 maxCFL_Ts=
  5.102011094536748E-004 CPU=   755.780658161598      NumThreads=          16 
 Elapsed time=  2.117016336316316E-002
 CFL_Limit=  1.000000000000000E-003
 dt_init=  1.000000000000000E-018 dt=  1.000000000000000E-018
 Time= -1.600000000001335E-013 Intensity=  5.372923910690367E-005
   4301.09012192583      < Te <    4346.52288243251     
   4301.09012039661      < Th <    4399.41187529135     
   80.0000000000000      < Ts <   80.0000000000000     
   957867.968133180      < Ne <   958349.072084278     
   957867.968133180      < Nh <   958349.072083928     
 CFL_Te=  1.622641591900397E-003 maxCFL_Ne=  1.254883186734136E-003 maxCFL_Ts=
  5.102011094536748E-004 CPU=   755.772682929018      NumThreads=          16 
 Elapsed time=  2.117038675966899E-002
 CFL_Limit=  1.000000000000000E-003
 dt_init=  1.000000000000000E-018 dt=  1.000000000000000E-018
 Time= -1.590000000001368E-013 Intensity=  9.338639650887173E-005
   4498.49788856863      < Te <    4551.52809781680     
   4498.49788693007      < Th <    4593.87371662918     
   80.0000000000000      < Ts <   80.0000000000000     
   1600232.26414848      < Ne <   1601068.47814332     
   1600232.26414848      < Nh <   1601068.47814200     
 CFL_Te=  1.697606074982712E-003 maxCFL_Ne=  1.312321745303566E-003 maxCFL_Ts=
  5.102011094536748E-004 CPU=   755.776085591997      NumThreads=          16 
 Elapsed time=  2.117029144613283E-002
 CFL_Limit=  1.000000000000000E-003
 dt_init=  1.000000000000000E-018 dt=  1.000000000000000E-018
 Time= -1.580000000001401E-013 Intensity=  1.617526464825109E-004
   4619.24180618224      < Te <    4691.39354146538     
   4619.24705673843      < Th <    4714.17419397192     
   80.0000000000000      < Ts <   80.0000000000000     
   2714613.46480082      < Ne <   2716061.87752268     
   2714613.46480082      < Nh <   2716061.87752107     
 CFL_Te=  1.742934939205034E-003 maxCFL_Ne=  1.346986300620087E-003 maxCFL_Ts=
  5.102011094536748E-004 CPU=   755.759295118193      NumThreads=          16 
 Elapsed time=  2.117076178004238E-002
 CFL_Limit=  1.000000000000000E-003
 dt_init=  1.000000000000000E-018 dt=  1.000000000000000E-018
 Time= -1.570000000001435E-013 Intensity=  2.791991054014986E-004
   4691.06949053981      < Te <    4778.01195066024     
   4691.08064850273      < Th <    4812.66806578035     
   80.0000000000000      < Ts <   80.0000000000000     
   4641168.51731428      < Ne <   4643668.66595306     
   4641168.51731428      < Nh <   4643668.66595078     
 CFL_Te=  1.769703308297587E-003 maxCFL_Ne=  1.368201678233997E-003 maxCFL_Ts=
  5.102011094536748E-004 CPU=   755.770494652395      NumThreads=          16 
 Elapsed time=  2.117044805693155E-002
 CFL_Limit=  1.000000000000000E-003
 dt_init=  1.000000000000000E-018 dt=  1.000000000000000E-018
 Time= -1.560000000001468E-013 Intensity=  4.802545629240912E-004
   4733.15804536741      < Te <    4820.69303154360     
   4733.11672686255      < Th <    4845.51953941444     
   80.0000000000000      < Ts <   80.0000000000000     
   7960299.10132221      < Ne <   7964599.73510806     
   7960299.10132221      < Nh <   7964599.73510586     
 CFL_Te=  1.785808698674894E-003 maxCFL_Ne=  1.380007585173024E-003 maxCFL_Ts=
  5.102011094536748E-004 CPU=   755.775689102681      NumThreads=          16 
 Elapsed time=  2.117030255233074E-002
 CFL_Limit=  1.000000000000000E-003
 dt_init=  1.000000000000000E-018 dt=  1.000000000000000E-018
 Time= -1.550000000001501E-013 Intensity=  8.232350018316378E-004
   4757.60405636021      < Te <    4839.32181318680     
   4757.44339481496      < Th <    4867.55573723677     
   80.0000000000000      < Ts <   80.0000000000000     
   13658825.0059181      < Ne <   13666197.0589776     
   13658825.0059181      < Nh <   13666197.0589651     
 CFL_Te=  1.795359484382605E-003 maxCFL_Ne=  1.386865492425759E-003 maxCFL_Ts=
  5.102011094536748E-004 CPU=   755.767403919317      NumThreads=          16 
 Elapsed time=  2.117053463410298E-002
 CFL_Limit=  1.000000000000000E-003
 dt_init=  1.000000000000000E-018 dt=  1.000000000000000E-018
 Time= -1.540000000001535E-013 Intensity=  1.406277423666162E-003
   4771.72403624199      < Te <    4864.33072952784     
   4771.49626344061      < Th <    4875.24976192062     
   80.0000000000000      < Ts <   80.0000000000000     
   23408631.3461360      < Ne <   23421224.6312291     
   23408631.3461360      < Nh <   23421224.6311959     
 CFL_Te=  1.800066010953536E-003 maxCFL_Ne=  1.390707037672888E-003 maxCFL_Ts=
  5.102011094536748E-004 CPU=   755.754492945951      NumThreads=          16 
 Elapsed time=  2.117089630209353E-002
 CFL_Limit=  1.000000000000000E-003
 dt_init=  1.000000000000000E-018 dt=  1.000000000000000E-018
 Time= -1.530000000001568E-013 Intensity=  2.393938736395840E-003
   4779.76913194866      < Te <    4877.88804905204     
   4779.92134628142      < Th <    4882.30780580613     
   80.0000000000000      < Ts <   80.0000000000000     
   40032217.8773101      < Ne <   40053655.8546791     
   40032217.8773101      < Nh <   40053655.8546281     
 CFL_Te=  1.802995035035774E-003 maxCFL_Ne=  1.394174185233730E-003 maxCFL_Ts=
  5.102011094536748E-004 CPU=   755.752064161845      NumThreads=          16 
 Elapsed time=  2.117096433966680E-002
 CFL_Limit=  1.000000000000000E-003
 dt_init=  1.000000000000000E-018 dt=  1.000000000000000E-018
 Time= -1.520000000001602E-013 Intensity=  4.061158219602303E-003
   4784.34242442147      < Te <    4859.79414928862     
   4784.55233746900      < Th <    4908.09232961569     
   80.0000000000000      < Ts <   80.0000000000000     
   68277683.9104506      < Ne <   68314052.2542918     
   68277683.9104506      < Nh <   68314052.2541929     
 CFL_Te=  1.805088135201035E-003 maxCFL_Ne=  1.395309704423617E-003 maxCFL_Ts=
  5.102011094536748E-004 CPU=   755.755350905120      NumThreads=          16 
 Elapsed time=  2.117087226817225E-002
 CFL_Limit=  1.000000000000000E-003
 dt_init=  1.000000000000000E-018 dt=  1.000000000000000E-018
 Time= -1.510000000001635E-013 Intensity=  6.865649637718419E-003
   4786.93614843617      < Te <    4866.51479192132     
   4787.09165352028      < Th <    4908.96770228515     
   80.0000000000000      < Ts <   80.0000000000000     
   116104122.150205      < Ne <   116165604.572282     
   116104122.150205      < Nh <   116165604.571978     
 CFL_Te=  1.806378436465913E-003 maxCFL_Ne=  1.395544116841551E-003 maxCFL_Ts=
  5.102011094536748E-004 CPU=   755.757844911830      NumThreads=          16 
 Elapsed time=  2.117080240413070E-002
 CFL_Limit=  1.000000000000000E-003
 dt_init=  1.000000000000000E-018 dt=  1.000000000000000E-018
 Time= -1.500000000001668E-013 Intensity=  1.156666652093452E-002
   4788.35348731041      < Te <    4874.95085941092     
   4788.46506331193      < Th <    4907.33137964767     
   80.0000000000000      < Ts <   80.0000000000000     
   196805808.834544      < Ne <   196909389.277194     
   196805808.834544      < Nh <   196909389.276653     
 CFL_Te=  1.806584779930005E-003 maxCFL_Ne=  1.396414485279916E-003 maxCFL_Ts=
  5.102011094536748E-004 CPU=   755.753101569080      NumThreads=          16 
 Elapsed time=  2.117093527870557E-002
 CFL_Limit=  1.000000000000000E-003
 dt_init=  1.000000000000000E-018 dt=  1.000000000000000E-018
 Time= -1.490000000001702E-013 Intensity=  1.941912432240791E-002
   4789.06801656069      < Te <    4864.10259268446     
   4789.17125722078      < Th <    4907.75492041042     
   80.0000000000000      < Ts <   80.0000000000000     
   332509750.667617      < Ne <   332683651.601968     
   332509750.667617      < Nh <   332683651.601002     
 CFL_Te=  1.806633699742971E-003 maxCFL_Ne=  1.396916496687916E-003 maxCFL_Ts=
  5.102011094536748E-004 CPU=   755.719586679111      NumThreads=          16 
 Elapsed time=  2.117187417400341E-002
 CFL_Limit=  1.000000000000000E-003
 dt_init=  1.000000000000000E-018 dt=  1.000000000000000E-018
 Time= -1.480000000001735E-013 Intensity=  3.248971634229540E-002
   4789.56343296464      < Te <    4860.73358619646     
   4789.47699667686      < Th <    4904.95458945584     
   80.0000000000000      < Ts <   80.0000000000000     
   559913485.388554      < Ne <   560204434.494360     
   559913485.388554      < Nh <   560204434.492614     
 CFL_Te=  1.806790799080997E-003 maxCFL_Ne=  1.398489607454136E-003 maxCFL_Ts=
  5.102011094536748E-004 CPU=   755.714104880516      NumThreads=          16 
 Elapsed time=  2.117202775053366E-002
 CFL_Limit=  1.000000000000000E-003
 dt_init=  1.000000000000000E-018 dt=  1.000000000000000E-018
 Time= -1.470000000001768E-013 Intensity=  5.416977693705801E-002
   4789.64529691284      < Te <    4871.52078599661     
   4789.51644910748      < Th <    4901.00720464857     
   80.0000000000000      < Ts <   80.0000000000000     
   939663677.221118      < Ne <   940148773.914261     
   939663677.221118      < Nh <   940148773.911009     
 CFL_Te=  1.806708336033041E-003 maxCFL_Ne=  1.397223012136294E-003 maxCFL_Ts=
  5.102011094536748E-004 CPU=   755.739454833850      NumThreads=          16 
 Elapsed time=  2.117131757202966E-002
 CFL_Limit=  1.000000000000000E-003
 dt_init=  1.000000000000000E-018 dt=  1.000000000000000E-018
 Time= -1.460000000001802E-013 Intensity=  9.000425155547633E-002
   4789.57322083379      < Te <    4868.71965059596     
   4789.38589191874      < Th <    4901.46577309523     
   80.0000000000000      < Ts <   80.0000000000000     
   1571629642.59684      < Ne <   1572435645.82924     
   1571629642.59684      < Nh <   1572435645.82405     
 CFL_Te=  1.806674263794316E-003 maxCFL_Ne=  1.397626906940657E-003 maxCFL_Ts=
  5.102011094536748E-004 CPU=   755.738253413430      NumThreads=          16 
 Elapsed time=  2.117135122872646E-002
 CFL_Limit=  1.000000000000000E-003
 dt_init=  1.000000000000000E-018 dt=  1.000000000000000E-018
 Time= -1.450000000001835E-013 Intensity=  0.149026620296781     
   4789.41244031466      < Te <    4867.42227785753     
   4789.43836909211      < Th <    4916.65422429804     
   80.0000000000000      < Ts <   80.0000000000000     
   2619686049.08488      < Ne <   2621020605.10075     
   2619686049.08488      < Nh <   2621020605.09029     
 CFL_Te=  1.806645991730572E-003 maxCFL_Ne=  1.398285081075802E-003 maxCFL_Ts=
  5.102011094536748E-004 CPU=   755.711156029300      NumThreads=          16 
 Elapsed time=  2.117211036564301E-002
 CFL_Limit=  1.000000000000000E-003
 dt_init=  1.000000000000000E-018 dt=  1.000000000000000E-018
 Time= -1.440000000001868E-013 Intensity=  0.245900566933201     
   4789.20545543302      < Te <    4870.00720372292     
   4789.24112869716      < Th <    4910.56780426029     
   80.0000000000000      < Ts <   80.0000000000000     
   4351777839.95353      < Ne <   4353979928.09579     
   4351777839.95353      < Nh <   4353979928.07686     
 CFL_Te=  1.806492650949221E-003 maxCFL_Ne=  1.398187543470727E-003 maxCFL_Ts=
  5.102011094536748E-004 CPU=   755.722430744984      NumThreads=          16 
 Elapsed time=  2.117179449633029E-002
 CFL_Limit=  1.000000000000000E-003
 dt_init=  1.000000000000000E-018 dt=  1.000000000000000E-018
 Time= -1.430000000001902E-013 Intensity=  0.404343119790425     
   4788.90963091313      < Te <    4871.76726003554     
   4789.01060227524      < Th <    4905.82728163551     
   80.0000000000000      < Ts <   80.0000000000000     
   7204453713.15501      < Ne <   7208074704.45325     
   7204453713.15501      < Nh <   7208074704.42204     
 CFL_Te=  1.806374377554873E-003 maxCFL_Ne=  1.397475385193411E-003 maxCFL_Ts=
  5.102011094536748E-004 CPU=   755.713854863415      NumThreads=          16 
 Elapsed time=  2.117203475499570E-002
 CFL_Limit=  1.000000000000000E-003
 dt_init=  1.000000000000000E-018 dt=  1.000000000000000E-018
 Time= -1.420000000001935E-013 Intensity=  0.662575595096888     
   4788.65307106897      < Te <    4868.24005497497     
   4788.76452790900      < Th <    4910.58274699922     
   80.0000000000000      < Ts <   80.0000000000000     
   11886430262.1157      < Ne <   11892363807.5564     
   11886430262.1157      < Nh <   11892363807.5059     
 CFL_Te=  1.806351130796305E-003 maxCFL_Ne=  1.397629013455616E-003 maxCFL_Ts=
  5.102011094536748E-004 CPU=   755.706198918246      NumThreads=          16 
 Elapsed time=  2.117224924567665E-002
 CFL_Limit=  1.000000000000000E-003
 dt_init=  1.000000000000000E-018 dt=  1.000000000000000E-018
 Time= -1.410000000001969E-013 Intensity=   1.08197110566200     
   4788.37529321650      < Te <    4858.21872978967     
   4788.50463892409      < Th <    4914.35183184672     
   80.0000000000000      < Ts <   80.0000000000000     
   19544182635.2932      < Ne <   19553871938.4053     
   19544182635.2932      < Nh <   19553871938.3157     
 CFL_Te=  1.806412258080111E-003 maxCFL_Ne=  1.396675108542019E-003 maxCFL_Ts=
  5.102011094536748E-004 CPU=   755.703306666444      NumThreads=          16 
 Elapsed time=  2.117233027678435E-002
 CFL_Limit=  1.000000000000000E-003
 dt_init=  1.000000000000000E-018 dt=  1.000000000000000E-018
 Time= -1.400000000002002E-013 Intensity=   1.76072179701996     
   4788.09600504489      < Te <    4866.49574502797     
   4788.23600750286      < Th <    4894.41008868743     
   80.0000000000000      < Ts <   80.0000000000000     
   32025737284.6977      < Ne <   32041504936.9203     
   32025737284.6977      < Nh <   32041504936.7795     
 CFL_Te=  1.806361890224213E-003 maxCFL_Ne=  1.397226850894089E-003 maxCFL_Ts=
  5.102011094536748E-004 CPU=   755.679089524774      NumThreads=          16 
 Elapsed time=  2.117300878347972E-002
 CFL_Limit=  1.000000000000000E-003
 dt_init=  1.000000000000000E-018 dt=  1.000000000000000E-018
 Time= -1.390000000002035E-013 Intensity=   2.85535866567550     
   4787.81201572474      < Te <    4873.27192212060     
   4787.95209740467      < Th <    4905.06262179034     
   80.0000000000000      < Ts <   80.0000000000000     
   52299358415.1151      < Ne <   52324928948.2725     
   52299358415.1151      < Nh <   52324928948.0696     
 CFL_Te=  1.806987957271056E-003 maxCFL_Ne=  1.397045644750261E-003 maxCFL_Ts=
  5.102011094536748E-004 CPU=   755.551724061051      NumThreads=          16 
 Elapsed time=  2.117657797668814E-002
 CFL_Limit=  1.000000000000000E-003
 dt_init=  1.000000000000000E-018 dt=  1.000000000000000E-018
 Time= -1.380000000002069E-013 Intensity=   4.61450845512207     
   4787.54732253332      < Te <    4865.46571332824     
   4787.66099440259      < Th <    4899.02086550445     
   80.0000000000000      < Ts <   80.0000000000000     
   85115630929.9104      < Ne <   85156955339.5195     
   85115630929.9104      < Nh <   85156955339.2010     
 CFL_Te=  1.807323068575651E-003 maxCFL_Ne=  1.397255595412046E-003 maxCFL_Ts=
  5.102011094536748E-004 CPU=   755.443078590044      NumThreads=          16 
 Elapsed time=  2.117962352618591E-002
 CFL_Limit=  1.000000000000000E-003
 dt_init=  1.000000000000000E-018 dt=  1.000000000000000E-018
 Time= -1.370000000002102E-013 Intensity=   7.43164701947838     
   4787.33269028578      < Te <    4864.74428122945     
   4787.33830825704      < Th <    4907.22138916294     
   80.0000000000000      < Ts <   80.0000000000000     
   138050574274.369      < Ne <   138117127093.461     
   138050574274.369      < Nh <   138117127092.927     
 CFL_Te=  1.806209689911897E-003 maxCFL_Ne=  1.396619814397565E-003 maxCFL_Ts=
  5.102011094536748E-004 CPU=   755.311694475251      NumThreads=          16 
 Elapsed time=  2.118330765567707E-002
 CFL_Limit=  1.000000000000000E-003
 dt_init=  1.000000000000000E-018 dt=  1.000000000000000E-018
 Time= -1.360000000002135E-013 Intensity=   11.9272288320214     
   4787.04106606912      < Te <    4861.26194486818     
   4787.09115771800      < Th <    4924.49960800410     
   80.0000000000000      < Ts <   80.0000000000000     
   223143006120.900      < Ne <   223249818126.344     
   223143006120.900      < Nh <   223249818125.463     
 CFL_Te=  1.806696510607199E-003 maxCFL_Ne=  1.395890348212474E-003 maxCFL_Ts=
  5.102011094536748E-004 CPU=   755.200944034811      NumThreads=          16 
 Elapsed time=  2.118641419397178E-002
 CFL_Limit=  1.000000000000000E-003
 dt_init=  1.000000000000000E-018 dt=  1.000000000000000E-018
 Time= -1.350000000002169E-013 Intensity=   19.0760687668457     
   4786.73824453097      < Te <    4866.11883947491     
   4786.80364079670      < Th <    4913.35809177943     
   80.0000000000000      < Ts <   80.0000000000000     
   359455197066.725      < Ne <   359626030007.952     
   359455197066.725      < Nh <   359626030006.692     
 CFL_Te=  1.805887105384147E-003 maxCFL_Ne=  1.395444466892341E-003 maxCFL_Ts=
  5.102011094536748E-004 CPU=   755.113082944361      NumThreads=          16 
 Elapsed time=  2.118887933660518E-002
 CFL_Limit=  1.000000000000000E-003
 dt_init=  1.000000000000000E-018 dt=  1.000000000000000E-018
 Time= -1.340000000002202E-013 Intensity=   30.4041633476423     
   4786.44166796173      < Te <    4875.51689387843     
   4786.47403679390      < Th <    4935.26041826822     
   80.0000000000000      < Ts <   80.0000000000000     
   577062637671.660      < Ne <   577334919384.916     
   577062637671.660      < Nh <   577334919382.972     
 CFL_Te=  1.805730538155531E-003 maxCFL_Ne=  1.396029389149197E-003 maxCFL_Ts=
  5.102011094536748E-004 CPU=   755.005226227506      NumThreads=          16 
 Elapsed time=  2.119190628645888E-002
 CFL_Limit=  1.000000000000000E-003
 dt_init=  1.000000000000000E-018 dt=  1.000000000000000E-018
 Time= -1.330000000002235E-013 Intensity=   48.2916545115885     
   4786.15461237164      < Te <    4878.03494204656     
   4786.16405508758      < Th <    4940.44018605767     
   80.0000000000000      < Ts <   80.0000000000000     
   923247492271.130      < Ne <   923679967316.965     
   923247492271.130      < Nh <   923679967313.883     
 CFL_Te=  1.805464517479584E-003 maxCFL_Ne=  1.395539089867770E-003 maxCFL_Ts=
  5.102011094536748E-004 CPU=   754.911275893598      NumThreads=          16 
 Elapsed time=  2.119454366483082E-002
 CFL_Limit=  1.000000000000000E-003
 dt_init=  1.000000000000000E-018 dt=  1.000000000000000E-018
 Time= -1.320000000002269E-013 Intensity=   76.4374099536951     
   4785.85001782014      < Te <    4874.09386864950     
   4785.83294182394      < Th <    4905.96737743364     
   80.0000000000000      < Ts <   80.0000000000000     
   1472077269933.13      < Ne <   1472761811604.88     
   1472077269933.13      < Nh <   1472761811599.68     
 CFL_Te=  1.805416363284463E-003 maxCFL_Ne=  1.395102362980868E-003 maxCFL_Ts=
  5.102011094536748E-004 CPU=   754.826711175900      NumThreads=          16 
 Elapsed time=  2.119691813114899E-002
 CFL_Limit=  1.000000000000000E-003
 dt_init=  1.000000000000000E-018 dt=  1.000000000000000E-018
 Time= -1.310000000002302E-013 Intensity=   120.568731186450     
   4785.50662405872      < Te <    4866.15395449058     
   4785.51399096078      < Th <    4887.90732750709     
   80.0000000000000      < Ts <   80.0000000000000     
   2339164019876.77      < Ne <   2340243787058.48     
   2339164019876.77      < Nh <   2340243787050.78     
 CFL_Te=  1.805576041763803E-003 maxCFL_Ne=  1.394936251548143E-003 maxCFL_Ts=
  5.102011094536748E-004 CPU=   754.740134983880      NumThreads=          16 
 Elapsed time=  2.119934962825548E-002
 CFL_Limit=  1.000000000000000E-003
 dt_init=  1.000000000000000E-018 dt=  1.000000000000000E-018
 Time= -1.300000000002336E-013 Intensity=   189.521405496306     
   4785.14554559705      < Te <    4861.20969384650     
   4785.21055617448      < Th <    4893.71109916326     
   80.0000000000000      < Ts <   80.0000000000000     
   3704321374318.45      < Ne <   3706018640298.87     
   3704321374318.45      < Nh <   3706018640285.38     
 CFL_Te=  1.805136670910223E-003 maxCFL_Ne=  1.394698152280530E-003 maxCFL_Ts=
  5.102011094536748E-004 CPU=   754.653040663339      NumThreads=          16 
 Elapsed time=  2.120179623994628E-002
 CFL_Limit=  1.000000000000000E-003
 dt_init=  1.000000000000000E-018 dt=  1.000000000000000E-018
 Time= -1.290000000002369E-013 Intensity=   296.877098171340     
   4784.80910048938      < Te <    4867.55179826989     
   4784.88472134988      < Th <    4904.10842404999     
   80.0000000000000      < Ts <   80.0000000000000     
   5846216274097.24      < Ne <   5848874951711.42     
   5846216274097.24      < Nh <   5848874951685.30     
 CFL_Te=  1.805099778850690E-003 maxCFL_Ne=  1.394429168504462E-003 maxCFL_Ts=
  5.102011094536748E-004 CPU=   754.575022575960      NumThreads=          16 
 Elapsed time=  2.120398836603333E-002
 CFL_Limit=  1.000000000000000E-003
 dt_init=  1.000000000000000E-018 dt=  1.000000000000000E-018
 Time= -1.280000000002402E-013 Intensity=   463.436221111202     
   4784.48462879571      < Te <    4867.68983956779     
   4784.58644068951      < Th <    4915.08214456283     
   80.0000000000000      < Ts <   80.0000000000000     
   9195167948716.23      < Ne <   9199318279333.40     
   9195167948716.23      < Nh <   9199318279295.98     
 CFL_Te=  1.805383623009195E-003 maxCFL_Ne=  1.396114365678181E-003 maxCFL_Ts=
  5.102011094536748E-004 CPU=   754.485559837194      NumThreads=          16 
 Elapsed time=  2.120650261809192E-002
 CFL_Limit=  1.000000000000000E-003
 dt_init=  1.000000000000000E-018 dt=  1.000000000000000E-018
 Time= -1.270000000002436E-013 Intensity=   720.938306690287     
   4784.18084040823      < Te <    4871.30244275873     
   4784.26658379181      < Th <    4902.50902988883     
   80.0000000000000      < Ts <   80.0000000000000     
   14413297836151.8      < Ne <   14419754322253.4     
   14413297836151.8      < Nh <   14419754322204.2     
 CFL_Te=  1.804726683910755E-003 maxCFL_Ne=  1.396195914068004E-003 maxCFL_Ts=
  5.102011094536748E-004 CPU=   754.401130071687      NumThreads=          16 
 Elapsed time=  2.120887597090371E-002
 CFL_Limit=  1.000000000000000E-003
 dt_init=  1.000000000000000E-018 dt=  1.000000000000000E-018
 Time= -1.260000000002469E-013 Intensity=   1117.63779565272     
   4783.85790138033      < Te <    4860.09675763048     
   4783.93450227977      < Th <    4902.91712455780     
   80.0000000000000      < Ts <   80.0000000000000     
   22515744299725.6      < Ne <   22525753490283.0     
   22515744299725.6      < Nh <   22525753490193.3     
 CFL_Te=  1.804802804061074E-003 maxCFL_Ne=  1.395324998231888E-003 maxCFL_Ts=
  5.102011094536748E-004 CPU=   754.315887183323      NumThreads=          16 
 Elapsed time=  2.121127271990162E-002
 CFL_Limit=  1.000000000000000E-003
 dt_init=  1.000000000000000E-018 dt=  1.000000000000000E-018
 Time= -1.250000000002502E-013 Intensity=   1726.62851138827     
   4783.51440394689      < Te <    4871.48979442272     
   4783.59662234127      < Th <    4904.49890008871     
   80.0000000000000      < Ts <   80.0000000000000     
   35053295964968.7      < Ne <   35068759128604.1     
   35053295964968.7      < Nh <   35068759128452.9     
 CFL_Te=  1.804458659997796E-003 maxCFL_Ne=  1.394668723626305E-003 maxCFL_Ts=
  5.102011094536748E-004 CPU=   754.248198241551      NumThreads=          16 
 Elapsed time=  2.121317629568394E-002
 CFL_Limit=  1.000000000000000E-003
 dt_init=  1.000000000000000E-018 dt=  1.000000000000000E-018
 Time= -1.240000000002536E-013 Intensity=   2658.22406883936     
   4783.15401725871      < Te <    4863.38512342798     
   4783.23325327806      < Th <    4917.31239642536     
   80.0000000000000      < Ts <   80.0000000000000     
   54386533278153.1      < Ne <   54410339603619.3     
   54386533278153.1      < Nh <   54410339603355.4     
 CFL_Te=  1.804297816128147E-003 maxCFL_Ne=  1.394251058998573E-003 maxCFL_Ts=
  5.102011094536748E-004 CPU=   754.168829578662      NumThreads=          16 
 Elapsed time=  2.121540876853643E-002
 CFL_Limit=  1.000000000000000E-003
 dt_init=  1.000000000000000E-018 dt=  1.000000000000000E-018
 Time= -1.230000000002569E-013 Intensity=   4078.29948007646     
   4782.78971087750      < Te <    4855.17749057769     
   4782.88091908412      < Th <    4906.32384455300     
   80.0000000000000      < Ts <   80.0000000000000     
   84095784678842.1      < Ne <   84132308786192.7     
   84095784678842.1      < Nh <   84132308785738.2     
 CFL_Te=  1.804255209915902E-003 maxCFL_Ne=  1.394551858804997E-003 maxCFL_Ts=
  5.102011094536748E-004 CPU=   754.098762254266      NumThreads=          16 
 Elapsed time=  2.121738000493513E-002
 CFL_Limit=  1.000000000000000E-003
 dt_init=  1.000000000000000E-018 dt=  1.000000000000000E-018
 Time= -1.220000000002602E-013 Intensity=   6235.35941631764     
   4782.43880052805      < Te <    4863.56606926824     
   4782.50335517421      < Th <    4923.22287885929     
   80.0000000000000      < Ts <   80.0000000000000     
   129591879091906.      < Ne <   129647721072246.     
   129591879091906.      < Nh <   129647721071458.     
 CFL_Te=  1.804869907667546E-003 maxCFL_Ne=  1.395231912311590E-003 maxCFL_Ts=
  5.102011094536748E-004 CPU=   754.028417046593      NumThreads=          16 
 Elapsed time=  2.121935942768497E-002
 CFL_Limit=  1.000000000000000E-003
 dt_init=  1.000000000000000E-018 dt=  1.000000000000000E-018
 Time= -1.210000000002636E-013 Intensity=   9500.33063335556     
   4782.09086946561      < Te <    4862.27996873925     
   4782.13675580738      < Th <    4909.62239608616     
   80.0000000000000      < Ts <   80.0000000000000     
   199022620847873.      < Ne <   199107703042985.     
   199022620847873.      < Nh <   199107703041655.     
 CFL_Te=  1.804352734535217E-003 maxCFL_Ne=  1.395053988554220E-003 maxCFL_Ts=
  5.102011094536748E-004 CPU=   753.966749059713      NumThreads=          16 
 Elapsed time=  2.122109498854416E-002
 CFL_Limit=  1.000000000000000E-003
 dt_init=  1.000000000000000E-018 dt=  1.000000000000000E-018
 Time= -1.200000000002669E-013 Intensity=   14424.8331367220     
   4781.72212334574      < Te <    4863.48300836423     
   4781.75764661263      < Th <    4900.62404938584     
   80.0000000000000      < Ts <   80.0000000000000     
   304613103359711.      < Ne <   304742288684564.     
   304613103359711.      < Nh <   304742288682606.     
 CFL_Te=  1.803897320924486E-003 maxCFL_Ne=  1.395723440919512E-003 maxCFL_Ts=
  5.102011094536748E-004 CPU=   753.863911667818      NumThreads=          16 
 Elapsed time=  2.122398983737296E-002
 CFL_Limit=  1.000000000000000E-003
 dt_init=  1.000000000000000E-018 dt=  1.000000000000000E-018
 Time= -1.190000000002703E-013 Intensity=   21826.1796778171     
   4781.35304989081      < Te <    4857.95384894222     
   4781.40460140550      < Th <    4893.51909826783     
   80.0000000000000      < Ts <   80.0000000000000     
   464640015367738.      < Ne <   464835486546205.     
   464640015367738.      < Nh <   464835486543527.     
 CFL_Te=  1.803635892706766E-003 maxCFL_Ne=  1.394295623340981E-003 maxCFL_Ts=
  5.102011094536748E-004 CPU=   753.800441629329      NumThreads=          16 
 Elapsed time=  2.122577689848023E-002
 CFL_Limit=  1.000000000000000E-003
 dt_init=  1.000000000000000E-018 dt=  1.000000000000000E-018
 Time= -1.180000000002736E-013 Intensity=   32910.8806942736     
   4780.97838477150      < Te <    4855.92231604654     
   4781.05962939361      < Th <    4910.71840553376     
   80.0000000000000      < Ts <   80.0000000000000     
   706328832560778.      < Ne <   706623576859179.     
   706328832560778.      < Nh <   706623576854899.     
 CFL_Te=  1.803811844070429E-003 maxCFL_Ne=  1.394816132897274E-003 maxCFL_Ts=
  5.102011094536748E-004 CPU=   753.727498376724      NumThreads=          16 
 Elapsed time=  2.122783105891535E-002
 CFL_Limit=  1.000000000000000E-003
 dt_init=  1.000000000000000E-018 dt=  1.000000000000000E-018
 Time= -1.170000000002769E-013 Intensity=   49453.3973638854     
   4780.60418277390      < Te <    4855.74546250575     
   4780.66356541730      < Th <    4912.58652990686     
   80.0000000000000      < Ts <   80.0000000000000     
  1.070089190755374E+015 < Ne <  1.070532086375531E+015
  1.070089190755374E+015 < Nh <  1.070532086368478E+015
 CFL_Te=  1.803425267500370E-003 maxCFL_Ne=  1.394489497337124E-003 maxCFL_Ts=
  5.102011094536748E-004 CPU=   753.692354956163      NumThreads=          16 
 Elapsed time=  2.122882087735997E-002
 CFL_Limit=  1.000000000000000E-003
 dt_init=  1.000000000000000E-018 dt=  1.000000000000000E-018
 Time= -1.160000000002803E-013 Intensity=   74053.8445926705     
   4780.21987415307      < Te <    4866.95373488049     
   4780.25516949092      < Th <    4915.22237337206     
   80.0000000000000      < Ts <   80.0000000000000     
  1.615683036091226E+015 < Ne <  1.616346253219050E+015
  1.615683036091225E+015 < Nh <  1.616346253208145E+015
 CFL_Te=  1.803190857259747E-003 maxCFL_Ne=  1.395871174712672E-003 maxCFL_Ts=
  5.102011094536748E-004 CPU=   753.624885349735      NumThreads=          16 
 Elapsed time=  2.123072142525506E-002
 CFL_Limit=  1.000000000000000E-003
 dt_init=  1.000000000000000E-018 dt=  1.000000000000000E-018
 Time= -1.150000000002836E-013 Intensity=   110508.055842179     
   4779.84296338017      < Te <    4876.76778836821     
   4779.84265896494      < Th <    4919.36479640112     
   80.0000000000000      < Ts <   80.0000000000000     
  2.431173407161802E+015 < Ne <  2.432163116520336E+015
  2.431173407161801E+015 < Nh <  2.432163116503478E+015
 CFL_Te=  1.803121854112555E-003 maxCFL_Ne=  1.394664548802710E-003 maxCFL_Ts=
  5.102011094536748E-004 CPU=   753.566955428074      NumThreads=          16 
 Elapsed time=  2.123235352180614E-002
 CFL_Limit=  1.000000000000000E-003
 dt_init=  1.000000000000000E-018 dt=  1.000000000000000E-018
 Time= -1.140000000002869E-013 Intensity=   164336.909951116     
   4779.43340158432      < Te <    4865.21904235492     
   4779.41573383809      < Th <    4931.53404054066     
   80.0000000000000      < Ts <   80.0000000000000     
  3.645857918228166E+015 < Ne <  3.647329730527457E+015
  3.645857918228166E+015 < Nh <  3.647329730500022E+015
 CFL_Te=  1.803405906898147E-003 maxCFL_Ne=  1.394231492377848E-003 maxCFL_Ts=
  5.102011094536748E-004 CPU=   753.520317686327      NumThreads=          16 
 Elapsed time=  2.123366765892627E-002
 CFL_Limit=  1.000000000000000E-003
 dt_init=  1.000000000000000E-018 dt=  1.000000000000000E-018
 Time= -1.130000000002903E-013 Intensity=   243540.472772856     
   4779.05470695278      < Te <    4854.95735041724     
   4778.95734834233      < Th <    4920.76830645011     
   80.0000000000000      < Ts <   80.0000000000000     
  5.448889904119838E+015 < Ne <  5.451071067973014E+015
  5.448889904119839E+015 < Nh <  5.451071067925496E+015
 CFL_Te=  1.803251451700953E-003 maxCFL_Ne=  1.394045291477983E-003 maxCFL_Ts=
  5.102011094536748E-004 CPU=   753.472080937065      NumThreads=          16 
 Elapsed time=  2.123502702329912E-002
 CFL_Limit=  1.000000000000000E-003
 dt_init=  1.000000000000000E-018 dt=  1.000000000000000E-018
 Time= -1.120000000002936E-013 Intensity=   359668.184683424     
   4778.64904668494      < Te <    4851.68962906072     
   4778.50200545104      < Th <    4910.95421243682     
   80.0000000000000      < Ts <   80.0000000000000     
  8.115985916945804E+015 < Ne <  8.119207104371063E+015
  8.115985916945805E+015 < Nh <  8.119207104295731E+015
 CFL_Te=  1.802869234286549E-003 maxCFL_Ne=  1.393003716710131E-003 maxCFL_Ts=
  5.102011094536748E-004 CPU=   753.428203636457      NumThreads=          16 
 Elapsed time=  2.123626368481460E-002
 CFL_Limit=  1.000000000000000E-003
 dt_init=  1.000000000000000E-018 dt=  1.000000000000000E-018
 Time= -1.110000000002969E-013 Intensity=   529331.514559278     
   4778.22423302826      < Te <    4849.46665857320     
   4778.29809046573      < Th <    4912.57319496638     
   80.0000000000000      < Ts <   80.0000000000000     
  1.204758432505848E+016 < Ne <  1.205232495007024E+016
  1.204758432505848E+016 < Nh <  1.205232494995228E+016
 CFL_Te=  1.802536050969974E-003 maxCFL_Ne=  1.393986314501506E-003 maxCFL_Ts=
  5.102011094536748E-004 CPU=   753.375027367555      NumThreads=          16 
 Elapsed time=  2.123776262654636E-002
 CFL_Limit=  1.000000000000000E-003
 dt_init=  1.000000000000000E-018 dt=  1.000000000000000E-018
 Time= -1.100000000003003E-013 Intensity=   776333.504121240     
   4777.80117212769      < Te <    4841.40381563912     
   4777.86089276942      < Th <    4919.01406589174     
   80.0000000000001      < Ts <   80.0000000000001     
  1.782315539698750E+016 < Ne <  1.783010807639969E+016
  1.782315539698750E+016 < Nh <  1.783010807622044E+016
 CFL_Te=  1.802404148364886E-003 maxCFL_Ne=  1.393387150346830E-003 maxCFL_Ts=
  5.102011094536749E-004 CPU=   753.307980283229      NumThreads=          16 
 Elapsed time=  2.123965286280959E-002
 CFL_Limit=  1.000000000000000E-003
 dt_init=  1.000000000000000E-018 dt=  1.000000000000000E-018
 Time= -1.090000000003036E-013 Intensity=   1134654.80755462     
   4777.37465102052      < Te <    4849.95846652803     
   4777.43501922358      < Th <    4906.81463361405     
   80.0000000000001      < Ts <   80.0000000000001     
  2.627820181085464E+016 < Ne <  2.628836350313608E+016
  2.627820181085464E+016 < Nh <  2.628836350287414E+016
 CFL_Te=  1.802319763505456E-003 maxCFL_Ne=  1.392834319746836E-003 maxCFL_Ts=
  5.102011094536749E-004 CPU=   753.242954525648      NumThreads=          16 
 Elapsed time=  2.124148643391685E-002
 CFL_Limit=  1.000000000000000E-003
 dt_init=  1.000000000000000E-018 dt=  1.000000000000000E-018
 Time= -1.080000000003070E-013 Intensity=   1652623.92535867     
   4776.93473273320      < Te <    4853.22389485547     
   4776.99827838777      < Th <    4919.18037145149     
   80.0000000000010      < Ts <   80.0000000000030     
  3.861300831603235E+016 < Ne <  3.862780900200179E+016
  3.861300831603235E+016 < Nh <  3.862780900162852E+016
 CFL_Te=  1.802001884177825E-003 maxCFL_Ne=  1.392430309135973E-003 maxCFL_Ts=
  5.102011094536778E-004 CPU=   753.196166773368      NumThreads=          16 
 Elapsed time=  2.124280593267318E-002
 CFL_Limit=  1.000000000000000E-003
 dt_init=  1.000000000000000E-018 dt=  1.000000000000000E-018
 Time= -1.070000000003103E-013 Intensity=   2398717.83430975     
   4776.48697739174      < Te <    4852.27201920063     
   4776.46882963831      < Th <    4904.27525746350     
   80.0000000000307      < Ts <   80.0000000000355     
  5.654563749536222E+016 < Ne <  5.656712029583634E+016
  5.654563749536222E+016 < Nh <  5.656712029530147E+016
 CFL_Te=  1.801768608654956E-003 maxCFL_Ne=  1.393077856062454E-003 maxCFL_Ts=
  5.102011094537674E-004 CPU=   753.136020618260      NumThreads=          16 
 Elapsed time=  2.124450240325165E-002
 CFL_Limit=  1.000000000000000E-003
 dt_init=  1.000000000000000E-018 dt=  1.000000000000000E-018
 Time= -1.060000000003136E-013 Intensity=   3469597.86881172     
   4776.05146399875      < Te <    4854.53605788153     
   4776.11060403452      < Th <    4894.93179704944     
   80.0000000000725      < Ts <   80.0000000000817     
  8.252633919928294E+016 < Ne <  8.255741281711018E+016
  8.252633919928294E+016 < Nh <  8.255741281636754E+016
 CFL_Te=  1.801552244853595E-003 maxCFL_Ne=  1.392604174450564E-003 maxCFL_Ts=
  5.102011094538899E-004 CPU=   753.062907415686      NumThreads=          16 
 Elapsed time=  2.124656498473388E-002
 CFL_Limit=  1.000000000000000E-003
 dt_init=  1.000000000000000E-018 dt=  1.000000000000000E-018
 Time= -1.050000000003170E-013 Intensity=   5001197.10000210     
   4775.60367303081      < Te <    4854.18643031562     
   4775.66987893654      < Th <    4903.79368882445     
   80.0000000001337      < Ts <   80.0000000001508     
  1.200368576713329E+017 < Ne <  1.200816486330481E+017
  1.200368576713329E+017 < Nh <  1.200816486319954E+017
 CFL_Te=  1.801770420387528E-003 maxCFL_Ne=  1.392172376634479E-003 maxCFL_Ts=
  5.102011094540732E-004 CPU=   753.003209294819      NumThreads=          16 
 Elapsed time=  2.124824941315172E-002
 CFL_Limit=  1.000000000000000E-003
 dt_init=  1.000000000000000E-018 dt=  1.000000000000000E-018
 Time= -1.040000000003203E-013 Intensity=   7183955.75640268     
   4775.13630403372      < Te <    4849.93369372368     
   4775.21825802088      < Th <    4898.56437430586     
   80.0000000002244      < Ts <   80.0000000002532     
  1.740066241996686E+017 < Ne <  1.740709645503090E+017
  1.740066241996686E+017 < Nh <  1.740709645488105E+017
 CFL_Te=  1.801656468533116E-003 maxCFL_Ne=  1.391974432748506E-003 maxCFL_Ts=
  5.102011094543438E-004 CPU=   752.928465134091      NumThreads=          16 
 Elapsed time=  2.125035875373702E-002
 CFL_Limit=  1.000000000000000E-003
 dt_init=  1.000000000000000E-018 dt=  1.000000000000000E-018
 Time= -1.030000000003236E-013 Intensity=   10283671.0777696     
   4774.65944856751      < Te <    4864.94126150500     
   4774.74931509508      < Th <    4905.16891959870     
   80.0000000003557      < Ts <   80.0000000004017     
  2.513892199111403E+017 < Ne <  2.514813229670877E+017
  2.513892199111403E+017 < Nh <  2.514813229649679E+017
 CFL_Te=  1.801408312126437E-003 maxCFL_Ne=  1.392160823016547E-003 maxCFL_Ts=
  5.102011094547360E-004 CPU=   752.870009843178      NumThreads=          16 
 Elapsed time=  2.125200870112063E-002
 CFL_Limit=  1.000000000000000E-003
 dt_init=  1.000000000000000E-018 dt=  1.000000000000000E-018
 Time= -1.020000000003270E-013 Intensity=   14669913.5881456     
   4774.17152075711      < Te <    4860.92151740472     
   4774.27434757371      < Th <    4908.96329160452     
   80.0000000005468      < Ts <   80.0000000006178     
  3.619576974731508E+017 < Ne <  3.620890873237627E+017
  3.619576974731508E+017 < Nh <  3.620890873207853E+017
 CFL_Te=  1.801104857054128E-003 maxCFL_Ne=  1.392204255963949E-003 maxCFL_Ts=
  5.102011094553086E-004 CPU=   752.806406662214      NumThreads=          16 
 Elapsed time=  2.125380424290044E-002
 CFL_Limit=  1.000000000000000E-003
 dt_init=  1.000000000000000E-018 dt=  1.000000000000000E-018
 Time= -1.010000000003303E-013 Intensity=   20854596.1456827     
   4773.68542276354      < Te <    4858.98941441306     
   4773.79497288622      < Th <    4892.35689310513     
   80.0000000008228      < Ts <   80.0000000009274     
  5.193975404703524E+017 < Ne <  5.195843255791589E+017
  5.193975404703524E+017 < Nh <  5.195843255749524E+017
 CFL_Te=  1.801007318467511E-003 maxCFL_Ne=  1.392193853854542E-003 maxCFL_Ts=
  5.102011094561325E-004 CPU=   752.743364429528      NumThreads=          16 
 Elapsed time=  2.125558424832574E-002
 CFL_Limit=  1.000000000000000E-003
 dt_init=  1.000000000000000E-018 dt=  1.000000000000000E-018
 Time= -1.000000000003336E-013 Intensity=   29544106.6529977     
   4773.19233300421      < Te <    4860.85925562067     
   4773.30339898333      < Th <    4894.69161311830     
   80.0000000012176      < Ts <   80.0000000013727     
  7.428027254318803E+017 < Ne <  7.430673413758441E+017
  7.428027254318803E+017 < Nh <  7.430673413701073E+017
 CFL_Te=  1.800992306838310E-003 maxCFL_Ne=  1.391647440368623E-003 maxCFL_Ts=
  5.102011094573172E-004 CPU=   752.681504422091      NumThreads=          16 
 Elapsed time=  2.125733116331163E-002
 CFL_Limit=  1.000000000000000E-003
 dt_init=  1.000000000000000E-018 dt=  1.000000000000000E-018
 Time= -9.900000000033698E-014 Intensity=   41709481.4776225     
   4772.69446983918      < Te <    4860.18376192580     
   4772.80370483014      < Th <    4890.74315984261     
   80.0000000017827      < Ts <   80.0000000020143     
  1.058715458540560E+018 < Ne <  1.059089039858641E+018
  1.058715458540559E+018 < Nh <  1.059089039850961E+018
 CFL_Te=  1.800509268836295E-003 maxCFL_Ne=  1.391637117994652E-003 maxCFL_Ts=
  5.102011094590080E-004 CPU=   752.630171350288      NumThreads=          16 
 Elapsed time=  2.125878101763384E-002
 CFL_Limit=  1.000000000000000E-003
 dt_init=  1.000000000000000E-018 dt=  1.000000000000000E-018
 Time= -9.800000000034032E-014 Intensity=   58680468.0536664     
   4772.17985993139      < Te <    4850.40358037855     
   4772.29740246699      < Th <    4891.70520227735     
   80.0000000025902      < Ts <   80.0000000029221     
  1.503896125239201E+018 < Ne <  1.504421711687751E+018
  1.503896125239201E+018 < Nh <  1.504421711676421E+018
 CFL_Te=  1.800492570099537E-003 maxCFL_Ne=  1.390822114288335E-003 maxCFL_Ts=
  5.102011094614113E-004 CPU=   752.575814083707      NumThreads=          16 
 Elapsed time=  2.126031650310297E-002
 CFL_Limit=  1.000000000000000E-003
 dt_init=  1.000000000000000E-018 dt=  1.000000000000000E-018
 Time= -9.700000000034366E-014 Intensity=   82271079.8515605     
   4771.65009861223      < Te <    4850.01639411219     
   4771.75614991787      < Th <    4883.03478557954     
   80.0000000037350      < Ts <   80.0000000042151     
  2.129069886852616E+018 < Ne <  2.129806768428759E+018
  2.129069886852616E+018 < Nh <  2.129806768413119E+018
 CFL_Te=  1.801347811217506E-003 maxCFL_Ne=  1.391019557129973E-003 maxCFL_Ts=
  5.102011094648214E-004 CPU=   752.517848709435      NumThreads=          16 
 Elapsed time=  2.126195415489471E-002
 CFL_Limit=  1.000000000000000E-003
 dt_init=  1.000000000000000E-018 dt=  1.000000000000000E-018
 Time= -9.600000000034699E-014 Intensity=   114946479.923098     
   4771.09789317450      < Te <    4862.04143148778     
   4771.20739795525      < Th <    4874.91722963440     
   80.0000000053611      < Ts <   80.0000000060356     
  3.003974027224539E+018 < Ne <  3.005003585474561E+018
  3.003974027224539E+018 < Nh <  3.005003585455453E+018
 CFL_Te=  1.800057193914127E-003 maxCFL_Ne=  1.391414113006797E-003 maxCFL_Ts=
  5.102011094696462E-004 CPU=   752.457898077870      NumThreads=          16 
 Elapsed time=  2.126364816007846E-002
 CFL_Limit=  1.000000000000000E-003
 dt_init=  1.000000000000000E-018 dt=  1.000000000000000E-018
 Time= -9.500000000035033E-014 Intensity=   160043855.317290     
   4770.55583787359      < Te <    4863.38608247097     
   4770.66219222630      < Th <    4881.16205437559     
   80.0000000076529      < Ts <   80.0000000086058     
  4.224130374395665E+018 < Ne <  4.225563878986242E+018
  4.224130374395665E+018 < Nh <  4.225563878965047E+018
 CFL_Te=  1.799862916115112E-003 maxCFL_Ne=  1.391350420406722E-003 maxCFL_Ts=
  5.102011094764973E-004 CPU=   752.399055185057      NumThreads=          16 
 Elapsed time=  2.126531112677263E-002
 CFL_Limit=  1.000000000000000E-003
 dt_init=  1.000000000000000E-018 dt=  1.000000000000000E-018
 Time= -9.400000000035367E-014 Intensity=   222063501.294921     
   4770.02966613087      < Te <    4858.36763730332     
   4770.11826888796      < Th <    4889.07838596872     
   80.0000000108597      < Ts <   80.0000000122382     
  5.919895804603491E+018 < Ne <  5.921884833705077E+018
  5.919895804603491E+018 < Nh <  5.921884833674778E+018
 CFL_Te=  1.800090735212551E-003 maxCFL_Ne=  1.391931299479164E-003 maxCFL_Ts=
  5.102011094860885E-004 CPU=   752.348249313224      NumThreads=          16 
 Elapsed time=  2.126674716742611E-002
 CFL_Limit=  1.000000000000000E-003
 dt_init=  1.000000000000000E-018 dt=  1.000000000000000E-018
 Time= -9.300000000035700E-014 Intensity=   307050784.689675     
   4769.47119556978      < Te <    4857.82491443257     
   4769.61340713042      < Th <    4883.92082107232     
   80.0000000153381      < Ts <   80.0000000172930     
  8.268508229356652E+018 < Ne <  8.271258520011177E+018
  8.268508229356652E+018 < Nh <  8.271258519968253E+018
 CFL_Te=  1.799637159530479E-003 maxCFL_Ne=  1.391627204089907E-003 maxCFL_Ts=
  5.102011094995257E-004 CPU=   752.299553499055      NumThreads=          16 
 Elapsed time=  2.126812374882008E-002
 CFL_Limit=  1.000000000000000E-003
 dt_init=  1.000000000000000E-018 dt=  1.000000000000000E-018
 Time= -9.200000000036034E-014 Intensity=   423095192.007019     
   4768.89387056482      < Te <    4864.09347401131     
   4769.04210247027      < Th <    4880.72101035219     
   80.0000000215761      < Ts <   80.0000000243473     
  1.151005441025923E+019 < Ne <  1.151384417798427E+019
  1.151005441025923E+019 < Nh <  1.151384417793043E+019
 CFL_Te=  1.799421756934659E-003 maxCFL_Ne=  1.390525488031542E-003 maxCFL_Ts=
  5.102011095181349E-004 CPU=   752.235230439075      NumThreads=          16 
 Elapsed time=  2.126994236983676E-002
 CFL_Limit=  1.000000000000000E-003
 dt_init=  1.000000000000000E-018 dt=  1.000000000000000E-018
 Time= -9.100000000036367E-014 Intensity=   580979513.569648     
   4768.30080924855      < Te <    4849.63012608161     
   4768.46946510587      < Th <    4887.05481950737     
   80.0000000302997      < Ts <   80.0000000341361     
  1.596855013876185E+019 < Ne <  1.597375414440730E+019
  1.596855013876185E+019 < Nh <  1.597375414432314E+019
 CFL_Te=  1.798865183768571E-003 maxCFL_Ne=  1.390801089221233E-003 maxCFL_Ts=
  5.102011095441335E-004 CPU=   752.184176241796      NumThreads=          16 
 Elapsed time=  2.127138605858769E-002
 CFL_Limit=  1.000000000000000E-003
 dt_init=  1.000000000000000E-018 dt=  1.000000000000000E-018
 Time= -9.000000000036701E-014 Intensity=   795020627.865727     
   4767.71390922943      < Te <    4857.62118874201     
   4767.82817448250      < Th <    4885.75519313815     
   80.0000000423616      < Ts <   80.0000000477470     
  2.207965561032002E+019 < Ne <  2.208677688767375E+019
  2.207965561032002E+019 < Nh <  2.208677688754158E+019
 CFL_Te=  1.798549305756743E-003 maxCFL_Ne=  1.391304147132325E-003 maxCFL_Ts=
  5.102011095801651E-004 CPU=   752.136191010001      NumThreads=          16 
 Elapsed time=  2.127274314311949E-002
 CFL_Limit=  1.000000000000000E-003
 dt_init=  1.000000000000000E-018 dt=  1.000000000000000E-018
 Time= -8.900000000037035E-014 Intensity=   1084153623.55440     
   4767.10653697303      < Te <    4847.57445741740     
   4767.19075472226      < Th <    4895.65122540793     
   80.0000000589421      < Ts <   80.0000000664489     
  3.042696453143662E+019 < Ne <  3.043667570272136E+019
  3.042696453143662E+019 < Nh <  3.043667570251350E+019
 CFL_Te=  1.798301615779947E-003 maxCFL_Ne=  1.390930015928440E-003 maxCFL_Ts=
  5.102011096298998E-004 CPU=   752.083648628505      NumThreads=          16 
 Elapsed time=  2.127422930837215E-002
 CFL_Limit=  1.000000000000000E-003
 dt_init=  1.000000000000000E-018 dt=  1.000000000000000E-018
 Time= -8.800000000037368E-014 Intensity=   1473323459.87788     
   4766.49582692742      < Te <    4839.33562700162     
   4766.51675230622      < Th <    4902.38327550873     
   80.0000000818279      < Ts <   80.0000000923092     
  4.178932272914563E+019 < Ne <  4.180251972676596E+019
  4.178932272914563E+019 < Nh <  4.180251972640276E+019
 CFL_Te=  1.798200517590206E-003 maxCFL_Ne=  1.389869490784058E-003 maxCFL_Ts=
  5.102011096981170E-004 CPU=   752.040404449950      NumThreads=          16 
 Elapsed time=  2.127545262904133E-002
 CFL_Limit=  1.000000000000000E-003
 dt_init=  1.000000000000000E-018 dt=  1.000000000000000E-018
 Time= -8.700000000037702E-014 Intensity=   1995263384.29891     
   4765.88229394442      < Te <    4846.77789459366     
   4766.03185477877      < Th <    4891.02974632848     
   80.0000001131110      < Ts <   80.0000001276008     
  5.720227200082432E+019 < Ne <  5.722014418450385E+019
  5.720227200082432E+019 < Nh <  5.722014418393454E+019
 CFL_Te=  1.798054326277167E-003 maxCFL_Ne=  1.390912961256766E-003 maxCFL_Ts=
  5.102011097913616E-004 CPU=   751.991483228450      NumThreads=          16 
 Elapsed time=  2.127683671536916E-002
 CFL_Limit=  1.000000000000000E-003
 dt_init=  1.000000000000000E-018 dt=  1.000000000000000E-018
 Time= -8.600000000038036E-014 Intensity=   2692757295.95815     
   4765.27164379672      < Te <    4846.74603910413     
   4765.40668834352      < Th <    4882.83602872577     
   80.0000001559670      < Ts <   80.0000001754010     
  7.803750227620569E+019 < Ne <  7.806162232469787E+019
  7.803750227620569E+019 < Nh <  7.806162232391559E+019
 CFL_Te=  1.798209983939634E-003 maxCFL_Ne=  1.390088278137878E-003 maxCFL_Ts=
  5.102011099193278E-004 CPU=   751.948944672531      NumThreads=          16 
 Elapsed time=  2.127804036877516E-002
 CFL_Limit=  1.000000000000000E-003
 dt_init=  1.000000000000000E-018 dt=  1.000000000000000E-018
 Time= -8.500000000038369E-014 Intensity=   3621504588.32363     
   4764.64281068369      < Te <    4840.30066985110     
   4764.76835860685      < Th <    4883.77847125614     
   80.0000002144435      < Ts <   80.0000002411154     
  1.061051581690762E+020 < Ne <  1.061375974777775E+020
  1.061051581690762E+020 < Nh <  1.061375974767036E+020
 CFL_Te=  1.797497545458336E-003 maxCFL_Ne=  1.389122861142327E-003 maxCFL_Ts=
  5.102011100932538E-004 CPU=   751.903029583733      NumThreads=          16 
 Elapsed time=  2.127933971599753E-002
 CFL_Limit=  1.000000000000000E-003
 dt_init=  1.000000000000000E-018 dt=  1.000000000000000E-018
 Time= -8.400000000038703E-014 Intensity=   4853731164.66279     
   4763.97413878986      < Te <    4841.33078629297     
   4764.09108768459      < Th <    4884.55992261920     
   80.0000002938028      < Ts <   80.0000003301629     
  1.437850168547191E+020 < Ne <  1.438284939357058E+020
  1.437850168547191E+020 < Nh <  1.438284939342321E+020
 CFL_Te=  1.797179230090185E-003 maxCFL_Ne=  1.389030931070531E-003 maxCFL_Ts=
  5.102011103296461E-004 CPU=   751.852227628170      NumThreads=          16 
 Elapsed time=  2.128077754118570E-002
 CFL_Limit=  1.000000000000000E-003
 dt_init=  1.000000000000000E-018 dt=  1.000000000000000E-018
 Time= -8.300000000039037E-014 Intensity=   6482719740.01183     
   4763.28952883260      < Te <    4839.49607207829     
   4763.44932512021      < Th <    4897.97259007525     
   80.0000004008268      < Ts <   80.0000004505980     
  1.941939690749902E+020 < Ne <  1.942520380649154E+020
  1.941939690749902E+020 < Nh <  1.942520380627426E+020
 CFL_Te=  1.796921207822368E-003 maxCFL_Ne=  1.389004503946654E-003 maxCFL_Ts=
  5.102011106499774E-004 CPU=   751.808770876167      NumThreads=          16 
 Elapsed time=  2.128200763254387E-002
 CFL_Limit=  1.000000000000000E-003
 dt_init=  1.000000000000000E-018 dt=  1.000000000000000E-018
 Time= -8.200000000039370E-014 Intensity=   8628466652.99022     
   4762.58506383404      < Te <    4846.79871880132     
   4762.74501451953      < Th <    4890.00780008229     
   80.0000005446610      < Ts <   80.0000006136510     
  2.613989340297388E+020 < Ne <  2.614762243983998E+020
  2.613989340297388E+020 < Nh <  2.614762243953019E+020
 CFL_Te=  1.796729363858481E-003 maxCFL_Ne=  1.389147352270622E-003 maxCFL_Ts=
  5.102011110787829E-004 CPU=   751.765294057486      NumThreads=          16 
 Elapsed time=  2.128323843422402E-002
 CFL_Limit=  1.000000000000000E-003
 dt_init=  1.000000000000000E-018 dt=  1.000000000000000E-018
 Time= -8.100000000039704E-014 Intensity=   11444711601.4082     
   4761.89718230382      < Te <    4840.84983387421     
   4761.98393714444      < Th <    4895.38791910084     
   80.0000007379418      < Ts <   80.0000008317502     
  3.506863657417873E+020 < Ne <  3.507888841253057E+020
  3.506863657417873E+020 < Nh <  3.507888841210002E+020
 CFL_Te=  1.797017529017357E-003 maxCFL_Ne=  1.389294528843304E-003 maxCFL_Ts=
  5.102011116552764E-004 CPU=   751.720794956348      NumThreads=          16 
 Elapsed time=  2.128449832351532E-002
 CFL_Limit=  1.000000000000000E-003
 dt_init=  1.000000000000000E-018 dt=  1.000000000000000E-018
 Time= -8.000000000040038E-014 Intensity=   15127631309.3281     
   4761.19903409394      < Te <    4833.90843097651     
   4761.22727184857      < Th <    4893.17729488909     
   80.0000009971823      < Ts <   80.0000011228997     
  4.689019101839281E+020 < Ne <  4.690374194673379E+020
  4.689019101839281E+020 < Nh <  4.690374194611676E+020
 CFL_Te=  1.796464465420265E-003 maxCFL_Ne=  1.388281106350120E-003 maxCFL_Ts=
  5.102011124303850E-004 CPU=   751.678446381709      NumThreads=          16 
 Elapsed time=  2.128569746414553E-002
 CFL_Limit=  1.000000000000000E-003
 dt_init=  1.000000000000000E-018 dt=  1.000000000000000E-018
 Time= -7.900000000040371E-014 Intensity=   19926538345.3390     
   4760.47757138275      < Te <    4836.47260244191     
   4760.47166710122      < Th <    4888.71370885342     
   80.0000013435497      < Ts <   80.0000015116284     
  6.248765984696841E+020 < Ne <  6.250550949071345E+020
  6.248765984696841E+020 < Nh <  6.250550948986737E+020
 CFL_Te=  1.796223151158925E-003 maxCFL_Ne=  1.387512126649145E-003 maxCFL_Ts=
  5.102011134666257E-004 CPU=   751.634755042810      NumThreads=          16 
 Elapsed time=  2.128693476805593E-002
 CFL_Limit=  1.000000000000000E-003
 dt_init=  1.000000000000000E-018 dt=  1.000000000000000E-018
 Time= -7.800000000040705E-014 Intensity=   26156982205.2235     
   4759.73794279715      < Te <    4837.13362095247     
   4759.98627867631      < Th <    4873.27419443221     
   80.0000018039431      < Ts <   80.0000020297353     
  8.299592624582229E+020 < Ne <  8.301935704825814E+020
  8.299592624582229E+020 < Nh <  8.301935704718921E+020
 CFL_Te=  1.795699030612709E-003 maxCFL_Ne=  1.387594794421266E-003 maxCFL_Ts=
  5.102011148431535E-004 CPU=   751.583212039887      NumThreads=          16 
 Elapsed time=  2.128839460979189E-002
 CFL_Limit=  1.000000000000000E-003
 dt_init=  1.000000000000000E-018 dt=  1.000000000000000E-018
 Time= -7.700000000041038E-014 Intensity=   34216711204.1343     
   4758.97487527641      < Te <    4829.97379151554     
   4759.23796458570      < Th <    4868.18540846384     
   80.0000024178282      < Ts <   80.0000027171307     
  1.098678685618479E+021 < Ne <  1.098985191986805E+021
  1.098678685618479E+021 < Nh <  1.098985191973399E+021
 CFL_Te=  1.795428710890547E-003 maxCFL_Ne=  1.387987618751048E-003 maxCFL_Ts=
  5.102011166736625E-004 CPU=   751.538996732344      NumThreads=          16 
 Elapsed time=  2.128964707030138E-002
 CFL_Limit=  1.000000000000000E-003
 dt_init=  1.000000000000000E-018 dt=  1.000000000000000E-018
 Time= -7.600000000041372E-014 Intensity=   44605020284.2526     
   4758.21211774108      < Te <    4835.60988993829     
   4758.46747499801      < Th <    4881.14698284489     
   80.0000032235738      < Ts <   80.0000036239907     
  1.449563402277827E+021 < Ne <  1.449962968671224E+021
  1.449563402277827E+021 < Nh <  1.449962968654174E+021
 CFL_Te=  1.795277351489465E-003 maxCFL_Ne=  1.388839037951700E-003 maxCFL_Ts=
  5.102011190882364E-004 CPU=   751.495969049362      NumThreads=          16 
 Elapsed time=  2.129086603117767E-002
 CFL_Limit=  1.000000000000000E-003
 dt_init=  1.000000000000000E-018 dt=  1.000000000000000E-018
 Time= -7.500000000041706E-014 Intensity=   57946080788.9163     
   4757.43452089498      < Te <    4825.76625561599     
   4757.63049947438      < Th <    4877.96986912045     
   80.0000042875707      < Ts <   80.0000048156436     
  1.906152072435150E+021 < Ne <  1.906671148010914E+021
  1.906152072435150E+021 < Nh <  1.906671147987173E+021
 CFL_Te=  1.794768208733887E-003 maxCFL_Ne=  1.388296372550315E-003 maxCFL_Ts=
  5.102011222656183E-004 CPU=   751.441042030577      NumThreads=          16 
 Elapsed time=  2.129242229937840E-002
 CFL_Limit=  1.000000000000000E-003
 dt_init=  1.000000000000000E-018 dt=  1.000000000000000E-018
 Time= -7.400000000042039E-014 Intensity=   75016922429.3769     
   4756.64374443049      < Te <    4826.90552610201     
   4756.76373377704      < Th <    4869.72866709077     
   80.0000056785863      < Ts <   80.0000063865532     
  2.498233031841245E+021 < Ne <  2.498905027961756E+021
  2.498233031841245E+021 < Nh <  2.498905027929973E+021
 CFL_Te=  1.794853609294857E-003 maxCFL_Ne=  1.388165619782875E-003 maxCFL_Ts=
  5.102011264263960E-004 CPU=   751.395909468316      NumThreads=          16 
 Elapsed time=  2.129370122778752E-002
 CFL_Limit=  1.000000000000000E-003
 dt_init=  1.000000000000000E-018 dt=  1.000000000000000E-018
 Time= -7.300000000042373E-014 Intensity=   96780813434.0733     
   4755.84215393859      < Te <    4829.43713713089     
   4755.91553339447      < Th <    4869.91363525045     
   80.0000074971555      < Ts <   80.0000084485482     
  3.263357949764360E+021 < Ne <  3.264224911799340E+021
  3.263357949764360E+021 < Nh <  3.264224911757808E+021
 CFL_Te=  1.794246986845076E-003 maxCFL_Ne=  1.388313863148553E-003 maxCFL_Ts=
  5.102011318632686E-004 CPU=   751.353716922970      NumThreads=          16 
 Elapsed time=  2.129489698344081E-002
 CFL_Limit=  1.000000000000000E-003
 dt_init=  1.000000000000000E-018 dt=  1.000000000000000E-018
 Time= -7.200000000042707E-014 Intensity=   124426860014.131     
   4755.01615253183      < Te <    4827.96504239431     
   4756.52800592246      < Th <    4878.33309888151     
   80.0000098764838      < Ts <   80.0000111255505     
  4.248681549198903E+021 < Ne <  4.249796177497456E+021
  4.248681549198903E+021 < Nh <  4.249796177441019E+021
 CFL_Te=  1.793925135165836E-003 maxCFL_Ne=  1.387690098710802E-003 maxCFL_Ts=
  5.102011389358244E-004 CPU=   751.309050873744      NumThreads=          16 
 Elapsed time=  2.129616298564832E-002
 CFL_Limit=  1.000000000000000E-003
 dt_init=  1.000000000000000E-018 dt=  1.000000000000000E-018
 Time= -7.100000000043040E-014 Intensity=   159416717950.191     
   4754.17544070427      < Te <    4827.47554162372     
   4755.24065309810      < Th <    4870.44047136019     
   80.0000129673368      < Ts <   80.0000146085606     
  5.513187017476736E+021 < Ne <  5.514615099574452E+021
  5.513187017476737E+021 < Nh <  5.514615099498978E+021
 CFL_Te=  1.793516976678631E-003 maxCFL_Ne=  1.387565300879944E-003 maxCFL_Ts=
  5.102011481597756E-004 CPU=   751.275740978898      NumThreads=          16 
 Elapsed time=  2.129710721013341E-002
 CFL_Limit=  1.000000000000000E-003
 dt_init=  1.000000000000000E-018 dt=  1.000000000000000E-018
 Time= -7.000000000043374E-014 Intensity=   203539373738.430     
   4753.32048845237      < Te <    4820.31473259568     
   4753.29190923066      < Th <    4864.13945460514     
   80.0000169621865      < Ts <   80.0000191080199     
  7.130365032312573E+021 < Ne <  7.132188385155857E+021
  7.130365032312574E+021 < Nh <  7.132188385058716E+021
 CFL_Te=  1.793769460409088E-003 maxCFL_Ne=  1.387084835182232E-003 maxCFL_Ts=
  5.102011601086212E-004 CPU=   751.241976423408      NumThreads=          16 
 Elapsed time=  2.129806440818775E-002
 CFL_Limit=  1.000000000000000E-003
 dt_init=  1.000000000000000E-018 dt=  1.000000000000000E-018
 Time= -6.900000000043708E-014 Intensity=   258975005990.628     
   4752.44873007707      < Te <    4819.28559441117     
   4752.40630493089      < Th <    4862.10362937064     
   80.0000221212111      < Ts <   80.0000249765441     
  9.191423142393178E+021 < Ne <  9.193743104709755E+021
  9.191423142393179E+021 < Nh <  9.193743104583292E+021
 CFL_Te=  1.793008325329906E-003 maxCFL_Ne=  1.386634166231323E-003 maxCFL_Ts=
  5.102011755353784E-004 CPU=   751.205643278497      NumThreads=          16 
 Elapsed time=  2.129909451980549E-002
 CFL_Limit=  1.000000000000000E-003
 dt_init=  1.000000000000000E-018 dt=  1.000000000000000E-018
 Time= -6.800000000044041E-014 Intensity=   328368974519.188     
   4750.25575472827      < Te <    4817.41944074279     
   4751.51526436059      < Th <    4866.27107629304     
   80.0000287620697      < Ts <   80.0000324462127     
  1.180911147330292E+022 < Ne <  1.181205310585234E+022
  1.180911147330292E+022 < Nh <  1.181205310568778E+022
 CFL_Te=  1.791629717057176E-003 maxCFL_Ne=  1.385618969560022E-003 maxCFL_Ts=
  5.102011953696292E-004 CPU=   751.172347416673      NumThreads=          16 
 Elapsed time=  2.130003860635308E-002
 CFL_Limit=  1.000000000000000E-003
 dt_init=  1.000000000000000E-018 dt=  1.000000000000000E-018
 Time= -6.700000000044375E-014 Intensity=   414916998789.130     
   4750.54997348454      < Te <    4824.16761638334     
   4750.61653767128      < Th <    4874.22700585142     
   80.0000372854052      < Ts <   80.0000420415614     
  1.512226021007301E+022 < Ne <  1.512597722813124E+022
  1.512226021007301E+022 < Nh <  1.512597722791818E+022
 CFL_Te=  1.792337701155604E-003 maxCFL_Ne=  1.385070392007906E-003 maxCFL_Ts=
  5.102012208664224E-004 CPU=   751.138318794346      NumThreads=          16 
 Elapsed time=  2.130100355641772E-002
 CFL_Limit=  1.000000000000000E-003
 dt_init=  1.000000000000000E-018 dt=  1.000000000000000E-018
 Time= -6.600000000044708E-014 Intensity=   522462572428.353     
   4749.65518443572      < Te <    4830.42406397495     
   4749.70905688885      < Th <    4868.96089437423     
   80.0000481991962      < Ts <   80.0000542698302     
  1.930113372977667E+022 < Ne <  1.930581430122063E+022
  1.930113372977667E+022 < Nh <  1.930581430095194E+022
 CFL_Te=  1.791750500328199E-003 maxCFL_Ne=  1.384632775952772E-003 maxCFL_Ts=
  5.102012533856929E-004 CPU=   751.098270112205      NumThreads=          16 
 Elapsed time=  2.130213932939798E-002
 CFL_Limit=  1.000000000000000E-003
 dt_init=  1.000000000000000E-018 dt=  1.000000000000000E-018
 Time= -6.500000000045042E-014 Intensity=   655607608773.537     
   4748.13341234581      < Te <    4825.17960681746     
   4748.82896868252      < Th <    4876.77094138475     
   80.0000621327444      < Ts <   80.0000699410119     
  2.455371549652759E+022 < Ne <  2.455958905033160E+022
  2.455371549652759E+022 < Nh <  2.455958904999765E+022
 CFL_Te=  1.790948368387775E-003 maxCFL_Ne=  1.384978543636425E-003 maxCFL_Ts=
  5.102012949591650E-004 CPU=   750.985782183179      NumThreads=          16 
 Elapsed time=  2.130533011355640E-002
 CFL_Limit=  1.000000000000000E-003
 dt_init=  1.000000000000000E-018 dt=  1.000000000000000E-018
 Time= -6.400000000045376E-014 Intensity=   819837215909.351     
   4747.27312652689      < Te <    4826.72904503395     
   4747.86204576388      < Th <    4878.29806960470     
   80.0000797161172      < Ts <   80.0000896843676     
  3.113304626320653E+022 < Ne <  3.114039127044696E+022
  3.113304626320654E+022 < Nh <  3.114039127001644E+022
 CFL_Te=  1.790918783767617E-003 maxCFL_Ne=  1.384130563873905E-003 maxCFL_Ts=
  5.102013476032468E-004 CPU=   750.943375669866      NumThreads=          16 
 Elapsed time=  2.130653324656799E-002
 CFL_Limit=  1.000000000000000E-003
 dt_init=  1.000000000000000E-018 dt=  1.000000000000000E-018
 Time= -6.300000000045709E-014 Intensity=   1021659349832.09     
   4749.72590633559      < Te <    4828.46281850759     
   4745.56793141079      < Th <    4875.99360119160     
   80.0001021335436      < Ts <   80.0001147723746     
  3.934574567642709E+022 < Ne <  3.935489900698618E+022
  3.934574567642710E+022 < Nh <  3.935489900644628E+022
 CFL_Te=  1.793135895864484E-003 maxCFL_Ne=  1.384441067825736E-003 maxCFL_Ts=
  5.102014141692375E-004 CPU=   750.909853313629      NumThreads=          16 
 Elapsed time=  2.130748441959430E-002
 CFL_Limit=  1.000000000000000E-003
 dt_init=  1.000000000000000E-018 dt=  1.000000000000000E-018
 Time= -6.200000000046043E-014 Intensity=   1268759882568.71     
   4743.13739972786      < Te <    4818.47662238393     
   4745.77701088880      < Th <    4867.91219396681     
   80.0001301885347      < Ts <   80.0001465641339     
  4.956185310898396E+022 < Ne <  4.957322047509991E+022
  4.956185310898397E+022 < Nh <  4.957322047443438E+022
 CFL_Te=  1.788238869940560E-003 maxCFL_Ne=  1.382121329691505E-003 maxCFL_Ts=
  5.102014982251231E-004 CPU=   750.877805895918      NumThreads=          16 
 Elapsed time=  2.130839382169436E-002
 CFL_Limit=  1.000000000000000E-003
 dt_init=  1.000000000000000E-018 dt=  1.000000000000000E-018
 Time= -6.100000000046377E-014 Intensity=   1570173339800.85     
   4744.24372621256      < Te <    4823.43992489197     
   4743.21322212237      < Th <    4852.98642306474     
   80.0001654007520      < Ts <   80.0001865144655     
  6.222612684772608E+022 < Ne <  6.224019484938777E+022
  6.222612684772609E+022 < Nh <  6.224019484851312E+022
 CFL_Te=  1.789761760906424E-003 maxCFL_Ne=  1.382695439039819E-003 maxCFL_Ts=
  5.102016036449556E-004 CPU=   750.842962586888      NumThreads=          16 
 Elapsed time=  2.130938265023490E-002
 CFL_Limit=  1.000000000000000E-003
 dt_init=  1.000000000000000E-018 dt=  1.000000000000000E-018
 Time= -6.000000000046710E-014 Intensity=   1936469201836.54     
   4743.46925964086      < Te <    4824.14676128448     
   4743.15807152851      < Th <    4854.92829632079     
   80.0002097052603      < Ts <   80.0002363557766     
  7.787094272657741E+022 < Ne <  7.788829308422865E+022
  7.787094272657743E+022 < Nh <  7.788829308287726E+022
 CFL_Te=  1.789478079841658E-003 maxCFL_Ne=  1.383195528247091E-003 maxCFL_Ts=
  5.102017360388489E-004 CPU=   750.811194191261      NumThreads=          16 
 Elapsed time=  2.131028429488782E-002
 CFL_Limit=  1.000000000000000E-003
 dt_init=  1.000000000000000E-018 dt=  1.000000000000000E-018
 Time= -5.900000000047044E-014 Intensity=   2379953215735.27     
   4738.89125403272      < Te <    4817.02183292223     
   4742.30764188173      < Th <    4856.79177761207     
   80.0002651518843      < Ts <   80.0002992184026     
  9.713092822791325E+022 < Ne <  9.715225267550055E+022
  9.713092822791326E+022 < Nh <  9.715225267389717E+022
 CFL_Te=  1.786319328560456E-003 maxCFL_Ne=  1.382726774561258E-003 maxCFL_Ts=
  5.102019010507083E-004 CPU=   750.770036609644      NumThreads=          16 
 Elapsed time=  2.131145253512436E-002
 CFL_Limit=  1.000000000000000E-003
 dt_init=  1.000000000000000E-018 dt=  1.000000000000000E-018
 Time= -5.800000000047378E-014 Intensity=   2914882629713.42     
   4740.42240905333      < Te <    4817.25474734486     
   4740.68124257016      < Th <    4864.69425573379     
   80.0003340483733      < Ts <   80.0003763293123     
  1.207594634073578E+023 < Ne <  1.207855813773588E+023
  1.207594634073578E+023 < Nh <  1.207855813753688E+023
 CFL_Te=  1.787940929450951E-003 maxCFL_Ne=  1.383047389167898E-003 maxCFL_Ts=
  5.102021070934605E-004 CPU=   750.739489718022      NumThreads=          16 
 Elapsed time=  2.131231967830759E-002
 CFL_Limit=  1.000000000000000E-003
 dt_init=  1.000000000000000E-018 dt=  1.000000000000000E-018
 Time= -5.700000000047711E-014 Intensity=   3557693630525.79     
   4737.94858490345      < Te <    4815.78999206583     
   4743.61898950985      < Th <    4862.58553754659     
   80.0004198356977      < Ts <   80.0004724169360     
  1.496471654140280E+023 < Ne <  1.496790436205843E+023
  1.496471654140280E+023 < Nh <  1.496790436178633E+023
 CFL_Te=  1.786576081627701E-003 maxCFL_Ne=  1.381990298007124E-003 maxCFL_Ts=
  5.102023620689333E-004 CPU=   750.709965865461      NumThreads=          16 
 Elapsed time=  2.131315784725767E-002
 CFL_Limit=  1.000000000000000E-003
 dt_init=  1.000000000000000E-018 dt=  1.000000000000000E-018
 Time= -5.600000000047512E-014 Intensity=   4327238540091.44     
   4735.47184737324      < Te <    4813.32929301580     
   4737.38681941872      < Th <    4866.67315640893     
   80.0005255267125      < Ts <   80.0005920054495     
  1.848424560550646E+023 < Ne <  1.848812305864307E+023
  1.848424560550647E+023 < Nh <  1.848812305829198E+023
 CFL_Te=  1.784948115425941E-003 maxCFL_Ne=  1.381273547593300E-003 maxCFL_Ts=
  5.102026784672513E-004 CPU=   750.686439501197      NumThreads=          16 
 Elapsed time=  2.131382579740137E-002
 CFL_Limit=  1.000000000000000E-003
 dt_init=  1.000000000000000E-018 dt=  1.000000000000000E-018
 Time= -5.500000000047215E-014 Intensity=   5245029512467.14     
   4734.06091987120      < Te <    4809.12260224877     
   4738.58301147460      < Th <    4873.29364945652     
   80.0006561896409      < Ts <   80.0007386528900     
  2.275742862939856E+023 < Ne <  2.276212859191683E+023
  2.275742862939856E+023 < Nh <  2.276212859143447E+023
 CFL_Te=  1.784300103180156E-003 maxCFL_Ne=  1.380663592070296E-003 maxCFL_Ts=
  5.102030683080068E-004 CPU=   750.657928871322      NumThreads=          16 
 Elapsed time=  2.131463531472631E-002
 CFL_Limit=  1.000000000000000E-003
 dt_init=  1.000000000000000E-018 dt=  1.000000000000000E-018
 Time= -5.400000000046917E-014 Intensity=   6335484573989.22     
   4731.45438155120      < Te <    4807.02948235543     
   4737.32555718837      < Th <    4868.37890940167     
   80.0008164522909      < Ts <   80.0009183193639     
  2.792770579489652E+023 < Ne <  2.793338300026145E+023
  2.792770579489652E+023 < Nh <  2.793338299960688E+023
 CFL_Te=  1.782816727748814E-003 maxCFL_Ne=  1.380725663993652E-003 maxCFL_Ts=
  5.102035466719478E-004 CPU=   750.628271329740      NumThreads=          16 
 Elapsed time=  2.131547746217440E-002
 CFL_Limit=  1.000000000000000E-003
 dt_init=  1.000000000000000E-018 dt=  1.000000000000000E-018
 Time= -5.300000000046620E-014 Intensity=   7626170880184.83     
   4732.50008204848      < Te <    4815.03725916800     
   4732.82518735482      < Th <    4864.16566302446     
   80.0010134885760      < Ts <   80.0011395986327     
  3.416177423842128E+023 < Ne <  3.416860823350087E+023
  3.416177423842129E+023 < Nh <  3.416860823266323E+023
 CFL_Te=  1.783623799297567E-003 maxCFL_Ne=  1.380514702657986E-003 maxCFL_Ts=
  5.102041344462635E-004 CPU=   750.608211886886      NumThreads=          16 
 Elapsed time=  2.131604710236124E-002
 CFL_Limit=  1.000000000000000E-003
 dt_init=  1.000000000000000E-018 dt=  1.000000000000000E-018
 Time= -5.200000000046322E-014 Intensity=   9148039040900.53     
   4724.60847543239      < Te <    4809.51697891108     
   4734.37699158873      < Th <    4864.83925458411     
   80.0012533940686      < Ts <   80.0014083845454     
  4.165251439170156E+023 < Ne <  4.166071254575354E+023
  4.165251439170159E+023 < Nh <  4.166071254469001E+023
 CFL_Te=  1.778510664880385E-003 maxCFL_Ne=  1.377826422345942E-003 maxCFL_Ts=
  5.102048495880557E-004 CPU=   750.579897731543      NumThreads=          16 
 Elapsed time=  2.131685120845411E-002
 CFL_Limit=  1.000000000000000E-003
 dt_init=  1.000000000000000E-018 dt=  1.000000000000000E-018
 Time= -5.100000000046025E-014 Intensity=   10935641313518.2     
   4725.26053380715      < Te <    4815.75717558455     
   4731.96837257457      < Th <    4867.27638232902     
   80.0015447071649      < Ts <   80.0017340053623     
  5.062211996285666E+023 < Ne <  5.063192058260273E+023
  5.062211996285669E+023 < Nh <  5.063192058124959E+023
 CFL_Te=  1.779452020243056E-003 maxCFL_Ne=  1.377917811936023E-003 maxCFL_Ts=
  5.102057170300860E-004 CPU=   750.546370965518      NumThreads=          16 
 Elapsed time=  2.131780342821093E-002
 CFL_Limit=  1.000000000000000E-003
 dt_init=  1.000000000000000E-018 dt=  1.000000000000000E-018
 Time= -5.000000000045728E-014 Intensity=   13027325412947.8     
   4720.57810699241      < Te <    4812.98104144626     
   4729.59232860440      < Th <    4865.16834017684     
   80.0018988978036      < Ts <   80.0021320396305     
  6.132541330700536E+023 < Ne <  6.133708918671082E+023
  6.132541330700539E+023 < Nh <  6.133708918498332E+023
 CFL_Te=  1.775878254902558E-003 maxCFL_Ne=  1.377534172940341E-003 maxCFL_Ts=
  5.102067773991478E-004 CPU=   750.522000600229      NumThreads=          16 
 Elapsed time=  2.131849564330429E-002
 CFL_Limit=  1.000000000000000E-003
 dt_init=  1.000000000000000E-018 dt=  1.000000000000000E-018
 Time= -4.900000000045430E-014 Intensity=   15465394672231.2     
   4719.40317374075      < Te <    4819.89427479431     
   4728.33343994542      < Th <    4864.17060623845     
   80.0023243491220      < Ts <   80.0026159560100     
  7.405332059358477E+023 < Ne <  7.406718253284422E+023
  7.405332059358478E+023 < Nh <  7.406718253066252E+023
 CFL_Te=  1.775329194791085E-003 maxCFL_Ne=  1.376389022102299E-003 maxCFL_Ts=
  5.102080500602028E-004 CPU=   750.486746608433      NumThreads=          16 
 Elapsed time=  2.131949707613958E-002
 CFL_Limit=  1.000000000000000E-003
 dt_init=  1.000000000000000E-018 dt=  1.000000000000000E-018
 Time= -4.800000000045133E-014 Intensity=   18296224350931.0     
   4716.56503007056      < Te <    4809.45138604078     
   4726.58512671001      < Th <    4859.21922889383     
   80.0028396375419      < Ts <   80.0031965284157     
  8.913647223786667E+023 < Ne <  8.915287263459749E+023
  8.913647223786669E+023 < Nh <  8.915287263186748E+023
 CFL_Te=  1.773307841602777E-003 maxCFL_Ne=  1.375584288487861E-003 maxCFL_Ts=
  5.102095858007208E-004 CPU=   750.460117623634      NumThreads=          16 
 Elapsed time=  2.132025356745768E-002
 CFL_Limit=  1.000000000000000E-003
 dt_init=  1.000000000000000E-018 dt=  1.000000000000000E-018
 Time= -4.700000000044835E-014 Intensity=   21570323077270.4     
   4713.16075393957      < Te <    4795.10754357468     
   4727.22434597967      < Th <    4860.76030750481     
   80.0034574488675      < Ts <   80.0038949738809     
  1.069488844327048E+024 < Ne <  1.069682205289177E+024
  1.069488844327049E+024 < Nh <  1.069682205253564E+024
 CFL_Te=  1.771161822844599E-003 maxCFL_Ne=  1.374706372353244E-003 maxCFL_Ts=
  5.102114309987356E-004 CPU=   750.439240123496      NumThreads=          16 
 Elapsed time=  2.132084670488042E-002
 CFL_Limit=  1.000000000000000E-003
 dt_init=  1.000000000000000E-018 dt=  1.000000000000000E-018
 Time= -4.600000000044538E-014 Intensity=   25342327775993.9     
   4708.18167428950      < Te <    4788.16746780251     
   4726.57629538363      < Th <    4864.37548781352     
   80.0041992161947      < Ts <   80.0047273930199     
  1.279116679425266E+024 < Ne <  1.279343861081107E+024
  1.279116679425266E+024 < Nh <  1.279343861032830E+024
 CFL_Te=  1.767559575660212E-003 maxCFL_Ne=  1.373415078908765E-003 maxCFL_Ts=
  5.102136395007552E-004 CPU=   750.414141071808      NumThreads=          16 
 Elapsed time=  2.132155982181702E-002
 CFL_Limit=  1.000000000000000E-003
 dt_init=  1.000000000000000E-018 dt=  1.000000000000000E-018
 Time= -4.500000000044240E-014 Intensity=   29670920032114.8     
   4703.82238131919      < Te <    4785.31513556000     
   4722.25795103026      < Th <    4856.69802386909     
   80.0050875271536      < Ts <   80.0057294877276     
  1.524966992475354E+024 < Ne <  1.525232985972405E+024
  1.524966992475354E+024 < Nh <  1.525232985909915E+024
 CFL_Te=  1.764560927831614E-003 maxCFL_Ne=  1.372648181182669E-003 maxCFL_Ts=
  5.102162864390688E-004 CPU=   750.386938764915      NumThreads=          16 
 Elapsed time=  2.132233275053387E-002
 CFL_Limit=  1.000000000000000E-003
 dt_init=  1.000000000000000E-018 dt=  1.000000000000000E-018
 Time= -4.400000000043943E-014 Intensity=   34618651727643.9     
   4701.40576208707      < Te <    4780.83587391826     
   4719.22142021666      < Th <    4853.69148173979     
   80.0061436673176      < Ts <   80.0069221648823     
  1.812301784838223E+024 < Ne <  1.812612145298768E+024
  1.812301784838223E+024 < Nh <  1.812612145218258E+024
 CFL_Te=  1.762981075046579E-003 maxCFL_Ne=  1.371843393898195E-003 maxCFL_Ts=
  5.102194282447898E-004 CPU=   750.362710628918      NumThreads=          16 
 Elapsed time=  2.132302121808473E-002
 CFL_Limit=  1.000000000000000E-003
 dt_init=  1.000000000000000E-018 dt=  1.000000000000000E-018
 Time= -4.300000000043645E-014 Intensity=   40251668020119.1     
   4695.43388131941      < Te <    4772.10816307026     
   4716.27931190994      < Th <    4856.32575123659     
   80.0073952730763      < Ts <   80.0083221306459     
  2.146959879093363E+024 < Ne <  2.147320753091748E+024
  2.146959879093363E+024 < Nh <  2.147320752989102E+024
 CFL_Te=  1.758424861929080E-003 maxCFL_Ne=  1.370386962756048E-003 maxCFL_Ts=
  5.102231727558065E-004 CPU=   750.335270946820      NumThreads=          16 
 Elapsed time=  2.132380099873248E-002
 CFL_Limit=  1.000000000000000E-003
 dt_init=  1.000000000000000E-018 dt=  1.000000000000000E-018
 Time= -4.200000000043348E-014 Intensity=   46639316361462.9     
   4689.92398127317      < Te <    4764.71168618961     
   4715.87393525151      < Th <    4844.73565818525     
   80.0088693690982      < Ts <   80.0099811935325     
  2.535387537842110E+024 < Ne <  2.535805694176252E+024
  2.535387537842111E+024 < Nh <  2.535805694045514E+024
 CFL_Te=  1.754237439360369E-003 maxCFL_Ne=  1.368980402707827E-003 maxCFL_Ts=
  5.102275689383974E-004 CPU=   750.305484893889      NumThreads=          16 
 Elapsed time=  2.132464752308559E-002
 CFL_Limit=  1.000000000000000E-003
 dt_init=  1.000000000000000E-018 dt=  1.000000000000000E-018
 Time= -4.100000000043051E-014 Intensity=   53853631331000.8     
   4686.43657929496      < Te <    4762.41356154466     
   4713.94773608027      < Th <    4844.49722811844     
   80.0106040520566      < Ts <   80.0119425124263     
  2.984665058273220E+024 < Ne <  2.985147916394058E+024
  2.984665058273221E+024 < Nh <  2.985147916229644E+024
 CFL_Te=  1.751623367858583E-003 maxCFL_Ne=  1.368223452807062E-003 maxCFL_Ts=
  5.102327732643848E-004 CPU=   750.276244219514      NumThreads=          16 
 Elapsed time=  2.132547861307304E-002
 CFL_Limit=  1.000000000000000E-003
 dt_init=  1.000000000000000E-018 dt=  1.000000000000000E-018
 Time= -4.000000000042753E-014 Intensity=   61968686616517.9     
   4678.68806078432      < Te <    4753.28170799086     
   4711.61483996322      < Th <    4835.31397177281     
   80.0126451053520      < Ts <   80.0142553053190     
  3.502528185358925E+024 < Ne <  3.503083828640850E+024
  3.502528185358926E+024 < Nh <  3.503083828435650E+024
 CFL_Te=  1.745981500655979E-003 maxCFL_Ne=  1.366894449533900E-003 maxCFL_Ts=
  5.102388905376293E-004 CPU=   750.255451708604      NumThreads=          16 
 Elapsed time=  2.132606962543516E-002
 CFL_Limit=  1.000000000000000E-003
 dt_init=  1.000000000000000E-018 dt=  1.000000000000000E-018
 Time= -3.900000000042456E-014 Intensity=   71059807549599.2     
   4677.54026781381      < Te <    4749.32348323720     
   4710.07084774605      < Th <    4837.60594087173     
   80.0150591431732      < Ts <   80.0169481789583     
  4.097383127759616E+024 < Ne <  4.098020314167834E+024
  4.097383127759617E+024 < Nh <  4.098020313910984E+024
 CFL_Te=  1.744825071798147E-003 maxCFL_Ne=  1.366861318302407E-003 maxCFL_Ts=
  5.102460848048503E-004 CPU=   750.232009306544      NumThreads=          16 
 Elapsed time=  2.132673599836024E-002
 CFL_Limit=  1.000000000000000E-003
 dt_init=  1.000000000000000E-018 dt=  1.000000000000000E-018
 Time= -3.800000000042158E-014 Intensity=   81202640199250.8     
   4666.00747589000      < Te <    4737.42029140600     
   4707.07232156334      < Th <    4842.20019038238     
   80.0178591314716      < Ts <   80.0201124072433     
  4.778313906674040E+024 < Ne <  4.779042080276855E+024
  4.778313906674042E+024 < Nh <  4.779042079953394E+024
 CFL_Te=  1.735420014144704E-003 maxCFL_Ne=  1.364399925602588E-003 maxCFL_Ts=
  5.102544499827946E-004 CPU=   750.201871901431      NumThreads=          16 
 Elapsed time=  2.132759274439966E-002
 CFL_Limit=  1.000000000000000E-003
 dt_init=  1.000000000000000E-018 dt=  1.000000000000000E-018
 Time= -3.700000000041861E-014 Intensity=   92472076146496.7     
   4658.38557851801      < Te <    4737.10128270685     
   4706.12712709760      < Th <    4836.12207407252     
   80.0211248831418      < Ts <   80.0237804410414     
  5.555080768127673E+024 < Ne <  5.555910042420218E+024
  5.555080768127678E+024 < Nh <  5.555910042012690E+024
 CFL_Te=  1.729679348156359E-003 maxCFL_Ne=  1.362992539771305E-003 maxCFL_Ts=
  5.102641949517273E-004 CPU=   750.179223029239      NumThreads=          16 
 Elapsed time=  2.132823665175860E-002
 CFL_Limit=  1.000000000000000E-003
 dt_init=  1.000000000000000E-018 dt=  1.000000000000000E-018
 Time= -3.600000000041563E-014 Intensity=   104941035677998.     
   4652.83712418493      < Te <    4725.53767202213     
   4703.55998724824      < Th <    4840.58787652547     
   80.0249275351297      < Ts <   80.0280327617966     
  6.438108324791833E+024 < Ne <  6.439049479310651E+024
  6.438108324791841E+024 < Nh <  6.439049478802822E+024
 CFL_Te=  1.724774985256742E-003 maxCFL_Ne=  1.362019339922754E-003 maxCFL_Ts=
  5.102755128080242E-004 CPU=   750.154775970379      NumThreads=          16 
 Elapsed time=  2.132893172519345E-002
 CFL_Limit=  1.000000000000000E-003
 dt_init=  1.000000000000000E-018 dt=  1.000000000000000E-018
 Time= -3.500000000041266E-014 Intensity=   118679116201979.     
   4642.24024138838      < Te <    4721.44898565691     
   4702.03039874123      < Th <    4829.35596061307     
   80.0293115424691      < Ts <   80.0329902265607     
  7.438462246546116E+024 < Ne <  7.439526690561629E+024
  7.438462246546126E+024 < Nh <  7.439526689929245E+024
 CFL_Te=  1.716077313776930E-003 maxCFL_Ne=  1.360038387882641E-003 maxCFL_Ts=
  5.102886041167983E-004 CPU=   750.132359241766      NumThreads=          16 
 Elapsed time=  2.132956911254008E-002
 CFL_Limit=  1.000000000000000E-003
 dt_init=  1.000000000000000E-018 dt=  1.000000000000000E-018
 Time= -3.400000000040968E-014 Intensity=   133751117135266.     
   4636.50462749178      < Te <    4709.27192355627     
   4699.06679161468      < Th <    4831.28263785864     
   80.0343785341678      < Ts <   80.0386620035636     
  8.567813289077918E+024 < Ne <  8.569013015708599E+024
  8.567813289077930E+024 < Nh <  8.569013014927808E+024
 CFL_Te=  1.710595890037464E-003 maxCFL_Ne=  1.359023341528112E-003 maxCFL_Ts=
  5.103036808941574E-004 CPU=   750.112187070430      NumThreads=          16 
 Elapsed time=  2.133014271170309E-002
 CFL_Limit=  1.000000000000000E-003
 dt_init=  1.000000000000000E-018 dt=  1.000000000000000E-018
 Time= -3.300000000040671E-014 Intensity=   150215457241480.     
   4632.32918927588      < Te <    4705.81415706986     
   4698.43054737371      < Th <    4826.54657955086     
   80.0402015902437      < Ts <   80.0451555550259     
  9.838387650931291E+024 < Ne <  9.839735176111939E+024
  9.838387650931306E+024 < Nh <  9.839735175150285E+024
 CFL_Te=  1.706277673721354E-003 maxCFL_Ne=  1.358323588188896E-003 maxCFL_Ts=
  5.103209950562812E-004 CPU=   750.083906454628      NumThreads=          16 
 Elapsed time=  2.133094692782592E-002
 CFL_Limit=  1.000000000000000E-003
 dt_init=  1.000000000000000E-018 dt=  1.000000000000000E-018
 Time= -3.200000000040374E-014 Intensity=   168122505300198.     
   4618.04278678227      < Te <    4690.98393498272     
   4699.61937998457      < Th <    4826.35319462628     
   80.0468674766793      < Ts <   80.0527015058209     
  1.126290271083597E+025 < Ne <  1.126441103645907E+025
  1.126290271083599E+025 < Nh <  1.126441103527369E+025
 CFL_Te=  1.694149791620170E-003 maxCFL_Ne=  1.355772986005733E-003 maxCFL_Ts=
  5.103408439822409E-004 CPU=   750.061012859646      NumThreads=          16 
 Elapsed time=  2.133159799760713E-002
 CFL_Limit=  1.000000000000000E-003
 dt_init=  1.000000000000000E-018 dt=  1.000000000000000E-018
 Time= -3.100000000040076E-014 Intensity=   187512849914193.     
   4613.25805291688      < Te <    4683.19574150062     
   4696.19069886988      < Th <    4818.94331534493     
   80.0545254736379      < Ts <   80.0612759756781     
  1.285448761527095E+025 < Ne <  1.285617006453144E+025
  1.285448761527098E+025 < Nh <  1.285617006308239E+025
 CFL_Te=  1.689284739801247E-003 maxCFL_Ne=  1.355575460255156E-003 maxCFL_Ts=
  5.103636761050724E-004 CPU=   750.018358985352      NumThreads=          16 
 Elapsed time=  2.133281113497713E-002
 CFL_Limit=  1.000000000000000E-003
 dt_init=  1.000000000000000E-018 dt=  1.000000000000000E-018
 Time= -3.000000000039779E-014 Intensity=   208415539059104.     
   4596.98401706526      < Te <    4677.14847065564     
   4694.61050615616      < Th <    4822.13466788633     
   80.0632539303152      < Ts <   80.0710416918292     
  1.462658806853251E+025 < Ne <  1.462845825245349E+025
  1.462658806853255E+025 < Nh <  1.462845825066889E+025
 CFL_Te=  1.675235711623116E-003 maxCFL_Ne=  1.353005068522726E-003 maxCFL_Ts=
  5.103896707571926E-004 CPU=   750.003962222548      NumThreads=          16 
 Elapsed time=  2.133322063070959E-002
 CFL_Limit=  1.000000000000000E-003
 dt_init=  1.000000000000000E-018 dt=  1.000000000000000E-018
 Time= -2.900000000039481E-014 Intensity=   230846324469059.     
   4590.82156390021      < Te <    4662.74020584402     
   4693.87889187503      < Th <    4821.30283897983     
   80.0731552448906      < Ts <   80.0821825114233     
  1.659285544212740E+025 < Ne <  1.659492714205925E+025
  1.659285544212746E+025 < Nh <  1.659492713988482E+025
 CFL_Te=  1.668869293081398E-003 maxCFL_Ne=  1.352624611471040E-003 maxCFL_Ts=
  5.104191725667761E-004 CPU=   749.978995873856      NumThreads=          16 
 Elapsed time=  2.133393080076492E-002
 CFL_Limit=  1.000000000000000E-003
 dt_init=  1.000000000000000E-018 dt=  1.000000000000000E-018
 Time= -2.800000000039317E-014 Intensity=   254805949950995.     
   4585.33776546687      < Te <    4654.92137574486     
   4696.60291235333      < Th <    4821.61548117140     
   80.0843761924492      < Ts <   80.0948483766761     
  1.876702017477982E+025 < Ne <  1.876930717166734E+025
  1.876702017477992E+025 < Nh <  1.876930716902033E+025
 CFL_Te=  1.662350926786262E-003 maxCFL_Ne=  1.352683526445940E-003 maxCFL_Ts=
  5.104527071117383E-004 CPU=   749.960963242097      NumThreads=          16 
 Elapsed time=  2.133444377002192E-002
 CFL_Limit=  1.000000000000000E-003
 dt_init=  1.000000000000000E-018 dt=  1.000000000000000E-018
 Time= -2.700000000039335E-014 Intensity=   280278526036166.     
   4579.34192822775      < Te <    4648.62693984515     
   4690.94881603565      < Th <    4824.34987405723     
   80.0970611533211      < Ts <   80.1091428772983     
  2.116275018533157E+025 < Ne <  2.116526610534003E+025
  2.116275018533170E+025 < Nh <  2.116526610212388E+025
 CFL_Te=  1.655497552195325E-003 maxCFL_Ne=  1.352576895077577E-003 maxCFL_Ts=
  5.104903604764345E-004 CPU=   749.937863035253      NumThreads=          16 
 Elapsed time=  2.133510093121925E-002
 CFL_Limit=  1.000000000000000E-003
 dt_init=  1.000000000000000E-018 dt=  1.000000000000000E-018
 Time= -2.600000000039353E-014 Intensity=   307230035825305.     
   4560.28293882868      < Te <    4644.09623929167     
   4692.46900056304      < Th <    4817.42956700579     
   80.1113642994698      < Ts <   80.1253082606685     
  2.379349517966895E+025 < Ne <  2.379625339952622E+025
  2.379349517966910E+025 < Nh <  2.379625339566264E+025
 CFL_Te=  1.638567833667303E-003 maxCFL_Ne=  1.350878718602820E-003 maxCFL_Ts=
  5.105327764650712E-004 CPU=   749.919292031348      NumThreads=          16 
 Elapsed time=  2.133562927373146E-002
 CFL_Limit=  1.000000000000000E-003
 dt_init=  1.000000000000000E-018 dt=  1.000000000000000E-018
 Time= -2.500000000039371E-014 Intensity=   335607018286696.     
   4554.33000497119      < Te <    4622.09770527954     
   4694.65345488666      < Th <    4816.68852819794     
   80.1274976351298      < Ts <   80.1434060492875     
  2.667231812903279E+025 < Ne <  2.667533153315525E+025
  2.667231812903299E+025 < Nh <  2.667533152852753E+025
 CFL_Te=  1.630918681757977E-003 maxCFL_Ne=  1.351263312823231E-003 maxCFL_Ts=
  5.105806187230007E-004 CPU=   749.897758087602      NumThreads=          16 
 Elapsed time=  2.133624194423968E-002
 CFL_Limit=  1.000000000000000E-003
 dt_init=  1.000000000000000E-018 dt=  1.000000000000000E-018
 Time= -2.400000000039389E-014 Intensity=   365335475465723.     
   4548.82287505814      < Te <    4619.14301614448     
   4695.98127806938      < Th <    4816.38193431965     
   80.1455413981686      < Ts <   80.1636553165824     
  2.981171596787936E+025 < Ne <  2.981499679218550E+025
  2.981171596787964E+025 < Nh <  2.981499678668147E+025
 CFL_Te=  1.623192264502013E-003 maxCFL_Ne=  1.352108227324297E-003 maxCFL_Ts=
  5.106339271471584E-004 CPU=   749.870963543163      NumThreads=          16 
 Elapsed time=  2.133700433525190E-002
 CFL_Limit=  1.000000000000000E-003
 dt_init=  1.000000000000000E-018 dt=  1.000000000000000E-018
 Time= -2.300000000039407E-014 Intensity=   396320048934197.     
   4543.33944286266      < Te <    4612.65016135679     
   4699.34413961969      < Th <    4822.10526791976     
   80.1657522502191      < Ts <   80.1864587177348     
  3.322343137762296E+025 < Ne <  3.322699100654981E+025
  3.322343137762330E+025 < Nh <  3.322699100002320E+025
 CFL_Te=  1.615086576105591E-003 maxCFL_Ne=  1.352874221693737E-003 maxCFL_Ts=
  5.106935839096341E-004 CPU=   749.851671246491      NumThreads=          16 
 Elapsed time=  2.133755329691128E-002
 CFL_Limit=  1.000000000000000E-003
 dt_init=  1.000000000000000E-018 dt=  1.000000000000000E-018
 Time= -2.200000000039425E-014 Intensity=   428443508248522.     
   4538.77006073813      < Te <    4606.61556205988     
   4702.95337834187      < Th <    4827.41926131026     
   80.1881737133831      < Ts <   80.2115028910682     
  3.691825826488026E+025 < Ne <  3.692210704945021E+025
  3.691825826488070E+025 < Nh <  3.692210704175035E+025
 CFL_Te=  1.608016484205237E-003 maxCFL_Ne=  1.354591141474798E-003 maxCFL_Ts=
  5.107600726734387E-004 CPU=   749.831326496455      NumThreads=          16 
 Elapsed time=  2.133813223669796E-002
 CFL_Limit=  1.000000000000000E-003
 dt_init=  1.000000000000000E-018 dt=  1.000000000000000E-018
 Time= -2.100000000039444E-014 Intensity=   461566590146842.     
   4516.63538933755      < Te <    4604.47874631532     
   4705.46638680807      < Th <    4827.96300846746     
   80.2132290478437      < Ts <   80.2396552449817     
  4.090584426766613E+025 < Ne <  4.090999134230708E+025
  4.090584426766670E+025 < Nh <  4.090999133328022E+025
 CFL_Te=  1.587040929772203E-003 maxCFL_Ne=  1.354509405108335E-003 maxCFL_Ts=
  5.108337364276289E-004 CPU=   749.811285530303      NumThreads=          16 
 Elapsed time=  2.133870256258415E-002
 CFL_Limit=  1.000000000000000E-003
 dt_init=  1.000000000000000E-018 dt=  1.000000000000000E-018
 Time= -2.000000000039462E-014 Intensity=   495528221700866.     
   4529.77037292440      < Te <    4599.73636120570     
   4710.13882087245      < Th <    4833.52213403085     
   80.2409546502589      < Ts <   80.2707435015914     
  4.519449321587405E+025 < Ne <  4.519894623083408E+025
  4.519449321587476E+025 < Nh <  4.519894622028203E+025
 CFL_Te=  1.591696213155724E-003 maxCFL_Ne=  1.358540607880988E-003 maxCFL_Ts=
  5.109151208967788E-004 CPU=   749.796060131340      NumThreads=          16 
 Elapsed time=  2.133913586742149E-002
 CFL_Limit=  1.000000000000000E-003
 dt_init=  1.000000000000000E-018 dt=  1.000000000000000E-018
 Time= -1.900000000039480E-014 Intensity=   530146153688799.     
   4527.20669209244      < Te <    4593.06929161990     
   4714.16406158008      < Th <    4841.44859312932     
   80.2715998450296      < Ts <   80.3051241721736     
  4.979097115361582E+025 < Ne <  4.979573618432498E+025
  4.979097115361666E+025 < Nh <  4.979573617209841E+025
 CFL_Te=  1.584447767045330E-003 maxCFL_Ne=  1.361458973112286E-003 maxCFL_Ts=
  5.110052678594960E-004 CPU=   749.780436550602      NumThreads=          16 
 Elapsed time=  2.133958052254432E-002
 CFL_Limit=  1.000000000000000E-003
 dt_init=  1.000000000000000E-018 dt=  1.000000000000000E-018
 Time= -1.800000000039498E-014 Intensity=   565218022186472.     
   4506.08375334569      < Te <    4589.38498212658     
   4719.28926197421      < Th <    4844.31319252507     
   80.3051893488484      < Ts <   80.3431492884853     
  5.470031957256012E+025 < Ne <  5.470540081916755E+025
  5.470031957256114E+025 < Nh <  5.470540080507568E+025
 CFL_Te=  1.563117164988420E-003 maxCFL_Ne=  1.363411253909981E-003 maxCFL_Ts=
  5.111036869452165E-004 CPU=   749.758360976044      NumThreads=          16 
 Elapsed time=  2.134020883631229E-002
 CFL_Limit=  1.000000000000000E-003
 dt_init=  1.000000000000000E-018 dt=  1.000000000000000E-018
 Time= -1.700000000039516E-014 Intensity=   600522846939102.     
   4504.33224820219      < Te <    4588.37724495804     
   4724.56613134982      < Th <    4850.31930486571     
   80.3422289120833      < Ts <   80.3847239265393     
  5.992568039924272E+025 < Ne <  5.993108014397494E+025
  5.992568039924396E+025 < Nh <  5.993108012782137E+025
 CFL_Te=  1.555835969587180E-003 maxCFL_Ne=  1.367743959306426E-003 maxCFL_Ts=
  5.112119345687350E-004 CPU=   749.747374404083      NumThreads=          16 
 Elapsed time=  2.134052154929808E-002
 CFL_Limit=  1.000000000000000E-003
 dt_init=  1.000000000000000E-018 dt=  1.000000000000000E-018
 Time= -1.600000000039534E-014 Intensity=   635822964715934.     
   4503.29015650889      < Te <    4586.93738476816     
   4730.71351316794      < Th <    4851.04798792915     
   80.3828836393374      < Ts <   80.4304960570296     
  6.546813587098390E+025 < Ne <  6.547385423775573E+025
  6.546813587098537E+025 < Nh <  6.547385421942489E+025
 CFL_Te=  1.548704606287178E-003 maxCFL_Ne=  1.372906878263010E-003 maxCFL_Ts=
  5.113303129595564E-004 CPU=   749.730313359076      NumThreads=          16 
 Elapsed time=  2.134100717938684E-002
 CFL_Limit=  1.000000000000000E-003
 dt_init=  1.000000000000000E-018 dt=  1.000000000000000E-018
 Time= -1.500000000039552E-014 Intensity=   670866384802204.     
   4521.47987615094      < Te <    4586.57932968552     
   4736.57962888943      < Th <    4854.01991117293     
   80.4272243813273      < Ts <   80.4800927414323     
  7.132656757298354E+025 < Ne <  7.133260241868824E+025
  7.132656757298520E+025 < Nh <  7.133260239811847E+025
 CFL_Te=  1.555054435349599E-003 maxCFL_Ne=  1.378508203934541E-003 maxCFL_Ts=
  5.114596770483318E-004 CPU=   749.707364901831      NumThreads=          16 
 Elapsed time=  2.134166042519149E-002
 CFL_Limit=  1.000000000000000E-003
 dt_init=  1.000000000000000E-018 dt=  1.000000000000000E-018
 Time= -1.400000000039570E-014 Intensity=   705389542384173.     
   4522.52959636454      < Te <    4589.92603017262     
   4743.43757886310      < Th <    4876.24759244620     
   80.4755656773670      < Ts <   80.5346362435914     
  7.749753842936896E+025 < Ne <  7.750388534906189E+025
  7.749753842937082E+025 < Nh <  7.750388532617222E+025
 CFL_Te=  1.548231370334134E-003 maxCFL_Ne=  1.384786392263725E-003 maxCFL_Ts=
  5.116003613398938E-004 CPU=   749.682172285078      NumThreads=          16 
 Elapsed time=  2.134237759880429E-002
 CFL_Limit=  1.000000000000000E-003
 dt_init=  1.000000000000000E-018 dt=  1.000000000000000E-018
 Time= -1.300000000039588E-014 Intensity=   739120414174028.     
   4524.85210853404      < Te <    4592.09412696311     
   4764.62567377495      < Th <    4887.40526758451     
   80.5282494850407      < Ts <   80.5932952118846     
  8.397520061992834E+025 < Ne <  8.398185277756692E+025
  8.397520061993039E+025 < Nh <  8.398185275226143E+025
 CFL_Te=  1.542037906284767E-003 maxCFL_Ne=  1.391628841051753E-003 maxCFL_Ts=
  5.117526737862569E-004 CPU=   749.665384677800      NumThreads=          16 
 Elapsed time=  2.134285552863919E-002
 CFL_Limit=  1.000000000000000E-003
 dt_init=  1.000000000000000E-018 dt=  1.000000000000000E-018
 Time= -1.200000000039606E-014 Intensity=   771781949547483.     
   4528.36053349156      < Te <    4594.79673685036     
   4772.37966601503      < Th <    4891.89372931346     
   80.5852441382189      < Ts <   80.6572827521260     
  9.075123361478460E+025 < Ne <  9.075818159702400E+025
  9.075123361478694E+025 < Nh <  9.075818156933167E+025
 CFL_Te=  1.536671447468800E-003 maxCFL_Ne=  1.399330812658593E-003 maxCFL_Ts=
  5.119169623303604E-004 CPU=   749.650291201074      NumThreads=          16 
 Elapsed time=  2.134328524619812E-002
 CFL_Limit=  1.000000000000000E-003
 dt_init=  1.000000000000000E-018 dt=  1.000000000000000E-018
 Time= -1.100000000039625E-014 Intensity=   803095760155611.     
   4533.28124042903      < Te <    4615.30457825800     
   4780.44761970103      < Th <    4899.07039079531     
   80.6468542784765      < Ts <   80.7260584756646     
  9.781481378293982E+025 < Ne <  9.782204563068083E+025
  9.781481378294245E+025 < Nh <  9.782204560070282E+025
 CFL_Te=  1.531320433554628E-003 maxCFL_Ne=  1.408025425794807E-003 maxCFL_Ts=
  5.120934526292263E-004 CPU=   749.633212246040      NumThreads=          16 
 Elapsed time=  2.134377151201858E-002
 CFL_Limit=  1.000000000000000E-003
 dt_init=  1.000000000000000E-018 dt=  1.000000000000000E-018
 Time= -1.000000000039643E-014 Intensity=   832786001727587.     
   4556.11857027967      < Te <    4620.47827641281     
   4788.89369666506      < Th <    4925.43145527677     
   80.7131934788137      < Ts <   80.8000588215308     
  1.051526182758726E+026 < Ne <  1.051601194493922E+026
  1.051526182758754E+026 < Nh <  1.051601194172847E+026
 CFL_Te=  1.539042376291627E-003 maxCFL_Ne=  1.415227576895630E-003 maxCFL_Ts=
  5.122821344423283E-004 CPU=   749.613658922822      NumThreads=          16 
 Elapsed time=  2.134432825435923E-002
 CFL_Limit=  1.000000000000000E-003
 dt_init=  1.000000000000000E-018 dt=  1.000000000000000E-018
 Time= -9.000000000396607E-015 Intensity=   860583374007762.     
   4563.35189277697      < Te <    4628.38268693501     
   4813.78042745841      < Th <    4933.12110031922     
   80.7846393074205      < Ts <   80.8799001579106     
  1.127488644539325E+026 < Ne <  1.127566183719687E+026
  1.127488644539356E+026 < Nh <  1.127566183380750E+026
 CFL_Te=  1.535041231779747E-003 maxCFL_Ne=  1.425200574306135E-003 maxCFL_Ts=
  5.124836565036261E-004 CPU=   749.596202786152      NumThreads=          16 
 Elapsed time=  2.134482530798591E-002
 CFL_Limit=  1.000000000000000E-003
 dt_init=  1.000000000000000E-018 dt=  1.000000000000000E-018
 Time= -8.000000000396788E-015 Intensity=   886229158745758.     
   4572.24572016635      < Te <    4637.87085476363     
   4822.78043726582      < Th <    4940.58896376196     
   80.8607369940469      < Ts <   80.9652260137663     
  1.205853863556468E+026 < Ne <  1.205933739569552E+026
  1.205853863556500E+026 < Nh <  1.205933739215983E+026
 CFL_Te=  1.531694582444484E-003 maxCFL_Ne=  1.436563477887034E-003 maxCFL_Ts=
  5.126998712997038E-004 CPU=   749.581451862906      NumThreads=          16 
 Elapsed time=  2.134524535023620E-002
 CFL_Limit=  1.000000000000000E-003
 dt_init=  1.000000000000000E-018 dt=  1.000000000000000E-018
 Time= -7.000000000396969E-015 Intensity=   909479211697409.     
   4582.84595514450      < Te <    4664.52924071795     
   4832.35080558008      < Th <    4969.66964761466     
   80.9419092600131      < Ts <   81.0560133813338     
  1.286417465820702E+026 < Ne <  1.286499464236378E+026
  1.286417465820735E+026 < Nh <  1.286499463873186E+026
 CFL_Te=  1.529400618722884E-003 maxCFL_Ne=  1.449019777136401E-003 maxCFL_Ts=
  5.129286680741146E-004 CPU=   749.566562891786      NumThreads=          16 
 Elapsed time=  2.134566934025565E-002
 CFL_Limit=  1.000000000000000E-003
 dt_init=  1.000000000000000E-018 dt=  1.000000000000000E-018
 Time= -6.000000000397150E-015 Intensity=   930107822811046.     
   4608.40774502787      < Te <    4675.80072333543     
   4859.28279133115      < Th <    4978.23100167601     
   81.0280781448692      < Ts <   81.1532358194548     
  1.368953841766034E+026 < Ne <  1.369037730637153E+026
  1.368953841766066E+026 < Nh <  1.369037730272835E+026
 CFL_Te=  1.537984473767849E-003 maxCFL_Ne=  1.457077054961790E-003 maxCFL_Ts=
  5.131716867790603E-004 CPU=   749.544279739490      NumThreads=          16 
 Elapsed time=  2.134630392424703E-002
 CFL_Limit=  1.000000000000000E-003
 dt_init=  1.000000000000000E-018 dt=  1.000000000000000E-018
 Time= -5.000000000397331E-015 Intensity=   947911359388365.     
   4621.23028947088      < Te <    4688.99246455766     
   4868.94812895297      < Th <    5004.63770274096     
   81.1203445081218      < Ts <   81.2564598588505     
  1.453217976190211E+026 < Ne <  1.453303505550655E+026
  1.453217976190241E+026 < Nh <  1.453303505192426E+026
 CFL_Te=  1.536569692295044E-003 maxCFL_Ne=  1.470795927262203E-003 maxCFL_Ts=
  5.134283333931059E-004 CPU=   749.531859939033      NumThreads=          16 
 Elapsed time=  2.134665763414171E-002
 CFL_Limit=  1.000000000000000E-003
 dt_init=  1.000000000000000E-018 dt=  1.000000000000000E-018
 Time= -4.000000000397512E-015 Intensity=   962711610070046.     
   4647.70006794328      < Te <    4717.00452130064     
   4896.81115767093      < Th <    5011.66774733321     
   81.2182610915641      < Ts <   81.3652854097036     
  1.538947582475475E+026 < Ne <  1.539034482720020E+026
  1.538947582475502E+026 < Nh <  1.539034482380449E+026
 CFL_Te=  1.545306039083488E-003 maxCFL_Ne=  1.479043982412530E-003 maxCFL_Ts=
  5.136982544623805E-004 CPU=   749.517153376000      NumThreads=          16 
 Elapsed time=  2.134707648508411E-002
 CFL_Limit=  1.000000000000000E-003
 dt_init=  1.000000000000000E-018 dt=  1.000000000000000E-018
 Time= -3.000000000397693E-015 Intensity=   974358752858010.     
   4662.69014567706      < Te <    4732.92396855572     
   4905.78369004356      < Th <    5020.47403860764     
   81.3207596325472      < Ts <   81.4801278195597     
  1.625865527521605E+026 < Ne <  1.625953522338317E+026
  1.625865527521628E+026 < Nh <  1.625953522033047E+026
 CFL_Te=  1.544974385780159E-003 maxCFL_Ne=  1.494338983477130E-003 maxCFL_Ts=
  5.139810374765752E-004 CPU=   749.499214041459      NumThreads=          16 
 Elapsed time=  2.134758742937782E-002
 CFL_Limit=  1.000000000000000E-003
 dt_init=  1.000000000000000E-018 dt=  1.000000000000000E-018
 Time= -2.000000000397874E-015 Intensity=   982733878060347.     
   4689.66815187549      < Te <    4758.76591796112     
   4934.13688807961      < Th <    5045.55361641605     
   81.4287373422689      < Ts <   81.6017795115183     
  1.713682523800385E+026 < Ne <  1.713771317211623E+026
  1.713682523800401E+026 < Nh <  1.713771316952192E+026
 CFL_Te=  1.553893677958155E-003 maxCFL_Ne=  1.502985499354684E-003 maxCFL_Ts=
  5.142761563610581E-004 CPU=   749.483379360926      NumThreads=          16 
 Elapsed time=  2.134803844968914E-002
 CFL_Limit=  1.000000000000000E-003
 dt_init=  1.000000000000000E-018 dt=  1.000000000000000E-018
 Time= -1.000000000397902E-015 Intensity=   987751006861410.     
   4706.64014220593      < Te <    4775.91340924948     
   4944.31463268946      < Th <    5072.72230124199     
   81.5419834139010      < Ts <   81.7285174807420     
  1.802099994788314E+026 < Ne <  1.802189291376076E+026
  1.802099994788321E+026 < Nh <  1.802189291183855E+026
 CFL_Te=  1.554814787736768E-003 maxCFL_Ne=  1.519722834284383E-003 maxCFL_Ts=
  5.145844604940489E-004 CPU=   749.467240864965      NumThreads=          16 
 Elapsed time=  2.134849814320675E-002
 CFL_Limit=  1.000000000000000E-003
 dt_init=  1.000000000000000E-018 dt=  1.000000000000000E-018
 Time= -3.978898472655851E-025 Intensity=   989358557592310.     
   4733.69588948036      < Te <    4801.71320021949     
   4972.69791482830      < Th <    5081.22148351883     
   81.6603407756807      < Ts <   81.8616454124298     
  1.890813146183936E+026 < Ne <  1.890902637900369E+026
  1.890813146183930E+026 < Nh <  1.890902637790997E+026
 CFL_Te=  1.563760984903141E-003 maxCFL_Ne=  1.528522525581515E-003 maxCFL_Ts=
  5.149040034465384E-004 CPU=   749.451800668646      NumThreads=          16 
 Elapsed time=  2.134893796468983E-002
 CFL_Limit=  1.000000000000000E-003
 dt_init=  1.000000000000000E-018 dt=  1.000000000000000E-018
