 Hello from thread =           0
OpenMP TEST
Number of Threads = 1
*******************************
 Pi =    3.14159265358979     
 Read PolarizationSource TM:                      0
 Read phiMie0:    270.000000000000      deg -> rad
 Importing data on Polarization.
 Loading GMSH mesh...
 MESH INFORMATIONS
 [GMSH] Quadrangles number
      120000
 [GMSH] Node number
      120704
 Latest running index while remeshing                  2604
 [Mesh] Building...
 
 [Mesh] Convergence (                   500 )=  1.081720079616934E-005
 [Mesh] Convergence (                  1000 )=  1.811262921339221E-006
 [Mesh] Convergence (                  1500 )=  2.579260365273512E-007
 [Mesh] Convergence (                  2000 )=  3.591470637911698E-008
 [Mesh] Convergence (                  2500 )=  4.985051651601679E-009
 [Mesh] Convergence (                  3000 )=  6.916293277754448E-010
 [Mesh] Convergence is reached. The show can go on.
 [Mesh) ITERATIONS=                  3490
 Vessel cells:                    51 *                    51 =
                  2601
 Matter cells:                    51 *                    51 =
                  2601
  -73.8000000000000       -74.2000000000000     
 Done.
 [Mesh] Calculation of normales and distances.
 NEEDLE CHECK
 North -3.766032663078631E-002  0.999290598273626     
 South -4.425498528455761E-002 -0.999020268201533     
 East  0.997763878544350       6.683743466154690E-002
 West -0.983550514119218      -0.180633291991876     
  1.008423591908063E-007  1.008040131466220E-007  6.226196335372929E-009
  6.051711821471932E-009
 VESSEL CHECK
 North -3.766032663078620E-002  0.999290598273619     
 South -4.425498528455753E-002 -0.999020268201532     
 East  0.997763878550900       6.683743466200739E-002
 West -0.983550514120851      -0.180633291992154     
  1.008423591908069E-007  1.008040131466208E-007  6.226196335372337E-009
  6.051711821474587E-009
 epsilon(   515.000000000000      nm)= (17.8254000000000,0.506690000000000)
 Re(sqrt(epsilon))=   4.22244004813930     
 [Poisson eq.] Filling matrix
 Starting time loop.
 Time= -1.990000000000033E-013 Intensity=  1.560808197333866E-015
   80.0000004771923      < Te <    80.0000004778535     
   80.0000004771923      < Th <    80.0000004778535     
   80.0000000000000      < Ts <   80.0000000000000     
   100000.000010074      < Ne <   100000.000010088     
   100000.000010074      < Nh <   100000.000010088     
 CFL_Te=  3.017299651248141E-005 maxCFL_Ne=  2.329135641854283E-005 maxCFL_Ts=
  5.102011094536748E-004 CPU=   402.809749205570      NumThreads=           1 
 Elapsed time=  2.482561561561561E-003
 CFL_Limit=  1.000000000000000E-003
 dt_init=  1.000000000000000E-018 dt=  1.000000000000000E-018
 Time= -1.980000000000067E-013 Intensity=  3.105441224724688E-015
   80.0000014274143      < Te <    80.0000014287279     
   80.0000014274143      < Th <    80.0000014287279     
   80.0000000000000      < Ts <   80.0000000000000     
   100000.000030177      < Ne <   100000.000030205     
   100000.000030177      < Nh <   100000.000030205     
 CFL_Te=  3.017299687086950E-005 maxCFL_Ne=  2.329135669519234E-005 maxCFL_Ts=
  5.102011094536748E-004 CPU=   405.516649308634      NumThreads=           1 
 Elapsed time=  2.465989994997499E-003
 CFL_Limit=  1.000000000000000E-003
 dt_init=  1.000000000000000E-018 dt=  1.000000000000000E-018
 Time= -1.970000000000100E-013 Intensity=  6.157323060963920E-015
   80.0000033123723      < Te <    80.0000033149747     
   80.0000033123723      < Th <    80.0000033149747     
   80.0000000000000      < Ts <   80.0000000000000     
   100000.000070097      < Ne <   100000.000070152     
   100000.000070097      < Nh <   100000.000070152     
 CFL_Te=  3.017299758180487E-005 maxCFL_Ne=  2.329135724398268E-005 maxCFL_Ts=
  5.102011094536748E-004 CPU=   406.387231066576      NumThreads=           1 
 Elapsed time=  2.460707235745249E-003
 CFL_Limit=  1.000000000000000E-003
 dt_init=  1.000000000000000E-018 dt=  1.000000000000000E-018
 Time= -1.960000000000134E-013 Intensity=  1.216621304889952E-014
   80.0000070405513      < Te <    80.0000070456914     
   80.0000070405513      < Th <    80.0000070456914     
   80.0000000000000      < Ts <   80.0000000000000     
   100000.000149097      < Ne <   100000.000149206     
   100000.000149097      < Nh <   100000.000149206     
 CFL_Te=  3.017299898793401E-005 maxCFL_Ne=  2.329135832941200E-005 maxCFL_Ts=
  5.102011094536748E-004 CPU=   406.854775532960      NumThreads=           1 
 Elapsed time=  2.457879469867467E-003
 CFL_Limit=  1.000000000000000E-003
 dt_init=  1.000000000000000E-018 dt=  1.000000000000000E-018
 Time= -1.950000000000167E-013 Intensity=  2.395596909112202E-014
   80.0000143907402      < Te <    80.0000144008592     
   80.0000143907402      < Th <    80.0000144008592     
   80.0000000000000      < Ts <   80.0000000000000     
   100000.000304891      < Ne <   100000.000305106     
   100000.000304891      < Nh <   100000.000305106     
 CFL_Te=  3.017300176014928E-005 maxCFL_Ne=  2.329136046936035E-005 maxCFL_Ts=
  5.102011094536748E-004 CPU=   407.149774837786      NumThreads=           1 
 Elapsed time=  2.456098619723945E-003
 CFL_Limit=  1.000000000000000E-003
 dt_init=  1.000000000000000E-018 dt=  1.000000000000000E-018
 Time= -1.940000000000200E-013 Intensity=  4.700747468172524E-014
   80.0000288335292      < Te <    80.0000288533826     
   80.0000288335292      < Th <    80.0000288533826     
   80.0000000000000      < Ts <   80.0000000000000     
   100000.000611069      < Ne <   100000.000611490     
   100000.000611069      < Nh <   100000.000611490     
 CFL_Te=  3.017300720742703E-005 maxCFL_Ne=  2.329136467426216E-005 maxCFL_Ts=
  5.102011094536748E-004 CPU=   407.442387890858      NumThreads=           1 
 Elapsed time=  2.454334722453742E-003
 CFL_Limit=  1.000000000000000E-003
 dt_init=  1.000000000000000E-018 dt=  1.000000000000000E-018
 Time= -1.930000000000234E-013 Intensity=  9.192104385628073E-014
   80.0000571166093      < Te <    80.0000571554287     
   80.0000571166093      < Th <    80.0000571554287     
   80.0000000000000      < Ts <   80.0000000000000     
   100000.001210710      < Ne <   100000.001211533     
   100000.001210710      < Nh <   100000.001211533     
 CFL_Te=  3.017301787474292E-005 maxCFL_Ne=  2.329137290865334E-005 maxCFL_Ts=
  5.102011094536748E-004 CPU=   407.612754953800      NumThreads=           1 
 Elapsed time=  2.453308901271610E-003
 CFL_Limit=  1.000000000000000E-003
 dt_init=  1.000000000000000E-018 dt=  1.000000000000000E-018
 Time= -1.920000000000267E-013 Intensity=  1.791256685535073E-013
   80.0001123131088      < Te <    80.0001123887518     
   80.0001123131088      < Th <    80.0001123887518     
   80.0000000000000      < Ts <   80.0000000000000     
   100000.002381029      < Ne <   100000.002382633     
   100000.002381029      < Nh <   100000.002382633     
 CFL_Te=  3.017303869279016E-005 maxCFL_Ne=  2.329138897867005E-005 maxCFL_Ts=
  5.102011094536748E-004 CPU=   407.766246915691      NumThreads=           1 
 Elapsed time=  2.452385423177897E-003
 CFL_Limit=  1.000000000000000E-003
 dt_init=  1.000000000000000E-018 dt=  1.000000000000000E-018
 Time= -1.910000000000300E-013 Intensity=  3.478528381353071E-013
   80.0002196622561      < Te <    80.0002198091443     
   80.0002196622561      < Th <    80.0002198091443     
   80.0000000000000      < Ts <   80.0000000000000     
   100000.004657240      < Ne <   100000.004660355     
   100000.004657240      < Nh <   100000.004660355     
 CFL_Te=  3.017307918085799E-005 maxCFL_Ne=  2.329142023251049E-005 maxCFL_Ts=
  5.102011094536748E-004 CPU=   407.875925947245      NumThreads=           1 
 Elapsed time=  2.451725969552173E-003
 CFL_Limit=  1.000000000000000E-003
 dt_init=  1.000000000000000E-018 dt=  1.000000000000000E-018
 Time= -1.900000000000334E-013 Intensity=  6.731752308218254E-013
   80.0004277202368      < Te <    80.0004280044882     
   80.0004277202368      < Th <    80.0004280044882     
   80.0000000000000      < Ts <   80.0000000000000     
   100000.009069042      < Ne <   100000.009075070     
   100000.009069042      < Nh <   100000.009075070     
 CFL_Te=  3.017315765251660E-005 maxCFL_Ne=  2.329148080691742E-005 maxCFL_Ts=
  5.102011094536748E-004 CPU=   407.958083500317      NumThreads=           1 
 Elapsed time=  2.451232223222322E-003
 CFL_Limit=  1.000000000000000E-003
 dt_init=  1.000000000000000E-018 dt=  1.000000000000000E-018
 Time= -1.890000000000367E-013 Intensity=  1.298241700107108E-012
   80.0008295731229      < Te <    80.0008301212920     
   80.0008295731229      < Th <    80.0008301212920     
   80.0000000000000      < Ts <   80.0000000000000     
   100000.017590517      < Ne <   100000.017602142     
   100000.017590517      < Nh <   100000.017602142     
 CFL_Te=  3.017330921633736E-005 maxCFL_Ne=  2.329159780315173E-005 maxCFL_Ts=
  5.102011094536748E-004 CPU=   408.035301675497      NumThreads=           1 
 Elapsed time=  2.450768342576598E-003
 CFL_Limit=  1.000000000000000E-003
 dt_init=  1.000000000000000E-018 dt=  1.000000000000000E-018
 Time= -1.880000000000400E-013 Intensity=  2.495041832982707E-012
   80.0016030472941      < Te <    80.0016041007629     
   80.0016030472941      < Th <    80.0016041007629     
   80.0000000000000      < Ts <   80.0000000000000     
   100000.033992970      < Ne <   100000.034015311     
   100000.033992970      < Nh <   100000.034015311     
 CFL_Te=  3.017360094175397E-005 maxCFL_Ne=  2.329182299393289E-005 maxCFL_Ts=
  5.102011094536748E-004 CPU=   408.071150141684      NumThreads=           1 
 Elapsed time=  2.450553046087174E-003
 CFL_Limit=  1.000000000000000E-003
 dt_init=  1.000000000000000E-018 dt=  1.000000000000000E-018
 Time= -1.870000000000434E-013 Intensity=  4.778537059130534E-012
   80.0030866582960      < Te <    80.0030886758433     
   80.0030866582960      < Th <    80.0030886758433     
   80.0000000000000      < Ts <   80.0000000000000     
   100000.065455825      < Ne <   100000.065498612     
   100000.065455825      < Nh <   100000.065498612     
 CFL_Te=  3.017416050412047E-005 maxCFL_Ne=  2.329225493533821E-005 maxCFL_Ts=
  5.102011094536748E-004 CPU=   408.123077788654      NumThreads=           1 
 Elapsed time=  2.450241249326871E-003
 CFL_Limit=  1.000000000000000E-003
 dt_init=  1.000000000000000E-018 dt=  1.000000000000000E-018
 Time= -1.860000000000467E-013 Intensity=  9.120254035482025E-012
   80.0059225487846      < Te <    80.0059263993136     
   80.0059225487846      < Th <    80.0059263993136     
   80.0000000000000      < Ts <   80.0000000000000     
   100000.125598495      < Ne <   100000.125680157     
   100000.125598495      < Nh <   100000.125680157     
 CFL_Te=  3.017523009553685E-005 maxCFL_Ne=  2.329308058203496E-005 maxCFL_Ts=
  5.102011094536748E-004 CPU=   408.166454706236      NumThreads=           1 
 Elapsed time=  2.449980855775413E-003
 CFL_Limit=  1.000000000000000E-003
 dt_init=  1.000000000000000E-018 dt=  1.000000000000000E-018
 Time= -1.850000000000501E-013 Intensity=  1.734657596048508E-011
   80.0113245385380      < Te <    80.0113318619150     
   80.0113245385380      < Th <    80.0113318619150     
   80.0000000000000      < Ts <   80.0000000000000     
   100000.240166294      < Ne <   100000.240321614     
   100000.240166294      < Nh <   100000.240321614     
 CFL_Te=  3.017726752324958E-005 maxCFL_Ne=  2.329465332788453E-005 maxCFL_Ts=
  5.102011094536748E-004 CPU=   408.193468082626      NumThreads=           1 
 Elapsed time=  2.449818721248084E-003
 CFL_Limit=  1.000000000000000E-003
 dt_init=  1.000000000000000E-018 dt=  1.000000000000000E-018
 Time= -1.840000000000534E-013 Intensity=  3.287876068756104E-011
   80.0215789929777      < Te <    80.0215928731939     
   80.0215789929777      < Th <    80.0215928731939     
   80.0000000000000      < Ts <   80.0000000000000     
   100000.457655500      < Ne <   100000.457949894     
   100000.457655500      < Nh <   100000.457949894     
 CFL_Te=  3.018113511845211E-005 maxCFL_Ne=  2.329763882978214E-005 maxCFL_Ts=
  5.102011094536748E-004 CPU=   408.232492116857      NumThreads=           1 
 Elapsed time=  2.449584536533534E-003
 CFL_Limit=  1.000000000000000E-003
 dt_init=  1.000000000000000E-018 dt=  1.000000000000000E-018
 Time= -1.830000000000567E-013 Intensity=  6.210291219805711E-011
   80.0409773625022      < Te <    80.0410035789654     
   80.0409773625022      < Th <    80.0410035789654     
   80.0000000000000      < Ts <   80.0000000000000     
   100000.869097027      < Ne <   100000.869653092     
   100000.869097027      < Nh <   100000.869653092     
 CFL_Te=  3.018845145510860E-005 maxCFL_Ne=  2.330328650898011E-005 maxCFL_Ts=
  5.102011094536748E-004 CPU=   408.076981097434      NumThreads=           1 
 Elapsed time=  2.450518030472381E-003
 CFL_Limit=  1.000000000000000E-003
 dt_init=  1.000000000000000E-018 dt=  1.000000000000000E-018
 Time= -1.820000000000601E-013 Intensity=  1.168969938842701E-010
   80.0775461539646      < Te <    80.0775954990055     
   80.0775461539646      < Th <    80.0775954990055     
   80.0000000000000      < Ts <   80.0000000000000     
   100001.644761343      < Ne <   100001.645808031     
   100001.644761343      < Nh <   100001.645808031     
 CFL_Te=  3.020224383024209E-005 maxCFL_Ne=  2.331393321836344E-005 maxCFL_Ts=
  5.102011094536748E-004 CPU=   408.109477005404      NumThreads=           1 
 Elapsed time=  2.450322906828157E-003
 CFL_Limit=  1.000000000000000E-003
 dt_init=  1.000000000000000E-018 dt=  1.000000000000000E-018
 Time= -1.810000000000634E-013 Intensity=  2.192752273564716E-010
   80.1462445460000      < Te <    80.1463371013870     
   80.1462445460000      < Th <    80.1463371013870     
   80.0000000000000      < Ts <   80.0000000000000     
   100003.102013743      < Ne <   100003.103977118     
   100003.102013743      < Nh <   100003.103977118     
 CFL_Te=  3.022815428437876E-005 maxCFL_Ne=  2.333393420242261E-005 maxCFL_Ts=
  5.102011094536748E-004 CPU=   408.147113930081      NumThreads=           1 
 Elapsed time=  2.450096952471183E-003
 CFL_Limit=  1.000000000000000E-003
 dt_init=  1.000000000000000E-018 dt=  1.000000000000000E-018
 Time= -1.800000000000667E-013 Intensity=  4.098931371387976E-010
   80.2748528994295      < Te <    80.2750258984084     
   80.2748528994295      < Th <    80.2750258984084     
   80.0000000000000      < Ts <   80.0000000000000     
   100005.830306826      < Ne <   100005.833976979     
   100005.830306826      < Nh <   100005.833976979     
 CFL_Te=  3.027666052658321E-005 maxCFL_Ne=  2.337137748967586E-005 maxCFL_Ts=
  5.102011094536748E-004 CPU=   408.171570763355      NumThreads=           1 
 Elapsed time=  2.449950147507375E-003
 CFL_Limit=  1.000000000000000E-003
 dt_init=  1.000000000000000E-018 dt=  1.000000000000000E-018
 Time= -1.790000000000701E-013 Intensity=  7.635659860009758E-010
   80.5147754825009      < Te <    80.5150977077397     
   80.5147754825009      < Th <    80.5150977077397     
   80.0000000000000      < Ts <   80.0000000000000     
   100010.920597008      < Ne <   100010.927433922     
   100010.920597008      < Nh <   100010.927433922     
 CFL_Te=  3.036715031682194E-005 maxCFL_Ne=  2.344122901919887E-005 maxCFL_Ts=
  5.102011094536748E-004 CPU=   408.203127505830      NumThreads=           1 
 Elapsed time=  2.449760750511929E-003
 CFL_Limit=  1.000000000000000E-003
 dt_init=  1.000000000000000E-018 dt=  1.000000000000000E-018
 Time= -1.780000000000734E-013 Intensity=  1.417481341681680E-009
   80.9607796898452      < Te <    80.9613777326583     
   80.9607796898452      < Th <    80.9613777326583     
   80.0000000000000      < Ts <   80.0000000000000     
   100020.384915271      < Ne <   100020.397607297     
   100020.384915271      < Nh <   100020.397607297     
 CFL_Te=  3.053536635822793E-005 maxCFL_Ne=  2.357107955539214E-005 maxCFL_Ts=
  5.102011094536748E-004 CPU=   408.219782457954      NumThreads=           1 
 Elapsed time=  2.449660802763762E-003
 CFL_Limit=  1.000000000000000E-003
 dt_init=  1.000000000000000E-018 dt=  1.000000000000000E-018
 Time= -1.770000000000767E-013 Intensity=  2.622303641321438E-009
   81.7869087278791      < Te <    81.7880146629082     
   81.7869087278791      < Th <    81.7880146629082     
   80.0000000000000      < Ts <   80.0000000000000     
   100037.920950449      < Ne <   100037.944430367     
   100037.920950449      < Nh <   100037.944430367     
 CFL_Te=  3.084695121366255E-005 maxCFL_Ne=  2.381160037736439E-005 maxCFL_Ts=
  5.102011094536748E-004 CPU=   408.223599537814      NumThreads=           1 
 Elapsed time=  2.449637897299883E-003
 CFL_Limit=  1.000000000000000E-003
 dt_init=  1.000000000000000E-018 dt=  1.000000000000000E-018
 Time= -1.760000000000801E-013 Intensity=  4.834409727130662E-009
   83.3114968398126      < Te <    83.3135343174002     
   83.3114968398126      < Th <    83.3135343174002     
   80.0000000000000      < Ts <   80.0000000000000     
   100070.300347433      < Ne <   100070.343634388     
   100070.300347433      < Nh <   100070.343634388     
 CFL_Te=  3.142196860753691E-005 maxCFL_Ne=  2.425547193854821E-005 maxCFL_Ts=
  5.102011094536748E-004 CPU=   408.224154336933      NumThreads=           1 
 Elapsed time=  2.449634568107005E-003
 CFL_Limit=  1.000000000000000E-003
 dt_init=  1.000000000000000E-018 dt=  1.000000000000000E-018
 Time= -1.750000000000834E-013 Intensity=  8.881754856682622E-009
   86.1141542515284      < Te <    86.1178929023222     
   86.1141542515284      < Th <    86.1178929023222     
   80.0000000000000      < Ts <   80.0000000000000     
   100129.880468515      < Ne <   100129.959995106     
   100129.880468515      < Nh <   100129.959995106     
 CFL_Te=  3.247902575509891E-005 maxCFL_Ne=  2.507144309237280E-005 maxCFL_Ts=
  5.102011094536748E-004 CPU=   408.224718080980      NumThreads=           1 
 Elapsed time=  2.449631185247410E-003
 CFL_Limit=  1.000000000000000E-003
 dt_init=  1.000000000000000E-018 dt=  1.000000000000000E-018
 Time= -1.740000000000868E-013 Intensity=  1.626106400450773E-008
   91.2445365392578      < Te <    91.2513662377266     
   91.2445365392578      < Th <    91.2513662377266     
   80.0000000000000      < Ts <   80.0000000000000     
   100239.132440150      < Ne <   100239.278040542     
   100239.132440150      < Nh <   100239.278040542     
 CFL_Te=  3.441401332949885E-005 maxCFL_Ne=  2.656511261379928E-005 maxCFL_Ts=
  5.102011094536748E-004 CPU=   408.218732637770      NumThreads=           1 
 Elapsed time=  2.449667102580869E-003
 CFL_Limit=  1.000000000000000E-003
 dt_init=  1.000000000000000E-018 dt=  1.000000000000000E-018
 Time= -1.730000000000901E-013 Intensity=  2.966839047968111E-008
   100.590396310925      < Te <    100.602807174859     
   100.590396310925      < Th <    100.602807174859     
   80.0000000000000      < Ts <   80.0000000000000     
   100438.774692973      < Ne <   100439.040341597     
   100438.774692973      < Nh <   100439.040341597     
 CFL_Te=  3.793892073718131E-005 maxCFL_Ne=  2.928608448481423E-005 maxCFL_Ts=
  5.102011094536748E-004 CPU=   408.210913275872      NumThreads=           1 
 Elapsed time=  2.449714026445424E-003
 CFL_Limit=  1.000000000000000E-003
 dt_init=  1.000000000000000E-018 dt=  1.000000000000000E-018
 Time= -1.720000000000934E-013 Intensity=  5.394284693830016E-008
   117.513847165894      < Te <    117.536249197223     
   117.513847165894      < Th <    117.536249197223     
   80.0000000000000      < Ts <   80.0000000000000     
   100802.330358980      < Ne <   100802.813359332     
   100802.330358980      < Nh <   100802.813359332     
 CFL_Te=  4.432181099443447E-005 maxCFL_Ne=  3.421321102660899E-005 maxCFL_Ts=
  5.102011094536748E-004 CPU=   408.170149704519      NumThreads=           1 
 Elapsed time=  2.449958677095611E-003
 CFL_Limit=  1.000000000000000E-003
 dt_init=  1.000000000000000E-018 dt=  1.000000000000000E-018
 Time= -1.710000000000968E-013 Intensity=  9.773915737714293E-008
   147.914690497261      < Te <    147.954753173813     
   147.914690497261      < Th <    147.954753173813     
   80.0000000000000      < Ts <   80.0000000000000     
   101462.088336280      < Ne <   101462.963485631     
   101462.088336280      < Nh <   101462.963485631     
 CFL_Te=  5.578786767371357E-005 maxCFL_Ne=  4.306417194200334E-005 maxCFL_Ts=
  5.102011094536748E-004 CPU=   408.095440434460      NumThreads=           1 
 Elapsed time=  2.450407186454705E-003
 CFL_Limit=  1.000000000000000E-003
 dt_init=  1.000000000000000E-018 dt=  1.000000000000000E-018
 Time= -1.700000000001001E-013 Intensity=  1.764810860648570E-007
   201.899448425070      < Te <    201.970112733338     
   201.899448425070      < Th <    201.970112733338     
   80.0000000000000      < Ts <   80.0000000000000     
   102655.234529025      < Ne <   102656.814727913     
   102655.234529025      < Nh <   102656.814727913     
 CFL_Te=  7.614889146079881E-005 maxCFL_Ne=  5.878139982406862E-005 maxCFL_Ts=
  5.102011094536748E-004 CPU=   408.025403637964      NumThreads=           1 
 Elapsed time=  2.450827794259809E-003
 CFL_Limit=  1.000000000000000E-003
 dt_init=  1.000000000000000E-018 dt=  1.000000000000000E-018
 Time= -1.690000000001034E-013 Intensity=  3.175576613512355E-007
   296.085173074796      < Te <    296.207157716903     
   296.085173074796      < Th <    296.207157716903     
   80.0000000000000      < Ts <   80.0000000000000     
   104805.529041717      < Ne <   104808.372430064     
   104805.529041717      < Nh <   104808.372430064     
 CFL_Te=  1.116722105161770E-004 maxCFL_Ne=  8.620281568994621E-005 maxCFL_Ts=
  5.102011094536748E-004 CPU=   407.949148208916      NumThreads=           1 
 Elapsed time=  2.451285912448789E-003
 CFL_Limit=  1.000000000000000E-003
 dt_init=  1.000000000000000E-018 dt=  1.000000000000000E-018
 Time= -1.680000000001068E-013 Intensity=  5.694320037504541E-007
   455.879563155227      < Te <    456.083025380395     
   455.879563155227      < Th <    456.083025380395     
   80.0000000000000      < Ts <   80.0000000000000     
   108667.397801465      < Ne <   108672.496454468     
   108667.397801465      < Nh <   108672.496454468     
 CFL_Te=  1.719406548393182E-004 maxCFL_Ne=  1.327256665755292E-004 maxCFL_Ts=
  5.102011094536748E-004 CPU=   407.868555457906      NumThreads=           1 
 Elapsed time=  2.451770274071065E-003
 CFL_Limit=  1.000000000000000E-003
 dt_init=  1.000000000000000E-018 dt=  1.000000000000000E-018
 Time= -1.670000000001101E-013 Intensity=  1.017550563976508E-006
   715.216050913485      < Te <    715.537439489408     
   715.216050913485      < Th <    715.537439489408     
   80.0000000000000      < Ts <   80.0000000000000     
   115579.216730968      < Ne <   115588.327805169     
   115579.216730968      < Nh <   115588.327805169     
 CFL_Te=  2.697526410144930E-004 maxCFL_Ne=  2.082293982340400E-004 maxCFL_Ts=
  5.102011094536748E-004 CPU=   407.804331134349      NumThreads=           1 
 Elapsed time=  2.452156398678748E-003
 CFL_Limit=  1.000000000000000E-003
 dt_init=  1.000000000000000E-018 dt=  1.000000000000000E-018
 Time= -1.660000000001134E-013 Intensity=  1.812028301742214E-006
   1108.19778687023      < Te <    1108.66510118914     
   1108.19778687023      < Th <    1108.66510118914     
   80.0000000000000      < Ts <   80.0000000000000     
   127906.928487481      < Ne <   127923.153257922     
   127906.928487481      < Nh <   127923.153257922     
 CFL_Te=  4.179705969865323E-004 maxCFL_Ne=  3.226428685284014E-004 maxCFL_Ts=
  5.102011094536748E-004 CPU=   407.733331392146      NumThreads=           1 
 Elapsed time=  2.452583399511750E-003
 CFL_Limit=  1.000000000000000E-003
 dt_init=  1.000000000000000E-018 dt=  1.000000000000000E-018
 Time= -1.650000000001168E-013 Intensity=  3.215650229074063E-006
   1647.08522860360      < Te <    1647.68969753641     
   1647.08522860360      < Th <    1647.68969753641     
   80.0000000000000      < Ts <   80.0000000000000     
   149818.214500975      < Ne <   149847.007200725     
   149818.214500975      < Nh <   149847.007200725     
 CFL_Te=  6.212187070246904E-004 maxCFL_Ne=  4.795356110286598E-004 maxCFL_Ts=
  5.102011094536748E-004 CPU=   407.733523291325      NumThreads=           1 
 Elapsed time=  2.452582245207006E-003
 CFL_Limit=  1.000000000000000E-003
 dt_init=  1.000000000000000E-018 dt=  1.000000000000000E-018
 Time= -1.640000000001201E-013 Intensity=  5.686793797512061E-006
   2294.37455819415      < Te <    2295.04891185563     
   2294.37455819415      < Th <    2295.04891185563     
   80.0000000000000      < Ts <   80.0000000000000     
   188628.652609993      < Ne <   188679.571751638     
   188628.652609993      < Nh <   188679.571751638     
 CFL_Te=  8.653519391222347E-004 maxCFL_Ne=  6.679886909222192E-004 maxCFL_Ts=
  5.102011094536748E-004 CPU=   407.716073408011      NumThreads=           1 
 Elapsed time=  2.452687213533709E-003
 CFL_Limit=  1.000000000000000E-003
 dt_init=  1.000000000000000E-018 dt=  1.000000000000000E-018
 Time= -1.630000000001235E-013 Intensity=  1.002215253558967E-005
   2960.12330315565      < Te <    2960.76284345005     
   2960.12330315565      < Th <    2960.76284345005     
   80.0000000000000      < Ts <   80.0000000000000     
   257134.007541321      < Ne <   257223.745180818     
   257134.007541321      < Nh <   257223.745180818     
 CFL_Te=  1.116447369623381E-003 maxCFL_Ne=  8.618160810672580E-004 maxCFL_Ts=
  5.102011094536748E-004 CPU=   407.661767067824      NumThreads=           1 
 Elapsed time=  2.453013946322873E-003
 CFL_Limit=  1.000000000000000E-003
 dt_init=  1.000000000000000E-018 dt=  1.000000000000000E-018
 Time= -1.620000000001268E-013 Intensity=  1.760148807143688E-005
   3545.08479608467      < Te <    3545.60550294304     
   3545.08479608467      < Th <    3545.60550294304     
   80.0000000000000      < Ts <   80.0000000000000     
   377636.439548080      < Ne <   377794.042045722     
   377636.439548080      < Nh <   377794.042045722     
 CFL_Te=  1.337072881883410E-003 maxCFL_Ne=  1.032122912838052E-003 maxCFL_Ts=
  5.102011094536748E-004 CPU=   407.516422110698      NumThreads=           1 
 Elapsed time=  2.453888839179979E-003
 CFL_Limit=  1.000000000000000E-003
 dt_init=  1.000000000000000E-018 dt=  1.000000000000000E-018
 Time= -1.610000000001301E-013 Intensity=  3.080580861387861E-005
   3992.80612160870      < Te <    3993.18084358156     
   3992.80612160870      < Th <    3993.18084358156     
   80.0000000000000      < Ts <   80.0000000000000     
   588869.749484113      < Ne <   589145.582602720     
   588869.749484113      < Nh <   589145.582602720     
 CFL_Te=  1.505936555796155E-003 maxCFL_Ne=  1.162473374172557E-003 maxCFL_Ts=
  5.102011094536748E-004 CPU=   407.350296050463      NumThreads=           1 
 Elapsed time=  2.454889586912485E-003
 CFL_Limit=  1.000000000000000E-003
 dt_init=  1.000000000000000E-018 dt=  1.000000000000000E-018
 Time= -1.600000000001335E-013 Intensity=  5.372923910690367E-005
   4301.09011975485      < Te <    4301.33704709787     
   4301.09011975485      < Th <    4301.33704709787     
   80.0000000000000      < Ts <   80.0000000000000     
   957867.968133179      < Ne <   958349.056171937     
   957867.968133179      < Nh <   958349.056171937     
 CFL_Te=  1.622209705114069E-003 maxCFL_Ne=  1.252227779624124E-003 maxCFL_Ts=
  5.102011094536748E-004 CPU=   407.236139967058      NumThreads=           1 
 Elapsed time=  2.455577739443486E-003
 CFL_Limit=  1.000000000000000E-003
 dt_init=  1.000000000000000E-018 dt=  1.000000000000000E-018
 Time= -1.590000000001368E-013 Intensity=  9.338639650887173E-005
   4498.49788389463      < Te <    4498.65156804554     
   4498.49788389464      < Th <    4498.65156804554     
   80.0000000000000      < Ts <   80.0000000000000     
   1600232.26414848      < Ne <   1601068.43984019     
   1600232.26414848      < Nh <   1601068.43984019     
 CFL_Te=  1.696664501906534E-003 maxCFL_Ne=  1.309701461710890E-003 maxCFL_Ts=
  5.102011094536748E-004 CPU=   407.111065248766      NumThreads=           1 
 Elapsed time=  2.456332154442791E-003
 CFL_Limit=  1.000000000000000E-003
 dt_init=  1.000000000000000E-018 dt=  1.000000000000000E-018
 Time= -1.580000000001401E-013 Intensity=  1.617526464825109E-004
   4619.24705023830      < Te <    4619.33945546480     
   4619.24705023831      < Th <    4619.33945546480     
   80.0000000000000      < Ts <   80.0000000000000     
   2714613.46480080      < Ne <   2716061.78754077     
   2714613.46480080      < Nh <   2716061.78754077     
 CFL_Te=  1.742206553822039E-003 maxCFL_Ne=  1.344856609883097E-003 maxCFL_Ts=
  5.102011094536748E-004 CPU=   407.008650389880      NumThreads=           1 
 Elapsed time=  2.456950236910403E-003
 CFL_Limit=  1.000000000000000E-003
 dt_init=  1.000000000000000E-018 dt=  1.000000000000000E-018
 Time= -1.570000000001435E-013 Intensity=  2.791991054014986E-004
   4691.12653140612      < Te <    4691.18099895488     
   4691.12653140612      < Th <    4691.18099895488     
   80.0000000000000      < Ts <   80.0000000000000     
   4641168.51731424      < Ne <   4643668.44818094     
   4641168.51731423      < Nh <   4643668.44818094     
 CFL_Te=  1.769316795342771E-003 maxCFL_Ne=  1.365783742446514E-003 maxCFL_Ts=
  5.102011094536748E-004 CPU=   406.860763066751      NumThreads=           1 
 Elapsed time=  2.457843298681365E-003
 CFL_Limit=  1.000000000000000E-003
 dt_init=  1.000000000000000E-018 dt=  1.000000000000000E-018
 Time= -1.560000000001468E-013 Intensity=  4.802545629240912E-004
   4733.25823147325      < Te <    4733.28998043151     
   4733.25823147324      < Th <    4733.28998043151     
   80.0000000000000      < Ts <   80.0000000000000     
   7960299.10132209      < Ne <   7964599.26998881     
   7960299.10132209      < Nh <   7964599.26998881     
 CFL_Te=  1.785207290737866E-003 maxCFL_Ne=  1.378050047908130E-003 maxCFL_Ts=
  5.102011094536748E-004 CPU=   406.722281163372      NumThreads=           1 
 Elapsed time=  2.458680151821633E-003
 CFL_Limit=  1.000000000000000E-003
 dt_init=  1.000000000000000E-018 dt=  1.000000000000000E-018
 Time= -1.550000000001501E-013 Intensity=  8.232350018316378E-004
   4757.73684107280      < Te <    4757.75522506862     
   4757.73684107280      < Th <    4757.75522506862     
   80.0000000000000      < Ts <   80.0000000000000     
   13658825.0059179      < Ne <   13666196.1996772     
   13658825.0059179      < Nh <   13666196.1996772     
 CFL_Te=  1.794439703208766E-003 maxCFL_Ne=  1.385176798125789E-003 maxCFL_Ts=
  5.102011094536748E-004 CPU=   406.607045062748      NumThreads=           1 
 Elapsed time=  2.459376963932532E-003
 CFL_Limit=  1.000000000000000E-003
 dt_init=  1.000000000000000E-018 dt=  1.000000000000000E-018
 Time= -1.540000000001535E-013 Intensity=  1.406277423666162E-003
   4771.87769674552      < Te <    4771.88828716115     
   4771.87769674552      < Th <    4771.88828716115     
   80.0000000000000      < Ts <   80.0000000000000     
   23408631.3461357      < Ne <   23421223.0647876     
   23408631.3461357      < Nh <   23421223.0647876     
 CFL_Te=  1.799773103038160E-003 maxCFL_Ne=  1.389293794470437E-003 maxCFL_Ts=
  5.102011094536748E-004 CPU=   406.467056193693      NumThreads=           1 
 Elapsed time=  2.460223983130068E-003
 CFL_Limit=  1.000000000000000E-003
 dt_init=  1.000000000000000E-018 dt=  1.000000000000000E-018
 Time= -1.530000000001568E-013 Intensity=  2.393938736395840E-003
   4780.00198343831      < Te <    4780.00804533936     
   4780.00198343831      < Th <    4780.00804533936     
   80.0000000000000      < Ts <   80.0000000000000     
   40032217.8773097      < Ne <   40053653.0528154     
   40032217.8773097      < Nh <   40053653.0528154     
 CFL_Te=  1.802837278945481E-003 maxCFL_Ne=  1.391659115168931E-003 maxCFL_Ts=
  5.102011094536748E-004 CPU=   406.326285600927      NumThreads=           1 
 Elapsed time=  2.461076320772782E-003
 CFL_Limit=  1.000000000000000E-003
 dt_init=  1.000000000000000E-018 dt=  1.000000000000000E-018
 Time= -1.520000000001602E-013 Intensity=  4.061158219602303E-003
   4784.63179163936      < Te <    4784.63522356543     
   4784.63179163936      < Th <    4784.63522356543     
   80.0000000000000      < Ts <   80.0000000000000     
   68277683.9104500      < Ne <   68314047.2637323     
   68277683.9104500      < Nh <   68314047.2637323     
 CFL_Te=  1.804583468768862E-003 maxCFL_Ne=  1.393007046572892E-003 maxCFL_Ts=
  5.102011094536748E-004 CPU=   406.197879442104      NumThreads=           1 
 Elapsed time=  2.461854309464780E-003
 CFL_Limit=  1.000000000000000E-003
 dt_init=  1.000000000000000E-018 dt=  1.000000000000000E-018
 Time= -1.510000000001635E-013 Intensity=  6.865649637718419E-003
   4787.23116089666      < Te <    4787.23306339387     
   4787.23116089666      < Th <    4787.23306339386     
   80.0000000000000      < Ts <   80.0000000000000     
   116104122.150204      < Ne <   116165596.742380     
   116104122.150204      < Nh <   116165596.742380     
 CFL_Te=  1.805563853257205E-003 maxCFL_Ne=  1.393763832016318E-003 maxCFL_Ts=
  5.102011094536748E-004 CPU=   406.099877247591      NumThreads=           1 
 Elapsed time=  2.462448417314639E-003
 CFL_Limit=  1.000000000000000E-003
 dt_init=  1.000000000000000E-018 dt=  1.000000000000000E-018
 Time= -1.500000000001668E-013 Intensity=  1.156666652093452E-002
   4788.64847665439      < Te <    4788.64948744267     
   4788.64847665438      < Th <    4788.64948744267     
   80.0000000000000      < Ts <   80.0000000000000     
   196805808.834542      < Ne <   196909376.035027     
   196805808.834542      < Nh <   196909376.035027     
 CFL_Te=  1.806098411546702E-003 maxCFL_Ne=  1.394176472094742E-003 maxCFL_Ts=
  5.102011094536748E-004 CPU=   406.031596565304      NumThreads=           1 
 Elapsed time=  2.462862517250345E-003
 CFL_Limit=  1.000000000000000E-003
 dt_init=  1.000000000000000E-018 dt=  1.000000000000000E-018
 Time= -1.490000000001702E-013 Intensity=  1.941912432240791E-002
   4789.37555358481      < Te <    4789.37604262273     
   4789.37555358480      < Th <    4789.37604262273     
   80.0000000000000      < Ts <   80.0000000000000     
   332509750.667611      < Ne <   332683628.279841     
   332509750.667611      < Nh <   332683628.279841     
 CFL_Te=  1.806372637666142E-003 maxCFL_Ne=  1.394388154692607E-003 maxCFL_Ts=
  5.102011094536748E-004 CPU=   405.947511931549      NumThreads=           1 
 Elapsed time=  2.463372654365772E-003
 CFL_Limit=  1.000000000000000E-003
 dt_init=  1.000000000000000E-018 dt=  1.000000000000000E-018
 Time= -1.480000000001735E-013 Intensity=  3.248971634229540E-002
   4789.69795419889      < Te <    4789.69813654460     
   4789.69795419888      < Th <    4789.69813654460     
   80.0000000000000      < Ts <   80.0000000000000     
   559913485.388543      < Ne <   560204396.257880     
   559913485.388543      < Nh <   560204396.257880     
 CFL_Te=  1.806494235072967E-003 maxCFL_Ne=  1.394482019037197E-003 maxCFL_Ts=
  5.102011094536748E-004 CPU=   405.851545874950      NumThreads=           1 
 Elapsed time=  2.463955133752572E-003
 CFL_Limit=  1.000000000000000E-003
 dt_init=  1.000000000000000E-018 dt=  1.000000000000000E-018
 Time= -1.470000000001768E-013 Intensity=  5.416977693705801E-002
   4789.78186147516      < Te <    4789.78186245640     
   4789.78186147515      < Th <    4789.78186245640     
   80.0000000000000      < Ts <   80.0000000000000     
   939663677.221099      < Ne <   940148709.987821     
   939663677.221099      < Nh <   940148709.987821     
 CFL_Te=  1.806525881747206E-003 maxCFL_Ne=  1.394506447965522E-003 maxCFL_Ts=
  5.102011094536748E-004 CPU=   405.771499525250      NumThreads=           1 
 Elapsed time=  2.464441197003717E-003
 CFL_Limit=  1.000000000000000E-003
 dt_init=  1.000000000000000E-018 dt=  1.000000000000000E-018
 Time= -1.460000000001802E-013 Intensity=  9.000425155547633E-002
   4789.72413318524      < Te <    4789.72424033150     
   4789.72413318524      < Th <    4789.72424033150     
   80.0000000000000      < Ts <   80.0000000000000     
   1571629642.59681      < Ne <   1572435534.99499     
   1571629642.59681      < Nh <   1572435534.99499     
 CFL_Te=  1.806504149215252E-003 maxCFL_Ne=  1.394489672033194E-003 maxCFL_Ts=
  5.102011094536748E-004 CPU=   405.718067935383      NumThreads=           1 
 Elapsed time=  2.464765754921387E-003
 CFL_Limit=  1.000000000000000E-003
 dt_init=  1.000000000000000E-018 dt=  1.000000000000000E-018
 Time= -1.450000000001835E-013 Intensity=  0.149026620296781     
   4789.58165382477      < Te <    4789.58182618085     
   4789.58165382477      < Th <    4789.58182618085     
   80.0000000000000      < Ts <   80.0000000000000     
   2619686049.08483      < Ne <   2621020424.06341     
   2619686049.08483      < Nh <   2621020424.06341     
 CFL_Te=  1.806450435944686E-003 maxCFL_Ne=  1.394448209299167E-003 maxCFL_Ts=
  5.102011094536748E-004 CPU=   405.651037056144      NumThreads=           1 
 Elapsed time=  2.465173039509809E-003
 CFL_Limit=  1.000000000000000E-003
 dt_init=  1.000000000000000E-018 dt=  1.000000000000000E-018
 Time= -1.440000000001868E-013 Intensity=  0.245900566933201     
   4789.38769614374      < Te <    4789.38790849045     
   4789.38769614374      < Th <    4789.38790849045     
   80.0000000000000      < Ts <   80.0000000000000     
   4351777839.95345      < Ne <   4353979618.16819     
   4351777839.95345      < Nh <   4353979618.16819     
 CFL_Te=  1.806377297472670E-003 maxCFL_Ne=  1.394391751723969E-003 maxCFL_Ts=
  5.102011094536748E-004 CPU=   405.556242921288      NumThreads=           1 
 Elapsed time=  2.465749245522241E-003
 CFL_Limit=  1.000000000000000E-003
 dt_init=  1.000000000000000E-018 dt=  1.000000000000000E-018
 Time= -1.430000000001902E-013 Intensity=  0.404343119790425     
   4789.16183405520      < Te <    4789.16207153630     
   4789.16183405520      < Th <    4789.16207153630     
   80.0000000000000      < Ts <   80.0000000000000     
   7204453713.15490      < Ne <   7208074176.05056     
   7204453713.15490      < Nh <   7208074176.05056     
 CFL_Te=  1.806292120252803E-003 maxCFL_Ne=  1.394326001111965E-003 maxCFL_Ts=
  5.102011094536748E-004 CPU=   405.490220489176      NumThreads=           1 
 Elapsed time=  2.466150721942490E-003
 CFL_Limit=  1.000000000000000E-003
 dt_init=  1.000000000000000E-018 dt=  1.000000000000000E-018
 Time= -1.420000000001935E-013 Intensity=  0.662575595096888     
   4788.91560943463      < Te <    4788.91586328095     
   4788.91560943463      < Th <    4788.91586328095     
   80.0000000000000      < Ts <   80.0000000000000     
   11886430262.1156      < Ne <   11892362922.4158     
   11886430262.1156      < Nh <   11892362922.4158     
 CFL_Te=  1.806199259742983E-003 maxCFL_Ne=  1.394254319559537E-003 maxCFL_Ts=
  5.102011094536748E-004 CPU=   405.428334416673      NumThreads=           1 
 Elapsed time=  2.466527164261453E-003
 CFL_Limit=  1.000000000000000E-003
 dt_init=  1.000000000000000E-018 dt=  1.000000000000000E-018
 Time= -1.410000000001969E-013 Intensity=   1.08197110566200     
   4788.65583922809      < Te <    4788.65610425767     
   4788.65583922809      < Th <    4788.65610425767     
   80.0000000000000      < Ts <   80.0000000000000     
   19544182635.2930      < Ne <   19553870536.7454     
   19544182635.2930      < Nh <   19553870536.7454     
 CFL_Te=  1.806101288392273E-003 maxCFL_Ne=  1.394178692810058E-003 maxCFL_Ts=
  5.102011094536748E-004 CPU=   405.384515585396      NumThreads=           1 
 Elapsed time=  2.466793776165698E-003
 CFL_Limit=  1.000000000000000E-003
 dt_init=  1.000000000000000E-018 dt=  1.000000000000000E-018
 Time= -1.400000000002002E-013 Intensity=   1.76072179701996     
   4788.38655170721      < Te <    4788.38682485908     
   4788.38655170721      < Th <    4788.38682485908     
   80.0000000000000      < Ts <   80.0000000000000     
   32025737284.6974      < Ne <   32041502677.4033     
   32025737284.6974      < Nh <   32041502677.4033     
 CFL_Te=  1.805999726313448E-003 maxCFL_Ne=  1.394100294279917E-003 maxCFL_Ts=
  5.102011094536748E-004 CPU=   405.234996685697      NumThreads=           1 
 Elapsed time=  2.467703945065751E-003
 CFL_Limit=  1.000000000000000E-003
 dt_init=  1.000000000000000E-018 dt=  1.000000000000000E-018
 Time= -1.390000000002035E-013 Intensity=   2.85535866567550     
   4788.11012365652      < Te <    4788.11040312820     
   4788.11012365652      < Th <    4788.11040312820     
   80.0000000000000      < Ts <   80.0000000000000     
   52299358415.1148      < Ne <   52324925117.9775     
   52299358415.1148      < Nh <   52324925117.9775     
 CFL_Te=  1.805895470415047E-003 maxCFL_Ne=  1.394019816317200E-003 maxCFL_Ts=
  5.102011094536748E-004 CPU=   404.732595922783      NumThreads=           1 
 Elapsed time=  2.470767143723668E-003
 CFL_Limit=  1.000000000000000E-003
 dt_init=  1.000000000000000E-018 dt=  1.000000000000000E-018
 Time= -1.380000000002069E-013 Intensity=   4.61450845512207     
   4787.82795036730      < Te <    4787.82823510572     
   4787.82795036730      < Th <    4787.82823510572     
   80.0000000000000      < Ts <   80.0000000000000     
   85115630929.9101      < Ne <   85156948950.2406     
   85115630929.9101      < Nh <   85156948950.2406     
 CFL_Te=  1.805789047231206E-003 maxCFL_Ne=  1.393937665367922E-003 maxCFL_Ts=
  5.102011094536748E-004 CPU=   404.231208463147      NumThreads=           1 
 Elapsed time=  2.473831755350893E-003
 CFL_Limit=  1.000000000000000E-003
 dt_init=  1.000000000000000E-018 dt=  1.000000000000000E-018
 Time= -1.370000000002102E-013 Intensity=   7.43164701947838     
   4787.54084162693      < Te <    4787.54113102706     
   4787.54084162693      < Th <    4787.54113102706     
   80.0000000000000      < Ts <   80.0000000000000     
   138050574274.369      < Ne <   138117116777.849     
   138050574274.369      < Nh <   138117116777.849     
 CFL_Te=  1.805680762352297E-003 maxCFL_Ne=  1.393854077325604E-003 maxCFL_Ts=
  5.102011094536748E-004 CPU=   403.739096091616      NumThreads=           1 
 Elapsed time=  2.476847076937729E-003
 CFL_Limit=  1.000000000000000E-003
 dt_init=  1.000000000000000E-018 dt=  1.000000000000000E-018
 Time= -1.360000000002135E-013 Intensity=   11.9272288320214     
   4787.24925650262      < Te <    4787.24955022843     
   4787.24925650262      < Th <    4787.24955022843     
   80.0000000000000      < Ts <   80.0000000000000     
   223143006120.899      < Ne <   223249801784.094     
   223143006120.899      < Nh <   223249801784.094     
 CFL_Te=  1.805570789022701E-003 maxCFL_Ne=  1.393769185922290E-003 maxCFL_Ts=
  5.102011094536748E-004 CPU=   403.293845564766      NumThreads=           1 
 Elapsed time=  2.479581602837544E-003
 CFL_Limit=  1.000000000000000E-003
 dt_init=  1.000000000000000E-018 dt=  1.000000000000000E-018
 Time= -1.350000000002169E-013 Intensity=   19.0760687668457     
   4786.95344298256      < Te <    4786.95374086041     
   4786.95344298256      < Th <    4786.95374086041     
   80.0000000000000      < Ts <   80.0000000000000     
   359455197066.724      < Ne <   359626002998.214     
   359455197066.724      < Nh <   359626002998.214     
 CFL_Te=  1.805459220835498E-003 maxCFL_Ne=  1.393683063405024E-003 maxCFL_Ts=
  5.102011094536748E-004 CPU=   402.861168998503      NumThreads=           1 
 Elapsed time=  2.482244696072247E-003
 CFL_Limit=  1.000000000000000E-003
 dt_init=  1.000000000000000E-018 dt=  1.000000000000000E-018
 Time= -1.340000000002202E-013 Intensity=   30.4041633476423     
   4786.65352128615      < Te <    4786.65382324105     
   4786.65352128615      < Th <    4786.65382324105     
   80.0000000000000      < Ts <   80.0000000000000     
   577062637671.659      < Ne <   577334874658.518     
   577062637671.659      < Nh <   577334874658.518     
 CFL_Te=  1.805346103170135E-003 maxCFL_Ne=  1.393595744803435E-003 maxCFL_Ts=
  5.102011094536748E-004 CPU=   402.459432709346      NumThreads=           1 
 Elapsed time=  2.484722480643646E-003
 CFL_Limit=  1.000000000000000E-003
 dt_init=  1.000000000000000E-018 dt=  1.000000000000000E-018
 Time= -1.330000000002235E-013 Intensity=   48.2916545115885     
   4786.34953371653      < Te <    4786.34983973395     
   4786.34953371653      < Th <    4786.34983973395     
   80.0000000000000      < Ts <   80.0000000000000     
   923247492271.125      < Ne <   923679892744.313     
   923247492271.124      < Nh <   923679892744.313     
 CFL_Te=  1.805231452004576E-003 maxCFL_Ne=  1.393507242451350E-003 maxCFL_Ts=
  5.102011094536748E-004 CPU=   402.065620753156      NumThreads=           1 
 Elapsed time=  2.487156196361140E-003
 CFL_Limit=  1.000000000000000E-003
 dt_init=  1.000000000000000E-018 dt=  1.000000000000000E-018
 Time= -1.320000000002269E-013 Intensity=   76.4374099536951     
   4786.04147457685      < Te <    4786.04178467976     
   4786.04147457685      < Th <    4786.04178467976     
   80.0000000000000      < Ts <   80.0000000000000     
   1472077269933.12      < Ne <   1472761685756.76     
   1472077269933.11      < Nh <   1472761685756.76     
 CFL_Te=  1.805115265204320E-003 maxCFL_Ne=  1.393417554701087E-003 maxCFL_Ts=
  5.102011094536748E-004 CPU=   401.667756137563      NumThreads=           1 
 Elapsed time=  2.489619803232400E-003
 CFL_Limit=  1.000000000000000E-003
 dt_init=  1.000000000000000E-018 dt=  1.000000000000000E-018
 Time= -1.310000000002302E-013 Intensity=   120.568731186450     
   4785.72930816984      < Te <    4785.72962240487     
   4785.72930816984      < Th <    4785.72962240487     
   80.0000000000000      < Ts <   80.0000000000000     
   2339164019876.72      < Ne <   2340243584819.86     
   2339164019876.72      < Nh <   2340243584819.86     
 CFL_Te=  1.804997529314629E-003 maxCFL_Ne=  1.393326671166570E-003 maxCFL_Ts=
  5.102011094536748E-004 CPU=   401.283535038615      NumThreads=           1 
 Elapsed time=  2.492003565269062E-003
 CFL_Limit=  1.000000000000000E-003
 dt_init=  1.000000000000000E-018 dt=  1.000000000000000E-018
 Time= -1.300000000002336E-013 Intensity=   189.521405496306     
   4785.41297965059      < Te <    4785.41329807973     
   4785.41297965059      < Th <    4785.41329807973     
   80.0000000000000      < Ts <   80.0000000000000     
   3704321374318.34      < Ne <   3706018337245.78     
   3704321374318.34      < Nh <   3706018337245.78     
 CFL_Te=  1.804878223655848E-003 maxCFL_Ne=  1.393234575884609E-003 maxCFL_Ts=
  5.102011094536748E-004 CPU=   400.907803398717      NumThreads=           1 
 Elapsed time=  2.494339076272518E-003
 CFL_Limit=  1.000000000000000E-003
 dt_init=  1.000000000000000E-018 dt=  1.000000000000000E-018
 Time= -1.290000000002369E-013 Intensity=   296.877098171340     
   4785.09242157974      < Te <    4785.09274427521     
   4785.09242157974      < Th <    4785.09274427521     
   80.0000000000000      < Ts <   80.0000000000000     
   5846216274097.02      < Ne <   5848874493270.14     
   5846216274097.02      < Nh <   5848874493270.14     
 CFL_Te=  1.804757322796248E-003 maxCFL_Ne=  1.393141249223762E-003 maxCFL_Ts=
  5.102011094536748E-004 CPU=   400.567163700977      NumThreads=           1 
 Elapsed time=  2.496460245918956E-003
 CFL_Limit=  1.000000000000000E-003
 dt_init=  1.000000000000000E-018 dt=  1.000000000000000E-018
 Time= -1.280000000002402E-013 Intensity=   463.436221111202     
   4784.76755788078      < Te <    4784.76788492211     
   4784.76755788078      < Th <    4784.76788492211     
   80.0000000000000      < Ts <   80.0000000000000     
   9195167948715.81      < Ne <   9199317528008.04     
   9195167948715.81      < Nh <   9199317528008.04     
 CFL_Te=  1.804634798045376E-003 maxCFL_Ne=  1.393046669037088E-003 maxCFL_Ts=
  5.102011094536748E-004 CPU=   400.228199948114      NumThreads=           1 
 Elapsed time=  2.498574563535605E-003
 CFL_Limit=  1.000000000000000E-003
 dt_init=  1.000000000000000E-018 dt=  1.000000000000000E-018
 Time= -1.270000000002436E-013 Intensity=   720.938306690287     
   4784.43830622521      < Te <    4784.43863769731     
   4784.43830622521      < Th <    4784.43863769731     
   80.0000000000000      < Ts <   80.0000000000000     
   14413297836151.1      < Ne <   14419753073264.3     
   14413297836151.1      < Nh <   14419753073264.3     
 CFL_Te=  1.804510618354046E-003 maxCFL_Ne=  1.392950811356876E-003 maxCFL_Ts=
  5.102011094536748E-004 CPU=   399.872483848039      NumThreads=           1 
 Elapsed time=  2.500797230099042E-003
 CFL_Limit=  1.000000000000000E-003
 dt_init=  1.000000000000000E-018 dt=  1.000000000000000E-018
 Time= -1.260000000002469E-013 Intensity=   1117.63779565272     
   4784.10457946168      < Te <    4784.10491545380     
   4784.10457946168      < Th <    4784.10491545380     
   80.0000000000000      < Ts <   80.0000000000000     
   22515744299724.5      < Ne <   22525751559671.0     
   22515744299724.5      < Nh <   22525751559671.0     
 CFL_Te=  1.804384750853676E-003 maxCFL_Ne=  1.392853650810976E-003 maxCFL_Ts=
  5.102011094536748E-004 CPU=   399.542877895919      NumThreads=           1 
 Elapsed time=  2.502860281895701E-003
 CFL_Limit=  1.000000000000000E-003
 dt_init=  1.000000000000000E-018 dt=  1.000000000000000E-018
 Time= -1.250000000002502E-013 Intensity=   1726.62851138827     
   4783.76628646153      < Te <    4783.76662706658     
   4783.76628646153      < Th <    4783.76662706658     
   80.0000000000000      < Ts <   80.0000000000000     
   35053295964966.5      < Ne <   35068756090388.6     
   35053295964966.5      < Nh <   35068756090388.6     
 CFL_Te=  1.804257161175344E-003 maxCFL_Ne=  1.392755160869078E-003 maxCFL_Ts=
  5.102011094536748E-004 CPU=   399.227989236138      NumThreads=           1 
 Elapsed time=  2.504834397791970E-003
 CFL_Limit=  1.000000000000000E-003
 dt_init=  1.000000000000000E-018 dt=  1.000000000000000E-018
 Time= -1.240000000002536E-013 Intensity=   2658.22406883936     
   4783.42333260643      < Te <    4783.42367792069     
   4783.42333260643      < Th <    4783.42367792069     
   80.0000000000000      < Ts <   80.0000000000000     
   54386533278148.9      < Ne <   54410334853069.0     
   54386533278148.9      < Nh <   54410334853069.0     
 CFL_Te=  1.804127813633826E-003 maxCFL_Ne=  1.392655313984793E-003 maxCFL_Ts=
  5.102011094536748E-004 CPU=   398.908377061746      NumThreads=           1 
 Elapsed time=  2.506841313701496E-003
 CFL_Limit=  1.000000000000000E-003
 dt_init=  1.000000000000000E-018 dt=  1.000000000000000E-018
 Time= -1.230000000002569E-013 Intensity=   4078.29948007646     
   4783.07562005562      < Te <    4783.07597017848     
   4783.07562005561      < Th <    4783.07597017848     
   80.0000000000000      < Ts <   80.0000000000000     
   84095784678834.5      < Ne <   84132301522031.9     
   84095784678834.5      < Nh <   84132301522031.9     
 CFL_Te=  1.803996671328444E-003 maxCFL_Ne=  1.392554081673481E-003 maxCFL_Ts=
  5.102011094536748E-004 CPU=   398.577195518526      NumThreads=           1 
 Elapsed time=  2.508924271743789E-003
 CFL_Limit=  1.000000000000000E-003
 dt_init=  1.000000000000000E-018 dt=  1.000000000000000E-018
 Time= -1.220000000002602E-013 Intensity=   6235.35941631764     
   4782.72304787579      < Te <    4782.72340290971     
   4782.72304787579      < Th <    4782.72340290971     
   80.0000000000000      < Ts <   80.0000000000000     
   129591879091893.      < Ne <   129647710117864.     
   129591879091893.      < Nh <   129647710117864.     
 CFL_Te=  1.803863696192102E-003 maxCFL_Ne=  1.392451434550114E-003 maxCFL_Ts=
  5.102011094536748E-004 CPU=   398.233094710535      NumThreads=           1 
 Elapsed time=  2.511092155027628E-003
 CFL_Limit=  1.000000000000000E-003
 dt_init=  1.000000000000000E-018 dt=  1.000000000000000E-018
 Time= -1.210000000002636E-013 Intensity=   9500.33063335556     
   4782.36551208526      < Te <    4782.36587213574     
   4782.36551208526      < Th <    4782.36587213574     
   80.0000000000000      < Ts <   80.0000000000000     
   199022620847852.      < Ne <   199107686226748.     
   199022620847852.      < Nh <   199107686226748.     
 CFL_Te=  1.803728849007955E-003 maxCFL_Ne=  1.392347342342145E-003 maxCFL_Ts=
  5.102011094536748E-004 CPU=   397.919355101366      NumThreads=           1 
 Elapsed time=  2.513072026228180E-003
 CFL_Limit=  1.000000000000000E-003
 dt_init=  1.000000000000000E-018 dt=  1.000000000000000E-018
 Time= -1.200000000002669E-013 Intensity=   14424.8331367220     
   4782.00290564320      < Te <    4782.00327081884     
   4782.00290564320      < Th <    4782.00327081884     
   80.0000000000000      < Ts <   80.0000000000000     
   304613103359678.      < Ne <   304742262433748.     
   304613103359678.      < Nh <   304742262433748.     
 CFL_Te=  1.803592089405392E-003 maxCFL_Ne=  1.392241773886403E-003 maxCFL_Ts=
  5.102011094536748E-004 CPU=   397.615157971147      NumThreads=           1 
 Elapsed time=  2.514994662433281E-003
 CFL_Limit=  1.000000000000000E-003
 dt_init=  1.000000000000000E-018 dt=  1.000000000000000E-018
 Time= -1.190000000002703E-013 Intensity=   21826.1796778171     
   4781.63511840382      < Te <    4781.63548881633     
   4781.63511840382      < Th <    4781.63548881633     
   80.0000000000000      < Ts <   80.0000000000000     
   464640015367688.      < Ne <   464835445648109.     
   464640015367688.      < Nh <   464835445648109.     
 CFL_Te=  1.803453375842728E-003 maxCFL_Ne=  1.392134697115729E-003 maxCFL_Ts=
  5.102011094536748E-004 CPU=   397.314614489111      NumThreads=           1 
 Elapsed time=  2.516897097495030E-003
 CFL_Limit=  1.000000000000000E-003
 dt_init=  1.000000000000000E-018 dt=  1.000000000000000E-018
 Time= -1.180000000002736E-013 Intensity=   32910.8806942736     
   4781.26203704651      < Te <    4781.26241281081     
   4781.26203704651      < Th <    4781.26241281081     
   80.0000000000000      < Ts <   80.0000000000000     
   706328832560704.      < Ne <   706623514580237.     
   706328832560704.      < Nh <   706623514580237.     
 CFL_Te=  1.803312665580899E-003 maxCFL_Ne=  1.392026079038680E-003 maxCFL_Ts=
  5.102011094536748E-004 CPU=   397.028084593714      NumThreads=           1 
 Elapsed time=  2.518713508701326E-003
 CFL_Limit=  1.000000000000000E-003
 dt_init=  1.000000000000000E-018 dt=  1.000000000000000E-018
 Time= -1.170000000002769E-013 Intensity=   49453.3973638854     
   4780.88354498978      < Te <    4780.88392622413     
   4780.88354498978      < Th <    4780.88392622413     
   80.0000000000000      < Ts <   80.0000000000000     
  1.070089190755272E+015 < Ne <  1.070531993465068E+015
  1.070089190755272E+015 < Nh <  1.070531993465068E+015
 CFL_Te=  1.803169914651001E-003 maxCFL_Ne=  1.391915885714461E-003 maxCFL_Ts=
  5.102011094536748E-004 CPU=   396.735936687600      NumThreads=           1 
 Elapsed time=  2.520568235761877E-003
 CFL_Limit=  1.000000000000000E-003
 dt_init=  1.000000000000000E-018 dt=  1.000000000000000E-018
 Time= -1.160000000002803E-013 Intensity=   74053.8445926705     
   4780.49952229309      < Te <    4780.49990911913     
   4780.49952229309      < Th <    4780.49990911913     
   80.0000000000000      < Ts <   80.0000000000000     
  1.615683036091088E+015 < Ne <  1.616346109714671E+015
  1.615683036091088E+015 < Nh <  1.616346109714670E+015
 CFL_Te=  1.803025077817242E-003 maxCFL_Ne=  1.391804082224337E-003 maxCFL_Ts=
  5.102011094536748E-004 CPU=   396.474287767588      NumThreads=           1 
 Elapsed time=  2.522231657519732E-003
 CFL_Limit=  1.000000000000000E-003
 dt_init=  1.000000000000000E-018 dt=  1.000000000000000E-018
 Time= -1.150000000002836E-013 Intensity=   110508.055842179     
   4780.10984554951      < Te <    4780.11023809241     
   4780.10984554951      < Th <    4780.11023809241     
   80.0000000000000      < Ts <   80.0000000000000     
  2.431173407161619E+015 < Ne <  2.432162889587266E+015
  2.431173407161619E+015 < Nh <  2.432162889587266E+015
 CFL_Te=  1.802878108536493E-003 maxCFL_Ne=  1.391690632640400E-003 maxCFL_Ts=
  5.102011094536748E-004 CPU=   396.228869279514      NumThreads=           1 
 Elapsed time=  2.523793891692843E-003
 CFL_Limit=  1.000000000000000E-003
 dt_init=  1.000000000000000E-018 dt=  1.000000000000000E-018
 Time= -1.140000000002869E-013 Intensity=   164336.909951116     
   4779.71438777043      < Te <    4779.71478615902     
   4779.71438777043      < Th <    4779.71478615902     
   80.0000000000000      < Ts <   80.0000000000000     
  3.645857918227930E+015 < Ne <  3.647329380961951E+015
  3.645857918227930E+015 < Nh <  3.647329380961951E+015
 CFL_Te=  1.802728958914795E-003 maxCFL_Ne=  1.391575499991998E-003 maxCFL_Ts=
  5.102011094536748E-004 CPU=   395.980883588757      NumThreads=           1 
 Elapsed time=  2.525374434586449E-003
 CFL_Limit=  1.000000000000000E-003
 dt_init=  1.000000000000000E-018 dt=  1.000000000000000E-018
 Time= -1.130000000002903E-013 Intensity=   243540.472772856     
   4779.31301826362      < Te <    4779.31342263049     
   4779.31301826362      < Th <    4779.31342263049     
   80.0000000000000      < Ts <   80.0000000000000     
  5.448889904119529E+015 < Ne <  5.451070550779020E+015
  5.448889904119529E+015 < Nh <  5.451070550779020E+015
 CFL_Te=  1.802577579661365E-003 maxCFL_Ne=  1.391458646230240E-003 maxCFL_Ts=
  5.102011094536748E-004 CPU=   395.721493724440      NumThreads=           1 
 Elapsed time=  2.527029781951517E-003
 CFL_Limit=  1.000000000000000E-003
 dt_init=  1.000000000000000E-018 dt=  1.000000000000000E-018
 Time= -1.120000000002936E-013 Intensity=   359668.184683424     
   4778.90560250498      < Te <    4778.90601298661     
   4778.90560250498      < Th <    4778.90601298660     
   80.0000000000000      < Ts <   80.0000000000000     
  8.115985916945374E+015 < Ne <  8.119206364146558E+015
  8.115985916945373E+015 < Nh <  8.119206364146557E+015
 CFL_Te=  1.802423920040232E-003 maxCFL_Ne=  1.391340032190648E-003 maxCFL_Ts=
  5.102011094536748E-004 CPU=   395.460987415650      NumThreads=           1 
 Elapsed time=  2.528694439709542E-003
 CFL_Limit=  1.000000000000000E-003
 dt_init=  1.000000000000000E-018 dt=  1.000000000000000E-018
 Time= -1.110000000002969E-013 Intensity=   529331.514559278     
   4778.49200200411      < Te <    4778.49241874101     
   4778.49200200411      < Th <    4778.49241874100     
   80.0000000000000      < Ts <   80.0000000000000     
  1.204758432505787E+016 < Ne <  1.205232392751882E+016
  1.204758432505787E+016 < Nh <  1.205232392751882E+016
 CFL_Te=  1.802267927819535E-003 maxCFL_Ne=  1.391219617554029E-003 maxCFL_Ts=
  5.102011094536748E-004 CPU=   395.217507135077      NumThreads=           1 
 Elapsed time=  2.530252283733525E-003
 CFL_Limit=  1.000000000000000E-003
 dt_init=  1.000000000000000E-018 dt=  1.000000000000000E-018
 Time= -1.100000000003003E-013 Intensity=   776333.504121240     
   4778.07207416392      < Te <    4778.07249730079     
   4778.07207416392      < Th <    4778.07249730079     
   80.0000000000007      < Ts <   80.0000000000007     
  1.782315539698659E+016 < Ne <  1.783010664044450E+016
  1.782315539698659E+016 < Nh <  1.783010664044450E+016
 CFL_Te=  1.802109549218589E-003 maxCFL_Ne=  1.391097360805610E-003 maxCFL_Ts=
  5.102011094536768E-004 CPU=   394.967361246139      NumThreads=           1 
 Elapsed time=  2.531854776164179E-003
 CFL_Limit=  1.000000000000000E-003
 dt_init=  1.000000000000000E-018 dt=  1.000000000000000E-018
 Time= -1.090000000003036E-013 Intensity=   1134654.80755462     
   4777.64567213412      < Te <    4777.64610181998     
   4777.64567213412      < Th <    4777.64610181998     
   80.0000000000007      < Ts <   80.0000000000007     
  2.627820181085318E+016 < Ne <  2.628836144180491E+016
  2.627820181085318E+016 < Nh <  2.628836144180491E+016
 CFL_Te=  1.801948728852610E-003 maxCFL_Ne=  1.390973219192367E-003 maxCFL_Ts=
  5.102011094536768E-004 CPU=   394.746545922175      NumThreads=           1 
 Elapsed time=  2.533271057923713E-003
 CFL_Limit=  1.000000000000000E-003
 dt_init=  1.000000000000000E-018 dt=  1.000000000000000E-018
 Time= -1.080000000003070E-013 Intensity=   1652623.92535867     
   4777.21264465860      < Te <    4777.21308104696     
   4777.21264465860      < Th <    4777.21308104696     
   80.0000000000025      < Ts <   80.0000000000025     
  3.861300831602985E+016 < Ne <  3.862780581150178E+016
  3.861300831602985E+016 < Nh <  3.862780581150178E+016
 CFL_Te=  1.801785409675155E-003 maxCFL_Ne=  1.390847148678605E-003 maxCFL_Ts=
  5.102011094536816E-004 CPU=   394.533666343952      NumThreads=           1 
 Elapsed time=  2.534637941716758E-003
 CFL_Limit=  1.000000000000000E-003
 dt_init=  1.000000000000000E-018 dt=  1.000000000000000E-018
 Time= -1.070000000003103E-013 Intensity=   2398717.83430975     
   4776.77283591621      < Te <    4776.77327916523     
   4776.77283591621      < Th <    4776.77327916524     
   80.0000000000630      < Ts <   80.0000000000630     
  5.654563749535822E+016 < Ne <  5.656711547117752E+016
  5.654563749535822E+016 < Nh <  5.656711547117752E+016
 CFL_Te=  1.801619532918101E-003 maxCFL_Ne=  1.390719103899608E-003 maxCFL_Ts=
  5.102011094538527E-004 CPU=   394.343275696405      NumThreads=           1 
 Elapsed time=  2.535861675931999E-003
 CFL_Limit=  1.000000000000000E-003
 dt_init=  1.000000000000000E-018 dt=  1.000000000000000E-018
 Time= -1.060000000003136E-013 Intensity=   3469597.86881172     
   4776.32608535537      < Te <    4776.32653562803     
   4776.32608535537      < Th <    4776.32653562803     
   80.0000000001471      < Ts <   80.0000000001472     
  8.252633919927629E+016 < Ne <  8.255740577115504E+016
  8.252633919927627E+016 < Nh <  8.255740577115502E+016
 CFL_Te=  1.801451038029229E-003 maxCFL_Ne=  1.390589038113475E-003 maxCFL_Ts=
  5.102011094540901E-004 CPU=   394.132822715133      NumThreads=           1 
 Elapsed time=  2.537215736337620E-003
 CFL_Limit=  1.000000000000000E-003
 dt_init=  1.000000000000000E-018 dt=  1.000000000000000E-018
 Time= -1.050000000003170E-013 Intensity=   5001197.10000210     
   4775.87222752162      < Te <    4775.87268498588     
   4775.87222752162      < Th <    4775.87268498588     
   80.0000000002677      < Ts <   80.0000000002679     
  1.200368576713226E+017 < Ne <  1.200816380916893E+017
  1.200368576713226E+017 < Nh <  1.200816380916893E+017
 CFL_Te=  1.801279862607216E-003 maxCFL_Ne=  1.390456903150924E-003 maxCFL_Ts=
  5.102011094544308E-004 CPU=   393.918094369065      NumThreads=           1 
 Elapsed time=  2.538598795776798E-003
 CFL_Limit=  1.000000000000000E-003
 dt_init=  1.000000000000000E-018 dt=  1.000000000000000E-018
 Time= -1.040000000003203E-013 Intensity=   7183955.75640268     
   4775.41109187846      < Te <    4775.41155670746     
   4775.41109187846      < Th <    4775.41155670746     
   80.0000000004491      < Ts <   80.0000000004493     
  1.740066241996527E+017 < Ne <  1.740709489115563E+017
  1.740066241996527E+017 < Nh <  1.740709489115563E+017
 CFL_Te=  1.801105942334046E-003 maxCFL_Ne=  1.390322649363129E-003 maxCFL_Ts=
  5.102011094549431E-004 CPU=   393.708046792229      NumThreads=           1 
 Elapsed time=  2.539953166178814E-003
 CFL_Limit=  1.000000000000000E-003
 dt_init=  1.000000000000000E-018 dt=  1.000000000000000E-018
 Time= -1.030000000003236E-013 Intensity=   10283671.0777696     
   4774.94250262110      < Te <    4774.94297499331     
   4774.94250262110      < Th <    4774.94297499332     
   80.0000000007130      < Ts <   80.0000000007134     
  2.513892199111162E+017 < Ne <  2.514812992905154E+017
  2.513892199111161E+017 < Nh <  2.514812992905154E+017
 CFL_Te=  1.800929210904765E-003 maxCFL_Ne=  1.390186225567503E-003 maxCFL_Ts=
  5.102011094556883E-004 CPU=   393.502172008339      NumThreads=           1 
 Elapsed time=  2.541282033835400E-003
 CFL_Limit=  1.000000000000000E-003
 dt_init=  1.000000000000000E-018 dt=  1.000000000000000E-018
 Time= -1.020000000003270E-013 Intensity=   14669913.5881456     
   4774.46627848295      < Te <    4774.46675858247     
   4774.46627848295      < Th <    4774.46675858246     
   80.0000000010979      < Ts <   80.0000000010983     
  3.619576974731156E+017 < Ne <  3.620890510088378E+017
  3.619576974731156E+017 < Nh <  3.620890510088378E+017
 CFL_Te=  1.800749599954539E-003 maxCFL_Ne=  1.390047578991360E-003 maxCFL_Ts=
  5.102011094567750E-004 CPU=   393.294390637700      NumThreads=           1 
 Elapsed time=  2.542624618618557E-003
 CFL_Limit=  1.000000000000000E-003
 dt_init=  1.000000000000000E-018 dt=  1.000000000000000E-018
 Time= -1.010000000003303E-013 Intensity=   20854596.1456827     
   4773.98223253517      < Te <    4773.98272055180     
   4773.98223253517      < Th <    4773.98272055179     
   80.0000000016521      < Ts <   80.0000000016528     
  5.193975404703010E+017 < Ne <  5.195842712890551E+017
  5.193975404703010E+017 < Nh <  5.195842712890550E+017
 CFL_Te=  1.800567038982988E-003 maxCFL_Ne=  1.389906655213546E-003 maxCFL_Ts=
  5.102011094583401E-004 CPU=   393.087601441549      NumThreads=           1 
 Elapsed time=  2.543962201638400E-003
 CFL_Limit=  1.000000000000000E-003
 dt_init=  1.000000000000000E-018 dt=  1.000000000000000E-018
 Time= -1.000000000003336E-013 Intensity=   29544106.6529977     
   4773.49017197878      < Te <    4773.49066810832     
   4773.49017197878      < Th <    4773.49066810832     
   80.0000000024488      < Ts <   80.0000000024498     
  7.428027254318062E+017 < Ne <  7.430672616164951E+017
  7.428027254318062E+017 < Nh <  7.430672616164951E+017
 CFL_Te=  1.800381455275834E-003 maxCFL_Ne=  1.389763398103932E-003 maxCFL_Ts=
  5.102011094605898E-004 CPU=   392.877584622602      NumThreads=           1 
 Elapsed time=  2.545322103221032E-003
 CFL_Limit=  1.000000000000000E-003
 dt_init=  1.000000000000000E-018 dt=  1.000000000000000E-018
 Time= -9.900000000033698E-014 Intensity=   41709481.4776225     
   4772.98989792999      < Te <    4772.99040237444     
   4772.98989792999      < Th <    4772.99040237444     
   80.0000000035901      < Ts <   80.0000000035915     
  1.058715458540452E+018 < Ne <  1.059088922777282E+018
  1.058715458540452E+018 < Nh <  1.059088922777282E+018
 CFL_Te=  1.800192773823914E-003 maxCFL_Ne=  1.389617749760904E-003 maxCFL_Ts=
  5.102011094638125E-004 CPU=   392.668883339451      NumThreads=           1 
 Elapsed time=  2.546674927474529E-003
 CFL_Limit=  1.000000000000000E-003
 dt_init=  1.000000000000000E-018 dt=  1.000000000000000E-018
 Time= -9.800000000034032E-014 Intensity=   58680468.0536664     
   4772.48120519886      < Te <    4772.48171816666     
   4772.48120519887      < Th <    4772.48171816665     
   80.0000000052174      < Ts <   80.0000000052193     
  1.503896125239040E+018 < Ne <  1.504421546695812E+018
  1.503896125239040E+018 < Nh <  1.504421546695811E+018
 CFL_Te=  1.800000917239714E-003 maxCFL_Ne=  1.389469650446938E-003 maxCFL_Ts=
  5.102011094684079E-004 CPU=   392.482635580290      NumThreads=           1 
 Elapsed time=  2.547883420425690E-003
 CFL_Limit=  1.000000000000000E-003
 dt_init=  1.000000000000000E-018 dt=  1.000000000000000E-018
 Time= -9.700000000034366E-014 Intensity=   82271079.8515605     
   4771.96388206190      < Te <    4771.96440376808     
   4771.96388206190      < Th <    4771.96440376808     
   80.0000000075270      < Ts <   80.0000000075297     
  2.129069886852385E+018 < Ne <  2.129806537268851E+018
  2.129069886852385E+018 < Nh <  2.129806537268851E+018
 CFL_Te=  1.799805805671578E-003 maxCFL_Ne=  1.389319038522366E-003 maxCFL_Ts=
  5.102011094749297E-004 CPU=   392.295505041699      NumThreads=           1 
 Elapsed time=  2.549098797075700E-003
 CFL_Limit=  1.000000000000000E-003
 dt_init=  1.000000000000000E-018 dt=  1.000000000000000E-018
 Time= -9.600000000034699E-014 Intensity=   114946479.923098     
   4771.43771002962      < Te <    4771.43824069614     
   4771.43771002962      < Th <    4771.43824069614     
   80.0000000107905      < Ts <   80.0000000107944     
  3.003974027224194E+018 < Ne <  3.005003251268252E+018
  3.003974027224194E+018 < Nh <  3.005003251268252E+018
 CFL_Te=  1.799607356716078E-003 maxCFL_Ne=  1.389165850377743E-003 maxCFL_Ts=
  5.102011094841455E-004 CPU=   392.119312376280      NumThreads=           1 
 Elapsed time=  2.550244194655718E-003
 CFL_Limit=  1.000000000000000E-003
 dt_init=  1.000000000000000E-018 dt=  1.000000000000000E-018
 Time= -9.500000000035033E-014 Intensity=   160043855.317290     
   4770.90246361007      < Te <    4770.90300346600     
   4770.90246361007      < Th <    4770.90300346600     
   80.0000000153881      < Ts <   80.0000000153936     
  4.224130374395175E+018 < Ne <  4.225563397716138E+018
  4.224130374395175E+018 < Nh <  4.225563397716138E+018
 CFL_Te=  1.799405485328802E-003 maxCFL_Ne=  1.389010020364976E-003 maxCFL_Ts=
  5.102011094971281E-004 CPU=   391.944437815543      NumThreads=           1 
 Elapsed time=  2.551382041733731E-003
 CFL_Limit=  1.000000000000000E-003
 dt_init=  1.000000000000000E-018 dt=  1.000000000000000E-018
 Time= -9.400000000035367E-014 Intensity=   222063501.294921     
   4770.35791007045      < Te <    4770.35845935221     
   4770.35791007044      < Th <    4770.35845935221     
   80.0000000218441      < Ts <   80.0000000218517     
  5.919895804602827E+018 < Ne <  5.921884148236426E+018
  5.919895804602827E+018 < Nh <  5.921884148236425E+018
 CFL_Te=  1.799200103734451E-003 maxCFL_Ne=  1.388851480727926E-003 maxCFL_Ts=
  5.102011095153591E-004 CPU=   391.778893282193      NumThreads=           1 
 Elapsed time=  2.552460117548279E-003
 CFL_Limit=  1.000000000000000E-003
 dt_init=  1.000000000000000E-018 dt=  1.000000000000000E-018
 Time= -9.300000000035700E-014 Intensity=   307050784.689675     
   4769.80380919914      < Te <    4769.80436815078     
   4769.80380919915      < Th <    4769.80436815078     
   80.0000000308768      < Ts <   80.0000000308874     
  8.268508229355777E+018 < Ne <  8.271257544207778E+018
  8.268508229355777E+018 < Nh <  8.271257544207776E+018
 CFL_Te=  1.798991121337092E-003 maxCFL_Ne=  1.388690161533126E-003 maxCFL_Ts=
  5.102011095408661E-004 CPU=   391.615058212585      NumThreads=           1 
 Elapsed time=  2.553527958205217E-003
 CFL_Limit=  1.000000000000000E-003
 dt_init=  1.000000000000000E-018 dt=  1.000000000000000E-018
 Time= -9.200000000036034E-014 Intensity=   423095192.007019     
   4769.23991307148      < Te <    4769.24048194484     
   4769.23991307148      < Th <    4769.24048194484     
   80.0000000434706      < Ts <   80.0000000434854     
  1.151005441025804E+019 < Ne <  1.151384278003680E+019
  1.151005441025804E+019 < Nh <  1.151384278003679E+019
 CFL_Te=  1.798778444631795E-003 maxCFL_Ne=  1.388525990601577E-003 maxCFL_Ts=
  5.102011095764288E-004 CPU=   391.461198198865      NumThreads=           1 
 Elapsed time=  2.554531597514792E-003
 CFL_Limit=  1.000000000000000E-003
 dt_init=  1.000000000000000E-018 dt=  1.000000000000000E-018
 Time= -9.100000000036367E-014 Intensity=   580979513.569648     
   4768.66596582352      < Te <    4768.66654487850     
   4768.66596582352      < Th <    4768.66654487850     
   80.0000000609698      < Ts <   80.0000000609903     
  1.596855013876025E+019 < Ne <  1.597375219566825E+019
  1.596855013876025E+019 < Nh <  1.597375219566825E+019
 CFL_Te=  1.798561977119322E-003 maxCFL_Ne=  1.388358893442899E-003 maxCFL_Ts=
  5.102011096258439E-004 CPU=   391.295294259364      NumThreads=           1 
 Elapsed time=  2.555614684538390E-003
 CFL_Limit=  1.000000000000000E-003
 dt_init=  1.000000000000000E-018 dt=  1.000000000000000E-018
 Time= -9.000000000036701E-014 Intensity=   795020627.865727     
   4768.08170343998      < Te <    4768.08229294474     
   4768.08170343998      < Th <    4768.08229294474     
   80.0000000852039      < Ts <   80.0000000852323     
  2.207965561031793E+019 < Ne <  2.208677417908013E+019
  2.207965561031793E+019 < Nh <  2.208677417908013E+019
 CFL_Te=  1.798341619226142E-003 maxCFL_Ne=  1.388188793193573E-003 maxCFL_Ts=
  5.102011096942774E-004 CPU=   391.123285317263      NumThreads=           1 
 Elapsed time=  2.556738597623614E-003
 CFL_Limit=  1.000000000000000E-003
 dt_init=  1.000000000000000E-018 dt=  1.000000000000000E-018
 Time= -8.900000000037035E-014 Intensity=   1084153623.55440     
   4767.48685356352      < Te <    4767.48745379463     
   4767.48685356352      < Th <    4767.48745379463     
   80.0000001186504      < Ts <   80.0000001186894     
  3.042696453143377E+019 < Ne <  3.043667198049525E+019
  3.042696453143377E+019 < Nh <  3.043667198049525E+019
 CFL_Te=  1.798117268232457E-003 maxCFL_Ne=  1.388015610561392E-003 maxCFL_Ts=
  5.102011097887248E-004 CPU=   390.952119916112      NumThreads=           1 
 Elapsed time=  2.557857980702528E-003
 CFL_Limit=  1.000000000000000E-003
 dt_init=  1.000000000000000E-018 dt=  1.000000000000000E-018
 Time= -8.800000000037368E-014 Intensity=   1473323459.87788     
   4766.88113533502      < Te <    4766.88174657763     
   4766.88113533502      < Th <    4766.88174657763     
   80.0000001646561      < Ts <   80.0000001647098     
  4.178932272914163E+019 < Ne <  4.180251478271718E+019
  4.178932272914163E+019 < Nh <  4.180251478271718E+019
 CFL_Te=  1.797888818211994E-003 maxCFL_Ne=  1.387839263778992E-003 maxCFL_Ts=
  5.102011099186381E-004 CPU=   390.798076079706      NumThreads=           1 
 Elapsed time=  2.558866230948491E-003
 CFL_Limit=  1.000000000000000E-003
 dt_init=  1.000000000000000E-018 dt=  1.000000000000000E-018
 Time= -8.700000000037702E-014 Intensity=   1995263384.29891     
   4766.26425927721      < Te <    4766.26488182514     
   4766.26425927721      < Th <    4766.26488182514     
   80.0000002277243      < Ts <   80.0000002277978     
  5.720227200081888E+019 < Ne <  5.722013747479855E+019
  5.720227200081888E+019 < Nh <  5.722013747479855E+019
 CFL_Te=  1.797656159988060E-003 maxCFL_Ne=  1.387659668569907E-003 maxCFL_Ts=
  5.102011100967328E-004 CPU=   390.648389415036      NumThreads=           1 
 Elapsed time=  2.559846724307294E-003
 CFL_Limit=  1.000000000000000E-003
 dt_init=  1.000000000000000E-018 dt=  1.000000000000000E-018
 Time= -8.600000000038036E-014 Intensity=   2692757295.95815     
   4765.63592723716      < Te <    4765.63656139289     
   4765.63592723717      < Th <    4765.63656139289     
   80.0000003138905      < Ts <   80.0000003139907     
  7.803750227619835E+019 < Ne <  7.806161307113520E+019
  7.803750227619835E+019 < Nh <  7.806161307113520E+019
 CFL_Te=  1.797419181111837E-003 maxCFL_Ne=  1.387476738131842E-003 maxCFL_Ts=
  5.102011103400528E-004 CPU=   390.492031640477      NumThreads=           1 
 Elapsed time=  2.560871718172966E-003
 CFL_Limit=  1.000000000000000E-003
 dt_init=  1.000000000000000E-018 dt=  1.000000000000000E-018
 Time= -8.500000000038369E-014 Intensity=   3621504588.32363     
   4764.99583240714      < Te <    4764.99647848176     
   4764.99583240714      < Th <    4764.99647848176     
   80.0000004312216      < Ts <   80.0000004313579     
  1.061051581690664E+020 < Ne <  1.061375849148150E+020
  1.061051581690664E+020 < Nh <  1.061375849148150E+020
 CFL_Te=  1.797177765870211E-003 maxCFL_Ne=  1.387290383142697E-003 maxCFL_Ts=
  5.102011106713778E-004 CPU=   390.337730676585      NumThreads=           1 
 Elapsed time=  2.561884033774207E-003
 CFL_Limit=  1.000000000000000E-003
 dt_init=  1.000000000000000E-018 dt=  1.000000000000000E-018
 Time= -8.400000000038703E-014 Intensity=   4853731164.66279     
   4764.34365944805      < Te <    4764.34431776109     
   4764.34365944805      < Th <    4764.34431776109     
   80.0000005904530      < Ts <   80.0000005906376     
  1.437850168547058E+020 < Ne <  1.438284768879069E+020
  1.437850168547058E+020 < Nh <  1.438284768879069E+020
 CFL_Te=  1.796931795332300E-003 maxCFL_Ne=  1.387100511796489E-003 maxCFL_Ts=
  5.102011111210223E-004 CPU=   390.183157387579      NumThreads=           1 
 Elapsed time=  2.562898938783955E-003
 CFL_Limit=  1.000000000000000E-003
 dt_init=  1.000000000000000E-018 dt=  1.000000000000000E-018
 Time= -8.300000000039037E-014 Intensity=   6482719740.01183     
   4763.67908474585      < Te <    4763.67975562493     
   4763.67908474586      < Th <    4763.67975562493     
   80.0000008058238      < Ts <   80.0000008060731     
  1.941939690749733E+020 < Ne <  1.942520149806323E+020
  1.941939690749733E+020 < Nh <  1.942520149806323E+020
 CFL_Te=  1.796681147446088E-003 maxCFL_Ne=  1.386907029877951E-003 maxCFL_Ts=
  5.102011117291956E-004 CPU=   390.043626619166      NumThreads=           1 
 Elapsed time=  2.563815767656134E-003
 CFL_Limit=  1.000000000000000E-003
 dt_init=  1.000000000000000E-018 dt=  1.000000000000000E-018
 Time= -8.200000000039370E-014 Intensity=   8628466652.99022     
   4763.00177683814      < Te <    4763.00246061846     
   4763.00177683814      < Th <    4763.00246061846     
   80.0000010961500      < Ts <   80.0000010964855     
  2.613989340297177E+020 < Ne <  2.614761928335974E+020
  2.613989340297177E+020 < Nh <  2.614761928335974E+020
 CFL_Te=  1.796425697199257E-003 maxCFL_Ne=  1.386709840886672E-003 maxCFL_Ts=
  5.102011125490318E-004 CPU=   389.908886145412      NumThreads=           1 
 Elapsed time=  2.564701743235112E-003
 CFL_Limit=  1.000000000000000E-003
 dt_init=  1.000000000000000E-018 dt=  1.000000000000000E-018
 Time= -8.100000000039704E-014 Intensity=   11444711601.4082     
   4762.31139705610      < Te <    4762.31209407964     
   4762.31139705610      < Th <    4762.31209407964     
   80.0000014862118      < Ts <   80.0000014866619     
  3.506863657417602E+020 < Ne <  3.507888410466894E+020
  3.506863657417602E+020 < Nh <  3.507888410466894E+020
 CFL_Te=  1.796165316861208E-003 maxCFL_Ne=  1.386508846223932E-003 maxCFL_Ts=
  5.102011136505059E-004 CPU=   389.783742526559      NumThreads=           1 
 Elapsed time=  2.565525164077009E-003
 CFL_Limit=  1.000000000000000E-003
 dt_init=  1.000000000000000E-018 dt=  1.000000000000000E-018
 Time= -8.000000000040038E-014 Intensity=   15127631309.3281     
   4761.60760043759      < Te <    4761.60831105207     
   4761.60760043759      < Th <    4761.60831105207     
   80.0000020085180      < Ts <   80.0000020091197     
  4.689019101838937E+020 < Ne <  4.690373621487724E+020
  4.689019101838937E+020 < Nh <  4.690373621487724E+020
 CFL_Te=  1.795899876327339E-003 maxCFL_Ne=  1.386303945458449E-003 maxCFL_Ts=
  5.102011151254170E-004 CPU=   389.652059112684      NumThreads=           1 
 Elapsed time=  2.566392186601555E-003
 CFL_Limit=  1.000000000000000E-003
 dt_init=  1.000000000000000E-018 dt=  1.000000000000000E-018
 Time= -7.900000000040371E-014 Intensity=   19926538345.3390     
   4760.89003697845      < Te <    4760.89076153588     
   4760.89003697844      < Th <    4760.89076153588     
   80.0000027055690      < Ts <   80.0000027063708     
  6.248765984696412E+020 < Ne <  6.250550195852018E+020
  6.248765984696412E+020 < Nh <  6.250550195852018E+020
 CFL_Te=  1.795629243590833E-003 maxCFL_Ne=  1.386095036690576E-003 maxCFL_Ts=
  5.102011170937810E-004 CPU=   389.522314279232      NumThreads=           1 
 Elapsed time=  2.567247018570401E-003
 CFL_Limit=  1.000000000000000E-003
 dt_init=  1.000000000000000E-018 dt=  1.000000000000000E-018
 Time= -7.800000000040705E-014 Intensity=   26156982205.2235     
   4760.15835330219      < Te <    4760.15909215696     
   4760.15835330219      < Th <    4760.15909215696     
   80.0000036327240      < Ts <   80.0000036337887     
  8.299592624581716E+020 < Ne <  8.301934706293098E+020
  8.299592624581716E+020 < Nh <  8.301934706293098E+020
 CFL_Te=  1.795353285372253E-003 maxCFL_Ne=  1.385882017038286E-003 maxCFL_Ts=
  5.102011197119220E-004 CPU=   389.400485525102      NumThreads=           1 
 Elapsed time=  2.568050213526340E-003
 CFL_Limit=  1.000000000000000E-003
 dt_init=  1.000000000000000E-018 dt=  1.000000000000000E-018
 Time= -7.700000000041038E-014 Intensity=   34216711204.1343     
   4759.41219484479      < Te <    4759.41294835117     
   4759.41219484478      < Th <    4759.41294835117     
   80.0000048618328      < Ts <   80.0000048632420     
  1.098678685618417E+021 < Ne <  1.098985060168736E+021
  1.098678685618417E+021 < Nh <  1.098985060168736E+021
 CFL_Te=  1.795071867943303E-003 maxCFL_Ne=  1.385664783273079E-003 maxCFL_Ts=
  5.102011231827337E-004 CPU=   389.277118255922      NumThreads=           1 
 Elapsed time=  2.568864063935479E-003
 CFL_Limit=  1.000000000000000E-003
 dt_init=  1.000000000000000E-018 dt=  1.000000000000000E-018
 Time= -7.600000000041372E-014 Intensity=   44605020284.2526     
   4758.65116817218      < Te <    4758.65193666986     
   4758.65120751856      < Th <    4758.65197602724     
   80.0000064858086      < Ts <   80.0000064876676     
  1.449563402277753E+021 < Ne <  1.449962793193790E+021
  1.449563402277753E+021 < Nh <  1.449962793193790E+021
 CFL_Te=  1.794784842909946E-003 maxCFL_Ne=  1.385443220845551E-003 maxCFL_Ts=
  5.102011277685878E-004 CPU=   389.162326796967      NumThreads=           1 
 Elapsed time=  2.569621803401641E-003
 CFL_Limit=  1.000000000000000E-003
 dt_init=  1.000000000000000E-018 dt=  1.000000000000000E-018
 Time= -7.500000000041706E-014 Intensity=   57946080788.9163     
   4757.87499332873      < Te <    4757.87577716924     
   4757.87504551064      < Th <    4757.87582936557     
   80.0000086243601      < Ts <   80.0000086268043     
  1.906152072435061E+021 < Ne <  1.906670918504770E+021
  1.906152072435061E+021 < Nh <  1.906670918504770E+021
 CFL_Te=  1.794492104687875E-003 maxCFL_Ne=  1.385217248252317E-003 maxCFL_Ts=
  5.102011338075224E-004 CPU=   389.040505584404      NumThreads=           1 
 Elapsed time=  2.570426435411483E-003
 CFL_Limit=  1.000000000000000E-003
 dt_init=  1.000000000000000E-018 dt=  1.000000000000000E-018
 Time= -7.400000000042039E-014 Intensity=   75016922429.3769     
   4757.08333110741      < Te <    4757.08413062939     
   4757.08337075645      < Th <    4757.08417028926     
   80.0000114311717      < Ts <   80.0000114343745     
  2.498233031841141E+021 < Ne <  2.498904729342509E+021
  2.498233031841141E+021 < Nh <  2.498904729342509E+021
 CFL_Te=  1.794265250042270E-003 maxCFL_Ne=  1.384986766732227E-003 maxCFL_Ts=
  5.102011417335181E-004 CPU=   388.917309572659      NumThreads=           1 
 Elapsed time=  2.571240660640164E-003
 CFL_Limit=  1.000000000000000E-003
 dt_init=  1.000000000000000E-018 dt=  1.000000000000000E-018
 Time= -7.300000000042373E-014 Intensity=   96780813434.0733     
   4756.27584357684      < Te <    4756.27665909604     
   4756.27586009847      < Th <    4756.27667562213     
   80.0000151028257      < Ts <   80.0000151070087     
  3.263357949764238E+021 < Ne <  3.264224520039683E+021
  3.263357949764238E+021 < Nh <  3.264224520039683E+021
 CFL_Te=  1.793888977390900E-003 maxCFL_Ne=  1.384751677892616E-003 maxCFL_Ts=
  5.102011521016903E-004 CPU=   388.800457688482      NumThreads=           1 
 Elapsed time=  2.572013433176639E-003
 CFL_Limit=  1.000000000000000E-003
 dt_init=  1.000000000000000E-018 dt=  1.000000000000000E-018
 Time= -7.200000000042707E-014 Intensity=   124426860014.131     
   4755.45219952786      < Te <    4755.45303132557     
   4756.92012776527      < Th <    4756.92095992326     
   80.0000198898623      < Ts <   80.0000198953074     
  4.248681549198760E+021 < Ne <  4.249795660803651E+021
  4.248681549198760E+021 < Nh <  4.249795660803651E+021
 CFL_Te=  1.793578335919679E-003 maxCFL_Ne=  1.384511885294568E-003 maxCFL_Ts=
  5.102011656195249E-004 CPU=   388.684090923515      NumThreads=           1 
 Elapsed time=  2.572783459245775E-003
 CFL_Limit=  1.000000000000000E-003
 dt_init=  1.000000000000000E-018 dt=  1.000000000000000E-018
 Time= -7.100000000043040E-014 Intensity=   159416717950.191     
   4754.61214798703      < Te <    4754.61299631418     
   4755.67094753334      < Th <    4755.67179611935     
   80.0000261104053      < Ts <   80.0000261174697     
  5.513187017476569E+021 < Ne <  5.514614426584818E+021
  5.513187017476569E+021 < Nh <  5.514614426584818E+021
 CFL_Te=  1.793261506253203E-003 maxCFL_Ne=  1.384267315860347E-003 maxCFL_Ts=
  5.102011831853487E-004 CPU=   388.576815776755      NumThreads=           1 
 Elapsed time=  2.573493732509554E-003
 CFL_Limit=  1.000000000000000E-003
 dt_init=  1.000000000000000E-018 dt=  1.000000000000000E-018
 Time= -7.000000000043374E-014 Intensity=   203539373738.430     
   4753.75546041008      < Te <    4753.75632547080     
   4753.75541817678      < Th <    4753.75628322654     
   80.0000341669462      < Ts <   80.0000341760811     
  7.130365032312379E+021 < Ne <  7.132187513635593E+021
  7.130365032312379E+021 < Nh <  7.132187513635593E+021
 CFL_Te=  1.792938402175510E-003 maxCFL_Ne=  1.384017903037504E-003 maxCFL_Ts=
  5.102012059357295E-004 CPU=   388.473114371288      NumThreads=           1 
 Elapsed time=  2.574180716774744E-003
 CFL_Limit=  1.000000000000000E-003
 dt_init=  1.000000000000000E-018 dt=  1.000000000000000E-018
 Time= -6.900000000043708E-014 Intensity=   258975005990.628     
   4752.88196165968      < Te <    4752.88284359769     
   4752.88192903298      < Th <    4752.88281096262     
   80.0000445668367      < Ts <   80.0000445786099     
  9.191423142392962E+021 < Ne <  9.193741991920346E+021
  9.191423142392963E+021 < Nh <  9.193741991920346E+021
 CFL_Te=  1.792608957608584E-003 maxCFL_Ne=  1.383763595818623E-003 maxCFL_Ts=
  5.102012353033380E-004 CPU=   388.368604725390      NumThreads=           1 
 Elapsed time=  2.574873426514706E-003
 CFL_Limit=  1.000000000000000E-003
 dt_init=  1.000000000000000E-018 dt=  1.000000000000000E-018
 Time= -6.800000000044041E-014 Intensity=   328368974519.188     
   4750.68793015581      < Te <    4750.68882870300     
   4751.99153462905      < Th <    4751.99243350582     
   80.0000579472655      < Ts <   80.0000579623888     
  1.180911147330266E+022 < Ne <  1.181205167354195E+022
  1.180911147330266E+022 < Nh <  1.181205167354195E+022
 CFL_Te=  1.791289901015728E-003 maxCFL_Ne=  1.383162037820901E-003 maxCFL_Ts=
  5.102012730874785E-004 CPU=   388.269984296449      NumThreads=           1 
 Elapsed time=  2.575527443389723E-003
 CFL_Limit=  1.000000000000000E-003
 dt_init=  1.000000000000000E-018 dt=  1.000000000000000E-018
 Time= -6.700000000044375E-014 Intensity=   414916998789.130     
   4750.97961497545      < Te <    4750.98053076887     
   4751.08418342302      < Th <    4751.08509921840     
   80.0000751055923      < Ts <   80.0000751249549     
  1.512226021007266E+022 < Ne <  1.512597535802943E+022
  1.512226021007266E+022 < Nh <  1.512597535802943E+022
 CFL_Te=  1.791970405889826E-003 maxCFL_Ne=  1.383240221262877E-003 maxCFL_Ts=
  5.102013215397417E-004 CPU=   388.170939287078      NumThreads=           1 
 Elapsed time=  2.576184610410604E-003
 CFL_Limit=  1.000000000000000E-003
 dt_init=  1.000000000000000E-018 dt=  1.000000000000000E-018
 Time= -6.600000000044708E-014 Intensity=   522462572428.353     
   4750.08260969015      < Te <    4750.08354227004     
   4750.15998003299      < Th <    4750.16091259596     
   80.0000970358836      < Ts <   80.0000970605920     
  1.930113372977607E+022 < Ne <  1.930581183713978E+022
  1.930113372977607E+022 < Nh <  1.930581183713978E+022
 CFL_Te=  1.791494692474689E-003 maxCFL_Ne=  1.382971169092520E-003 maxCFL_Ts=
  5.102013834671691E-004 CPU=   388.070592015518      NumThreads=           1 
 Elapsed time=  2.576850760080299E-003
 CFL_Limit=  1.000000000000000E-003
 dt_init=  1.000000000000000E-018 dt=  1.000000000000000E-018
 Time= -6.500000000045042E-014 Intensity=   655607608773.537     
   4748.55315137075      < Te <    4748.55410026022     
   4749.21914212207      < Th <    4749.22009115646     
   80.0001249729446      < Ts <   80.0001250043708     
  2.455371549652663E+022 < Ne <  2.455958578067448E+022
  2.455371549652663E+022 < Nh <  2.455958578067448E+022
 CFL_Te=  1.790749031695957E-003 maxCFL_Ne=  1.382521787838911E-003 maxCFL_Ts=
  5.102014623565822E-004 CPU=   387.986399015917      NumThreads=           1 
 Elapsed time=  2.577409936369899E-003
 CFL_Limit=  1.000000000000000E-003
 dt_init=  1.000000000000000E-018 dt=  1.000000000000000E-018
 Time= -6.400000000045376E-014 Intensity=   819837215909.351     
   4747.67536791906      < Te <    4747.67633283465     
   4748.26205206006      < Th <    4748.26301709557     
   80.0001604448320      < Ts <   80.0001604846709     
  3.113304626320506E+022 < Ne <  3.114038705549306E+022
  3.113304626320506E+022 < Nh <  3.114038705549306E+022
 CFL_Te=  1.790423940028473E-003 maxCFL_Ne=  1.382278002270493E-003 maxCFL_Ts=
  5.102015625228530E-004 CPU=   387.900285733445      NumThreads=           1 
 Elapsed time=  2.577982117515570E-003
 CFL_Limit=  1.000000000000000E-003
 dt_init=  1.000000000000000E-018 dt=  1.000000000000000E-018
 Time= -6.300000000045709E-014 Intensity=   1021659349832.09     
   4750.36917290915      < Te <    4750.37015418783     
   4745.98695833793      < Th <    4745.98793834101     
   80.0002053355989      < Ts <   80.0002053859369     
  3.934574567642484E+022 < Ne <  3.935489358105080E+022
  3.934574567642484E+022 < Nh <  3.935489358105080E+022
 CFL_Te=  1.792678240729323E-003 maxCFL_Ne=  1.383032046515311E-003 maxCFL_Ts=
  5.102016892860598E-004 CPU=   387.821241614748      NumThreads=           1 
 Elapsed time=  2.578507551150008E-003
 CFL_Limit=  1.000000000000000E-003
 dt_init=  1.000000000000000E-018 dt=  1.000000000000000E-018
 Time= -6.200000000046043E-014 Intensity=   1268759882568.71     
   4743.53230956354      < Te <    4743.53330350939     
   4746.19718257601      < Th <    4746.19817728914     
   80.0002619601151      < Ts <   80.0002620235093     
  4.956185310898056E+022 < Ne <  4.957321355009790E+022
  4.956185310898056E+022 < Nh <  4.957321355009790E+022
 CFL_Te=  1.787801493419929E-003 maxCFL_Ne=  1.381041552453034E-003 maxCFL_Ts=
  5.102018491827286E-004 CPU=   387.755708795162      NumThreads=           1 
 Elapsed time=  2.578943332922702E-003
 CFL_Limit=  1.000000000000000E-003
 dt_init=  1.000000000000000E-018 dt=  1.000000000000000E-018
 Time= -6.100000000046377E-014 Intensity=   1570173339800.85     
   4745.04251185218      < Te <    4745.04351966612     
   4743.62367480111      < Th <    4743.62468220631     
   80.0003331503801      < Ts <   80.0003332299563     
  6.222612684772119E+022 < Ne <  6.224018614642447E+022
  6.222612684772119E+022 < Nh <  6.224018614642447E+022
 CFL_Te=  1.789457781230568E-003 maxCFL_Ne=  1.381556287607755E-003 maxCFL_Ts=
  5.102020502095044E-004 CPU=   387.693185382785      NumThreads=           1 
 Elapsed time=  2.579359239994532E-003
 CFL_Limit=  1.000000000000000E-003
 dt_init=  1.000000000000000E-018 dt=  1.000000000000000E-018
 Time= -6.000000000046710E-014 Intensity=   1936469201836.54     
   4743.90457970366      < Te <    4743.90559901191     
   4743.54418793735      < Th <    4743.54520713455     
   80.0004223608307      < Ts <   80.0004224603924     
  7.787094272657089E+022 < Ne <  7.788828184507535E+022
  7.787094272657089E+022 < Nh <  7.788828184507535E+022
 CFL_Te=  1.789222976019815E-003 maxCFL_Ne=  1.381261115663286E-003 maxCFL_Ts=
  5.102023021204309E-004 CPU=   387.629606511358      NumThreads=           1 
 Elapsed time=  2.579782305587897E-003
 CFL_Limit=  1.000000000000000E-003
 dt_init=  1.000000000000000E-018 dt=  1.000000000000000E-018
 Time= -5.900000000047044E-014 Intensity=   2379953215735.27     
   4739.31167248270      < Te <    4739.31270026392     
   4742.67609361641      < Th <    4742.67712235593     
   80.0005337868742      < Ts <   80.0005339110328     
  9.713092822790457E+022 < Ne <  9.715223831736106E+022
  9.713092822790457E+022 < Nh <  9.715223831736106E+022
 CFL_Te=  1.785884245188292E-003 maxCFL_Ne=  1.379903693473540E-003 maxCFL_Ts=
  5.102026167615294E-004 CPU=   387.568079117972      NumThreads=           1 
 Elapsed time=  2.580191852424485E-003
 CFL_Limit=  1.000000000000000E-003
 dt_init=  1.000000000000000E-018 dt=  1.000000000000000E-018
 Time= -5.800000000047378E-014 Intensity=   2914882629713.42     
   4740.83561614213      < Te <    4740.83665168396     
   4742.22983701350      < Th <    4742.23087293483     
   80.0006725062778      < Ts <   80.0006726606066     
  1.207594634073465E+023 < Ne <  1.207855632837216E+023
  1.207594634073465E+023 < Nh <  1.207855632837216E+023
 CFL_Te=  1.787539801984101E-003 maxCFL_Ne=  1.380330921590057E-003 maxCFL_Ts=
  5.102030084698472E-004 CPU=   387.507700746435      NumThreads=           1 
 Elapsed time=  2.580593877421672E-003
 CFL_Limit=  1.000000000000000E-003
 dt_init=  1.000000000000000E-018 dt=  1.000000000000000E-018
 Time= -5.700000000047711E-014 Intensity=   3557693630525.79     
   4738.35526561616      < Te <    4738.35630465152     
   4743.93955291949      < Th <    4743.94059350547     
   80.0008446434356      < Ts <   80.0008448346404     
  1.496471654140137E+023 < Ne <  1.496790210697138E+023
  1.496471654140137E+023 < Nh <  1.496790210697138E+023
 CFL_Te=  1.785942422141143E-003 maxCFL_Ne=  1.379656210186372E-003 maxCFL_Ts=
  5.102034945370119E-004 CPU=   387.448672344329      NumThreads=           1 
 Elapsed time=  2.580987034874370E-003
 CFL_Limit=  1.000000000000000E-003
 dt_init=  1.000000000000000E-018 dt=  1.000000000000000E-018
 Time= -5.600000000047512E-014 Intensity=   4327238540091.44     
   4735.86916000137      < Te <    4735.87019880157     
   4737.67707075833      < Th <    4737.67810998139     
   80.0010575507713      < Ts <   80.0010577868896     
  1.848424560550471E+023 < Ne <  1.848812022968442E+023
  1.848424560550471E+023 < Nh <  1.848812022968441E+023
 CFL_Te=  1.784546237892099E-003 maxCFL_Ne=  1.378960136047647E-003 maxCFL_Ts=
  5.102040957210200E-004 CPU=   387.395248337225      NumThreads=           1 
 Elapsed time=  2.581342967659498E-003
 CFL_Limit=  1.000000000000000E-003
 dt_init=  1.000000000000000E-018 dt=  1.000000000000000E-018
 Time= -5.500000000047215E-014 Intensity=   5245029512467.14     
   4734.45828056940      < Te <    4734.45931497664     
   4738.88024965512      < Th <    4738.88128521908     
   80.0013200309081      < Ts <   80.0013203215483     
  2.275742862939639E+023 < Ne <  2.276212505634985E+023
  2.275742862939639E+023 < Nh <  2.276212505634985E+023
 CFL_Te=  1.783905986584857E-003 maxCFL_Ne=  1.378583460455468E-003 maxCFL_Ts=
  5.102048368729362E-004 CPU=   387.337300683031      NumThreads=           1 
 Elapsed time=  2.581729149856206E-003
 CFL_Limit=  1.000000000000000E-003
 dt_init=  1.000000000000000E-018 dt=  1.000000000000000E-018
 Time= -5.400000000046917E-014 Intensity=   6335484573989.22     
   4731.85217276494      < Te <    4731.85319710351     
   4737.70049031252      < Th <    4737.70151618273     
   80.0016425768506      < Ts <   80.0016429334411     
  2.792770579489391E+023 < Ne <  2.793337863476343E+023
  2.792770579489391E+023 < Nh <  2.793337863476343E+023
 CFL_Te=  1.782349842756624E-003 maxCFL_Ne=  1.377913098126336E-003 maxCFL_Ts=
  5.102057476141461E-004 CPU=   387.277350040720      NumThreads=           1 
 Elapsed time=  2.582128802252070E-003
 CFL_Limit=  1.000000000000000E-003
 dt_init=  1.000000000000000E-018 dt=  1.000000000000000E-018
 Time= -5.300000000046620E-014 Intensity=   7626170880184.83     
   4732.89521074900      < Te <    4732.89621978269     
   4733.11809942053      < Th <    4733.11910834907     
   80.0020376514970      < Ts <   80.0020380875888     
  3.416177423841820E+023 < Ne <  3.416860278796248E+023
  3.416177423841820E+023 < Nh <  3.416860278796248E+023
 CFL_Te=  1.783339167059096E-003 maxCFL_Ne=  1.378316098143442E-003 maxCFL_Ts=
  5.102068631242393E-004 CPU=   387.221256520083      NumThreads=           1 
 Elapsed time=  2.582502853760910E-003
 CFL_Limit=  1.000000000000000E-003
 dt_init=  1.000000000000000E-018 dt=  1.000000000000000E-018
 Time= -5.200000000046322E-014 Intensity=   9148039040900.53     
   4725.00347726605      < Te <    4725.00446106648     
   4734.67228822200      < Th <    4734.67327456000     
   80.0025200028091      < Ts <   80.0025205344043     
  4.165251439169800E+023 < Ne <  4.166070566466754E+023
  4.165251439169800E+023 < Nh <  4.166070566466754E+023
 CFL_Te=  1.778076014356771E-003 maxCFL_Ne=  1.376094466709792E-003 maxCFL_Ts=
  5.102082250289727E-004 CPU=   387.169866754930      NumThreads=           1 
 Elapsed time=  2.582845634092122E-003
 CFL_Limit=  1.000000000000000E-003
 dt_init=  1.000000000000000E-018 dt=  1.000000000000000E-018
 Time= -5.100000000046025E-014 Intensity=   10935641313518.2     
   4725.65540675941      < Te <    4725.65635922327     
   4732.26043945203      < Th <    4732.26139350029     
   80.0031070132198      < Ts <   80.0031076591538     
  5.062211996285261E+023 < Ne <  5.063191191686319E+023
  5.062211996285261E+023 < Nh <  5.063191191686319E+023
 CFL_Te=  1.778786525488992E-003 maxCFL_Ne=  1.376294886570586E-003 maxCFL_Ts=
  5.102098823840591E-004 CPU=   387.110128283572      NumThreads=           1 
 Elapsed time=  2.583244216404137E-003
 CFL_Limit=  1.000000000000000E-003
 dt_init=  1.000000000000000E-018 dt=  1.000000000000000E-018
 Time= -5.000000000045728E-014 Intensity=   13027325412947.8     
   4720.97709193481      < Te <    4720.97800168807     
   4729.88162340854      < Th <    4729.88253525530     
   80.0038190965087      < Ts <   80.0038198788470     
  6.132541330700088E+023 < Ne <  6.133707824332537E+023
  6.132541330700088E+023 < Nh <  6.133707824332537E+023
 CFL_Te=  1.775528801675729E-003 maxCFL_Ne=  1.375085183322203E-003 maxCFL_Ts=
  5.102118927918173E-004 CPU=   387.019859767528      NumThreads=           1 
 Elapsed time=  2.583846732311549E-003
 CFL_Limit=  1.000000000000000E-003
 dt_init=  1.000000000000000E-018 dt=  1.000000000000000E-018
 Time= -4.900000000045430E-014 Intensity=   15465394672231.2     
   4719.80700817393      < Te <    4719.80786482370     
   4728.62202422856      < Th <    4728.62288278671     
   80.0046801322988      < Ts <   80.0046810768231     
  7.405332059357992E+023 < Ne <  7.406716870198311E+023
  7.405332059357992E+023 < Nh <  7.406716870198311E+023
 CFL_Te=  1.774989383864646E-003 maxCFL_Ne=  1.374809090813485E-003 maxCFL_Ts=
  5.102143236224253E-004 CPU=   386.928634940381      NumThreads=           1 
 Elapsed time=  2.584455916926602E-003
 CFL_Limit=  1.000000000000000E-003
 dt_init=  1.000000000000000E-018 dt=  1.000000000000000E-018
 Time= -4.800000000045133E-014 Intensity=   18296224350931.0     
   4716.97408257923      < Te <    4716.97487271197     
   4726.87310158933      < Th <    4726.87389371277     
   80.0057179537423      < Ts <   80.0057190904298     
  8.913647223786179E+023 < Ne <  8.915285524544787E+023
  8.913647223786179E+023 < Nh <  8.915285524544787E+023
 CFL_Te=  1.773053095991022E-003 maxCFL_Ne=  1.374062685479990E-003 maxCFL_Ts=
  5.102172533831484E-004 CPU=   386.836469957679      NumThreads=           1 
 Elapsed time=  2.585071671524155E-003
 CFL_Limit=  1.000000000000000E-003
 dt_init=  1.000000000000000E-018 dt=  1.000000000000000E-018
 Time= -4.700000000044835E-014 Intensity=   21570323077270.4     
   4713.57910149819      < Te <    4713.57981028691     
   4727.51231249654      < Th <    4727.51302395173     
   80.0069648709914      < Ts <   80.0069662345891     
  1.069488844327002E+024 < Ne <  1.069681993091699E+024
  1.069488844327002E+024 < Nh <  1.069681993091699E+024
 CFL_Te=  1.770870985767365E-003 maxCFL_Ne=  1.373266383162230E-003 maxCFL_Ts=
  5.102207731856134E-004 CPU=   386.745559636515      NumThreads=           1 
 Elapsed time=  2.585679331237459E-003
 CFL_Limit=  1.000000000000000E-003
 dt_init=  1.000000000000000E-018 dt=  1.000000000000000E-018
 Time= -4.600000000044538E-014 Intensity=   25342327775993.9     
   4708.61872901497      < Te <    4708.61933958380     
   4726.86221117060      < Th <    4726.86282489322     
   80.0084582593098      < Ts <   80.0084598899172     
  1.279116679425225E+024 < Ne <  1.279343606016960E+024
  1.279116679425225E+024 < Nh <  1.279343606016960E+024
 CFL_Te=  1.767325000063977E-003 maxCFL_Ne=  1.372020431699820E-003 maxCFL_Ts=
  5.102249883915631E-004 CPU=   386.654939898556      NumThreads=           1 
 Elapsed time=  2.586285333021643E-003
 CFL_Limit=  1.000000000000000E-003
 dt_init=  1.000000000000000E-018 dt=  1.000000000000000E-018
 Time= -4.500000000044240E-014 Intensity=   29670920032114.8     
   4704.26327987908      < Te <    4704.26377385961     
   4722.54699364924      < Th <    4722.54749027534     
   80.0102411522691      < Ts <   80.0102430959930     
  1.524966992475325E+024 < Ne <  1.525232681755137E+024
  1.524966992475325E+024 < Nh <  1.525232681755137E+024
 CFL_Te=  1.764258736665345E-003 maxCFL_Ne=  1.371040383324557E-003 maxCFL_Ts=
  5.102300202676356E-004 CPU=   386.571902866504      NumThreads=           1 
 Elapsed time=  2.586840876392751E-003
 CFL_Limit=  1.000000000000000E-003
 dt_init=  1.000000000000000E-018 dt=  1.000000000000000E-018
 Time= -4.400000000043943E-014 Intensity=   34618651727643.9     
   4701.84905483118      < Te <    4701.84941190184     
   4719.51752794082      < Th <    4719.51788693725     
   80.0123629731776      < Ts <   80.0123652828644     
  1.812301784838211E+024 < Ne <  1.812611782123883E+024
  1.812301784838211E+024 < Nh <  1.812611782123883E+024
 CFL_Te=  1.762591970379307E-003 maxCFL_Ne=  1.370475040197299E-003 maxCFL_Ts=
  5.102360080232601E-004 CPU=   386.486411056872      NumThreads=           1 
 Elapsed time=  2.587413092391618E-003
 CFL_Limit=  1.000000000000000E-003
 dt_init=  1.000000000000000E-018 dt=  1.000000000000000E-018
 Time= -4.300000000043645E-014 Intensity=   40251668020119.1     
   4695.88503345111      < Te <    4695.88523020392     
   4716.58616535690      < Th <    4716.58636369209     
   80.0148802126172      < Ts <   80.0148829485380     
  2.146959879093374E+024 < Ne <  2.147320322424247E+024
  2.146959879093374E+024 < Nh <  2.147320322424247E+024
 CFL_Te=  1.758180536195878E-003 maxCFL_Ne=  1.369065213857809E-003 maxCFL_Ts=
  5.102431106871609E-004 CPU=   386.403073445011      NumThreads=           1 
 Elapsed time=  2.587971133574099E-003
 CFL_Limit=  1.000000000000000E-003
 dt_init=  1.000000000000000E-018 dt=  1.000000000000000E-018
 Time= -4.200000000043348E-014 Intensity=   46639316361462.9     
   4690.38429399894      < Te <    4690.38430543024     
   4716.19296916073      < Th <    4716.19298163878     
   80.0178572048268      < Ts <   80.0178604355297     
  2.535387537842153E+024 < Ne <  2.535805186775783E+024
  2.535387537842153E+024 < Nh <  2.535805186775783E+024
 CFL_Te=  1.754034312680803E-003 maxCFL_Ne=  1.367887488773252E-003 maxCFL_Ts=
  5.102515092507902E-004 CPU=   386.320600243123      NumThreads=           1 
 Elapsed time=  2.588523623567238E-003
 CFL_Limit=  1.000000000000000E-003
 dt_init=  1.000000000000000E-018 dt=  1.000000000000000E-018
 Time= -4.100000000043051E-014 Intensity=   53853631331000.8     
   4686.90853438128      < Te <    4686.90873565020     
   4714.27788145258      < Th <    4714.27808293003     
   80.0213669488271      < Ts <   80.0213707519241     
  2.984665058273312E+024 < Ne <  2.985147318083492E+024
  2.984665058273312E+024 < Nh <  2.985147318083492E+024
 CFL_Te=  1.751387610181241E-003 maxCFL_Ne=  1.367122590876706E-003 maxCFL_Ts=
  5.102614089224173E-004 CPU=   386.247027895451      NumThreads=           1 
 Elapsed time=  2.589016685639532E-003
 CFL_Limit=  1.000000000000000E-003
 dt_init=  1.000000000000000E-018 dt=  1.000000000000000E-018
 Time= -4.000000000042753E-014 Intensity=   61968686616517.9     
   4679.17510122664      < Te <    4679.17554519761     
   4711.95571987176      < Th <    4711.95616571824     
   80.0254919441709      < Ts <   80.0254964071682     
  3.502528185359102E+024 < Ne <  3.503083125445546E+024
  3.502528185359102E+024 < Nh <  3.503083125445546E+024
 CFL_Te=  1.745793815264229E-003 maxCFL_Ne=  1.365393865328259E-003 maxCFL_Ts=
  5.102730414025309E-004 CPU=   386.168457103258      NumThreads=           1 
 Elapsed time=  2.589543453396584E-003
 CFL_Limit=  1.000000000000000E-003
 dt_init=  1.000000000000000E-018 dt=  1.000000000000000E-018
 Time= -3.900000000042456E-014 Intensity=   71059807549599.2     
   4678.03422758800      < Te <    4678.03494679133     
   4710.42141782819      < Th <    4710.42214096290     
   80.0303250529364      < Ts <   80.0303302742618     
  4.097383127759919E+024 < Ne <  4.098019493068416E+024
  4.097383127759920E+024 < Nh <  4.098019493068416E+024
 CFL_Te=  1.744577736441789E-003 maxCFL_Ne=  1.365440733094305E-003 maxCFL_Ts=
  5.102866672079858E-004 CPU=   386.085383869324      NumThreads=           1 
 Elapsed time=  2.590100640376648E-003
 CFL_Limit=  1.000000000000000E-003
 dt_init=  1.000000000000000E-018 dt=  1.000000000000000E-018
 Time= -3.800000000042158E-014 Intensity=   81202640199250.8     
   4666.51074107558      < Te <    4666.51176925434     
   4707.44369641359      < Th <    4707.44473209806     
   80.0359703958807      < Ts <   80.0359764855111     
  4.778313906674530E+024 < Ne <  4.779041120736645E+024
  4.778313906674530E+024 < Nh <  4.779041120736645E+024
 CFL_Te=  1.735212896899347E-003 maxCFL_Ne=  1.362828967467040E-003 maxCFL_Ts=
  5.103025780606485E-004 CPU=   386.003186442615      NumThreads=           1 
 Elapsed time=  2.590652189211045E-003
 CFL_Limit=  1.000000000000000E-003
 dt_init=  1.000000000000000E-018 dt=  1.000000000000000E-018
 Time= -3.700000000041861E-014 Intensity=   92472076146496.7     
   4658.89349238748      < Te <    4658.89486652700     
   4706.52008324671      < Th <    4706.52146960370     
   80.0425443271531      < Ts <   80.0425514078881     
  5.555080768128472E+024 < Ne <  5.555908926602289E+024
  5.555080768128472E+024 < Nh <  5.555908926602289E+024
 CFL_Te=  1.729286462537748E-003 maxCFL_Ne=  1.361500290226007E-003 maxCFL_Ts=
  5.103210994576120E-004 CPU=   385.929446015172      NumThreads=           1 
 Elapsed time=  2.591147191087062E-003
 CFL_Limit=  1.000000000000000E-003
 dt_init=  1.000000000000000E-018 dt=  1.000000000000000E-018
 Time= -3.600000000041563E-014 Intensity=   104941035677998.     
   4653.34400521646      < Te <    4653.34576476558     
   4703.93288545688      < Th <    4703.93466229712     
   80.0501762725393      < Ts <   80.0501844806953     
  6.438108324793050E+024 < Ne <  6.439048178052016E+024
  6.438108324793050E+024 < Nh <  6.439048178052016E+024
 CFL_Te=  1.724438863822995E-003 maxCFL_Ne=  1.360418130271687E-003 maxCFL_Ts=
  5.103425928074677E-004 CPU=   385.852009841263      NumThreads=           1 
 Elapsed time=  2.591667205287837E-003
 CFL_Limit=  1.000000000000000E-003
 dt_init=  1.000000000000000E-018 dt=  1.000000000000000E-018
 Time= -3.500000000041266E-014 Intensity=   118679116201979.     
   4642.74327087725      < Te <    4642.74545505826     
   4702.40840851615      < Th <    4702.41061846484     
   80.0590096898751      < Ts <   80.0590191761634     
  7.438462246547946E+024 < Ne <  7.439525170197173E+024
  7.438462246547946E+024 < Nh <  7.439525170197173E+024
 CFL_Te=  1.715774293727432E-003 maxCFL_Ne=  1.358539270294719E-003 maxCFL_Ts=
  5.103674578504366E-004 CPU=   385.775565348516      NumThreads=           1 
 Elapsed time=  2.592180764731907E-003
 CFL_Limit=  1.000000000000000E-003
 dt_init=  1.000000000000000E-018 dt=  1.000000000000000E-018
 Time= -3.400000000040968E-014 Intensity=   133751117135266.     
   4637.00511602023      < Te <    4637.00776923253     
   4699.44925913261      < Th <    4699.45194580934     
   80.0692029297636      < Ts <   80.0692138603620     
  8.567813289080616E+024 < Ne <  8.569011241351844E+024
  8.567813289080616E+024 < Nh <  8.569011241351844E+024
 CFL_Te=  1.710353287317459E-003 maxCFL_Ne=  1.357580874492541E-003 maxCFL_Ts=
  5.103961347240261E-004 CPU=   385.696475292224      NumThreads=           1 
 Elapsed time=  2.592712311519949E-003
 CFL_Limit=  1.000000000000000E-003
 dt_init=  1.000000000000000E-018 dt=  1.000000000000000E-018
 Time= -3.300000000040671E-014 Intensity=   150215457241480.     
   4632.82303594838      < Te <    4632.82620364272     
   4698.81749261190      < Th <    4698.82070313856     
   80.0809301739419      < Ts <   80.0809427312389     
  9.838387650935202E+024 < Ne <  9.839733115833438E+024
  9.838387650935202E+024 < Nh <  9.839733115833438E+024
 CFL_Te=  1.706070906123416E-003 maxCFL_Ne=  1.357111477924777E-003 maxCFL_Ts=
  5.104291061583246E-004 CPU=   385.618524548742      NumThreads=           1 
 Elapsed time=  2.593236414589309E-003
 CFL_Limit=  1.000000000000000E-003
 dt_init=  1.000000000000000E-018 dt=  1.000000000000000E-018
 Time= -3.200000000040374E-014 Intensity=   168122505300198.     
   4618.53477720814      < Te <    4618.53849808350     
   4700.01389267411      < Th <    4700.01767600201     
   80.0943820675200      < Ts <   80.0943964505495     
  1.126290271084158E+025 < Ne <  1.126440862633473E+025
  1.126290271084158E+025 < Nh <  1.126440862633473E+025
 CFL_Te=  1.693954736537566E-003 maxCFL_Ne=  1.354748413768224E-003 maxCFL_Ts=
  5.104668987042606E-004 CPU=   385.547870525884      NumThreads=           1 
 Elapsed time=  2.593711641140721E-003
 CFL_Limit=  1.000000000000000E-003
 dt_init=  1.000000000000000E-018 dt=  1.000000000000000E-018
 Time= -3.100000000040076E-014 Intensity=   187512849914193.     
   4613.74684796225      < Te <    4613.75117445921     
   4696.59129737994      < Th <    4696.59569854128     
   80.1097665844678      < Ts <   80.1097830102055     
  1.285448761527883E+025 < Ne <  1.285616728617199E+025
  1.285448761527883E+025 < Nh <  1.285616728617199E+025
 CFL_Te=  1.688980627311843E-003 maxCFL_Ne=  1.354374203462752E-003 maxCFL_Ts=
  5.105100844927262E-004 CPU=   385.475442087864      NumThreads=           1 
 Elapsed time=  2.594198983425937E-003
 CFL_Limit=  1.000000000000000E-003
 dt_init=  1.000000000000000E-018 dt=  1.000000000000000E-018
 Time= -3.000000000039779E-014 Intensity=   208415539059104.     
   4597.47454667344      < Te <    4597.47951432848     
   4695.01685816172      < Th <    4695.02192735965     
   80.1273096373329      < Ts <   80.1273283404749     
  1.462658806854355E+025 < Ne <  1.462845506322024E+025
  1.462658806854355E+025 < Nh <  1.462845506322024E+025
 CFL_Te=  1.675018831644800E-003 maxCFL_Ne=  1.351985541314281E-003 maxCFL_Ts=
  5.105592821274355E-004 CPU=   385.403138441006      NumThreads=           1 
 Elapsed time=  2.594685668739228E-003
 CFL_Limit=  1.000000000000000E-003
 dt_init=  1.000000000000000E-018 dt=  1.000000000000000E-018
 Time= -2.900000000039481E-014 Intensity=   230846324469059.     
   4591.31580567298      < Te <    4591.32146958362     
   4694.29046577761      < Th <    4694.29625273880     
   80.1472554276172      < Ts <   80.1472766621894     
  1.659285544214285E+025 < Ne <  1.659492347397804E+025
  1.659285544214285E+025 < Nh <  1.659492347397804E+025
 CFL_Te=  1.668527736142303E-003 maxCFL_Ne=  1.351587242358210E-003 maxCFL_Ts=
  5.106151566809081E-004 CPU=   385.329831555527      NumThreads=           1 
 Elapsed time=  2.595179293446161E-003
 CFL_Limit=  1.000000000000000E-003
 dt_init=  1.000000000000000E-018 dt=  1.000000000000000E-018
 Time= -2.800000000039317E-014 Intensity=   254805949950995.     
   4585.83836413852      < Te <    4585.84477086651     
   4697.01845769074      < Th <    4697.02501544443     
   80.1698671423967      < Ts <   80.1698911811775     
  1.876702017480119E+025 < Ne <  1.876930296777116E+025
  1.876702017480119E+025 < Nh <  1.876930296777116E+025
 CFL_Te=  1.662099126950330E-003 maxCFL_Ne=  1.351475946658231E-003 maxCFL_Ts=
  5.106784204659081E-004 CPU=   385.258338171732      NumThreads=           1 
 Elapsed time=  2.595660887563300E-003
 CFL_Limit=  1.000000000000000E-003
 dt_init=  1.000000000000000E-018 dt=  1.000000000000000E-018
 Time= -2.700000000039335E-014 Intensity=   280278526036166.     
   4579.84455715844      < Te <    4579.85175048534     
   4691.36894266146      < Th <    4691.37630713163     
   80.1954268207251      < Ts <   80.1954539549135     
  2.116275018536083E+025 < Ne <  2.116526132522880E+025
  2.116275018536083E+025 < Nh <  2.116526132522880E+025
 CFL_Te=  1.655098611332150E-003 maxCFL_Ne=  1.351398271266939E-003 maxCFL_Ts=
  5.107498312595918E-004 CPU=   385.196622102678      NumThreads=           1 
 Elapsed time=  2.596076763449499E-003
 CFL_Limit=  1.000000000000000E-003
 dt_init=  1.000000000000000E-018 dt=  1.000000000000000E-018
 Time= -2.600000000039353E-014 Intensity=   307230035825305.     
   4560.78571039428      < Te <    4560.79371083424     
   4692.92725646853      < Th <    4692.93548334726     
   80.2242355501996      < Ts <   80.2242660898457     
  2.379349517970871E+025 < Ne <  2.379624795156202E+025
  2.379349517970871E+025 < Nh <  2.379624795156202E+025
 CFL_Te=  1.638179929401855E-003 maxCFL_Ne=  1.349579186382569E-003 maxCFL_Ts=
  5.108301912072153E-004 CPU=   385.134857394356      NumThreads=           1 
 Elapsed time=  2.596493100535060E-003
 CFL_Limit=  1.000000000000000E-003
 dt_init=  1.000000000000000E-018 dt=  1.000000000000000E-018
 Time= -2.500000000039371E-014 Intensity=   335607018286696.     
   4554.82781729786      < Te <    4554.83668396531     
   4695.14602110743      < Th <    4695.15515524073     
   80.2566129590027      < Ts <   80.2566472338576     
  2.667231812908642E+025 < Ne <  2.667532534344051E+025
  2.667231812908642E+025 < Nh <  2.667532534344051E+025
 CFL_Te=  1.630579090012467E-003 maxCFL_Ne=  1.350012276068179E-003 maxCFL_Ts=
  5.109203434866573E-004 CPU=   385.070340628965      NumThreads=           1 
 Elapsed time=  2.596928131017891E-003
 CFL_Limit=  1.000000000000000E-003
 dt_init=  1.000000000000000E-018 dt=  1.000000000000000E-018
 Time= -2.400000000039389E-014 Intensity=   365335475465722.     
   4549.31875044686      < Te <    4549.32852048475     
   4696.49830920087      < Th <    4696.50838939161     
   80.2928970501873      < Ts <   80.2929354071069     
  2.981171596812257E+025 < Ne <  2.981498977635591E+025
  2.981171596812257E+025 < Nh <  2.981498977635591E+025
 CFL_Te=  1.622936103541389E-003 maxCFL_Ne=  1.350764975194405E-003 maxCFL_Ts=
  5.110211696346690E-004 CPU=   385.008618127813      NumThreads=           1 
 Elapsed time=  2.597344456502594E-003
 CFL_Limit=  1.000000000000000E-003
 dt_init=  1.000000000000000E-018 dt=  1.000000000000000E-018
 Time= -2.300000000039407E-014 Intensity=   396320048934196.     
   4543.82988939092      < Te <    4543.84059519077     
   4699.88320386924      < Th <    4699.89427098268     
   80.3334437375856      < Ts <   80.3334865404981     
  3.322343137788940E+025 < Ne <  3.322698308059272E+025
  3.322343137788940E+025 < Nh <  3.322698308059272E+025
 CFL_Te=  1.614831173536443E-003 maxCFL_Ne=  1.351714124341267E-003 maxCFL_Ts=
  5.111335857188705E-004 CPU=   384.944647148065      NumThreads=           1 
 Elapsed time=  2.597776089130447E-003
 CFL_Limit=  1.000000000000000E-003
 dt_init=  1.000000000000000E-018 dt=  1.000000000000000E-018
 Time= -2.200000000039425E-014 Intensity=   428443508248521.     
   4539.25919982377      < Te <    4539.27087119708     
   4703.51049111734      < Th <    4703.52257803759     
   80.3786243458090      < Ts <   80.3786719742011     
  3.691825826517715E+025 < Ne <  3.692209811564288E+025
  3.691825826517715E+025 < Nh <  3.692209811564288E+025
 CFL_Te=  1.607586400277303E-003 maxCFL_Ne=  1.353316432229965E-003 maxCFL_Ts=
  5.112585325407350E-004 CPU=   384.878602973983      NumThreads=           1 
 Elapsed time=  2.598221860796971E-003
 CFL_Limit=  1.000000000000000E-003
 dt_init=  1.000000000000000E-018 dt=  1.000000000000000E-018
 Time= -2.100000000039444E-014 Intensity=   461566590146840.     
   4517.11938915190      < Te <    4517.13200087897     
   4706.03702272403      < Th <    4706.05015334644     
   80.4288252337926      < Ts <   80.4288780789937     
  4.090584426800254E+025 < Ne <  4.090998127373670E+025
  4.090584426800254E+025 < Nh <  4.090998127373670E+025
 CFL_Te=  1.586782573473565E-003 maxCFL_Ne=  1.353277645286310E-003 maxCFL_Ts=
  5.113969714127654E-004 CPU=   384.812015227668      NumThreads=           1 
 Elapsed time=  2.598671456265118E-003
 CFL_Limit=  1.000000000000000E-003
 dt_init=  1.000000000000000E-018 dt=  1.000000000000000E-018
 Time= -2.000000000039462E-014 Intensity=   495528221700863.     
   4530.25477495872      < Te <    4530.26843907225     
   4710.71733719149      < Th <    4710.73153791369     
   80.4844461271254      < Ts <   80.4845045981625     
  4.519449321626156E+025 < Ne <  4.519893494380157E+025
  4.519449321626156E+025 < Nh <  4.519893494380157E+025
 CFL_Te=  1.591396797605908E-003 maxCFL_Ne=  1.357212857629216E-003 maxCFL_Ts=
  5.115498760137738E-004 CPU=   384.747751731122      NumThreads=           1 
 Elapsed time=  2.599105506141701E-003
 CFL_Limit=  1.000000000000000E-003
 dt_init=  1.000000000000000E-018 dt=  1.000000000000000E-018
 Time= -1.900000000039480E-014 Intensity=   530146153688796.     
   4527.69797725402      < Te <    4527.71266169629     
   4714.74701795695      < Th <    4714.76230088503     
   80.5458975411717      < Ts <   80.5459620507580     
  4.979097115406903E+025 < Ne <  4.979572353635042E+025
  4.979097115406903E+025 < Nh <  4.979572353635042E+025
 CFL_Te=  1.584111759552101E-003 maxCFL_Ne=  1.360169091698304E-003 maxCFL_Ts=
  5.117182214343707E-004 CPU=   384.682641507110      NumThreads=           1 
 Elapsed time=  2.599545422902889E-003
 CFL_Limit=  1.000000000000000E-003
 dt_init=  1.000000000000000E-018 dt=  1.000000000000000E-018
 Time= -1.800000000039498E-014 Intensity=   565218022186468.     
   4506.57981356848      < Te <    4506.59545854143     
   4719.87402048980      < Th <    4719.89039565920     
   80.6135969211566      < Ts <   80.6136678875742     
  5.470031957309750E+025 < Ne <  5.470538672857413E+025
  5.470031957309750E+025 < Nh <  5.470538672857413E+025
 CFL_Te=  1.562874379252617E-003 maxCFL_Ne=  1.362278757044449E-003 maxCFL_Ts=
  5.119029694700926E-004 CPU=   384.616172221299      NumThreads=           1 
 Elapsed time=  2.599994675794922E-003
 CFL_Limit=  1.000000000000000E-003
 dt_init=  1.000000000000000E-018 dt=  1.000000000000000E-018
 Time= -1.700000000039516E-014 Intensity=   600522846939098.     
   4504.84066414225      < Te <    4504.85732672473     
   4725.00470473063      < Th <    4725.02217079053     
   80.6879672813174      < Ts <   80.6880451308715     
  5.992568039988691E+025 < Ne <  5.993106446517383E+025
  5.992568039988690E+025 < Nh <  5.993106446517383E+025
 CFL_Te=  1.555541474747214E-003 maxCFL_Ne=  1.366504087037741E-003 maxCFL_Ts=
  5.121050605574395E-004 CPU=   384.550746114898      NumThreads=           1 
 Elapsed time=  2.600437029710545E-003
 CFL_Limit=  1.000000000000000E-003
 dt_init=  1.000000000000000E-018 dt=  1.000000000000000E-018
 Time= -1.600000000039534E-014 Intensity=   635822964715928.     
   4503.81040317337      < Te <    4503.82807370285     
   4731.15516182191      < Th <    4731.17371274060     
   80.7694325588144      < Ts <   80.7695177147630     
  6.546813587176264E+025 < Ne <  6.547383684932835E+025
  6.546813587176263E+025 < Nh <  6.547383684932835E+025
 CFL_Te=  1.548396011228696E-003 maxCFL_Ne=  1.371478215792591E-003 maxCFL_Ts=
  5.123253965872674E-004 CPU=   384.486848452438      NumThreads=           1 
 Elapsed time=  2.600869194941277E-003
 CFL_Limit=  1.000000000000000E-003
 dt_init=  1.000000000000000E-018 dt=  1.000000000000000E-018
 Time= -1.500000000039552E-014 Intensity=   670866384802197.     
   4522.01419910849      < Te <    4522.03293522016     
   4737.02768407882      < Th <    4737.04730020953     
   80.8584140255950      < Ts <   80.8585069095165     
  7.132656757393186E+025 < Ne <  7.133258320290955E+025
  7.132656757393185E+025 < Nh <  7.133258320290955E+025
 CFL_Te=  1.554654419663321E-003 maxCFL_Ne=  1.377021546291619E-003 maxCFL_Ts=
  5.125648266081161E-004 CPU=   384.420996811817      NumThreads=           1 
 Elapsed time=  2.601314726025546E-003
 CFL_Limit=  1.000000000000000E-003
 dt_init=  1.000000000000000E-018 dt=  1.000000000000000E-018
 Time= -1.400000000039570E-014 Intensity=   705389542384163.     
   4523.07457034115      < Te <    4523.09427772367     
   4743.88888201584      < Th <    4743.90953980542     
   80.9553278619006      < Ts <   80.9554288795636     
  7.749753843052931E+025 < Ne <  7.750386407970422E+025
  7.749753843052929E+025 < Nh <  7.750386407970422E+025
 CFL_Te=  1.547945191419250E-003 maxCFL_Ne=  1.383020957055453E-003 maxCFL_Ts=
  5.128241356978604E-004 CPU=   384.356052565411      NumThreads=           1 
 Elapsed time=  2.601754267496062E-003
 CFL_Limit=  1.000000000000000E-003
 dt_init=  1.000000000000000E-018 dt=  1.000000000000000E-018
 Time= -1.300000000039588E-014 Intensity=   739120414174015.     
   4525.40283792128      < Te <    4525.42348496154     
   4765.08327654884      < Th <    4765.10500344761     
   81.0605744919976      < Ts <   81.0606840407425     
  8.397520062135212E+025 < Ne <  8.398182921314113E+025
  8.397520062135211E+025 < Nh <  8.398182921314113E+025
 CFL_Te=  1.541764886551791E-003 maxCFL_Ne=  1.389857021532795E-003 maxCFL_Ts=
  5.131040120562729E-004 CPU=   384.303174161848      NumThreads=           1 
 Elapsed time=  2.602112257284798E-003
 CFL_Limit=  1.000000000000000E-003
 dt_init=  1.000000000000000E-018 dt=  1.000000000000000E-018
 Time= -1.200000000039606E-014 Intensity=   771781949547466.     
   4528.91902535574      < Te <    4528.94057198192     
   4772.84323803651      < Th <    4772.86593046054     
   81.1745396549121      < Ts <   81.1746581074231     
  9.075123361653466E+025 < Ne <  9.075815557981083E+025
  9.075123361653464E+025 < Nh <  9.075815557981083E+025
 CFL_Te=  1.536396504575363E-003 maxCFL_Ne=  1.397648484552807E-003 maxCFL_Ts=
  5.134050460431188E-004 CPU=   384.248021742700      NumThreads=           1 
 Elapsed time=  2.602485747264613E-003
 CFL_Limit=  1.000000000000000E-003
 dt_init=  1.000000000000000E-018 dt=  1.000000000000000E-018
 Time= -1.100000000039625E-014 Intensity=   803095760155589.     
   4533.84799235466      < Te <    4533.87039151513     
   4780.91678213303      < Th <    4780.94038615330     
   81.2975874946444      < Ts <   81.2977152017427     
  9.781481378509151E+025 < Ne <  9.782201704174050E+025
  9.781481378509149E+025 < Nh <  9.782201704174050E+025
 CFL_Te=  1.531102404204521E-003 maxCFL_Ne=  1.406322893496199E-003 maxCFL_Ts=
  5.137277083675854E-004 CPU=   384.192553220169      NumThreads=           1 
 Elapsed time=  2.602861486039609E-003
 CFL_Limit=  1.000000000000000E-003
 dt_init=  1.000000000000000E-018 dt=  1.000000000000000E-018
 Time= -1.000000000039643E-014 Intensity=   832786001727559.     
   4556.69171439889      < Te <    4556.71499426721     
   4789.36713066075      < Th <    4789.39158365195     
   81.4300548104002      < Ts <   81.4301920979033     
  1.051526182785161E+026 < Ne <  1.051600882657133E+026
  1.051526182785161E+026 < Nh <  1.051600882657133E+026
 CFL_Te=  1.538816839669028E-003 maxCFL_Ne=  1.413408629351842E-003 maxCFL_Ts=
  5.140723323160611E-004 CPU=   384.137351159716      NumThreads=           1 
 Elapsed time=  2.603235527555408E-003
 CFL_Limit=  1.000000000000000E-003
 dt_init=  1.000000000000000E-018 dt=  1.000000000000000E-018
 Time= -9.000000000396607E-015 Intensity=   860583374007728.     
   4563.93570588508      < Te <    4563.95972090032     
   4814.25593129475      < Th <    4814.28124539415     
   81.5722466943564      < Ts <   81.5723938488966     
  1.127488644571747E+026 < Ne <  1.127565841829662E+026
  1.127488644571747E+026 < Nh <  1.127565841829662E+026
 CFL_Te=  1.534843157361923E-003 maxCFL_Ne=  1.423470370618298E-003 maxCFL_Ts=
  5.144391006785879E-004 CPU=   384.081353280532      NumThreads=           1 
 Elapsed time=  2.603615071283096E-003
 CFL_Limit=  1.000000000000000E-003
 dt_init=  1.000000000000000E-018 dt=  1.000000000000000E-018
 Time= -8.000000000396788E-015 Intensity=   886229158745714.     
   4572.83923050350      < Te <    4572.86391195794     
   4823.26140153111      < Th <    4823.28741521373     
   81.7244319363516      < Ts <   81.7245892015113     
  1.205853863596173E+026 < Ne <  1.205933364992828E+026
  1.205853863596173E+026 < Nh <  1.205933364992828E+026
 CFL_Te=  1.531514007878302E-003 maxCFL_Ne=  1.434642714788398E-003 maxCFL_Ts=
  5.148280332522349E-004 CPU=   384.025937886981      NumThreads=           1 
 Elapsed time=  2.603990775993625E-003
 CFL_Limit=  1.000000000000000E-003
 dt_init=  1.000000000000000E-018 dt=  1.000000000000000E-018
 Time= -7.000000000396969E-015 Intensity=   909479211697354.     
   4583.44447322352      < Te <    4583.46974596811     
   4832.83763286285      < Th <    4832.86425991667     
   81.8868378853944      < Ts <   81.8870054653848     
  1.286417465869227E+026 < Ne <  1.286499056127136E+026
  1.286417465869227E+026 < Nh <  1.286499056127136E+026
 CFL_Te=  1.529231596485992E-003 maxCFL_Ne=  1.447017460779712E-003 maxCFL_Ts=
  5.152389743820323E-004 CPU=   383.970816093195      NumThreads=           1 
 Elapsed time=  2.604364597744030E-003
 CFL_Limit=  1.000000000000000E-003
 dt_init=  1.000000000000000E-018 dt=  1.000000000000000E-018
 Time= -6.000000000397150E-015 Intensity=   930107822810978.     
   4609.01592746918      < Te <    4609.04178356848     
   4859.77872834022      < Th <    4859.80596860924     
   82.0596424795997      < Ts <   82.0598205414699     
  1.368953841825148E+026 < Ne <  1.369037285298961E+026
  1.368953841825147E+026 < Nh <  1.369037285298961E+026
 CFL_Te=  1.537763318868361E-003 maxCFL_Ne=  1.455090503009667E-003 maxCFL_Ts=
  5.156715751546389E-004 CPU=   383.917937458246      NumThreads=           1 
 Elapsed time=  2.604723307852103E-003
 CFL_Limit=  1.000000000000000E-003
 dt_init=  1.000000000000000E-018 dt=  1.000000000000000E-018
 Time= -5.000000000397331E-015 Intensity=   947911359388281.     
   4621.84616732734      < Te <    4621.87244086541     
   4869.45327556299      < Th <    4869.48093241561     
   82.2429809798207      < Ts <   82.2431696203131     
  1.453217976262023E+026 < Ne <  1.453303018900805E+026
  1.453217976262023E+026 < Nh <  1.453303018900805E+026
 CFL_Te=  1.536296523597171E-003 maxCFL_Ne=  1.468903291669293E-003 maxCFL_Ts=
  5.161253141881570E-004 CPU=   383.864355830240      NumThreads=           1 
 Elapsed time=  2.605086887625065E-003
 CFL_Limit=  1.000000000000000E-003
 dt_init=  1.000000000000000E-018 dt=  1.000000000000000E-018
 Time= -4.000000000397512E-015 Intensity=   962711610069942.     
   4648.32430749704      < Te <    4648.35097384736     
   4897.32455173007      < Th <    4897.35262012113     
   82.4369357433825      < Ts <   82.4371350277670     
  1.538947582562460E+026 < Ne <  1.539033954231238E+026
  1.538947582562460E+026 < Nh <  1.539033954231238E+026
 CFL_Te=  1.545097827929105E-003 maxCFL_Ne=  1.477318506249018E-003 maxCFL_Ts=
  5.165994772210692E-004 CPU=   383.811227453308      NumThreads=           1 
 Elapsed time=  2.605447492079041E-003
 CFL_Limit=  1.000000000000000E-003
 dt_init=  1.000000000000000E-018 dt=  1.000000000000000E-018
 Time= -3.000000000397693E-015 Intensity=   974358752857874.     
   4663.32432512937      < Te <    4663.35121353396     
   4906.30931094152      < Th <    4906.33757210896     
   82.6415294043969      < Ts <   82.6417393220497     
  1.625865527634501E+026 < Ne <  1.625952944642280E+026
  1.625865527634500E+026 < Nh <  1.625952944642280E+026
 CFL_Te=  1.544757961876900E-003 maxCFL_Ne=  1.492598772927037E-003 maxCFL_Ts=
  5.170931479745146E-004 CPU=   383.769158835001      NumThreads=           1 
 Elapsed time=  2.605733100168021E-003
 CFL_Limit=  1.000000000000000E-003
 dt_init=  1.000000000000000E-018 dt=  1.000000000000000E-018
 Time= -2.000000000397874E-015 Intensity=   982733878060183.     
   4690.31208842324      < Te <    4690.33915735958     
   4934.67365405238      < Th <    4934.70210240008     
   82.8567441290126      < Ts <   82.8569646380258     
  1.713682523934566E+026 < Ne <  1.713770691857157E+026
  1.713682523934565E+026 < Nh <  1.713770691857157E+026
 CFL_Te=  1.553697842381630E-003 maxCFL_Ne=  1.501236795841164E-003 maxCFL_Ts=
  5.176052633779279E-004 CPU=   383.728157104279      NumThreads=           1 
 Elapsed time=  2.606011525310734E-003
 CFL_Limit=  1.000000000000000E-003
 dt_init=  1.000000000000000E-018 dt=  1.000000000000000E-018
 Time= -1.000000000397902E-015 Intensity=   987751006861215.     
   4707.29560264892      < Te <    4707.32268257550     
   4944.86647926916      < Th <    4944.89489287221     
   83.0824943789573      < Ts <   83.0827253606697     
  1.802099994947473E+026 < Ne <  1.802188611569575E+026
  1.802099994947473E+026 < Nh <  1.802188611569575E+026
 CFL_Te=  1.554609532961308E-003 maxCFL_Ne=  1.517961515239361E-003 maxCFL_Ts=
  5.181345580015467E-004 CPU=   383.687961509526      NumThreads=           1 
 Elapsed time=  2.606284534093137E-003
 CFL_Limit=  1.000000000000000E-003
 dt_init=  1.000000000000000E-018 dt=  1.000000000000000E-018
 Time= -3.978898472655851E-025 Intensity=   989358557592079.     
   4734.36207710297      < Te <    4734.38911079589     
   4973.26437643816      < Th <    4973.29273828837     
   83.3186486543835      < Ts <   83.3188899607388     
  1.890813146372445E+026 < Ne <  1.890901904828192E+026
  1.890813146372445E+026 < Nh <  1.890901904828192E+026
 CFL_Te=  1.563548380818289E-003 maxCFL_Ne=  1.526689640694524E-003 maxCFL_Ts=
  5.186796277413478E-004 CPU=   383.647290105326      NumThreads=           1 
 Elapsed time=  2.606560832804164E-003
 CFL_Limit=  1.000000000000000E-003
 dt_init=  1.000000000000000E-018 dt=  1.000000000000000E-018
