 Hello from thread =           0
 Hello from thread =           1
OpenMP TEST
Number of Threads = 2
*******************************
 Pi =    3.14159265358979     
 Read PolarizationSource TM:                      0
 Read phiMie0:    270.000000000000      deg -> rad
 Importing data on Polarization.
 Loading GMSH mesh...
 MESH INFORMATIONS
 [GMSH] Quadrangles number
      120000
 [GMSH] Node number
      120704
 Latest running index while remeshing                  2604
 [Mesh] Building...
 
 [Mesh] Convergence (                   500 )=  1.081720079616934E-005
 [Mesh] Convergence (                  1000 )=  1.811262921339221E-006
 [Mesh] Convergence (                  1500 )=  2.579260365273512E-007
 [Mesh] Convergence (                  2000 )=  3.591470637911698E-008
 [Mesh] Convergence (                  2500 )=  4.985051651601679E-009
 [Mesh] Convergence (                  3000 )=  6.916293277754448E-010
 [Mesh] Convergence is reached. The show can go on.
 [Mesh) ITERATIONS=                  3490
 Vessel cells:                    51 *                    51 =
                  2601
 Matter cells:                    51 *                    51 =
                  2601
  -73.8000000000000       -74.2000000000000     
 Done.
 [Mesh] Calculation of normales and distances.
 NEEDLE CHECK
 North -3.766032663078631E-002  0.999290598273626     
 South -4.425498528455761E-002 -0.999020268201533     
 East  0.997763878544350       6.683743466154690E-002
 West -0.983550514119218      -0.180633291991876     
  1.008423591908063E-007  1.008040131466220E-007  6.226196335372929E-009
  6.051711821471932E-009
 VESSEL CHECK
 North -3.766032663078620E-002  0.999290598273619     
 South -4.425498528455753E-002 -0.999020268201532     
 East  0.997763878550900       6.683743466200739E-002
 West -0.983550514120851      -0.180633291992154     
  1.008423591908069E-007  1.008040131466208E-007  6.226196335372337E-009
  6.051711821474587E-009
 epsilon(   515.000000000000      nm)= (17.8254000000000,0.506690000000000)
 Re(sqrt(epsilon))=   4.22244004813930     
 [Poisson eq.] Filling matrix
 Starting time loop.
 Time= -1.990000000000033E-013 Intensity=  1.560808197333866E-015
   80.0000004771923      < Te <    80.0000004778535     
   80.0000004771923      < Th <    80.0000004778535     
   80.0000000000000      < Ts <   80.0000000000000     
   100000.000010074      < Ne <   100000.000010088     
   100000.000010074      < Nh <   100000.000010088     
 CFL_Te=  3.017299651248141E-005 maxCFL_Ne=  2.329135641854283E-005 maxCFL_Ts=
  5.102011094536748E-004 CPU=   607.283757743020      NumThreads=           2 
 Elapsed time=  3.293353353353354E-003
 CFL_Limit=  1.000000000000000E-003
 dt_init=  1.000000000000000E-018 dt=  1.000000000000000E-018
 Time= -1.980000000000067E-013 Intensity=  3.105441224724688E-015
   80.0000014274143      < Te <    80.0000014287279     
   80.0000014274143      < Th <    80.0000014287279     
   80.0000000000000      < Ts <   80.0000000000000     
   100000.000030177      < Ne <   100000.000030205     
   100000.000030177      < Nh <   100000.000030205     
 CFL_Te=  3.017299687086950E-005 maxCFL_Ne=  2.329135669519234E-005 maxCFL_Ts=
  5.102011094536748E-004 CPU=   613.693280764676      NumThreads=           2 
 Elapsed time=  3.258956978489245E-003
 CFL_Limit=  1.000000000000000E-003
 dt_init=  1.000000000000000E-018 dt=  1.000000000000000E-018
 Time= -1.970000000000100E-013 Intensity=  6.157323060963920E-015
   80.0000033123723      < Te <    80.0000033149747     
   80.0000033123723      < Th <    80.0000033149747     
   80.0000000000000      < Ts <   80.0000000000000     
   100000.000070097      < Ne <   100000.000070152     
   100000.000070097      < Nh <   100000.000070152     
 CFL_Te=  3.017299758180487E-005 maxCFL_Ne=  2.329135724398268E-005 maxCFL_Ts=
  5.102011094536748E-004 CPU=   615.988738435962      NumThreads=           2 
 Elapsed time=  3.246812604201400E-003
 CFL_Limit=  1.000000000000000E-003
 dt_init=  1.000000000000000E-018 dt=  1.000000000000000E-018
 Time= -1.960000000000134E-013 Intensity=  1.216621304889952E-014
   80.0000070405513      < Te <    80.0000070456914     
   80.0000070405513      < Th <    80.0000070456914     
   80.0000000000000      < Ts <   80.0000000000000     
   100000.000149097      < Ne <   100000.000149206     
   100000.000149097      < Nh <   100000.000149206     
 CFL_Te=  3.017299898793401E-005 maxCFL_Ne=  2.329135832941200E-005 maxCFL_Ts=
  5.102011094536748E-004 CPU=   617.135867654218      NumThreads=           2 
 Elapsed time=  3.240777444361090E-003
 CFL_Limit=  1.000000000000000E-003
 dt_init=  1.000000000000000E-018 dt=  1.000000000000000E-018
 Time= -1.950000000000167E-013 Intensity=  2.395596909112202E-014
   80.0000143907402      < Te <    80.0000144008592     
   80.0000143907402      < Th <    80.0000144008592     
   80.0000000000000      < Ts <   80.0000000000000     
   100000.000304891      < Ne <   100000.000305106     
   100000.000304891      < Nh <   100000.000305106     
 CFL_Te=  3.017300176014928E-005 maxCFL_Ne=  2.329136046936035E-005 maxCFL_Ts=
  5.102011094536748E-004 CPU=   617.788197143517      NumThreads=           2 
 Elapsed time=  3.237355471094219E-003
 CFL_Limit=  1.000000000000000E-003
 dt_init=  1.000000000000000E-018 dt=  1.000000000000000E-018
 Time= -1.940000000000200E-013 Intensity=  4.700747468172524E-014
   80.0000288335292      < Te <    80.0000288533826     
   80.0000288335292      < Th <    80.0000288533826     
   80.0000000000000      < Ts <   80.0000000000000     
   100000.000611069      < Ne <   100000.000611490     
   100000.000611069      < Nh <   100000.000611490     
 CFL_Te=  3.017300720742703E-005 maxCFL_Ne=  2.329136467426216E-005 maxCFL_Ts=
  5.102011094536748E-004 CPU=   618.254619492572      NumThreads=           2 
 Elapsed time=  3.234913152192032E-003
 CFL_Limit=  1.000000000000000E-003
 dt_init=  1.000000000000000E-018 dt=  1.000000000000000E-018
 Time= -1.930000000000234E-013 Intensity=  9.192104385628073E-014
   80.0000571166093      < Te <    80.0000571554287     
   80.0000571166093      < Th <    80.0000571554287     
   80.0000000000000      < Ts <   80.0000000000000     
   100000.001210710      < Ne <   100000.001211533     
   100000.001210710      < Nh <   100000.001211533     
 CFL_Te=  3.017301787474292E-005 maxCFL_Ne=  2.329137290865334E-005 maxCFL_Ts=
  5.102011094536748E-004 CPU=   618.580509305023      NumThreads=           2 
 Elapsed time=  3.233208886983855E-003
 CFL_Limit=  1.000000000000000E-003
 dt_init=  1.000000000000000E-018 dt=  1.000000000000000E-018
 Time= -1.920000000000267E-013 Intensity=  1.791256685535073E-013
   80.0001123131088      < Te <    80.0001123887518     
   80.0001123131088      < Th <    80.0001123887518     
   80.0000000000000      < Ts <   80.0000000000000     
   100000.002381029      < Ne <   100000.002382633     
   100000.002381029      < Nh <   100000.002382633     
 CFL_Te=  3.017303869279016E-005 maxCFL_Ne=  2.329138897867005E-005 maxCFL_Ts=
  5.102011094536748E-004 CPU=   618.840773290247      NumThreads=           2 
 Elapsed time=  3.231849106138267E-003
 CFL_Limit=  1.000000000000000E-003
 dt_init=  1.000000000000000E-018 dt=  1.000000000000000E-018
 Time= -1.910000000000300E-013 Intensity=  3.478528381353071E-013
   80.0002196622561      < Te <    80.0002198091443     
   80.0002196622561      < Th <    80.0002198091443     
   80.0000000000000      < Ts <   80.0000000000000     
   100000.004657240      < Ne <   100000.004660355     
   100000.004657240      < Nh <   100000.004660355     
 CFL_Te=  3.017307918085799E-005 maxCFL_Ne=  2.329142023251049E-005 maxCFL_Ts=
  5.102011094536748E-004 CPU=   619.019414502836      NumThreads=           2 
 Elapsed time=  3.230916435159462E-003
 CFL_Limit=  1.000000000000000E-003
 dt_init=  1.000000000000000E-018 dt=  1.000000000000000E-018
 Time= -1.900000000000334E-013 Intensity=  6.731752308218254E-013
   80.0004277202368      < Te <    80.0004280044882     
   80.0004277202368      < Th <    80.0004280044882     
   80.0000000000000      < Ts <   80.0000000000000     
   100000.009069042      < Ne <   100000.009075070     
   100000.009069042      < Nh <   100000.009075070     
 CFL_Te=  3.017315765251660E-005 maxCFL_Ne=  2.329148080691742E-005 maxCFL_Ts=
  5.102011094536748E-004 CPU=   619.166059668437      NumThreads=           2 
 Elapsed time=  3.230151215121512E-003
 CFL_Limit=  1.000000000000000E-003
 dt_init=  1.000000000000000E-018 dt=  1.000000000000000E-018
 Time= -1.890000000000367E-013 Intensity=  1.298241700107108E-012
   80.0008295731229      < Te <    80.0008301212920     
   80.0008295731229      < Th <    80.0008301212920     
   80.0000000000000      < Ts <   80.0000000000000     
   100000.017590517      < Ne <   100000.017602142     
   100000.017590517      < Nh <   100000.017602142     
 CFL_Te=  3.017330921633736E-005 maxCFL_Ne=  2.329159780315173E-005 maxCFL_Ts=
  5.102011094536748E-004 CPU=   619.295261811309      NumThreads=           2 
 Elapsed time=  3.229477316119647E-003
 CFL_Limit=  1.000000000000000E-003
 dt_init=  1.000000000000000E-018 dt=  1.000000000000000E-018
 Time= -1.880000000000400E-013 Intensity=  2.495041832982707E-012
   80.0016030472941      < Te <    80.0016041007629     
   80.0016030472941      < Th <    80.0016041007629     
   80.0000000000000      < Ts <   80.0000000000000     
   100000.033992970      < Ne <   100000.034015311     
   100000.033992970      < Nh <   100000.034015311     
 CFL_Te=  3.017360094175397E-005 maxCFL_Ne=  2.329182299393289E-005 maxCFL_Ts=
  5.102011094536748E-004 CPU=   619.387910119944      NumThreads=           2 
 Elapsed time=  3.228994249520793E-003
 CFL_Limit=  1.000000000000000E-003
 dt_init=  1.000000000000000E-018 dt=  1.000000000000000E-018
 Time= -1.870000000000434E-013 Intensity=  4.778537059130534E-012
   80.0030866582960      < Te <    80.0030886758433     
   80.0030866582960      < Th <    80.0030886758433     
   80.0000000000000      < Ts <   80.0000000000000     
   100000.065455825      < Ne <   100000.065498612     
   100000.065455825      < Nh <   100000.065498612     
 CFL_Te=  3.017416050412047E-005 maxCFL_Ne=  2.329225493533821E-005 maxCFL_Ts=
  5.102011094536748E-004 CPU=   619.486872432670      NumThreads=           2 
 Elapsed time=  3.228478421417032E-003
 CFL_Limit=  1.000000000000000E-003
 dt_init=  1.000000000000000E-018 dt=  1.000000000000000E-018
 Time= -1.860000000000467E-013 Intensity=  9.120254035482025E-012
   80.0059225487846      < Te <    80.0059263993136     
   80.0059225487846      < Th <    80.0059263993136     
   80.0000000000000      < Ts <   80.0000000000000     
   100000.125598495      < Ne <   100000.125680157     
   100000.125598495      < Nh <   100000.125680157     
 CFL_Te=  3.017523009553685E-005 maxCFL_Ne=  2.329308058203496E-005 maxCFL_Ts=
  5.102011094536748E-004 CPU=   619.545151449558      NumThreads=           2 
 Elapsed time=  3.228174726766197E-003
 CFL_Limit=  1.000000000000000E-003
 dt_init=  1.000000000000000E-018 dt=  1.000000000000000E-018
 Time= -1.850000000000501E-013 Intensity=  1.734657596048508E-011
   80.0113245385380      < Te <    80.0113318619150     
   80.0113245385380      < Th <    80.0113318619150     
   80.0000000000000      < Ts <   80.0000000000000     
   100000.240166294      < Ne <   100000.240321614     
   100000.240166294      < Nh <   100000.240321614     
 CFL_Te=  3.017726752324958E-005 maxCFL_Ne=  2.329465332788453E-005 maxCFL_Ts=
  5.102011094536748E-004 CPU=   619.569600913984      NumThreads=           2 
 Elapsed time=  3.228047336489099E-003
 CFL_Limit=  1.000000000000000E-003
 dt_init=  1.000000000000000E-018 dt=  1.000000000000000E-018
 Time= -1.840000000000534E-013 Intensity=  3.287876068756104E-011
   80.0215789929777      < Te <    80.0215928731939     
   80.0215789929777      < Th <    80.0215928731939     
   80.0000000000000      < Ts <   80.0000000000000     
   100000.457655500      < Ne <   100000.457949894     
   100000.457655500      < Nh <   100000.457949894     
 CFL_Te=  3.018113511845211E-005 maxCFL_Ne=  2.329763882978214E-005 maxCFL_Ts=
  5.102011094536748E-004 CPU=   619.635353173271      NumThreads=           2 
 Elapsed time=  3.227704794049628E-003
 CFL_Limit=  1.000000000000000E-003
 dt_init=  1.000000000000000E-018 dt=  1.000000000000000E-018
 Time= -1.830000000000567E-013 Intensity=  6.210291219805711E-011
   80.0409773625022      < Te <    80.0410035789654     
   80.0409773625022      < Th <    80.0410035789654     
   80.0000000000000      < Ts <   80.0000000000000     
   100000.869097027      < Ne <   100000.869653092     
   100000.869097027      < Nh <   100000.869653092     
 CFL_Te=  3.018845145510860E-005 maxCFL_Ne=  2.330328650898011E-005 maxCFL_Ts=
  5.102011094536748E-004 CPU=   619.679476723533      NumThreads=           2 
 Elapsed time=  3.227474969115830E-003
 CFL_Limit=  1.000000000000000E-003
 dt_init=  1.000000000000000E-018 dt=  1.000000000000000E-018
 Time= -1.820000000000601E-013 Intensity=  1.168969938842701E-010
   80.0775461539646      < Te <    80.0775954990055     
   80.0775461539646      < Th <    80.0775954990055     
   80.0000000000000      < Ts <   80.0000000000000     
   100001.644761343      < Ne <   100001.645808031     
   100001.644761343      < Nh <   100001.645808031     
 CFL_Te=  3.020224383024209E-005 maxCFL_Ne=  2.331393321836344E-005 maxCFL_Ts=
  5.102011094536748E-004 CPU=   619.728592687919      NumThreads=           2 
 Elapsed time=  3.227219178843269E-003
 CFL_Limit=  1.000000000000000E-003
 dt_init=  1.000000000000000E-018 dt=  1.000000000000000E-018
 Time= -1.810000000000634E-013 Intensity=  2.192752273564716E-010
   80.1462445460000      < Te <    80.1463371013870     
   80.1462445460000      < Th <    80.1463371013870     
   80.0000000000000      < Ts <   80.0000000000000     
   100003.102013743      < Ne <   100003.103977118     
   100003.102013743      < Nh <   100003.103977118     
 CFL_Te=  3.022815428437876E-005 maxCFL_Ne=  2.333393420242261E-005 maxCFL_Ts=
  5.102011094536748E-004 CPU=   619.767278186257      NumThreads=           2 
 Elapsed time=  3.227017737775673E-003
 CFL_Limit=  1.000000000000000E-003
 dt_init=  1.000000000000000E-018 dt=  1.000000000000000E-018
 Time= -1.800000000000667E-013 Intensity=  4.098931371387976E-010
   80.2748528994295      < Te <    80.2750258984084     
   80.2748528994295      < Th <    80.2750258984084     
   80.0000000000000      < Ts <   80.0000000000000     
   100005.830306826      < Ne <   100005.833976979     
   100005.830306826      < Nh <   100005.833976979     
 CFL_Te=  3.027666052658321E-005 maxCFL_Ne=  2.337137748967586E-005 maxCFL_Ts=
  5.102011094536748E-004 CPU=   619.736191451660      NumThreads=           2 
 Elapsed time=  3.227179608980450E-003
 CFL_Limit=  1.000000000000000E-003
 dt_init=  1.000000000000000E-018 dt=  1.000000000000000E-018
 Time= -1.790000000000701E-013 Intensity=  7.635659860009758E-010
   80.5147754825009      < Te <    80.5150977077397     
   80.5147754825009      < Th <    80.5150977077397     
   80.0000000000000      < Ts <   80.0000000000000     
   100010.920597008      < Ne <   100010.927433922     
   100010.920597008      < Nh <   100010.927433922     
 CFL_Te=  3.036715031682194E-005 maxCFL_Ne=  2.344122901919887E-005 maxCFL_Ts=
  5.102011094536748E-004 CPU=   619.775010957259      NumThreads=           2 
 Elapsed time=  3.226977475117862E-003
 CFL_Limit=  1.000000000000000E-003
 dt_init=  1.000000000000000E-018 dt=  1.000000000000000E-018
 Time= -1.780000000000734E-013 Intensity=  1.417481341681680E-009
   80.9607796898452      < Te <    80.9613777326583     
   80.9607796898452      < Th <    80.9613777326583     
   80.0000000000000      < Ts <   80.0000000000000     
   100020.384915271      < Ne <   100020.397607297     
   100020.384915271      < Nh <   100020.397607297     
 CFL_Te=  3.053536635822793E-005 maxCFL_Ne=  2.357107955539214E-005 maxCFL_Ts=
  5.102011094536748E-004 CPU=   619.796649844011      NumThreads=           2 
 Elapsed time=  3.226864812036911E-003
 CFL_Limit=  1.000000000000000E-003
 dt_init=  1.000000000000000E-018 dt=  1.000000000000000E-018
 Time= -1.770000000000767E-013 Intensity=  2.622303641321438E-009
   81.7869087278791      < Te <    81.7880146629082     
   81.7869087278791      < Th <    81.7880146629082     
   80.0000000000000      < Ts <   80.0000000000000     
   100037.920950449      < Ne <   100037.944430367     
   100037.920950449      < Nh <   100037.944430367     
 CFL_Te=  3.084695121366255E-005 maxCFL_Ne=  2.381160037736439E-005 maxCFL_Ts=
  5.102011094536748E-004 CPU=   619.828644154958      NumThreads=           2 
 Elapsed time=  3.226698247749903E-003
 CFL_Limit=  1.000000000000000E-003
 dt_init=  1.000000000000000E-018 dt=  1.000000000000000E-018
 Time= -1.760000000000801E-013 Intensity=  4.834409727130662E-009
   83.3114968398126      < Te <    83.3135343174002     
   83.3114968398126      < Th <    83.3135343174002     
   80.0000000000000      < Ts <   80.0000000000000     
   100070.300347433      < Ne <   100070.343634388     
   100070.300347433      < Nh <   100070.343634388     
 CFL_Te=  3.142196860753691E-005 maxCFL_Ne=  2.425547193854821E-005 maxCFL_Ts=
  5.102011094536748E-004 CPU=   619.365347046929      NumThreads=           2 
 Elapsed time=  3.229111879661652E-003
 CFL_Limit=  1.000000000000000E-003
 dt_init=  1.000000000000000E-018 dt=  1.000000000000000E-018
 Time= -1.750000000000834E-013 Intensity=  8.881754856682622E-009
   86.1141542515284      < Te <    86.1178929023222     
   86.1141542515284      < Th <    86.1178929023222     
   80.0000000000000      < Ts <   80.0000000000000     
   100129.880468515      < Ne <   100129.959995106     
   100129.880468515      < Nh <   100129.959995106     
 CFL_Te=  3.247902575509891E-005 maxCFL_Ne=  2.507144309237280E-005 maxCFL_Ts=
  5.102011094536748E-004 CPU=   619.402928678970      NumThreads=           2 
 Elapsed time=  3.228915956638266E-003
 CFL_Limit=  1.000000000000000E-003
 dt_init=  1.000000000000000E-018 dt=  1.000000000000000E-018
 Time= -1.740000000000868E-013 Intensity=  1.626106400450773E-008
   91.2445365392578      < Te <    91.2513662377266     
   91.2445365392578      < Th <    91.2513662377266     
   80.0000000000000      < Ts <   80.0000000000000     
   100239.132440150      < Ne <   100239.278040542     
   100239.132440150      < Nh <   100239.278040542     
 CFL_Te=  3.441401332949885E-005 maxCFL_Ne=  2.656511261379928E-005 maxCFL_Ts=
  5.102011094536748E-004 CPU=   619.429949093765      NumThreads=           2 
 Elapsed time=  3.228775106734874E-003
 CFL_Limit=  1.000000000000000E-003
 dt_init=  1.000000000000000E-018 dt=  1.000000000000000E-018
 Time= -1.730000000000901E-013 Intensity=  2.966839047968111E-008
   100.590396310925      < Te <    100.602807174859     
   100.590396310925      < Th <    100.602807174859     
   80.0000000000000      < Ts <   80.0000000000000     
   100438.774692973      < Ne <   100439.040341597     
   100438.774692973      < Nh <   100439.040341597     
 CFL_Te=  3.793892073718131E-005 maxCFL_Ne=  2.928608448481423E-005 maxCFL_Ts=
  5.102011094536748E-004 CPU=   619.437823065280      NumThreads=           2 
 Elapsed time=  3.228734064224601E-003
 CFL_Limit=  1.000000000000000E-003
 dt_init=  1.000000000000000E-018 dt=  1.000000000000000E-018
 Time= -1.720000000000934E-013 Intensity=  5.394284693830016E-008
   117.513847165894      < Te <    117.536249197223     
   117.513847165894      < Th <    117.536249197223     
   80.0000000000000      < Ts <   80.0000000000000     
   100802.330358980      < Ne <   100802.813359332     
   100802.330358980      < Nh <   100802.813359332     
 CFL_Te=  4.432181099443447E-005 maxCFL_Ne=  3.421321102660899E-005 maxCFL_Ts=
  5.102011094536748E-004 CPU=   619.405942381377      NumThreads=           2 
 Elapsed time=  3.228900246437373E-003
 CFL_Limit=  1.000000000000000E-003
 dt_init=  1.000000000000000E-018 dt=  1.000000000000000E-018
 Time= -1.710000000000968E-013 Intensity=  9.773915737714293E-008
   147.914690497261      < Te <    147.954753173813     
   147.914690497261      < Th <    147.954753173813     
   80.0000000000000      < Ts <   80.0000000000000     
   101462.088336280      < Ne <   101462.963485631     
   101462.088336280      < Nh <   101462.963485631     
 CFL_Te=  5.578786767371357E-005 maxCFL_Ne=  4.306417194200334E-005 maxCFL_Ts=
  5.102011094536748E-004 CPU=   619.300635979618      NumThreads=           2 
 Elapsed time=  3.229449291354874E-003
 CFL_Limit=  1.000000000000000E-003
 dt_init=  1.000000000000000E-018 dt=  1.000000000000000E-018
 Time= -1.700000000001001E-013 Intensity=  1.764810860648570E-007
   201.899448425070      < Te <    201.970112733338     
   201.899448425070      < Th <    201.970112733338     
   80.0000000000000      < Ts <   80.0000000000000     
   102655.234529025      < Ne <   102656.814727913     
   102655.234529025      < Nh <   102656.814727913     
 CFL_Te=  7.614889146079881E-005 maxCFL_Ne=  5.878139982406862E-005 maxCFL_Ts=
  5.102011094536748E-004 CPU=   619.239078425941      NumThreads=           2 
 Elapsed time=  3.229770325677523E-003
 CFL_Limit=  1.000000000000000E-003
 dt_init=  1.000000000000000E-018 dt=  1.000000000000000E-018
 Time= -1.690000000001034E-013 Intensity=  3.175576613512355E-007
   296.085173074796      < Te <    296.207157716903     
   296.085173074796      < Th <    296.207157716903     
   80.0000000000000      < Ts <   80.0000000000000     
   104805.529041717      < Ne <   104808.372430064     
   104805.529041717      < Nh <   104808.372430064     
 CFL_Te=  1.116722105161770E-004 maxCFL_Ne=  8.620281568994621E-005 maxCFL_Ts=
  5.102011094536748E-004 CPU=   619.166260741820      NumThreads=           2 
 Elapsed time=  3.230150166134392E-003
 CFL_Limit=  1.000000000000000E-003
 dt_init=  1.000000000000000E-018 dt=  1.000000000000000E-018
 Time= -1.680000000001068E-013 Intensity=  5.694320037504541E-007
   455.879563155227      < Te <    456.083025380395     
   455.879563155227      < Th <    456.093199705119     
   80.0000000000000      < Ts <   80.0000000000000     
   108667.397801465      < Ne <   108672.496454468     
   108667.397801465      < Nh <   108672.496454468     
 CFL_Te=  1.719406548393182E-004 maxCFL_Ne=  1.327256665755292E-004 maxCFL_Ts=
  5.102011094536748E-004 CPU=   618.828108700864      NumThreads=           2 
 Elapsed time=  3.231915247351480E-003
 CFL_Limit=  1.000000000000000E-003
 dt_init=  1.000000000000000E-018 dt=  1.000000000000000E-018
 Time= -1.670000000001101E-013 Intensity=  1.017550563976508E-006
   715.216050913485      < Te <    715.537439489408     
   715.216050913485      < Th <    715.546948886371     
   80.0000000000000      < Ts <   80.0000000000000     
   115579.216730968      < Ne <   115588.327805169     
   115579.216730968      < Nh <   115588.327805169     
 CFL_Te=  2.697526410144930E-004 maxCFL_Ne=  2.082293982340400E-004 maxCFL_Ts=
  5.102011094536748E-004 CPU=   618.775950761418      NumThreads=           2 
 Elapsed time=  3.232187672353708E-003
 CFL_Limit=  1.000000000000000E-003
 dt_init=  1.000000000000000E-018 dt=  1.000000000000000E-018
 Time= -1.660000000001134E-013 Intensity=  1.812028301742214E-006
   1108.19778687023      < Te <    1108.66510118914     
   1108.19778687023      < Th <    1108.67363491977     
   80.0000000000000      < Ts <   80.0000000000000     
   127906.928487481      < Ne <   127923.153257922     
   127906.928487481      < Nh <   127923.153257922     
 CFL_Te=  4.179705969865323E-004 maxCFL_Ne=  3.226428685284014E-004 maxCFL_Ts=
  5.102011094536748E-004 CPU=   618.706067221971      NumThreads=           2 
 Elapsed time=  3.232552751551516E-003
 CFL_Limit=  1.000000000000000E-003
 dt_init=  1.000000000000000E-018 dt=  1.000000000000000E-018
 Time= -1.650000000001168E-013 Intensity=  3.215650229074063E-006
   1647.08522860360      < Te <    1647.68969753641     
   1647.08522860360      < Th <    1647.69692280982     
   80.0000000000000      < Ts <   80.0000000000000     
   149818.214500975      < Ne <   149847.007200725     
   149818.214500975      < Nh <   149847.007200725     
 CFL_Te=  6.212187070246904E-004 maxCFL_Ne=  4.795356110286598E-004 maxCFL_Ts=
  5.102011094536748E-004 CPU=   618.715373709637      NumThreads=           2 
 Elapsed time=  3.232504128689391E-003
 CFL_Limit=  1.000000000000000E-003
 dt_init=  1.000000000000000E-018 dt=  1.000000000000000E-018
 Time= -1.640000000001201E-013 Intensity=  5.686793797512061E-006
   2294.37455819415      < Te <    2295.04891185563     
   2294.37455819415      < Th <    2295.05459269776     
   80.0000000000000      < Ts <   80.0000000000000     
   188628.652609993      < Ne <   188679.571751638     
   188628.652609993      < Nh <   188679.571751638     
 CFL_Te=  8.653519391222347E-004 maxCFL_Ne=  6.679886909222192E-004 maxCFL_Ts=
  5.102011094536748E-004 CPU=   618.711801433918      NumThreads=           2 
 Elapsed time=  3.232522792299786E-003
 CFL_Limit=  1.000000000000000E-003
 dt_init=  1.000000000000000E-018 dt=  1.000000000000000E-018
 Time= -1.630000000001235E-013 Intensity=  1.002215253558967E-005
   2960.12330315565      < Te <    2960.76284345005     
   2960.12330315565      < Th <    2960.76696060784     
   80.0000000000000      < Ts <   80.0000000000000     
   257134.007541321      < Ne <   257223.745180818     
   257134.007541321      < Nh <   257223.745180818     
 CFL_Te=  1.116447369623381E-003 maxCFL_Ne=  8.618160810672580E-004 maxCFL_Ts=
  5.102011094536748E-004 CPU=   618.652247376894      NumThreads=           2 
 Elapsed time=  3.232833968485635E-003
 CFL_Limit=  1.000000000000000E-003
 dt_init=  1.000000000000000E-018 dt=  1.000000000000000E-018
 Time= -1.620000000001268E-013 Intensity=  1.760148807143688E-005
   3545.08479608467      < Te <    3545.60550294304     
   3545.08479608467      < Th <    3545.60826738954     
   80.0000000000000      < Ts <   80.0000000000000     
   377636.439548080      < Ne <   377794.042045722     
   377636.439548080      < Nh <   377794.042045722     
 CFL_Te=  1.337072881883410E-003 maxCFL_Ne=  1.032122912838052E-003 maxCFL_Ts=
  5.102011094536748E-004 CPU=   618.494190530571      NumThreads=           2 
 Elapsed time=  3.233660122634807E-003
 CFL_Limit=  1.000000000000000E-003
 dt_init=  1.000000000000000E-018 dt=  1.000000000000000E-018
 Time= -1.610000000001301E-013 Intensity=  3.080580861387861E-005
   3992.80612160870      < Te <    3993.18084358156     
   3992.80612160870      < Th <    3993.18258914734     
   80.0000000000000      < Ts <   80.0000000000000     
   588869.749484113      < Ne <   589145.582602720     
   588869.749484113      < Nh <   589145.582602720     
 CFL_Te=  1.505936555796155E-003 maxCFL_Ne=  1.162473374172557E-003 maxCFL_Ts=
  5.102011094536748E-004 CPU=   618.314677666989      NumThreads=           2 
 Elapsed time=  3.234598938434319E-003
 CFL_Limit=  1.000000000000000E-003
 dt_init=  1.000000000000000E-018 dt=  1.000000000000000E-018
 Time= -1.600000000001335E-013 Intensity=  5.372923910690367E-005
   4301.09011975485      < Te <    4301.33704709787     
   4301.09011975485      < Th <    4301.33810261790     
   80.0000000000000      < Ts <   80.0000000000000     
   957867.968133179      < Ne <   958349.056171937     
   957867.968133179      < Nh <   958349.056171937     
 CFL_Te=  1.622209705114069E-003 maxCFL_Ne=  1.252227779624124E-003 maxCFL_Ts=
  5.102011094536748E-004 CPU=   618.197794779243      NumThreads=           2 
 Elapsed time=  3.235210505262632E-003
 CFL_Limit=  1.000000000000000E-003
 dt_init=  1.000000000000000E-018 dt=  1.000000000000000E-018
 Time= -1.590000000001368E-013 Intensity=  9.338639650887173E-005
   4498.49788389463      < Te <    4498.65156804554     
   4498.49788389464      < Th <    4498.65218908676     
   80.0000000000000      < Ts <   80.0000000000000     
   1600232.26414848      < Ne <   1601068.43984019     
   1600232.26414848      < Nh <   1601068.43984019     
 CFL_Te=  1.696664501906534E-003 maxCFL_Ne=  1.309701461710890E-003 maxCFL_Ts=
  5.102011094536748E-004 CPU=   618.074219936448      NumThreads=           2 
 Elapsed time=  3.235857337983854E-003
 CFL_Limit=  1.000000000000000E-003
 dt_init=  1.000000000000000E-018 dt=  1.000000000000000E-018
 Time= -1.580000000001401E-013 Intensity=  1.617526464825109E-004
   4619.24705023830      < Te <    4619.33945546480     
   4619.24705023831      < Th <    4619.33981518671     
   80.0000000000000      < Ts <   80.0000000000000     
   2714613.46480080      < Ne <   2716061.78754077     
   2714613.46480080      < Nh <   2716061.78754077     
 CFL_Te=  1.742206553822039E-003 maxCFL_Ne=  1.344856609883097E-003 maxCFL_Ts=
  5.102011094536748E-004 CPU=   617.968095916464      NumThreads=           2 
 Elapsed time=  3.236413033643659E-003
 CFL_Limit=  1.000000000000000E-003
 dt_init=  1.000000000000000E-018 dt=  1.000000000000000E-018
 Time= -1.570000000001435E-013 Intensity=  2.791991054014986E-004
   4691.12653140612      < Te <    4691.18099895488     
   4691.12653140612      < Th <    4691.18120565547     
   80.0000000000000      < Ts <   80.0000000000000     
   4641168.51731424      < Ne <   4643668.44818094     
   4641168.51731423      < Nh <   4643668.44818094     
 CFL_Te=  1.769316795342771E-003 maxCFL_Ne=  1.365783742446514E-003 maxCFL_Ts=
  5.102011094536748E-004 CPU=   617.803854496050      NumThreads=           2 
 Elapsed time=  3.237273424963371E-003
 CFL_Limit=  1.000000000000000E-003
 dt_init=  1.000000000000000E-018 dt=  1.000000000000000E-018
 Time= -1.560000000001468E-013 Intensity=  4.802545629240912E-004
   4733.25823147325      < Te <    4733.28998043151     
   4733.25823147324      < Th <    4733.29009881944     
   80.0000000000000      < Ts <   80.0000000000000     
   7960299.10132209      < Ne <   7964599.26998881     
   7960299.10132209      < Nh <   7964599.26998881     
 CFL_Te=  1.785207290737866E-003 maxCFL_Ne=  1.378050047908130E-003 maxCFL_Ts=
  5.102011094536748E-004 CPU=   617.659004149478      NumThreads=           2 
 Elapsed time=  3.238032614377600E-003
 CFL_Limit=  1.000000000000000E-003
 dt_init=  1.000000000000000E-018 dt=  1.000000000000000E-018
 Time= -1.550000000001501E-013 Intensity=  8.232350018316378E-004
   4757.73684107280      < Te <    4757.75522506862     
   4757.73684107280      < Th <    4757.75529284765     
   80.0000000000000      < Ts <   80.0000000000000     
   13658825.0059179      < Ne <   13666196.1996772     
   13658825.0059179      < Nh <   13666196.1996772     
 CFL_Te=  1.794439703208766E-003 maxCFL_Ne=  1.385176798125789E-003 maxCFL_Ts=
  5.102011094536748E-004 CPU=   617.534828657621      NumThreads=           2 
 Elapsed time=  3.238683726305029E-003
 CFL_Limit=  1.000000000000000E-003
 dt_init=  1.000000000000000E-018 dt=  1.000000000000000E-018
 Time= -1.540000000001535E-013 Intensity=  1.406277423666162E-003
   4771.87769674552      < Te <    4771.88828716115     
   4771.87769674552      < Th <    4771.88832601433     
   80.0000000000000      < Ts <   80.0000000000000     
   23408631.3461357      < Ne <   23421223.0647876     
   23408631.3461357      < Nh <   23421223.0647876     
 CFL_Te=  1.799773103038160E-003 maxCFL_Ne=  1.389293794470437E-003 maxCFL_Ts=
  5.102011094536748E-004 CPU=   617.384174164211      NumThreads=           2 
 Elapsed time=  3.239474032044175E-003
 CFL_Limit=  1.000000000000000E-003
 dt_init=  1.000000000000000E-018 dt=  1.000000000000000E-018
 Time= -1.530000000001568E-013 Intensity=  2.393938736395840E-003
   4780.00198343831      < Te <    4780.00804533936     
   4780.00198343831      < Th <    4780.00806766062     
   80.0000000000000      < Ts <   80.0000000000000     
   40032217.8773097      < Ne <   40053653.0528154     
   40032217.8773097      < Nh <   40053653.0528154     
 CFL_Te=  1.802837278945481E-003 maxCFL_Ne=  1.391659115168931E-003 maxCFL_Ts=
  5.102011094536748E-004 CPU=   617.221428663592      NumThreads=           2 
 Elapsed time=  3.240328198472308E-003
 CFL_Limit=  1.000000000000000E-003
 dt_init=  1.000000000000000E-018 dt=  1.000000000000000E-018
 Time= -1.520000000001602E-013 Intensity=  4.061158219602303E-003
   4784.63179163936      < Te <    4784.63522356543     
   4784.63179163936      < Th <    4784.63523642462     
   80.0000000000000      < Ts <   80.0000000000000     
   68277683.9104500      < Ne <   68314047.2637323     
   68277683.9104500      < Nh <   68314047.2637323     
 CFL_Te=  1.804583468768862E-003 maxCFL_Ne=  1.393007046572892E-003 maxCFL_Ts=
  5.102011094536748E-004 CPU=   617.084104369737      NumThreads=           2 
 Elapsed time=  3.241049292693598E-003
 CFL_Limit=  1.000000000000000E-003
 dt_init=  1.000000000000000E-018 dt=  1.000000000000000E-018
 Time= -1.510000000001635E-013 Intensity=  6.865649637718419E-003
   4787.23116089666      < Te <    4787.23306339387     
   4787.23116089666      < Th <    4787.23307082488     
   80.0000000000000      < Ts <   80.0000000000000     
   116104122.150204      < Ne <   116165596.742380     
   116104122.150204      < Nh <   116165596.742380     
 CFL_Te=  1.805563853257205E-003 maxCFL_Ne=  1.393763832016318E-003 maxCFL_Ts=
  5.102011094536748E-004 CPU=   616.972706484329      NumThreads=           2 
 Elapsed time=  3.241634482336374E-003
 CFL_Limit=  1.000000000000000E-003
 dt_init=  1.000000000000000E-018 dt=  1.000000000000000E-018
 Time= -1.500000000001668E-013 Intensity=  1.156666652093452E-002
   4788.64847665439      < Te <    4788.64948744267     
   4788.64847665438      < Th <    4788.64949175098     
   80.0000000000000      < Ts <   80.0000000000000     
   196805808.834542      < Ne <   196909376.035027     
   196805808.834542      < Nh <   196909376.035027     
 CFL_Te=  1.806098411546702E-003 maxCFL_Ne=  1.394176472094742E-003 maxCFL_Ts=
  5.102011094536748E-004 CPU=   616.904287939469      NumThreads=           2 
 Elapsed time=  3.241993999879998E-003
 CFL_Limit=  1.000000000000000E-003
 dt_init=  1.000000000000000E-018 dt=  1.000000000000000E-018
 Time= -1.490000000001702E-013 Intensity=  1.941912432240791E-002
   4789.37555358481      < Te <    4789.37604262273     
   4789.37555358480      < Th <    4789.37604512902     
   80.0000000000000      < Ts <   80.0000000000000     
   332509750.667611      < Ne <   332683628.279841     
   332509750.667611      < Nh <   332683628.279841     
 CFL_Te=  1.806372637666142E-003 maxCFL_Ne=  1.394388154692607E-003 maxCFL_Ts=
  5.102011094536748E-004 CPU=   616.804786479645      NumThreads=           2 
 Elapsed time=  3.242516990529226E-003
 CFL_Limit=  1.000000000000000E-003
 dt_init=  1.000000000000000E-018 dt=  1.000000000000000E-018
 Time= -1.480000000001735E-013 Intensity=  3.248971634229540E-002
   4789.69795419889      < Te <    4789.69813654460     
   4789.69795419888      < Th <    4789.69813800763     
   80.0000000000000      < Ts <   80.0000000000000     
   559913485.388543      < Ne <   560204396.257880     
   559913485.388543      < Nh <   560204396.257880     
 CFL_Te=  1.806494235072967E-003 maxCFL_Ne=  1.394482019037197E-003 maxCFL_Ts=
  5.102011094536748E-004 CPU=   616.700562920868      NumThreads=           2 
 Elapsed time=  3.243064982018885E-003
 CFL_Limit=  1.000000000000000E-003
 dt_init=  1.000000000000000E-018 dt=  1.000000000000000E-018
 Time= -1.470000000001768E-013 Intensity=  5.416977693705801E-002
   4789.78186147516      < Te <    4789.78186245640     
   4789.78186147515      < Th <    4789.78186331341     
   80.0000000000000      < Ts <   80.0000000000000     
   939663677.221099      < Ne <   940148709.987821     
   939663677.221099      < Nh <   940148709.987821     
 CFL_Te=  1.806525881747206E-003 maxCFL_Ne=  1.394506447965522E-003 maxCFL_Ts=
  5.102011094536748E-004 CPU=   616.621913420415      NumThreads=           2 
 Elapsed time=  3.243478631672296E-003
 CFL_Limit=  1.000000000000000E-003
 dt_init=  1.000000000000000E-018 dt=  1.000000000000000E-018
 Time= -1.460000000001802E-013 Intensity=  9.000425155547633E-002
   4789.72413318524      < Te <    4789.72424033150     
   4789.72413318412      < Th <    4789.72424033150     
   80.0000000000000      < Ts <   80.0000000000000     
   1571629642.59681      < Ne <   1572435534.99499     
   1571629642.59681      < Nh <   1572435534.99499     
 CFL_Te=  1.806504149215252E-003 maxCFL_Ne=  1.394489672033194E-003 maxCFL_Ts=
  5.102011094536748E-004 CPU=   616.564939274907      NumThreads=           2 
 Elapsed time=  3.243778347747181E-003
 CFL_Limit=  1.000000000000000E-003
 dt_init=  1.000000000000000E-018 dt=  1.000000000000000E-018
 Time= -1.450000000001835E-013 Intensity=  0.149026620296781     
   4789.58165382477      < Te <    4789.58182618085     
   4789.58165382408      < Th <    4789.58182618085     
   80.0000000000000      < Ts <   80.0000000000000     
   2619686049.08483      < Ne <   2621020424.06341     
   2619686049.08483      < Nh <   2621020424.06341     
 CFL_Te=  1.806450435944686E-003 maxCFL_Ne=  1.394448209299167E-003 maxCFL_Ts=
  5.102011094536748E-004 CPU=   616.503913680036      NumThreads=           2 
 Elapsed time=  3.244099438171603E-003
 CFL_Limit=  1.000000000000000E-003
 dt_init=  1.000000000000000E-018 dt=  1.000000000000000E-018
 Time= -1.440000000001868E-013 Intensity=  0.245900566933201     
   4789.38769614374      < Te <    4789.38790849045     
   4789.38769614333      < Th <    4789.38790849045     
   80.0000000000000      < Ts <   80.0000000000000     
   4351777839.95345      < Ne <   4353979618.16819     
   4351777839.95345      < Nh <   4353979618.16819     
 CFL_Te=  1.806377297472670E-003 maxCFL_Ne=  1.394391751723969E-003 maxCFL_Ts=
  5.102011094536748E-004 CPU=   616.400620931246      NumThreads=           2 
 Elapsed time=  3.244643065054733E-003
 CFL_Limit=  1.000000000000000E-003
 dt_init=  1.000000000000000E-018 dt=  1.000000000000000E-018
 Time= -1.430000000001902E-013 Intensity=  0.404343119790425     
   4789.16183405520      < Te <    4789.16207153630     
   4789.16183405495      < Th <    4789.16207153630     
   80.0000000000000      < Ts <   80.0000000000000     
   7204453713.15490      < Ne <   7208074176.05056     
   7204453713.15490      < Nh <   7208074176.05056     
 CFL_Te=  1.806292120252803E-003 maxCFL_Ne=  1.394326001111965E-003 maxCFL_Ts=
  5.102011094536748E-004 CPU=   616.321013901754      NumThreads=           2 
 Elapsed time=  3.245062158985245E-003
 CFL_Limit=  1.000000000000000E-003
 dt_init=  1.000000000000000E-018 dt=  1.000000000000000E-018
 Time= -1.420000000001935E-013 Intensity=  0.662575595096888     
   4788.91560943463      < Te <    4788.91586328095     
   4788.91560943448      < Th <    4788.91586328095     
   80.0000000000000      < Ts <   80.0000000000000     
   11886430262.1156      < Ne <   11892362922.4158     
   11886430262.1156      < Nh <   11892362922.4158     
 CFL_Te=  1.806199259742983E-003 maxCFL_Ne=  1.394254319559537E-003 maxCFL_Ts=
  5.102011094536748E-004 CPU=   616.264898766279      NumThreads=           2 
 Elapsed time=  3.245357644097312E-003
 CFL_Limit=  1.000000000000000E-003
 dt_init=  1.000000000000000E-018 dt=  1.000000000000000E-018
 Time= -1.410000000001969E-013 Intensity=   1.08197110566200     
   4788.65583922809      < Te <    4788.65610425767     
   4788.65583922801      < Th <    4788.65610425767     
   80.0000000000000      < Ts <   80.0000000000000     
   19544182635.2930      < Ne <   19553870536.7454     
   19544182635.2930      < Nh <   19553870536.7454     
 CFL_Te=  1.806101288392273E-003 maxCFL_Ne=  1.394178692810058E-003 maxCFL_Ts=
  5.102011094536748E-004 CPU=   616.217089774497      NumThreads=           2 
 Elapsed time=  3.245609434058205E-003
 CFL_Limit=  1.000000000000000E-003
 dt_init=  1.000000000000000E-018 dt=  1.000000000000000E-018
 Time= -1.400000000002002E-013 Intensity=   1.76072179701996     
   4788.38655170721      < Te <    4788.38682485908     
   4788.38655170716      < Th <    4788.38682485908     
   80.0000000000000      < Ts <   80.0000000000000     
   32025737284.6974      < Ne <   32041502677.4033     
   32025737284.6974      < Nh <   32041502677.4033     
 CFL_Te=  1.805999726313448E-003 maxCFL_Ne=  1.394100294279917E-003 maxCFL_Ts=
  5.102011094536748E-004 CPU=   616.045766720649      NumThreads=           2 
 Elapsed time=  3.246512041867365E-003
 CFL_Limit=  1.000000000000000E-003
 dt_init=  1.000000000000000E-018 dt=  1.000000000000000E-018
 Time= -1.390000000002035E-013 Intensity=   2.85535866567550     
   4788.11012365652      < Te <    4788.11040312820     
   4788.11012365649      < Th <    4788.11040312820     
   80.0000000000000      < Ts <   80.0000000000000     
   52299358415.1148      < Ne <   52324925117.9775     
   52299358415.1148      < Nh <   52324925117.9775     
 CFL_Te=  1.805895470415047E-003 maxCFL_Ne=  1.394019816317200E-003 maxCFL_Ts=
  5.102011094536748E-004 CPU=   615.442571933085      NumThreads=           2 
 Elapsed time=  3.249693945802390E-003
 CFL_Limit=  1.000000000000000E-003
 dt_init=  1.000000000000000E-018 dt=  1.000000000000000E-018
 Time= -1.380000000002069E-013 Intensity=   4.61450845512207     
   4787.82795036730      < Te <    4787.82823510572     
   4787.82795036728      < Th <    4787.82823510572     
   80.0000000000000      < Ts <   80.0000000000000     
   85115630929.9101      < Ne <   85156948950.2406     
   85115630929.9101      < Nh <   85156948950.2406     
 CFL_Te=  1.805789047231206E-003 maxCFL_Ne=  1.393937665367922E-003 maxCFL_Ts=
  5.102011094536748E-004 CPU=   614.865456119535      NumThreads=           2 
 Elapsed time=  3.252744124905241E-003
 CFL_Limit=  1.000000000000000E-003
 dt_init=  1.000000000000000E-018 dt=  1.000000000000000E-018
 Time= -1.370000000002102E-013 Intensity=   7.43164701947838     
   4787.54084162693      < Te <    4787.54113102706     
   4787.54084162692      < Th <    4787.54113102706     
   80.0000000000000      < Ts <   80.0000000000000     
   138050574274.369      < Ne <   138117116777.849     
   138050574274.369      < Nh <   138117116777.849     
 CFL_Te=  1.805680762352297E-003 maxCFL_Ne=  1.393854077325604E-003 maxCFL_Ts=
  5.102011094536748E-004 CPU=   614.293738398684      NumThreads=           2 
 Elapsed time=  3.255771424943253E-003
 CFL_Limit=  1.000000000000000E-003
 dt_init=  1.000000000000000E-018 dt=  1.000000000000000E-018
 Time= -1.360000000002135E-013 Intensity=   11.9272288320214     
   4787.24925650262      < Te <    4787.24955022843     
   4787.24925650262      < Th <    4787.24955022843     
   80.0000000000000      < Ts <   80.0000000000000     
   223143006120.899      < Ne <   223249801784.094     
   223143006120.899      < Nh <   223249801784.094     
 CFL_Te=  1.805570789022701E-003 maxCFL_Ne=  1.393769185922290E-003 maxCFL_Ts=
  5.102011094536748E-004 CPU=   613.777272840047      NumThreads=           2 
 Elapsed time=  3.258511007984500E-003
 CFL_Limit=  1.000000000000000E-003
 dt_init=  1.000000000000000E-018 dt=  1.000000000000000E-018
 Time= -1.350000000002169E-013 Intensity=   19.0760687668457     
   4786.95344298256      < Te <    4786.95374086041     
   4786.95344298256      < Th <    4786.95374086041     
   80.0000000000000      < Ts <   80.0000000000000     
   359455197066.724      < Ne <   359626002998.214     
   359455197066.724      < Nh <   359626002998.214     
 CFL_Te=  1.805459220835498E-003 maxCFL_Ne=  1.393683063405024E-003 maxCFL_Ts=
  5.102011094536748E-004 CPU=   613.281704661028      NumThreads=           2 
 Elapsed time=  3.261144079139679E-003
 CFL_Limit=  1.000000000000000E-003
 dt_init=  1.000000000000000E-018 dt=  1.000000000000000E-018
 Time= -1.340000000002202E-013 Intensity=   30.4041633476423     
   4786.65352128615      < Te <    4786.65382324105     
   4786.65352128615      < Th <    4786.65382324105     
   80.0000000000000      < Ts <   80.0000000000000     
   577062637671.659      < Ne <   577334874658.518     
   577062637671.659      < Nh <   577334874658.518     
 CFL_Te=  1.805346103170135E-003 maxCFL_Ne=  1.393595744803435E-003 maxCFL_Ts=
  5.102011094536748E-004 CPU=   612.817986205574      NumThreads=           2 
 Elapsed time=  3.263611781996697E-003
 CFL_Limit=  1.000000000000000E-003
 dt_init=  1.000000000000000E-018 dt=  1.000000000000000E-018
 Time= -1.330000000002235E-013 Intensity=   48.2916545115885     
   4786.34953371653      < Te <    4786.34983973395     
   4786.34953371653      < Th <    4786.34983973395     
   80.0000000000000      < Ts <   80.0000000000000     
   923247492271.125      < Ne <   923679892744.313     
   923247492271.124      < Nh <   923679892744.313     
 CFL_Te=  1.805231452004576E-003 maxCFL_Ne=  1.393507242451350E-003 maxCFL_Ts=
  5.102011094536748E-004 CPU=   612.372818264169      NumThreads=           2 
 Elapsed time=  3.265984283347513E-003
 CFL_Limit=  1.000000000000000E-003
 dt_init=  1.000000000000000E-018 dt=  1.000000000000000E-018
 Time= -1.320000000002269E-013 Intensity=   76.4374099536951     
   4786.04147457685      < Te <    4786.04178467976     
   4786.04147457685      < Th <    4786.04178467976     
   80.0000000000000      < Ts <   80.0000000000000     
   1472077269933.12      < Ne <   1472761685756.76     
   1472077269933.11      < Nh <   1472761685756.76     
 CFL_Te=  1.805115265204320E-003 maxCFL_Ne=  1.393417554701087E-003 maxCFL_Ts=
  5.102011094536748E-004 CPU=   611.909053751431      NumThreads=           2 
 Elapsed time=  3.268459565581847E-003
 CFL_Limit=  1.000000000000000E-003
 dt_init=  1.000000000000000E-018 dt=  1.000000000000000E-018
 Time= -1.310000000002302E-013 Intensity=   120.568731186450     
   4785.72930816984      < Te <    4785.72962240487     
   4785.72930816984      < Th <    4785.72962240487     
   80.0000000000000      < Ts <   80.0000000000000     
   2339164019876.72      < Ne <   2340243584819.86     
   2339164019876.72      < Nh <   2340243584819.86     
 CFL_Te=  1.804997529314629E-003 maxCFL_Ne=  1.393326671166570E-003 maxCFL_Ts=
  5.102011094536748E-004 CPU=   611.462971795826      NumThreads=           2 
 Elapsed time=  3.270844012232061E-003
 CFL_Limit=  1.000000000000000E-003
 dt_init=  1.000000000000000E-018 dt=  1.000000000000000E-018
 Time= -1.300000000002336E-013 Intensity=   189.521405496306     
   4785.41297965059      < Te <    4785.41329807973     
   4785.41297965059      < Th <    4785.41329807973     
   80.0000000000000      < Ts <   80.0000000000000     
   3704321374318.34      < Ne <   3706018337245.78     
   3704321374318.34      < Nh <   3706018337245.78     
 CFL_Te=  1.804878223655848E-003 maxCFL_Ne=  1.393234575884609E-003 maxCFL_Ts=
  5.102011094536748E-004 CPU=   611.033159139549      NumThreads=           2 
 Elapsed time=  3.273144787782682E-003
 CFL_Limit=  1.000000000000000E-003
 dt_init=  1.000000000000000E-018 dt=  1.000000000000000E-018
 Time= -1.290000000002369E-013 Intensity=   296.877098171340     
   4785.09242157974      < Te <    4785.09274427521     
   4785.09242157974      < Th <    4785.09274427521     
   80.0000000000000      < Ts <   80.0000000000000     
   5846216274097.02      < Ne <   5848874493270.14     
   5846216274097.02      < Nh <   5848874493270.14     
 CFL_Te=  1.804757322796248E-003 maxCFL_Ne=  1.393141249223762E-003 maxCFL_Ts=
  5.102011094536748E-004 CPU=   610.640471495738      NumThreads=           2 
 Elapsed time=  3.275249665488247E-003
 CFL_Limit=  1.000000000000000E-003
 dt_init=  1.000000000000000E-018 dt=  1.000000000000000E-018
 Time= -1.280000000002402E-013 Intensity=   463.436221111202     
   4784.76755788078      < Te <    4784.76788492211     
   4784.76755788078      < Th <    4784.76788492211     
   80.0000000000000      < Ts <   80.0000000000000     
   9195167948715.81      < Ne <   9199317528008.04     
   9195167948715.81      < Nh <   9199317528008.04     
 CFL_Te=  1.804634798045376E-003 maxCFL_Ne=  1.393046669037088E-003 maxCFL_Ts=
  5.102011094536748E-004 CPU=   610.252733280495      NumThreads=           2 
 Elapsed time=  3.277330671259323E-003
 CFL_Limit=  1.000000000000000E-003
 dt_init=  1.000000000000000E-018 dt=  1.000000000000000E-018
 Time= -1.270000000002436E-013 Intensity=   720.938306690287     
   4784.43830622521      < Te <    4784.43863769731     
   4784.43830622521      < Th <    4784.43863769731     
   80.0000000000000      < Ts <   80.0000000000000     
   14413297836151.1      < Ne <   14419753073264.3     
   14413297836151.1      < Nh <   14419753073264.3     
 CFL_Te=  1.804510618354046E-003 maxCFL_Ne=  1.392950811356876E-003 maxCFL_Ts=
  5.102011094536748E-004 CPU=   609.837282115155      NumThreads=           2 
 Elapsed time=  3.279563350182879E-003
 CFL_Limit=  1.000000000000000E-003
 dt_init=  1.000000000000000E-018 dt=  1.000000000000000E-018
 Time= -1.260000000002469E-013 Intensity=   1117.63779565272     
   4784.10457946168      < Te <    4784.10491545380     
   4784.10457946168      < Th <    4784.10491545380     
   80.0000000000000      < Ts <   80.0000000000000     
   22515744299724.5      < Ne <   22525751559671.0     
   22515744299724.5      < Nh <   22525751559671.0     
 CFL_Te=  1.804384750853676E-003 maxCFL_Ne=  1.392853650810976E-003 maxCFL_Ts=
  5.102011094536748E-004 CPU=   609.458738844896      NumThreads=           2 
 Elapsed time=  3.281600332436925E-003
 CFL_Limit=  1.000000000000000E-003
 dt_init=  1.000000000000000E-018 dt=  1.000000000000000E-018
 Time= -1.250000000002502E-013 Intensity=   1726.62851138827     
   4783.76628646153      < Te <    4783.76662706658     
   4783.76628646153      < Th <    4783.76662706658     
   80.0000000000000      < Ts <   80.0000000000000     
   35053295964966.5      < Ne <   35068756090388.6     
   35053295964966.5      < Nh <   35068756090388.6     
 CFL_Te=  1.804257161175344E-003 maxCFL_Ne=  1.392755160869078E-003 maxCFL_Ts=
  5.102011094536748E-004 CPU=   609.098121684053      NumThreads=           2 
 Elapsed time=  3.283543207242763E-003
 CFL_Limit=  1.000000000000000E-003
 dt_init=  1.000000000000000E-018 dt=  1.000000000000000E-018
 Time= -1.240000000002536E-013 Intensity=   2658.22406883936     
   4783.42333260643      < Te <    4783.42367792069     
   4783.42333260643      < Th <    4783.42367792069     
   80.0000000000000      < Ts <   80.0000000000000     
   54386533278148.9      < Ne <   54410334853069.0     
   54386533278148.9      < Nh <   54410334853069.0     
 CFL_Te=  1.804127813633826E-003 maxCFL_Ne=  1.392655313984793E-003 maxCFL_Ts=
  5.102011094536748E-004 CPU=   608.730214435809      NumThreads=           2 
 Elapsed time=  3.285527730628035E-003
 CFL_Limit=  1.000000000000000E-003
 dt_init=  1.000000000000000E-018 dt=  1.000000000000000E-018
 Time= -1.230000000002569E-013 Intensity=   4078.29948007646     
   4783.07562005562      < Te <    4783.07597017848     
   4783.07562005561      < Th <    4783.07597017848     
   80.0000000000000      < Ts <   80.0000000000000     
   84095784678834.5      < Ne <   84132301522031.9     
   84095784678834.5      < Nh <   84132301522031.9     
 CFL_Te=  1.803996671328444E-003 maxCFL_Ne=  1.392554081673481E-003 maxCFL_Ts=
  5.102011094536748E-004 CPU=   608.338880316971      NumThreads=           2 
 Elapsed time=  3.287641255081235E-003
 CFL_Limit=  1.000000000000000E-003
 dt_init=  1.000000000000000E-018 dt=  1.000000000000000E-018
 Time= -1.220000000002602E-013 Intensity=   6235.35941631764     
   4782.72304787579      < Te <    4782.72340290971     
   4782.72304787579      < Th <    4782.72340290971     
   80.0000000000000      < Ts <   80.0000000000000     
   129591879091893.      < Ne <   129647710117864.     
   129591879091893.      < Nh <   129647710117864.     
 CFL_Te=  1.803863696192102E-003 maxCFL_Ne=  1.392451434550114E-003 maxCFL_Ts=
  5.102011094536748E-004 CPU=   607.944777204946      NumThreads=           2 
 Elapsed time=  3.289772484262619E-003
 CFL_Limit=  1.000000000000000E-003
 dt_init=  1.000000000000000E-018 dt=  1.000000000000000E-018
 Time= -1.210000000002636E-013 Intensity=   9500.33063335556     
   4782.36551208526      < Te <    4782.36587213574     
   4782.36551208526      < Th <    4782.36587213574     
   80.0000000000000      < Ts <   80.0000000000000     
   199022620847852.      < Ne <   199107686226748.     
   199022620847852.      < Nh <   199107686226748.     
 CFL_Te=  1.803728849007955E-003 maxCFL_Ne=  1.392347342342145E-003 maxCFL_Ts=
  5.102011094536748E-004 CPU=   607.581263474847      NumThreads=           2 
 Elapsed time=  3.291740743553716E-003
 CFL_Limit=  1.000000000000000E-003
 dt_init=  1.000000000000000E-018 dt=  1.000000000000000E-018
 Time= -1.200000000002669E-013 Intensity=   14424.8331367220     
   4782.00290564320      < Te <    4782.00327081884     
   4782.00290564320      < Th <    4782.00327081884     
   80.0000000000000      < Ts <   80.0000000000000     
   304613103359678.      < Ne <   304742262433748.     
   304613103359678.      < Nh <   304742262433748.     
 CFL_Te=  1.803592089405392E-003 maxCFL_Ne=  1.392241773886403E-003 maxCFL_Ts=
  5.102011094536748E-004 CPU=   607.226460937288      NumThreads=           2 
 Elapsed time=  3.293664108301354E-003
 CFL_Limit=  1.000000000000000E-003
 dt_init=  1.000000000000000E-018 dt=  1.000000000000000E-018
 Time= -1.190000000002703E-013 Intensity=   21826.1796778171     
   4781.63511840382      < Te <    4781.63548881633     
   4781.63511840382      < Th <    4781.63548881633     
   80.0000000000000      < Ts <   80.0000000000000     
   464640015367688.      < Ne <   464835445648109.     
   464640015367688.      < Nh <   464835445648109.     
 CFL_Te=  1.803453375842728E-003 maxCFL_Ne=  1.392134697115729E-003 maxCFL_Ts=
  5.102011094536748E-004 CPU=   606.880633841751      NumThreads=           2 
 Elapsed time=  3.295540981987432E-003
 CFL_Limit=  1.000000000000000E-003
 dt_init=  1.000000000000000E-018 dt=  1.000000000000000E-018
 Time= -1.180000000002736E-013 Intensity=   32910.8806942736     
   4781.26203704651      < Te <    4781.26241281081     
   4781.26203704651      < Th <    4781.26241281081     
   80.0000000000000      < Ts <   80.0000000000000     
   706328832560704.      < Ne <   706623514580237.     
   706328832560704.      < Nh <   706623514580237.     
 CFL_Te=  1.803312665580899E-003 maxCFL_Ne=  1.392026079038680E-003 maxCFL_Ts=
  5.102011094536748E-004 CPU=   606.545770141388      NumThreads=           2 
 Elapsed time=  3.297360394638960E-003
 CFL_Limit=  1.000000000000000E-003
 dt_init=  1.000000000000000E-018 dt=  1.000000000000000E-018
 Time= -1.170000000002769E-013 Intensity=   49453.3973638854     
   4780.88354498978      < Te <    4780.88392622413     
   4780.88354498978      < Th <    4780.88392622413     
   80.0000000000000      < Ts <   80.0000000000000     
  1.070089190755272E+015 < Ne <  1.070531993465068E+015
  1.070089190755272E+015 < Nh <  1.070531993465068E+015
 CFL_Te=  1.803169914651001E-003 maxCFL_Ne=  1.391915885714461E-003 maxCFL_Ts=
  5.102011094536748E-004 CPU=   606.206845541083      NumThreads=           2 
 Elapsed time=  3.299203918119495E-003
 CFL_Limit=  1.000000000000000E-003
 dt_init=  1.000000000000000E-018 dt=  1.000000000000000E-018
 Time= -1.160000000002803E-013 Intensity=   74053.8445926705     
   4780.49952229309      < Te <    4780.49990911913     
   4780.49952229309      < Th <    4780.49990911913     
   80.0000000000000      < Ts <   80.0000000000000     
  1.615683036091088E+015 < Ne <  1.616346109714671E+015
  1.615683036091088E+015 < Nh <  1.616346109714670E+015
 CFL_Te=  1.803025077817242E-003 maxCFL_Ne=  1.391804082224337E-003 maxCFL_Ts=
  5.102011094536748E-004 CPU=   605.905324579051      NumThreads=           2 
 Elapsed time=  3.300845724353861E-003
 CFL_Limit=  1.000000000000000E-003
 dt_init=  1.000000000000000E-018 dt=  1.000000000000000E-018
 Time= -1.150000000002836E-013 Intensity=   110508.055842179     
   4780.10984554951      < Te <    4780.11023809241     
   4780.10984554951      < Th <    4780.11023809241     
   80.0000000000000      < Ts <   80.0000000000000     
  2.431173407161619E+015 < Ne <  2.432162889587266E+015
  2.431173407161619E+015 < Nh <  2.432162889587266E+015
 CFL_Te=  1.802878108536493E-003 maxCFL_Ne=  1.391690632640400E-003 maxCFL_Ts=
  5.102011094536748E-004 CPU=   605.612171420271      NumThreads=           2 
 Elapsed time=  3.302443534629820E-003
 CFL_Limit=  1.000000000000000E-003
 dt_init=  1.000000000000000E-018 dt=  1.000000000000000E-018
 Time= -1.140000000002869E-013 Intensity=   164336.909951116     
   4779.71438777043      < Te <    4779.71478615902     
   4779.71438777043      < Th <    4779.71478615902     
   80.0000000000000      < Ts <   80.0000000000000     
  3.645857918227930E+015 < Ne <  3.647329380961951E+015
  3.645857918227930E+015 < Nh <  3.647329380961951E+015
 CFL_Te=  1.802728958914795E-003 maxCFL_Ne=  1.391575499991998E-003 maxCFL_Ts=
  5.102011094536748E-004 CPU=   605.325510944576      NumThreads=           2 
 Elapsed time=  3.304007453575042E-003
 CFL_Limit=  1.000000000000000E-003
 dt_init=  1.000000000000000E-018 dt=  1.000000000000000E-018
 Time= -1.130000000002903E-013 Intensity=   243540.472772856     
   4779.31301826362      < Te <    4779.31342263049     
   4779.31301826362      < Th <    4779.31342263049     
   80.0000000000000      < Ts <   80.0000000000000     
  5.448889904119529E+015 < Ne <  5.451070550779020E+015
  5.448889904119529E+015 < Nh <  5.451070550779020E+015
 CFL_Te=  1.802577579661365E-003 maxCFL_Ne=  1.391458646230240E-003 maxCFL_Ts=
  5.102011094536748E-004 CPU=   605.028254987805      NumThreads=           2 
 Elapsed time=  3.305630742882102E-003
 CFL_Limit=  1.000000000000000E-003
 dt_init=  1.000000000000000E-018 dt=  1.000000000000000E-018
 Time= -1.120000000002936E-013 Intensity=   359668.184683424     
   4778.90560250498      < Te <    4778.90601298661     
   4778.90560250498      < Th <    4778.90601298660     
   80.0000000000000      < Ts <   80.0000000000000     
  8.115985916945374E+015 < Ne <  8.119206364146558E+015
  8.115985916945373E+015 < Nh <  8.119206364146557E+015
 CFL_Te=  1.802423920040232E-003 maxCFL_Ne=  1.391340032190648E-003 maxCFL_Ts=
  5.102011094536748E-004 CPU=   604.725403426092      NumThreads=           2 
 Elapsed time=  3.307286230525347E-003
 CFL_Limit=  1.000000000000000E-003
 dt_init=  1.000000000000000E-018 dt=  1.000000000000000E-018
 Time= -1.110000000002969E-013 Intensity=   529331.514559278     
   4778.49200200411      < Te <    4778.49241874101     
   4778.49200200411      < Th <    4778.49241874100     
   80.0000000000000      < Ts <   80.0000000000000     
  1.204758432505787E+016 < Ne <  1.205232392751882E+016
  1.204758432505787E+016 < Nh <  1.205232392751882E+016
 CFL_Te=  1.802267927819535E-003 maxCFL_Ne=  1.391219617554029E-003 maxCFL_Ts=
  5.102011094536748E-004 CPU=   604.437655227828      NumThreads=           2 
 Elapsed time=  3.308860695063990E-003
 CFL_Limit=  1.000000000000000E-003
 dt_init=  1.000000000000000E-018 dt=  1.000000000000000E-018
 Time= -1.100000000003003E-013 Intensity=   776333.504121240     
   4778.07207416392      < Te <    4778.07249730079     
   4778.07207416392      < Th <    4778.07249730079     
   80.0000000000001      < Ts <   80.0000000000003     
  1.782315539698659E+016 < Ne <  1.783010664044450E+016
  1.782315539698659E+016 < Nh <  1.783010664044450E+016
 CFL_Te=  1.802109549218589E-003 maxCFL_Ne=  1.391097360805610E-003 maxCFL_Ts=
  5.102011094536749E-004 CPU=   604.154615396319      NumThreads=           2 
 Elapsed time=  3.310410860120668E-003
 CFL_Limit=  1.000000000000000E-003
 dt_init=  1.000000000000000E-018 dt=  1.000000000000000E-018
 Time= -1.090000000003036E-013 Intensity=   1134654.80755462     
   4777.64567213412      < Te <    4777.64610181998     
   4777.64567213412      < Th <    4777.64610181998     
   80.0000000000001      < Ts <   80.0000000000003     
  2.627820181085318E+016 < Ne <  2.628836144180491E+016
  2.627820181085318E+016 < Nh <  2.628836144180491E+016
 CFL_Te=  1.801948728852610E-003 maxCFL_Ne=  1.390973219192367E-003 maxCFL_Ts=
  5.102011094536749E-004 CPU=   603.892816169061      NumThreads=           2 
 Elapsed time=  3.311845987318542E-003
 CFL_Limit=  1.000000000000000E-003
 dt_init=  1.000000000000000E-018 dt=  1.000000000000000E-018
 Time= -1.080000000003070E-013 Intensity=   1652623.92535867     
   4777.21264465860      < Te <    4777.21308104696     
   4777.21264465860      < Th <    4777.21308104696     
   80.0000000000010      < Ts <   80.0000000000018     
  3.861300831602985E+016 < Ne <  3.862780581150178E+016
  3.861300831602985E+016 < Nh <  3.862780581150178E+016
 CFL_Te=  1.801785409675155E-003 maxCFL_Ne=  1.390847148678605E-003 maxCFL_Ts=
  5.102011094536775E-004 CPU=   603.644532324087      NumThreads=           2 
 Elapsed time=  3.313208176175828E-003
 CFL_Limit=  1.000000000000000E-003
 dt_init=  1.000000000000000E-018 dt=  1.000000000000000E-018
 Time= -1.070000000003103E-013 Intensity=   2398717.83430975     
   4776.77283591621      < Te <    4776.77327916523     
   4776.77283591621      < Th <    4776.77327916524     
   80.0000000000284      < Ts <   80.0000000000481     
  5.654563749535822E+016 < Ne <  5.656711547117752E+016
  5.654563749535822E+016 < Nh <  5.656711547117752E+016
 CFL_Te=  1.801619532918101E-003 maxCFL_Ne=  1.390719103899608E-003 maxCFL_Ts=
  5.102011094537550E-004 CPU=   603.402151569645      NumThreads=           2 
 Elapsed time=  3.314539059559780E-003
 CFL_Limit=  1.000000000000000E-003
 dt_init=  1.000000000000000E-018 dt=  1.000000000000000E-018
 Time= -1.060000000003136E-013 Intensity=   3469597.86881172     
   4776.32608535537      < Te <    4776.32653562803     
   4776.32608535537      < Th <    4776.32653562803     
   80.0000000000677      < Ts <   80.0000000001107     
  8.252633919927629E+016 < Ne <  8.255740577115504E+016
  8.252633919927627E+016 < Nh <  8.255740577115502E+016
 CFL_Te=  1.801451038029229E-003 maxCFL_Ne=  1.390589038113475E-003 maxCFL_Ts=
  5.102011094538658E-004 CPU=   603.122882240195      NumThreads=           2 
 Elapsed time=  3.316073819934255E-003
 CFL_Limit=  1.000000000000000E-003
 dt_init=  1.000000000000000E-018 dt=  1.000000000000000E-018
 Time= -1.050000000003170E-013 Intensity=   5001197.10000210     
   4775.87222752162      < Te <    4775.87268498588     
   4775.87222752162      < Th <    4775.87268498588     
   80.0000000001243      < Ts <   80.0000000002030     
  1.200368576713226E+017 < Ne <  1.200816380916893E+017
  1.200368576713226E+017 < Nh <  1.200816380916893E+017
 CFL_Te=  1.801279862607216E-003 maxCFL_Ne=  1.390456903150923E-003 maxCFL_Ts=
  5.102011094540255E-004 CPU=   602.839574349660      NumThreads=           2 
 Elapsed time=  3.317632227707660E-003
 CFL_Limit=  1.000000000000000E-003
 dt_init=  1.000000000000000E-018 dt=  1.000000000000000E-018
 Time= -1.040000000003203E-013 Intensity=   7183955.75640268     
   4775.41109187846      < Te <    4775.41155670746     
   4775.41109187846      < Th <    4775.41155670746     
   80.0000000002095      < Ts <   80.0000000003405     
  1.740066241996527E+017 < Ne <  1.740709489115563E+017
  1.740066241996527E+017 < Nh <  1.740709489115563E+017
 CFL_Te=  1.801105942334046E-003 maxCFL_Ne=  1.390322649363128E-003 maxCFL_Ts=
  5.102011094542662E-004 CPU=   602.556738267148      NumThreads=           2 
 Elapsed time=  3.319189501973979E-003
 CFL_Limit=  1.000000000000000E-003
 dt_init=  1.000000000000000E-018 dt=  1.000000000000000E-018
 Time= -1.030000000003236E-013 Intensity=   10283671.0777696     
   4774.94250262109      < Te <    4774.94297499331     
   4774.94250262109      < Th <    4774.94297499331     
   80.0000000003313      < Ts <   80.0000000005491     
  2.513892199111162E+017 < Ne <  2.514812992905154E+017
  2.513892199111161E+017 < Nh <  2.514812992905154E+017
 CFL_Te=  1.800929210904765E-003 maxCFL_Ne=  1.390186225567502E-003 maxCFL_Ts=
  5.102011094546105E-004 CPU=   602.277831411241      NumThreads=           2 
 Elapsed time=  3.320726574500769E-003
 CFL_Limit=  1.000000000000000E-003
 dt_init=  1.000000000000000E-018 dt=  1.000000000000000E-018
 Time= -1.020000000003270E-013 Intensity=   14669913.5881456     
   4774.46627848295      < Te <    4774.46675858246     
   4774.46627848295      < Th <    4774.46675858246     
   80.0000000005090      < Ts <   80.0000000008371     
  3.619576974731156E+017 < Ne <  3.620890510088378E+017
  3.619576974731156E+017 < Nh <  3.620890510088378E+017
 CFL_Te=  1.800749599954539E-003 maxCFL_Ne=  1.390047578991360E-003 maxCFL_Ts=
  5.102011094551119E-004 CPU=   601.994983819469      NumThreads=           2 
 Elapsed time=  3.322286819253257E-003
 CFL_Limit=  1.000000000000000E-003
 dt_init=  1.000000000000000E-018 dt=  1.000000000000000E-018
 Time= -1.010000000003303E-013 Intensity=   20854596.1456827     
   4773.98223253517      < Te <    4773.98272055179     
   4773.98223253517      < Th <    4773.98272055179     
   80.0000000007649      < Ts <   80.0000000012706     
  5.193975404703010E+017 < Ne <  5.195842712890551E+017
  5.193975404703010E+017 < Nh <  5.195842712890550E+017
 CFL_Te=  1.800567038982986E-003 maxCFL_Ne=  1.389906655213545E-003 maxCFL_Ts=
  5.102011094558353E-004 CPU=   601.718817439058      NumThreads=           2 
 Elapsed time=  3.323811624359842E-003
 CFL_Limit=  1.000000000000000E-003
 dt_init=  1.000000000000000E-018 dt=  1.000000000000000E-018
 Time= -1.000000000003336E-013 Intensity=   29544106.6529977     
   4773.49017197878      < Te <    4773.49066810831     
   4773.49017197877      < Th <    4773.49066810832     
   80.0000000011335      < Ts <   80.0000000018765     
  7.428027254318062E+017 < Ne <  7.430672616164951E+017
  7.428027254318062E+017 < Nh <  7.430672616164951E+017
 CFL_Te=  1.800381455275832E-003 maxCFL_Ne=  1.389763398103930E-003 maxCFL_Ts=
  5.102011094568757E-004 CPU=   601.437401648965      NumThreads=           2 
 Elapsed time=  3.325366853668537E-003
 CFL_Limit=  1.000000000000000E-003
 dt_init=  1.000000000000000E-018 dt=  1.000000000000000E-018
 Time= -9.900000000033698E-014 Intensity=   41709481.4776225     
   4772.98989792998      < Te <    4772.99040237443     
   4772.98989792998      < Th <    4772.99040237444     
   80.0000000016603      < Ts <   80.0000000027359     
  1.058715458540452E+018 < Ne <  1.059088922777282E+018
  1.058715458540452E+018 < Nh <  1.059088922777282E+018
 CFL_Te=  1.800192773823910E-003 maxCFL_Ne=  1.389617749760902E-003 maxCFL_Ts=
  5.102011094583635E-004 CPU=   601.159459396230      NumThreads=           2 
 Elapsed time=  3.326904315884316E-003
 CFL_Limit=  1.000000000000000E-003
 dt_init=  1.000000000000000E-018 dt=  1.000000000000000E-018
 Time= -9.800000000034032E-014 Intensity=   58680468.0536664     
   4772.48120519885      < Te <    4772.48171816665     
   4772.48120519885      < Th <    4772.48171816665     
   80.0000000024114      < Ts <   80.0000000039395     
  1.503896125239040E+018 < Ne <  1.504421546695812E+018
  1.503896125239040E+018 < Nh <  1.504421546695811E+018
 CFL_Te=  1.800000917239709E-003 maxCFL_Ne=  1.389469650446933E-003 maxCFL_Ts=
  5.102011094604849E-004 CPU=   600.906992574322      NumThreads=           2 
 Elapsed time=  3.328302091196973E-003
 CFL_Limit=  1.000000000000000E-003
 dt_init=  1.000000000000000E-018 dt=  1.000000000000000E-018
 Time= -9.700000000034366E-014 Intensity=   82271079.8515605     
   4771.96388206188      < Te <    4771.96440376807     
   4771.96388206188      < Th <    4771.96440376807     
   80.0000000034765      < Ts <   80.0000000056164     
  2.129069886852385E+018 < Ne <  2.129806537268851E+018
  2.129069886852385E+018 < Nh <  2.129806537268851E+018
 CFL_Te=  1.799805805671569E-003 maxCFL_Ne=  1.389319038522359E-003 maxCFL_Ts=
  5.102011094634933E-004 CPU=   600.645447618323      NumThreads=           2 
 Elapsed time=  3.329751366518122E-003
 CFL_Limit=  1.000000000000000E-003
 dt_init=  1.000000000000000E-018 dt=  1.000000000000000E-018
 Time= -9.600000000034699E-014 Intensity=   114946479.923098     
   4771.43771002959      < Te <    4771.43824069612     
   4771.43771002959      < Th <    4771.43824069612     
   80.0000000049830      < Ts <   80.0000000080242     
  3.003974027224194E+018 < Ne <  3.005003251268252E+018
  3.003974027224194E+018 < Nh <  3.005003251268252E+018
 CFL_Te=  1.799607356716065E-003 maxCFL_Ne=  1.389165850377733E-003 maxCFL_Ts=
  5.102011094677471E-004 CPU=   600.402076972402      NumThreads=           2 
 Elapsed time=  3.331101068279503E-003
 CFL_Limit=  1.000000000000000E-003
 dt_init=  1.000000000000000E-018 dt=  1.000000000000000E-018
 Time= -9.500000000035033E-014 Intensity=   160043855.317290     
   4770.90246361002      < Te <    4770.90300346597     
   4770.90246361002      < Th <    4770.90300346597     
   80.0000000071054      < Ts <   80.0000000114610     
  4.224130374395175E+018 < Ne <  4.225563397716138E+018
  4.224130374395175E+018 < Nh <  4.225563397716138E+018
 CFL_Te=  1.799405485328784E-003 maxCFL_Ne=  1.389010020364961E-003 maxCFL_Ts=
  5.102011094737424E-004 CPU=   600.153786013907      NumThreads=           2 
 Elapsed time=  3.332479185516053E-003
 CFL_Limit=  1.000000000000000E-003
 dt_init=  1.000000000000000E-018 dt=  1.000000000000000E-018
 Time= -9.400000000035367E-014 Intensity=   222063501.294921     
   4770.35791007038      < Te <    4770.35845935218     
   4770.35791007038      < Th <    4770.35845935218     
   80.0000000100856      < Ts <   80.0000000163177     
  5.919895804602827E+018 < Ne <  5.921884148236426E+018
  5.919895804602827E+018 < Nh <  5.921884148236425E+018
 CFL_Te=  1.799200103734426E-003 maxCFL_Ne=  1.388851480727905E-003 maxCFL_Ts=
  5.102011094821619E-004 CPU=   599.910932760562      NumThreads=           2 
 Elapsed time=  3.333828224794573E-003
 CFL_Limit=  1.000000000000000E-003
 dt_init=  1.000000000000000E-018 dt=  1.000000000000000E-018
 Time= -9.300000000035700E-014 Intensity=   307050784.689675     
   4769.80380919905      < Te <    4769.80436815073     
   4769.80380919905      < Th <    4769.80436815074     
   80.0000000142550      < Ts <   80.0000000230858     
  8.268508229355777E+018 < Ne <  8.271257544207778E+018
  8.268508229355777E+018 < Nh <  8.271257544207776E+018
 CFL_Te=  1.798991121337057E-003 maxCFL_Ne=  1.388690161533098E-003 maxCFL_Ts=
  5.102011094939350E-004 CPU=   599.670411896523      NumThreads=           2 
 Elapsed time=  3.335165384723222E-003
 CFL_Limit=  1.000000000000000E-003
 dt_init=  1.000000000000000E-018 dt=  1.000000000000000E-018
 Time= -9.200000000036034E-014 Intensity=   423095192.007019     
   4769.23991307134      < Te <    4769.24048194476     
   4769.23991307134      < Th <    4769.24048194478     
   80.0000000200686      < Ts <   80.0000000327363     
  1.151005441025804E+019 < Ne <  1.151384278003680E+019
  1.151005441025804E+019 < Nh <  1.151384278003679E+019
 CFL_Te=  1.798778444631745E-003 maxCFL_Ne=  1.388525990601537E-003 maxCFL_Ts=
  5.102011095103522E-004 CPU=   599.440810902175      NumThreads=           2 
 Elapsed time=  3.336442837433680E-003
 CFL_Limit=  1.000000000000000E-003
 dt_init=  1.000000000000000E-018 dt=  1.000000000000000E-018
 Time= -9.100000000036367E-014 Intensity=   580979513.569648     
   4768.66596582331      < Te <    4768.66654487838     
   4768.66596582330      < Th <    4768.66654487839     
   80.0000000281468      < Ts <   80.0000000461688     
  1.596855013876025E+019 < Ne <  1.597375219566825E+019
  1.596855013876025E+019 < Nh <  1.597375219566825E+019
 CFL_Te=  1.798561977119241E-003 maxCFL_Ne=  1.388358893442837E-003 maxCFL_Ts=
  5.102011095331656E-004 CPU=   599.209203165968      NumThreads=           2 
 Elapsed time=  3.337732447086671E-003
 CFL_Limit=  1.000000000000000E-003
 dt_init=  1.000000000000000E-018 dt=  1.000000000000000E-018
 Time= -9.000000000036701E-014 Intensity=   795020627.865727     
   4768.08170343969      < Te <    4768.08229294460     
   4768.08170343969      < Th <    4768.08229294461     
   80.0000000393340      < Ts <   80.0000000642726     
  2.207965561031793E+019 < Ne <  2.208677417908013E+019
  2.207965561031793E+019 < Nh <  2.208677417908013E+019
 CFL_Te=  1.798341619226030E-003 maxCFL_Ne=  1.388188793193488E-003 maxCFL_Ts=
  5.102011095647577E-004 CPU=   598.974071151437      NumThreads=           2 
 Elapsed time=  3.339042700388185E-003
 CFL_Limit=  1.000000000000000E-003
 dt_init=  1.000000000000000E-018 dt=  1.000000000000000E-018
 Time= -8.900000000037035E-014 Intensity=   1084153623.55440     
   4767.48685356312      < Te <    4767.48745379444     
   4767.48685356312      < Th <    4767.48745379444     
   80.0000000547740      < Ts <   80.0000000896156     
  3.042696453143377E+019 < Ne <  3.043667198049525E+019
  3.042696453143377E+019 < Nh <  3.043667198049525E+019
 CFL_Te=  1.798117268232304E-003 maxCFL_Ne=  1.388015610561276E-003 maxCFL_Ts=
  5.102011096083594E-004 CPU=   598.746525263256      NumThreads=           2 
 Elapsed time=  3.340311660465410E-003
 CFL_Limit=  1.000000000000000E-003
 dt_init=  1.000000000000000E-018 dt=  1.000000000000000E-018
 Time= -8.800000000037368E-014 Intensity=   1473323459.87788     
   4766.88113533446      < Te <    4766.88174657736     
   4766.88113533446      < Th <    4766.88174657737     
   80.0000000760116      < Ts <   80.0000001233766     
  4.178932272914163E+019 < Ne <  4.180251478271718E+019
  4.178932272914163E+019 < Nh <  4.180251478271718E+019
 CFL_Te=  1.797888818211780E-003 maxCFL_Ne=  1.387839263778827E-003 maxCFL_Ts=
  5.102011096683346E-004 CPU=   598.530108619194      NumThreads=           2 
 Elapsed time=  3.341519451066528E-003
 CFL_Limit=  1.000000000000000E-003
 dt_init=  1.000000000000000E-018 dt=  1.000000000000000E-018
 Time= -8.700000000037702E-014 Intensity=   1995263384.29891     
   4766.26425927643      < Te <    4766.26488182476     
   4766.26425927642      < Th <    4766.26488182476     
   80.0000001051257      < Ts <   80.0000001694469     
  5.720227200081888E+019 < Ne <  5.722013747479855E+019
  5.720227200081888E+019 < Nh <  5.722013747479855E+019
 CFL_Te=  1.797656159987762E-003 maxCFL_Ne=  1.387659668569678E-003 maxCFL_Ts=
  5.102011097505535E-004 CPU=   598.304104714607      NumThreads=           2 
 Elapsed time=  3.342781679483890E-003
 CFL_Limit=  1.000000000000000E-003
 dt_init=  1.000000000000000E-018 dt=  1.000000000000000E-018
 Time= -8.600000000038036E-014 Intensity=   2692757295.95815     
   4765.63592723607      < Te <    4765.63656139236     
   4765.63592723607      < Th <    4765.63656139237     
   80.0000001449029      < Ts <   80.0000002365649     
  7.803750227619835E+019 < Ne <  7.806161307113520E+019
  7.803750227619835E+019 < Nh <  7.806161307113520E+019
 CFL_Te=  1.797419181111424E-003 maxCFL_Ne=  1.387476738131524E-003 maxCFL_Ts=
  5.102011098628846E-004 CPU=   598.068421411310      NumThreads=           2 
 Elapsed time=  3.344098983324415E-003
 CFL_Limit=  1.000000000000000E-003
 dt_init=  1.000000000000000E-018 dt=  1.000000000000000E-018
 Time= -8.500000000038369E-014 Intensity=   3621504588.32363     
   4764.99583240560      < Te <    4764.99647848103     
   4764.99583240560      < Th <    4764.99647848103     
   80.0000001990666      < Ts <   80.0000003256343     
  1.061051581690664E+020 < Ne <  1.061375849148150E+020
  1.061051581690664E+020 < Nh <  1.061375849148150E+020
 CFL_Te=  1.797177765869628E-003 maxCFL_Ne=  1.387290383142248E-003 maxCFL_Ts=
  5.102011100158419E-004 CPU=   597.845566268025      NumThreads=           2 
 Elapsed time=  3.345345542135149E-003
 CFL_Limit=  1.000000000000000E-003
 dt_init=  1.000000000000000E-018 dt=  1.000000000000000E-018
 Time= -8.400000000038703E-014 Intensity=   4853731164.66279     
   4764.34365944591      < Te <    4764.34431776009     
   4764.34365944591      < Th <    4764.34431776009     
   80.0000002725725      < Ts <   80.0000004511488     
  1.437850168547058E+020 < Ne <  1.438284768879069E+020
  1.437850168547058E+020 < Nh <  1.438284768879069E+020
 CFL_Te=  1.796931795331494E-003 maxCFL_Ne=  1.387100511795867E-003 maxCFL_Ts=
  5.102011102235402E-004 CPU=   597.618717717669      NumThreads=           2 
 Elapsed time=  3.346615393236149E-003
 CFL_Limit=  1.000000000000000E-003
 dt_init=  1.000000000000000E-018 dt=  1.000000000000000E-018
 Time= -8.300000000039037E-014 Intensity=   6482719740.01183     
   4763.67908474293      < Te <    4763.67975562361     
   4763.67908474293      < Th <    4763.67975562362     
   80.0000003719938      < Ts <   80.0000006119722     
  1.941939690749733E+020 < Ne <  1.942520149806323E+020
  1.941939690749733E+020 < Nh <  1.942520149806323E+020
 CFL_Te=  1.796681147444985E-003 maxCFL_Ne=  1.386907029877099E-003 maxCFL_Ts=
  5.102011105042877E-004 CPU=   597.405764230605      NumThreads=           2 
 Elapsed time=  3.347808340242224E-003
 CFL_Limit=  1.000000000000000E-003
 dt_init=  1.000000000000000E-018 dt=  1.000000000000000E-018
 Time= -8.200000000039370E-014 Intensity=   8628466652.99022     
   4763.00177683413      < Te <    4763.00246061666     
   4763.00177683413      < Th <    4763.00246061666     
   80.0000005060166      < Ts <   80.0000008293229     
  2.613989340297177E+020 < Ne <  2.614761928335974E+020
  2.613989340297177E+020 < Nh <  2.614761928335974E+020
 CFL_Te=  1.796425697197746E-003 maxCFL_Ne=  1.386709840885504E-003 maxCFL_Ts=
  5.102011108827725E-004 CPU=   597.196253700481      NumThreads=           2 
 Elapsed time=  3.348982830362969E-003
 CFL_Limit=  1.000000000000000E-003
 dt_init=  1.000000000000000E-018 dt=  1.000000000000000E-018
 Time= -8.100000000039704E-014 Intensity=   11444711601.4082     
   4762.31139705061      < Te <    4762.31209407719     
   4762.31139705061      < Th <    4762.31209407719     
   80.0000006860800      < Ts <   80.0000011355785     
  3.506863657417602E+020 < Ne <  3.507888410466894E+020
  3.506863657417602E+020 < Nh <  3.507888410466894E+020
 CFL_Te=  1.796165316859140E-003 maxCFL_Ne=  1.386508846222334E-003 maxCFL_Ts=
  5.102011113912938E-004 CPU=   596.993158488705      NumThreads=           2 
 Elapsed time=  3.350122143883562E-003
 CFL_Limit=  1.000000000000000E-003
 dt_init=  1.000000000000000E-018 dt=  1.000000000000000E-018
 Time= -8.000000000040038E-014 Intensity=   15127631309.3281     
   4761.60760043010      < Te <    4761.60831104876     
   4761.60760043010      < Th <    4761.60831104876     
   80.0000009271903      < Ts <   80.0000015397750     
  4.689019101838937E+020 < Ne <  4.690373621487724E+020
  4.689019101838937E+020 < Nh <  4.690373621487724E+020
 CFL_Te=  1.795899876324516E-003 maxCFL_Ne=  1.386303945456270E-003 maxCFL_Ts=
  5.102011120721877E-004 CPU=   596.795525476324      NumThreads=           2 
 Elapsed time=  3.351231560263002E-003
 CFL_Limit=  1.000000000000000E-003
 dt_init=  1.000000000000000E-018 dt=  1.000000000000000E-018
 Time= -7.900000000040371E-014 Intensity=   19926538345.3390     
   4760.89003696826      < Te <    4760.89076153142     
   4760.89003696826      < Th <    4760.89076153142     
   80.0000012489669      < Ts <   80.0000020666691     
  6.248765984696412E+020 < Ne <  6.250550195852018E+020
  6.248765984696412E+020 < Nh <  6.250550195852018E+020
 CFL_Te=  1.795629243586994E-003 maxCFL_Ne=  1.386095036687613E-003 maxCFL_Ts=
  5.102011129808639E-004 CPU=   596.592082548713      NumThreads=           2 
 Elapsed time=  3.352374358465772E-003
 CFL_Limit=  1.000000000000000E-003
 dt_init=  1.000000000000000E-018 dt=  1.000000000000000E-018
 Time= -7.800000000040705E-014 Intensity=   26156982205.2235     
   4760.15835328838      < Te <    4760.15909215088     
   4760.15835328837      < Th <    4760.15909215088     
   80.0000016769643      < Ts <   80.0000027754837     
  8.299592624581716E+020 < Ne <  8.301934706293098E+020
  8.299592624581716E+020 < Nh <  8.301934706293098E+020
 CFL_Te=  1.795353285367041E-003 maxCFL_Ne=  1.385882017034263E-003 maxCFL_Ts=
  5.102011141905482E-004 CPU=   596.403923734468      NumThreads=           2 
 Elapsed time=  3.353431995344225E-003
 CFL_Limit=  1.000000000000000E-003
 dt_init=  1.000000000000000E-018 dt=  1.000000000000000E-018
 Time= -7.700000000041038E-014 Intensity=   34216711204.1343     
   4759.41219482609      < Te <    4759.41294834293     
   4759.41219482609      < Th <    4759.41294834293     
   80.0000022443493      < Ts <   80.0000037023527     
  1.098678685618417E+021 < Ne <  1.098985060168736E+021
  1.098678685618417E+021 < Nh <  1.098985060168736E+021
 CFL_Te=  1.795071867936255E-003 maxCFL_Ne=  1.385664783267637E-003 maxCFL_Ts=
  5.102011157928528E-004 CPU=   596.209460895873      NumThreads=           2 
 Elapsed time=  3.354525768502183E-003
 CFL_Limit=  1.000000000000000E-003
 dt_init=  1.000000000000000E-018 dt=  1.000000000000000E-018
 Time= -7.600000000041372E-014 Intensity=   44605020284.2526     
   4758.65116814697      < Te <    4758.65193665874     
   4758.65120749335      < Th <    4758.65197601609     
   80.0000029940121      < Ts <   80.0000049408518     
  1.449563402277753E+021 < Ne <  1.449962793193790E+021
  1.449563402277753E+021 < Nh <  1.449962793193790E+021
 CFL_Te=  1.794784842900439E-003 maxCFL_Ne=  1.385443220838214E-003 maxCFL_Ts=
  5.102011179110833E-004 CPU=   596.021905269850      NumThreads=           2 
 Elapsed time=  3.355581367591674E-003
 CFL_Limit=  1.000000000000000E-003
 dt_init=  1.000000000000000E-018 dt=  1.000000000000000E-018
 Time= -7.500000000041706E-014 Intensity=   57946080788.9163     
   4757.87499329486      < Te <    4757.87577715408     
   4757.87504547676      < Th <    4757.87582935038     
   80.0000039812125      < Ts <   80.0000064867281     
  1.906152072435061E+021 < Ne <  1.906670918504770E+021
  1.906152072435061E+021 < Nh <  1.906670918504770E+021
 CFL_Te=  1.794492104675104E-003 maxCFL_Ne=  1.385217248242459E-003 maxCFL_Ts=
  5.102011206987496E-004 CPU=   595.835503135329      NumThreads=           2 
 Elapsed time=  3.356631133049064E-003
 CFL_Limit=  1.000000000000000E-003
 dt_init=  1.000000000000000E-018 dt=  1.000000000000000E-018
 Time= -7.400000000042039E-014 Intensity=   75016922429.3769     
   4757.08333106199      < Te <    4757.08413060885     
   4757.08337071103      < Th <    4757.08417026867     
   80.0000052768929      < Ts <   80.0000086117599     
  2.498233031841141E+021 < Ne <  2.498904729342509E+021
  2.498233031841141E+021 < Nh <  2.498904729342509E+021
 CFL_Te=  1.794265250025143E-003 maxCFL_Ne=  1.384986766719004E-003 maxCFL_Ts=
  5.102011243582153E-004 CPU=   595.645380285141      NumThreads=           2 
 Elapsed time=  3.357702529385154E-003
 CFL_Limit=  1.000000000000000E-003
 dt_init=  1.000000000000000E-018 dt=  1.000000000000000E-018
 Time= -7.300000000042373E-014 Intensity=   96780813434.0733     
   4756.27584351614      < Te <    4756.27665906849     
   4756.27586003776      < Th <    4756.27667559456     
   80.0000069717981      < Ts <   80.0000114773162     
  3.263357949764238E+021 < Ne <  3.264224520039683E+021
  3.263357949764238E+021 < Nh <  3.264224520039683E+021
 CFL_Te=  1.793888977368015E-003 maxCFL_Ne=  1.384751677874946E-003 maxCFL_Ts=
  5.102011291450561E-004 CPU=   595.469762597418      NumThreads=           2 
 Elapsed time=  3.358692792856637E-003
 CFL_Limit=  1.000000000000000E-003
 dt_init=  1.000000000000000E-018 dt=  1.000000000000000E-018
 Time= -7.200000000042707E-014 Intensity=   124426860014.131     
   4755.45219944698      < Te <    4755.45303128896     
   4756.92012768439      < Th <    4756.92095988663     
   80.0000091815809      < Ts <   80.0000150193787     
  4.248681549198760E+021 < Ne <  4.249795660803651E+021
  4.248681549198760E+021 < Nh <  4.249795660803651E+021
 CFL_Te=  1.793578335889191E-003 maxCFL_Ne=  1.384511885271028E-003 maxCFL_Ts=
  5.102011353856682E-004 CPU=   595.287589425044      NumThreads=           2 
 Elapsed time=  3.359720638442488E-003
 CFL_Limit=  1.000000000000000E-003
 dt_init=  1.000000000000000E-018 dt=  1.000000000000000E-018
 Time= -7.100000000043040E-014 Intensity=   159416717950.191     
   4754.61214787958      < Te <    4754.61299626550     
   4755.67094742589      < Th <    4755.67179607065     
   80.0000120530896      < Ts <   80.0000197791582     
  5.513187017476569E+021 < Ne <  5.514614426584818E+021
  5.513187017476569E+021 < Nh <  5.514614426584818E+021
 CFL_Te=  1.793261506212698E-003 maxCFL_Ne=  1.384267315829072E-003 maxCFL_Ts=
  5.102011434949064E-004 CPU=   595.111225339521      NumThreads=           2 
 Elapsed time=  3.360716307878356E-003
 CFL_Limit=  1.000000000000000E-003
 dt_init=  1.000000000000000E-018 dt=  1.000000000000000E-018
 Time= -7.000000000043374E-014 Intensity=   203539373738.430     
   4753.75546026781      < Te <    4753.75632540642     
   4753.75541803455      < Th <    4753.75628316215     
   80.0000157721185      < Ts <   80.0000258456736     
  7.130365032312379E+021 < Ne <  7.132187513635593E+021
  7.130365032312379E+021 < Nh <  7.132187513635593E+021
 CFL_Te=  1.792938402121882E-003 maxCFL_Ne=  1.384017902996095E-003 maxCFL_Ts=
  5.102011539974209E-004 CPU=   594.850586865571      NumThreads=           2 
 Elapsed time=  3.362188832221786E-003
 CFL_Limit=  1.000000000000000E-003
 dt_init=  1.000000000000000E-018 dt=  1.000000000000000E-018
 Time= -6.900000000043708E-014 Intensity=   258975005990.628     
   4752.88196147189      < Te <    4752.88284351266     
   4752.88192884521      < Th <    4752.88281087759     
   80.0000205728649      < Ts <   80.0000338482310     
  9.191423142392962E+021 < Ne <  9.193741991920345E+021
  9.191423142392962E+021 < Nh <  9.193741991920345E+021
 CFL_Te=  1.792608957537795E-003 maxCFL_Ne=  1.383763595763962E-003 maxCFL_Ts=
  5.102011675545644E-004 CPU=   594.554228384401      NumThreads=           2 
 Elapsed time=  3.363864731791846E-003
 CFL_Limit=  1.000000000000000E-003
 dt_init=  1.000000000000000E-018 dt=  1.000000000000000E-018
 Time= -6.800000000044041E-014 Intensity=   328368974519.188     
   4750.68792990874      < Te <    4750.68882859236     
   4751.99153438195      < Th <    4751.99243339516     
   80.0000267494593      < Ts <   80.0000441117024     
  1.180911147330266E+022 < Ne <  1.181205167354195E+022
  1.180911147330266E+022 < Nh <  1.181205167354195E+022
 CFL_Te=  1.791289900922622E-003 maxCFL_Ne=  1.383162037748987E-003 maxCFL_Ts=
  5.102011849970462E-004 CPU=   594.390305334219      NumThreads=           2 
 Elapsed time=  3.364792430245684E-003
 CFL_Limit=  1.000000000000000E-003
 dt_init=  1.000000000000000E-018 dt=  1.000000000000000E-018
 Time= -6.700000000044375E-014 Intensity=   414916998789.130     
   4750.97961465121      < Te <    4750.98053062426     
   4751.08418309882      < Th <    4751.08509907382     
   80.0000346699682      < Ts <   80.0000573746614     
  1.512226021007266E+022 < Ne <  1.512597535802942E+022
  1.512226021007266E+022 < Nh <  1.512597535802942E+022
 CFL_Te=  1.791970405767596E-003 maxCFL_Ne=  1.383240221168500E-003 maxCFL_Ts=
  5.102012073646276E-004 CPU=   594.218825703433      NumThreads=           2 
 Elapsed time=  3.365763441830389E-003
 CFL_Limit=  1.000000000000000E-003
 dt_init=  1.000000000000000E-018 dt=  1.000000000000000E-018
 Time= -6.600000000044708E-014 Intensity=   522462572428.353     
   4750.08260926602      < Te <    4750.08354208049     
   4750.15997960895      < Th <    4750.16091240643     
   80.0000447932575      < Ts <   80.0000733119906     
  1.930113372977606E+022 < Ne <  1.930581183713978E+022
  1.930113372977606E+022 < Nh <  1.930581183713978E+022
 CFL_Te=  1.791494692314819E-003 maxCFL_Ne=  1.382971168969070E-003 maxCFL_Ts=
  5.102012359528607E-004 CPU=   594.043715941230      NumThreads=           2 
 Elapsed time=  3.366755587728267E-003
 CFL_Limit=  1.000000000000000E-003
 dt_init=  1.000000000000000E-018 dt=  1.000000000000000E-018
 Time= -6.500000000045042E-014 Intensity=   655607608773.537     
   4748.55315081778      < Te <    4748.55410001018     
   4749.21914156911      < Th <    4749.22009090641     
   80.0000576893196      < Ts <   80.0000937583320     
  2.455371549652662E+022 < Ne <  2.455958578067448E+022
  2.455371549652662E+022 < Nh <  2.455958578067448E+022
 CFL_Te=  1.790749031487542E-003 maxCFL_Ne=  1.382521787677961E-003 maxCFL_Ts=
  5.102012723711894E-004 CPU=   593.882153780350      NumThreads=           2 
 Elapsed time=  3.367671493862918E-003
 CFL_Limit=  1.000000000000000E-003
 dt_init=  1.000000000000000E-018 dt=  1.000000000000000E-018
 Time= -6.400000000045376E-014 Intensity=   819837215909.351     
   4747.67536720018      < Te <    4747.67633250508     
   4748.26205134119      < Th <    4748.26301676600     
   80.0000740635093      < Ts <   80.0001204612556     
  3.113304626320503E+022 < Ne <  3.114038705549303E+022
  3.113304626320503E+022 < Nh <  3.114038705549304E+022
 CFL_Te=  1.790423939757522E-003 maxCFL_Ne=  1.382278002061251E-003 maxCFL_Ts=
  5.102013186119590E-004 CPU=   593.717898070216      NumThreads=           2 
 Elapsed time=  3.368603180905742E-003
 CFL_Limit=  1.000000000000000E-003
 dt_init=  1.000000000000000E-018 dt=  1.000000000000000E-018
 Time= -6.300000000045709E-014 Intensity=   1021659349832.09     
   4750.36917197667      < Te <    4750.37015375822     
   4745.98695740641      < Th <    4745.98793791183     
   80.0000947855097      < Ts <   80.0001541633509     
  3.934574567642480E+022 < Ne <  3.935489358105076E+022
  3.934574567642480E+022 < Nh <  3.935489358105077E+022
 CFL_Te=  1.792678240377615E-003 maxCFL_Ne=  1.383032046243897E-003 maxCFL_Ts=
  5.102013771307562E-004 CPU=   593.552337302364      NumThreads=           2 
 Elapsed time=  3.369542792283155E-003
 CFL_Limit=  1.000000000000000E-003
 dt_init=  1.000000000000000E-018 dt=  1.000000000000000E-018
 Time= -6.200000000046043E-014 Intensity=   1268759882568.71     
   4743.53230836027      < Te <    4743.53330295519     
   4746.19718137192      < Th <    4746.19817673458     
   80.0001209238695      < Ts <   80.0001973400822     
  4.956185310898048E+022 < Ne <  4.957321355009785E+022
  4.956185310898048E+022 < Nh <  4.957321355009785E+022
 CFL_Te=  1.787801492966675E-003 maxCFL_Ne=  1.381041552102808E-003 maxCFL_Ts=
  5.102014509467283E-004 CPU=   593.399778852060      NumThreads=           2 
 Elapsed time=  3.370409075428083E-003
 CFL_Limit=  1.000000000000000E-003
 dt_init=  1.000000000000000E-018 dt=  1.000000000000000E-018
 Time= -6.100000000046377E-014 Intensity=   1570173339800.85     
   4745.04251030097      < Te <    4745.04351895416     
   4743.62367325030      < Th <    4743.62468149455     
   80.0001537858421      < Ts <   80.0002520279947     
  6.222612684772106E+022 < Ne <  6.224018614642440E+022
  6.222612684772105E+022 < Nh <  6.224018614642439E+022
 CFL_Te=  1.789457780645900E-003 maxCFL_Ne=  1.381556287156227E-003 maxCFL_Ts=
  5.102015437505516E-004 CPU=   593.240639229155      NumThreads=           2 
 Elapsed time=  3.371313203692113E-003
 CFL_Limit=  1.000000000000000E-003
 dt_init=  1.000000000000000E-018 dt=  1.000000000000000E-018
 Time= -6.000000000046710E-014 Intensity=   1936469201836.54     
   4743.90457771116      < Te <    4743.90559810061     
   4743.54418594501      < Th <    4743.54520622335     
   80.0001949659967      < Ts <   80.0003190552951     
  7.787094272657072E+022 < Ne <  7.788828184507525E+022
  7.787094272657072E+022 < Nh <  7.788828184507525E+022
 CFL_Te=  1.789222975268748E-003 maxCFL_Ne=  1.381261115083287E-003 maxCFL_Ts=
  5.102016600457412E-004 CPU=   593.082758596732      NumThreads=           2 
 Elapsed time=  3.372210658647562E-003
 CFL_Limit=  1.000000000000000E-003
 dt_init=  1.000000000000000E-018 dt=  1.000000000000000E-018
 Time= -5.900000000047044E-014 Intensity=   2379953215735.27     
   4739.31166993262      < Te <    4739.31269910045     
   4742.67609106483      < Th <    4742.67712119181     
   80.0002464009344      < Ts <   80.0004037156843     
  9.713092822790429E+022 < Ne <  9.715223831736090E+022
  9.713092822790429E+022 < Nh <  9.715223831736090E+022
 CFL_Te=  1.785884244227934E-003 maxCFL_Ne=  1.379903692731240E-003 maxCFL_Ts=
  5.102018053049909E-004 CPU=   592.937185769711      NumThreads=           2 
 Elapsed time=  3.373038574741665E-003
 CFL_Limit=  1.000000000000000E-003
 dt_init=  1.000000000000000E-018 dt=  1.000000000000000E-018
 Time= -5.800000000047378E-014 Intensity=   2914882629713.42     
   4740.83561288403      < Te <    4740.83665019153     
   4742.22983375483      < Th <    4742.23087144217     
   80.0003104345520      < Ts <   80.0005035880854     
  1.207594634073461E+023 < Ne <  1.207855632837214E+023
  1.207594634073461E+023 < Nh <  1.207855632837214E+023
 CFL_Te=  1.787539800756398E-003 maxCFL_Ne=  1.380330920641671E-003 maxCFL_Ts=
  5.102019861486775E-004 CPU=   592.782207546798      NumThreads=           2 
 Elapsed time=  3.373920429017106E-003
 CFL_Limit=  1.000000000000000E-003
 dt_init=  1.000000000000000E-018 dt=  1.000000000000000E-018
 Time= -5.700000000047711E-014 Intensity=   3557693630525.79     
   4738.35526146936      < Te <    4738.35630273962     
   4743.93954876972      < Th <    4743.94059159225     
   80.0003898938709      < Ts <   80.0006330362954     
  1.496471654140130E+023 < Ne <  1.496790210697135E+023
  1.496471654140130E+023 < Nh <  1.496790210697135E+023
 CFL_Te=  1.785942420579178E-003 maxCFL_Ne=  1.379656208979249E-003 maxCFL_Ts=
  5.102022107215482E-004 CPU=   592.625593212525      NumThreads=           2 
 Elapsed time=  3.374812061622809E-003
 CFL_Limit=  1.000000000000000E-003
 dt_init=  1.000000000000000E-018 dt=  1.000000000000000E-018
 Time= -5.600000000047512E-014 Intensity=   4327238540091.44     
   4735.86915473883      < Te <    4735.87019635585     
   4737.67706549629      < Th <    4737.67810753590     
   80.0004881727689      < Ts <   80.0007881077082     
  1.848424560550462E+023 < Ne <  1.848812022968437E+023
  1.848424560550462E+023 < Nh <  1.848812022968437E+023
 CFL_Te=  1.784546235910439E-003 maxCFL_Ne=  1.378960134515702E-003 maxCFL_Ts=
  5.102024882377963E-004 CPU=   592.477643816898      NumThreads=           2 
 Elapsed time=  3.375654796213863E-003
 CFL_Limit=  1.000000000000000E-003
 dt_init=  1.000000000000000E-018 dt=  1.000000000000000E-018
 Time= -5.500000000047215E-014 Intensity=   5245029512467.14     
   4734.45827390901      < Te <    4734.45931186282     
   4738.88024299251      < Th <    4738.88128210423     
   80.0006093345487      < Ts <   80.0009877758655     
  2.275742862939627E+023 < Ne <  2.276212505634978E+023
  2.275742862939627E+023 < Nh <  2.276212505634978E+023
 CFL_Te=  1.783905984076953E-003 maxCFL_Ne=  1.378583458516545E-003 maxCFL_Ts=
  5.102028303806100E-004 CPU=   592.327542723170      NumThreads=           2 
 Elapsed time=  3.376510217311844E-003
 CFL_Limit=  1.000000000000000E-003
 dt_init=  1.000000000000000E-018 dt=  1.000000000000000E-018
 Time= -5.400000000046917E-014 Intensity=   6335484573989.22     
   4731.85216436195      < Te <    4731.85319317397     
   4737.70048190517      < Th <    4737.70151225114     
   80.0007582228012      < Ts <   80.0012260464040     
  2.792770579489371E+023 < Ne <  2.793337863476333E+023
  2.792770579489371E+023 < Nh <  2.793337863476332E+023
 CFL_Te=  1.782349839593516E-003 maxCFL_Ne=  1.377913095679957E-003 maxCFL_Ts=
  5.102032508206496E-004 CPU=   592.168950041162      NumThreads=           2 
 Elapsed time=  3.377414502839061E-003
 CFL_Limit=  1.000000000000000E-003
 dt_init=  1.000000000000000E-018 dt=  1.000000000000000E-018
 Time= -5.300000000046620E-014 Intensity=   7626170880184.83     
   4732.89520017106      < Te <    4732.89621482880     
   4733.11808884856      < Th <    4733.11910339797     
   80.0009405904475      < Ts <   80.0015258045415     
  3.416177423841788E+023 < Ne <  3.416860278796233E+023
  3.416177423841788E+023 < Nh <  3.416860278796232E+023
 CFL_Te=  1.783339163075976E-003 maxCFL_Ne=  1.378316095063635E-003 maxCFL_Ts=
  5.102037661200672E-004 CPU=   592.027241364334      NumThreads=           2 
 Elapsed time=  3.378222926686576E-003
 CFL_Limit=  1.000000000000000E-003
 dt_init=  1.000000000000000E-018 dt=  1.000000000000000E-018
 Time= -5.200000000046322E-014 Intensity=   9148039040900.53     
   4725.00346401222      < Te <    4725.00445486190     
   4734.67227495146      < Th <    4734.67326834758     
   80.0011632452346      < Ts <   80.0018871318436     
  4.165251439169743E+023 < Ne <  4.166070566466727E+023
  4.165251439169743E+023 < Nh <  4.166070566466727E+023
 CFL_Te=  1.778076009372478E-003 maxCFL_Ne=  1.376094462850660E-003 maxCFL_Ts=
  5.102043948731521E-004 CPU=   591.887193377241      NumThreads=           2 
 Elapsed time=  3.379022256907142E-003
 CFL_Limit=  1.000000000000000E-003
 dt_init=  1.000000000000000E-018 dt=  1.000000000000000E-018
 Time= -5.100000000046025E-014 Intensity=   10935641313518.2     
   4725.65539017057      < Te <    4725.65635144178     
   4732.26042285574      < Th <    4732.26138571532     
   80.0014342110538      < Ts <   80.0023157565001     
  5.062211996285176E+023 < Ne <  5.063191191686276E+023
  5.062211996285176E+023 < Nh <  5.063191191686276E+023
 CFL_Te=  1.778786519248828E-003 maxCFL_Ne=  1.376294881740345E-003 maxCFL_Ts=
  5.102051600243551E-004 CPU=   591.742366511955      NumThreads=           2 
 Elapsed time=  3.379849260733293E-003
 CFL_Limit=  1.000000000000000E-003
 dt_init=  1.000000000000000E-018 dt=  1.000000000000000E-018
 Time= -5.000000000045728E-014 Intensity=   13027325412947.8     
   4720.97707125386      < Te <    4720.97799198543     
   4729.88160271239      < Th <    4729.88252554548     
   80.0017629111688      < Ts <   80.0028630111508     
  6.132541330699963E+023 < Ne <  6.133707824332478E+023
  6.132541330699963E+023 < Nh <  6.133707824332478E+023
 CFL_Te=  1.775528793902679E-003 maxCFL_Ne=  1.375085177299764E-003 maxCFL_Ts=
  5.102060881797410E-004 CPU=   591.596453214423      NumThreads=           2 
 Elapsed time=  3.380682877885853E-003
 CFL_Limit=  1.000000000000000E-003
 dt_init=  1.000000000000000E-018 dt=  1.000000000000000E-018
 Time= -4.900000000045430E-014 Intensity=   15465394672231.2     
   4719.80698244485      < Te <    4719.80785277415     
   4728.62199848760      < Th <    4728.62287073150     
   80.0021603688545      < Ts <   80.0035052678233     
  7.405332059357803E+023 < Ne <  7.406716870198210E+023
  7.405332059357803E+023 < Nh <  7.406716870198210E+023
 CFL_Te=  1.774989374194655E-003 maxCFL_Ne=  1.374809083320611E-003 maxCFL_Ts=
  5.102072105501082E-004 CPU=   591.460937678024      NumThreads=           2 
 Elapsed time=  3.381457459983179E-003
 CFL_Limit=  1.000000000000000E-003
 dt_init=  1.000000000000000E-018 dt=  1.000000000000000E-018
 Time= -4.800000000045133E-014 Intensity=   18296224350931.0     
   4716.97405067339      < Te <    4716.97485778835     
   4726.87306966823      < Th <    4726.87387878189     
   80.0026394325766      < Ts <   80.0042851396375     
  8.913647223785887E+023 < Ne <  8.915285524544638E+023
  8.913647223785887E+023 < Nh <  8.915285524544638E+023
 CFL_Te=  1.773053084005513E-003 maxCFL_Ne=  1.374062676187752E-003 maxCFL_Ts=
  5.102085633421743E-004 CPU=   591.325942190234      NumThreads=           2 
 Elapsed time=  3.382229422561990E-003
 CFL_Limit=  1.000000000000000E-003
 dt_init=  1.000000000000000E-018 dt=  1.000000000000000E-018
 Time= -4.700000000044835E-014 Intensity=   21570323077270.4     
   4713.57906204885      < Te <    4713.57979185553     
   4727.51227300466      < Th <    4727.51300550028     
   80.0032150177642      < Ts <   80.0052212067545     
  1.069488844326957E+024 < Ne <  1.069681993091677E+024
  1.069488844326957E+024 < Nh <  1.069681993091677E+024
 CFL_Te=  1.770870970955715E-003 maxCFL_Ne=  1.373266371671390E-003 maxCFL_Ts=
  5.102101885891577E-004 CPU=   591.186080874015      NumThreads=           2 
 Elapsed time=  3.383029581892692E-003
 CFL_Limit=  1.000000000000000E-003
 dt_init=  1.000000000000000E-018 dt=  1.000000000000000E-018
 Time= -4.600000000044538E-014 Intensity=   25342327775993.9     
   4708.61868039022      < Te <    4708.61931693592     
   4726.86216247243      < Th <    4726.86280221078     
   80.0039043784371      < Ts <   80.0063429946498     
  1.279116679425156E+024 < Ne <  1.279343606016928E+024
  1.279116679425156E+024 < Nh <  1.279343606016928E+024
 CFL_Te=  1.767324981825229E-003 maxCFL_Ne=  1.372020417534259E-003 maxCFL_Ts=
  5.102121377089524E-004 CPU=   591.043947323534      NumThreads=           2 
 Elapsed time=  3.383843128851486E-003
 CFL_Limit=  1.000000000000000E-003
 dt_init=  1.000000000000000E-018 dt=  1.000000000000000E-018
 Time= -4.500000000044240E-014 Intensity=   29670920032114.8     
   4704.26322010276      < Te <    4704.26374589644     
   4722.54693379429      < Th <    4722.54746227503     
   80.0047273812697      < Ts <   80.0076231393824     
  1.524966992475223E+024 < Ne <  1.525232681755087E+024
  1.524966992475223E+024 < Nh <  1.525232681755087E+024
 CFL_Te=  1.764258714262895E-003 maxCFL_Ne=  1.371040365906550E-003 maxCFL_Ts=
  5.102144627705682E-004 CPU=   590.910309647806      NumThreads=           2 
 Elapsed time=  3.384608403925187E-003
 CFL_Limit=  1.000000000000000E-003
 dt_init=  1.000000000000000E-018 dt=  1.000000000000000E-018
 Time= -4.400000000043943E-014 Intensity=   34618651727643.9     
   4701.84898151641      < Te <    4701.84937734807     
   4719.51745456617      < Th <    4719.51785235499     
   80.0057068435802      < Ts <   80.0091753937237     
  1.812301784838059E+024 < Ne <  1.812611782123812E+024
  1.812301784838059E+024 < Nh <  1.812611782123812E+024
 CFL_Te=  1.762591942915891E-003 maxCFL_Ne=  1.370475018832156E-003 maxCFL_Ts=
  5.102172279267212E-004 CPU=   590.774844727659      NumThreads=           2 
 Elapsed time=  3.385384496054462E-003
 CFL_Limit=  1.000000000000000E-003
 dt_init=  1.000000000000000E-018 dt=  1.000000000000000E-018
 Time= -4.300000000043645E-014 Intensity=   40251668020119.1     
   4695.88494384704      < Te <    4695.88518764299     
   4716.58607565585      < Th <    4716.58632108490     
   80.0068688464257      < Ts <   80.0110149693215     
  2.146959879093147E+024 < Ne <  2.147320322424139E+024
  2.146959879093147E+024 < Nh <  2.147320322424139E+024
 CFL_Te=  1.758180502672663E-003 maxCFL_Ne=  1.369065187739364E-003 maxCFL_Ts=
  5.102205083589369E-004 CPU=   590.637981133402      NumThreads=           2 
 Elapsed time=  3.386168962859636E-003
 CFL_Limit=  1.000000000000000E-003
 dt_init=  1.000000000000000E-018 dt=  1.000000000000000E-018
 Time= -4.200000000043348E-014 Intensity=   46639316361462.9     
   4690.38418476999      < Te <    4690.38425328836     
   4716.19285974695      < Th <    4716.19292940836     
   80.0082430936243      < Ts <   80.0132380128093     
  2.535387537841812E+024 < Ne <  2.535805186775622E+024
  2.535387537841812E+024 < Nh <  2.535805186775622E+024
 CFL_Te=  1.754034271864139E-003 maxCFL_Ne=  1.367887456924411E-003 maxCFL_Ts=
  5.102243878278788E-004 CPU=   590.501902529753      NumThreads=           2 
 Elapsed time=  3.386949290818296E-003
 CFL_Limit=  1.000000000000000E-003
 dt_init=  1.000000000000000E-018 dt=  1.000000000000000E-018
 Time= -4.100000000043051E-014 Intensity=   53853631331000.8     
   4686.90840155899      < Te <    4686.90867197202     
   4714.27774843469      < Th <    4714.27801915767     
   80.0098632915401      < Ts <   80.0158143453055     
  2.984665058272828E+024 < Ne <  2.985147318083261E+024
  2.984665058272828E+024 < Nh <  2.985147318083261E+024
 CFL_Te=  1.751387560576696E-003 maxCFL_Ne=  1.367122552133833E-003 maxCFL_Ts=
  5.102289615022008E-004 CPU=   590.372437216351      NumThreads=           2 
 Elapsed time=  3.387692029509619E-003
 CFL_Limit=  1.000000000000000E-003
 dt_init=  1.000000000000000E-018 dt=  1.000000000000000E-018
 Time= -4.000000000042753E-014 Intensity=   61968686616517.9     
   4679.17494026935      < Te <    4679.17546782018     
   4711.95555858513      < Th <    4711.95608818173     
   80.0117675358960      < Ts <   80.0188539584023     
  3.502528185358401E+024 < Ne <  3.503083125445210E+024
  3.502528185358401E+024 < Nh <  3.503083125445210E+024
 CFL_Te=  1.745793755244523E-003 maxCFL_Ne=  1.365393818360581E-003 maxCFL_Ts=
  5.102343360760840E-004 CPU=   590.240692805246      NumThreads=           2 
 Elapsed time=  3.388448177801111E-003
 CFL_Limit=  1.000000000000000E-003
 dt_init=  1.000000000000000E-018 dt=  1.000000000000000E-018
 Time= -3.900000000042456E-014 Intensity=   71059807549599.2     
   4678.03403278696      < Te <    4678.03485291887     
   4710.42122276648      < Th <    4710.42204696354     
   80.0139987109673      < Ts <   80.0223794220910     
  4.097383127758915E+024 < Ne <  4.098019493067930E+024
  4.097383127758915E+024 < Nh <  4.098019493067930E+024
 CFL_Te=  1.744577663833324E-003 maxCFL_Ne=  1.365440676235145E-003 maxCFL_Ts=
  5.102406323858990E-004 CPU=   590.109995958583      NumThreads=           2 
 Elapsed time=  3.389198647196566E-003
 CFL_Limit=  1.000000000000000E-003
 dt_init=  1.000000000000000E-018 dt=  1.000000000000000E-018
 Time= -3.800000000042158E-014 Intensity=   81202640199250.8     
   4666.51050642390      < Te <    4666.51165594625     
   4707.44346120620      < Th <    4707.44461851967     
   80.0166049051877      < Ts <   80.0265498962291     
  4.778313906673114E+024 < Ne <  4.779041120735962E+024
  4.778313906673114E+024 < Nh <  4.779041120735962E+024
 CFL_Te=  1.735212809689606E-003 maxCFL_Ne=  1.362828898938345E-003 maxCFL_Ts=
  5.102479857896460E-004 CPU=   589.973208677780      NumThreads=           2 
 Elapsed time=  3.389984444348422E-003
 CFL_Limit=  1.000000000000000E-003
 dt_init=  1.000000000000000E-018 dt=  1.000000000000000E-018
 Time= -3.700000000041861E-014 Intensity=   92472076146496.7     
   4658.89321026256      < Te <    4658.89472997926     
   4706.51980027535      < Th <    4706.52133264344     
   80.0196398632168      < Ts <   80.0315338906073     
  5.555080768126440E+024 < Ne <  5.555908926601307E+024
  5.555080768126440E+024 < Nh <  5.555908926601307E+024
 CFL_Te=  1.729286357868603E-003 maxCFL_Ne=  1.361500207778778E-003 maxCFL_Ts=
  5.102565474319001E-004 CPU=   589.847081911512      NumThreads=           2 
 Elapsed time=  3.390709323370082E-003
 CFL_Limit=  1.000000000000000E-003
 dt_init=  1.000000000000000E-018 dt=  1.000000000000000E-018
 Time= -3.600000000041563E-014 Intensity=   104941035677998.     
   4653.34366673474      < Te <    4653.34560102294     
   4703.93254605979      < Th <    4703.93449810654     
   80.0231633756670      < Ts <   80.0372647830037     
  6.438108324790192E+024 < Ne <  6.439048178050651E+024
  6.438108324790192E+024 < Nh <  6.439048178050651E+024
 CFL_Te=  1.724438738444599E-003 maxCFL_Ne=  1.360418031315684E-003 maxCFL_Ts=
  5.102664853037129E-004 CPU=   589.719647404041      NumThreads=           2 
 Elapsed time=  3.391442033183129E-003
 CFL_Limit=  1.000000000000000E-003
 dt_init=  1.000000000000000E-018 dt=  1.000000000000000E-018
 Time= -3.500000000041266E-014 Intensity=   118679116201979.     
   4642.74286627388      < Te <    4642.74526009317     
   4702.40800242820      < Th <    4702.41042277476     
   80.0272417261181      < Ts <   80.0439599079444     
  7.438462246543949E+024 < Ne <  7.439525170195263E+024
  7.438462246543949E+024 < Nh <  7.439525170195263E+024
 CFL_Te=  1.715774144265432E-003 maxCFL_Ne=  1.358539151901537E-003 maxCFL_Ts=
  5.102779854483401E-004 CPU=   589.591923929560      NumThreads=           2 
 Elapsed time=  3.392176722283165E-003
 CFL_Limit=  1.000000000000000E-003
 dt_init=  1.000000000000000E-018 dt=  1.000000000000000E-018
 Time= -3.400000000040968E-014 Intensity=   133751117135266.     
   4637.00463310824      < Te <    4637.00753772978     
   4699.44877468216      < Th <    4699.45171355290     
   80.0319480930512      < Ts <   80.0516909397109     
  8.567813289075086E+024 < Ne <  8.569011241349193E+024
  8.567813289075086E+024 < Nh <  8.569011241349193E+024
 CFL_Te=  1.710353109267373E-003 maxCFL_Ne=  1.357580733109993E-003 maxCFL_Ts=
  5.102912530210859E-004 CPU=   589.463021182618      NumThreads=           2 
 Elapsed time=  3.392918517581431E-003
 CFL_Limit=  1.000000000000000E-003
 dt_init=  1.000000000000000E-018 dt=  1.000000000000000E-018
 Time= -3.300000000040671E-014 Intensity=   150215457241480.     
   4632.82246093317      < Te <    4632.82592898865     
   4698.81691592082      < Th <    4698.82042766165     
   80.0373629885787      < Ts <   80.0603634087787     
  9.838387650927581E+024 < Ne <  9.839733115829777E+024
  9.838387650927581E+024 < Nh <  9.839733115829777E+024
 CFL_Te=  1.706070694450738E-003 maxCFL_Ne=  1.357111309483376E-003 maxCFL_Ts=
  5.103065134729851E-004 CPU=   589.336260349978      NumThreads=           2 
 Elapsed time=  3.393648303283253E-003
 CFL_Limit=  1.000000000000000E-003
 dt_init=  1.000000000000000E-018 dt=  1.000000000000000E-018
 Time= -3.200000000040374E-014 Intensity=   168122505300198.     
   4618.53409565480      < Te <    4618.53817338666     
   4700.01320777859      < Th <    4700.01734968271     
   80.0435745572419      < Ts <   80.0703678790473     
  1.126290271083112E+025 < Ne <  1.126440862632969E+025
  1.126290271083112E+025 < Nh <  1.126440862632969E+025
 CFL_Te=  1.693954486655115E-003 maxCFL_Ne=  1.354748213849257E-003 maxCFL_Ts=
  5.103240145678625E-004 CPU=   589.216052757317      NumThreads=           2 
 Elapsed time=  3.394340650837207E-003
 CFL_Limit=  1.000000000000000E-003
 dt_init=  1.000000000000000E-018 dt=  1.000000000000000E-018
 Time= -3.100000000040076E-014 Intensity=   187512849914194.     
   4613.74604061732      < Te <    4613.75079024257     
   4696.59048681594      < Th <    4696.59531275525     
   80.0506789843484      < Ts <   80.0819208856659     
  1.285448761526452E+025 < Ne <  1.285616728616511E+025
  1.285448761526452E+025 < Nh <  1.285616728616511E+025
 CFL_Te=  1.688980331874309E-003 maxCFL_Ne=  1.354373966465259E-003 maxCFL_Ts=
  5.103440258414499E-004 CPU=   589.094809650472      NumThreads=           2 
 Elapsed time=  3.395039248752951E-003
 CFL_Limit=  1.000000000000000E-003
 dt_init=  1.000000000000000E-018 dt=  1.000000000000000E-018
 Time= -3.000000000039779E-014 Intensity=   208415539059104.     
   4597.47359502331      < Te <    4597.47906332823     
   4695.01590108568      < Th <    4695.02147373392     
   80.0587807874241      < Ts <   80.0955726895452     
  1.462658806852410E+025 < Ne <  1.462845506321088E+025
  1.462658806852410E+025 < Nh <  1.462845506321088E+025
 CFL_Te=  1.675018485060144E-003 maxCFL_Ne=  1.351985261461409E-003 maxCFL_Ts=
  5.103668366595486E-004 CPU=   588.976046923901      NumThreads=           2 
 Elapsed time=  3.395723833669609E-003
 CFL_Limit=  1.000000000000000E-003
 dt_init=  1.000000000000000E-018 dt=  1.000000000000000E-018
 Time= -2.900000000039481E-014 Intensity=   230846324469059.     
   4591.31468434449      < Te <    4591.32094069745     
   4694.28933828259      < Th <    4694.29572086995     
   80.0679929910556      < Ts <   80.1106548179734     
  1.659285544211650E+025 < Ne <  1.659492347396543E+025
  1.659285544211650E+025 < Nh <  1.659492347396543E+025
 CFL_Te=  1.668527328805519E-003 maxCFL_Ne=  1.351586912262768E-003 maxCFL_Ts=
  5.103927626544173E-004 CPU=   588.854808650580      NumThreads=           2 
 Elapsed time=  3.396422973233761E-003
 CFL_Limit=  1.000000000000000E-003
 dt_init=  1.000000000000000E-018 dt=  1.000000000000000E-018
 Time= -2.800000000039317E-014 Intensity=   254805949950995.     
   4585.83704597516      < Te <    4585.84415137847     
   4697.01713199679      < Th <    4697.02439232072     
   80.0784374627668      < Ts <   80.1271719906645     
  1.876702017476569E+025 < Ne <  1.876930296775422E+025
  1.876702017476569E+025 < Nh <  1.876930296775422E+025
 CFL_Te=  1.662098649393443E-003 maxCFL_Ne=  1.351475558187250E-003 maxCFL_Ts=
  5.104221370459128E-004 CPU=   588.734179771311      NumThreads=           2 
 Elapsed time=  3.397118884412118E-003
 CFL_Limit=  1.000000000000000E-003
 dt_init=  1.000000000000000E-018 dt=  1.000000000000000E-018
 Time= -2.700000000039335E-014 Intensity=   280278526036166.     
   4579.84301164748      < Te <    4579.85102451318     
   4691.36739066329      < Th <    4691.37557799787     
   80.0902448692183      < Ts <   80.1461397350749     
  2.116275018531338E+025 < Ne <  2.116526132520624E+025
  2.116275018531338E+025 < Nh <  2.116526132520624E+025
 CFL_Te=  1.655098053044150E-003 maxCFL_Ne=  1.351397815225297E-003 maxCFL_Ts=
  5.104553219703204E-004 CPU=   588.617399282490      NumThreads=           2 
 Elapsed time=  3.397792865854716E-003
 CFL_Limit=  1.000000000000000E-003
 dt_init=  1.000000000000000E-018 dt=  1.000000000000000E-018
 Time= -2.600000000039353E-014 Intensity=   307230035825305.     
   4560.78390816238      < Te <    4560.79286409796     
   4692.92544129276      < Th <    4692.93463039682     
   80.1035547878679      < Ts <   80.1676486283774     
  2.379349517964559E+025 < Ne <  2.379624795153218E+025
  2.379349517964559E+025 < Nh <  2.379624795153218E+025
 CFL_Te=  1.638179282349543E-003 maxCFL_Ne=  1.349578653085509E-003 maxCFL_Ts=
  5.104927033281917E-004 CPU=   588.499416083465      NumThreads=           2 
 Elapsed time=  3.398474060195748E-003
 CFL_Limit=  1.000000000000000E-003
 dt_init=  1.000000000000000E-018 dt=  1.000000000000000E-018
 Time= -2.500000000039371E-014 Intensity=   335607018286696.     
   4554.82571461908      < Te <    4554.83569565359     
   4695.14390347613      < Th <    4695.15415974190     
   80.1185154967464      < Ts <   80.1920260972201     
  2.667231812900284E+025 < Ne <  2.667532534340102E+025
  2.667231812900284E+025 < Nh <  2.667532534340102E+025
 CFL_Te=  1.630578337620099E-003 maxCFL_Ne=  1.350011652852296E-003 maxCFL_Ts=
  5.105346837575616E-004 CPU=   588.383561689156      NumThreads=           2 
 Elapsed time=  3.399143229389882E-003
 CFL_Limit=  1.000000000000000E-003
 dt_init=  1.000000000000000E-018 dt=  1.000000000000000E-018
 Time= -2.400000000039389E-014 Intensity=   365335475465723.     
   4549.31630420138      < Te <    4549.32737087307     
   4696.49584538126      < Th <    4696.50723075888     
   80.1352839241350      < Ts <   80.2186771337041     
  2.981171596784060E+025 < Ne <  2.981498977613217E+025
  2.981171596784060E+025 < Nh <  2.981498977613217E+025
 CFL_Te=  1.622935231268643E-003 maxCFL_Ne=  1.350764248865545E-003 maxCFL_Ts=
  5.105816915380569E-004 CPU=   588.266158605038      NumThreads=           2 
 Elapsed time=  3.399821612622799E-003
 CFL_Limit=  1.000000000000000E-003
 dt_init=  1.000000000000000E-018 dt=  1.000000000000000E-018
 Time= -2.300000000039407E-014 Intensity=   396320048934197.     
   4543.82704957155      < Te <    4543.83925936227     
   4699.88034354472      < Th <    4699.89292477065     
   80.1540254682444      < Ts <   80.2489905543984     
  3.322343137757289E+025 < Ne <  3.322698308035274E+025
  3.322343137757289E+025 < Nh <  3.322698308035274E+025
 CFL_Te=  1.614830164772336E-003 maxCFL_Ne=  1.351713279542329E-003 maxCFL_Ts=
  5.106341751137932E-004 CPU=   588.151467888731      NumThreads=           2 
 Elapsed time=  3.400484584658670E-003
 CFL_Limit=  1.000000000000000E-003
 dt_init=  1.000000000000000E-018 dt=  1.000000000000000E-018
 Time= -2.200000000039425E-014 Intensity=   428443508248523.     
   4539.25591065735      < Te <    4539.26932254276     
   4703.50717871434      < Th <    4703.52101771093     
   80.1749128756730      < Ts <   80.2826068012786     
  3.691825826481635E+025 < Ne <  3.692209811538200E+025
  3.691825826481635E+025 < Nh <  3.692209811538200E+025
 CFL_Te=  1.607585235975205E-003 maxCFL_Ne=  1.353315451611453E-003 maxCFL_Ts=
  5.106926002206942E-004 CPU=   588.036537234434      NumThreads=           2 
 Elapsed time=  3.401149203085410E-003
 CFL_Limit=  1.000000000000000E-003
 dt_init=  1.000000000000000E-018 dt=  1.000000000000000E-018
 Time= -2.100000000039444E-014 Intensity=   461566590146843.     
   4517.11560356900      < Te <    4517.13021808569     
   4706.03319709098      < Th <    4706.04835094098     
   80.1981261077797      < Ts <   80.3205085822990     
  4.090584426758531E+025 < Ne <  4.090998127344927E+025
  4.090584426758531E+025 < Nh <  4.090998127344927E+025
 CFL_Te=  1.586781244332880E-003 maxCFL_Ne=  1.353276511169004E-003 maxCFL_Ts=
  5.107574825929242E-004 CPU=   587.924068407226      NumThreads=           2 
 Elapsed time=  3.401799836870597E-003
 CFL_Limit=  1.000000000000000E-003
 dt_init=  1.000000000000000E-018 dt=  1.000000000000000E-018
 Time= -2.000000000039462E-014 Intensity=   495528221700866.     
   4530.25039534613      < Te <    4530.26637769303     
   4710.71292848610      < Th <    4710.72946203557     
   80.2238516152363      < Ts <   80.3622384565070     
  4.519449321577251E+025 < Ne <  4.519893494348025E+025
  4.519449321577251E+025 < Nh <  4.519893494348025E+025
 CFL_Te=  1.591395259918705E-003 maxCFL_Ne=  1.357211545547386E-003 maxCFL_Ts=
  5.108292410399674E-004 CPU=   587.812750450443      NumThreads=           2 
 Elapsed time=  3.402444058022544E-003
 CFL_Limit=  1.000000000000000E-003
 dt_init=  1.000000000000000E-018 dt=  1.000000000000000E-018
 Time= -1.900000000039480E-014 Intensity=   530146153688800.     
   4527.69294176143      < Te <    4527.71029216064     
   4714.74195055168      < Th <    4714.75991546127     
   80.2522811902457      < Ts <   80.4085298627881     
  4.979097115348884E+025 < Ne <  4.979572353598626E+025
  4.979097115348884E+025 < Nh <  4.979572353598626E+025
 CFL_Te=  1.584109998703912E-003 maxCFL_Ne=  1.360167578982618E-003 maxCFL_Ts=
  5.109084185825268E-004 CPU=   587.702846149237      NumThreads=           2 
 Elapsed time=  3.403080337460428E-003
 CFL_Limit=  1.000000000000000E-003
 dt_init=  1.000000000000000E-018 dt=  1.000000000000000E-018
 Time= -1.800000000039498E-014 Intensity=   565218022186473.     
   4506.57406188432      < Te <    4506.59275519458     
   4719.86820912923      < Th <    4719.88766328752     
   80.2836102378686      < Ts <   80.4595496553586     
  5.470031957240260E+025 < Ne <  5.470538672815566E+025
  5.470031957240260E+025 < Nh <  5.470538672815566E+025
 CFL_Te=  1.562872385653555E-003 maxCFL_Ne=  1.362277018387694E-003 maxCFL_Ts=
  5.109955279771753E-004 CPU=   587.593914933090      NumThreads=           2 
 Elapsed time=  3.403711218193506E-003
 CFL_Limit=  1.000000000000000E-003
 dt_init=  1.000000000000000E-018 dt=  1.000000000000000E-018
 Time= -1.700000000039516E-014 Intensity=   600522846939104.     
   4504.83408271521      < Te <    4504.85423506530     
   4724.99805783943      < Th <    4725.01904727411     
   80.3180371975356      < Ts <   80.5157635684957     
  5.992568039904781E+025 < Ne <  5.993106446468732E+025
  5.992568039904781E+025 < Nh <  5.993106446468732E+025
 CFL_Te=  1.555539203429695E-003 maxCFL_Ne=  1.366502090619707E-003 maxCFL_Ts=
  5.110911287007007E-004 CPU=   587.484894673584      NumThreads=           2 
 Elapsed time=  3.404342848868026E-003
 CFL_Limit=  1.000000000000000E-003
 dt_init=  1.000000000000000E-018 dt=  1.000000000000000E-018
 Time= -1.600000000039534E-014 Intensity=   635822964715936.     
   4503.80289071049      < Te <    4503.82454729737     
   4731.14757652430      < Th <    4731.17015087921     
   80.3557614477721      < Ts <   80.5773873920057     
  6.546813587074402E+025 < Ne <  6.547383684875744E+025
  6.546813587074402E+025 < Nh <  6.547383684875744E+025
 CFL_Te=  1.548393429972606E-003 maxCFL_Ne=  1.371475928134719E-003 maxCFL_Ts=
  5.111955878271092E-004 CPU=   587.376974520928      NumThreads=           2 
 Elapsed time=  3.404968336784439E-003
 CFL_Limit=  1.000000000000000E-003
 dt_init=  1.000000000000000E-018 dt=  1.000000000000000E-018
 Time= -1.500000000039552E-014 Intensity=   670866384802207.     
   4522.00561024954      < Te <    4522.02890950131     
   4737.01904995292      < Th <    4737.04325179511     
   80.3969817030003      < Ts <   80.6438915766355     
  7.132656757268944E+025 < Ne <  7.133258320223319E+025
  7.132656757268944E+025 < Nh <  7.133258320223319E+025
 CFL_Te=  1.554651468604435E-003 maxCFL_Ne=  1.377018930854934E-003 maxCFL_Ts=
  5.113094593515562E-004 CPU=   587.268912223389      NumThreads=           2 
 Elapsed time=  3.405594878891237E-003
 CFL_Limit=  1.000000000000000E-003
 dt_init=  1.000000000000000E-018 dt=  1.000000000000000E-018
 Time= -1.400000000039570E-014 Intensity=   705389542384176.     
   4523.06481552656      < Te <    4523.08971777724     
   4743.87907879841      < Th <    4743.90495547366     
   80.4418949378277      < Ts <   80.7205059899703     
  7.749753842900889E+025 < Ne <  7.750386407889739E+025
  7.749753842900889E+025 < Nh <  7.750386407889739E+025
 CFL_Te=  1.547941855050230E-003 maxCFL_Ne=  1.383017974325293E-003 maxCFL_Ts=
  5.114332413024085E-004 CPU=   587.162558881889      NumThreads=           2 
 Elapsed time=  3.406211737697514E-003
 CFL_Limit=  1.000000000000000E-003
 dt_init=  1.000000000000000E-018 dt=  1.000000000000000E-018
 Time= -1.300000000039588E-014 Intensity=   739120414174032.     
   4525.39178451392      < Te <    4525.41834021556     
   4765.07214005138      < Th <    4765.09981789626     
   80.4906915176703      < Ts <   80.8019937527808     
  8.397520061948876E+025 < Ne <  8.398182921217392E+025
  8.397520061948876E+025 < Nh <  8.398182921217392E+025
 CFL_Te=  1.541761123201781E-003 maxCFL_Ne=  1.389853626773439E-003 maxCFL_Ts=
  5.115674541701840E-004 CPU=   587.051650207403      NumThreads=           2 
 Elapsed time=  3.406855255910459E-003
 CFL_Limit=  1.000000000000000E-003
 dt_init=  1.000000000000000E-018 dt=  1.000000000000000E-018
 Time= -1.200000000039606E-014 Intensity=   771781949547488.     
   4528.90653015949      < Te <    4528.93478564934     
   4772.83065325516      < Th <    4772.86010009602     
   80.5435557220412      < Ts <   80.8910320694738     
  9.075123361424960E+025 < Ne <  9.075815557864697E+025
  9.075123361424960E+025 < Nh <  9.075815557864697E+025
 CFL_Te=  1.536392268657905E-003 maxCFL_Ne=  1.397644628469342E-003 maxCFL_Ts=
  5.117124175266761E-004 CPU=   586.949244018465      NumThreads=           2 
 Elapsed time=  3.407449656647110E-003
 CFL_Limit=  1.000000000000000E-003
 dt_init=  1.000000000000000E-018 dt=  1.000000000000000E-018
 Time= -1.100000000039625E-014 Intensity=   803095760155617.     
   4533.83390054142      < Te <    4533.86390644272     
   4780.90259541716      < Th <    4780.93385438670     
   80.6006625884647      < Ts <   80.9876129731471     
  9.781481378228978E+025 < Ne <  9.782201704033759E+025
  9.781481378228978E+025 < Nh <  9.782201704033759E+025
 CFL_Te=  1.531097648866150E-003 maxCFL_Ne=  1.406318522454836E-003 maxCFL_Ts=
  5.118683726352808E-004 CPU=   586.847206828420      NumThreads=           2 
 Elapsed time=  3.408042121915989E-003
 CFL_Limit=  1.000000000000000E-003
 dt_init=  1.000000000000000E-018 dt=  1.000000000000000E-018
 Time= -1.000000000039643E-014 Intensity=   832786001727595.     
   4556.67580167679      < Te <    4556.70771046635     
   4789.35117733799      < Th <    4789.38427775571     
   80.6621752765645      < Ts <   81.0896798862735     
  1.051526182750847E+026 < Ne <  1.051600882640205E+026
  1.051526182750847E+026 < Nh <  1.051600882640205E+026
 CFL_Te=  1.538811470043411E-003 maxCFL_Ne=  1.413403693495404E-003 maxCFL_Ts=
  5.120357539416226E-004 CPU=   586.744674143446      NumThreads=           2 
 Elapsed time=  3.408637671777220E-003
 CFL_Limit=  1.000000000000000E-003
 dt_init=  1.000000000000000E-018 dt=  1.000000000000000E-018
 Time= -9.000000000396607E-015 Intensity=   860583374007772.     
   4563.91784361409      < Te <    4563.95157616529     
   4814.23797774361      < Th <    4814.27305496873     
   80.7282430581822      < Ts <   81.1942517823477     
  1.127488644529805E+026 < Ne <  1.127565841809243E+026
  1.127488644529805E+026 < Nh <  1.127565841809243E+026
 CFL_Te=  1.534837155172029E-003 maxCFL_Ne=  1.423464799459463E-003 maxCFL_Ts=
  5.122148425744168E-004 CPU=   586.646267568896      NumThreads=           2 
 Elapsed time=  3.409209451358384E-003
 CFL_Limit=  1.000000000000000E-003
 dt_init=  1.000000000000000E-018 dt=  1.000000000000000E-018
 Time= -8.000000000396788E-015 Intensity=   886229158745770.     
   4572.81922682056      < Te <    4572.85481008855     
   4823.24131371453      < Th <    4823.27827047798     
   80.7989991876279      < Ts <   81.3098390840950     
  1.205853863544993E+026 < Ne <  1.205933364968186E+026
  1.205853863544993E+026 < Nh <  1.205933364968185E+026
 CFL_Te=  1.531507313962882E-003 maxCFL_Ne=  1.434636439007940E-003 maxCFL_Ts=
  5.124059819146131E-004 CPU=   586.545582987387      NumThreads=           2 
 Elapsed time=  3.409794665597217E-003
 CFL_Limit=  1.000000000000000E-003
 dt_init=  1.000000000000000E-018 dt=  1.000000000000000E-018
 Time= -7.000000000396969E-015 Intensity=   909479211697424.     
   4583.42212399645      < Te <    4583.45959089331     
   4832.81521268996      < Th <    4832.85403424072     
   80.8745584993719      < Ts <   81.4326353565787     
  1.286417465806890E+026 < Ne <  1.286499056097403E+026
  1.286417465806890E+026 < Nh <  1.286499056097403E+026
 CFL_Te=  1.529224146376840E-003 maxCFL_Ne=  1.447010405012174E-003 maxCFL_Ts=
  5.126090778222743E-004 CPU=   586.445945500627      NumThreads=           2 
 Elapsed time=  3.410373991575086E-003
 CFL_Limit=  1.000000000000000E-003
 dt_init=  1.000000000000000E-018 dt=  1.000000000000000E-018
 Time= -6.000000000397150E-015 Intensity=   930107822811065.     
   4608.99093893229      < Te <    4609.03044751163     
   4859.75367341701      < Th <    4859.79456569536     
   80.9550137021050      < Ts <   81.5651661448614     
  1.368953841749459E+026 < Ne <  1.369037285263146E+026
  1.368953841749459E+026 < Nh <  1.369037285263146E+026
 CFL_Te=  1.537754989304918E-003 maxCFL_Ne=  1.455082613998215E-003 maxCFL_Ts=
  5.128243475348959E-004 CPU=   586.346692443648      NumThreads=           2 
 Elapsed time=  3.410951278099372E-003
 CFL_Limit=  1.000000000000000E-003
 dt_init=  1.000000000000000E-018 dt=  1.000000000000000E-018
 Time= -5.000000000397331E-015 Intensity=   947911359388388.     
   4621.81837817793      < Te <    4621.85985448040     
   4869.42544271710      < Th <    4869.46829098551     
   81.0404383926484      < Ts <   81.7079233485759     
  1.453217976170363E+026 < Ne <  1.453303018857725E+026
  1.453217976170363E+026 < Nh <  1.453303018857725E+026
 CFL_Te=  1.536287295404287E-003 maxCFL_Ne=  1.468894459793866E-003 maxCFL_Ts=
  5.130517312755257E-004 CPU=   586.248996287717      NumThreads=           2 
 Elapsed time=  3.411519700101026E-003
 CFL_Limit=  1.000000000000000E-003
 dt_init=  1.000000000000000E-018 dt=  1.000000000000000E-018
 Time= -4.000000000397512E-015 Intensity=   962711610070075.     
   4648.29339408913      < Te <    4648.33700449983     
   4897.29359724297      < Th <    4897.33859801192     
   81.1308822710655      < Ts <   81.8577588692250     
  1.538947582451761E+026 < Ne <  1.539033954179513E+026
  1.538947582451761E+026 < Nh <  1.539033954179513E+026
 CFL_Te=  1.545087562661729E-003 maxCFL_Ne=  1.477308681429811E-003 maxCFL_Ts=
  5.132911698683136E-004 CPU=   586.151667356251      NumThreads=           2 
 Elapsed time=  3.412086173909050E-003
 CFL_Limit=  1.000000000000000E-003
 dt_init=  1.000000000000000E-018 dt=  1.000000000000000E-018
 Time= -3.000000000397693E-015 Intensity=   974358752858044.     
   4663.29010406276      < Te <    4663.33578236623     
   4906.27509052738      < Th <    4906.32207216070     
   81.2263679111952      < Ts <   82.0139115804801     
  1.625865527493331E+026 < Ne <  1.625952944580361E+026
  1.625865527493331E+026 < Nh <  1.625952944580362E+026
 CFL_Te=  1.544746637819546E-003 maxCFL_Ne=  1.492587819728288E-003 maxCFL_Ts=
  5.135425942347192E-004 CPU=   586.055313032042      NumThreads=           2 
 Elapsed time=  3.412647160645485E-003
 CFL_Limit=  1.000000000000000E-003
 dt_init=  1.000000000000000E-018 dt=  1.000000000000000E-018
 Time= -2.000000000397874E-015 Intensity=   982733878060388.     
   4690.27420658509      < Te <    4690.32211185714     
   4934.63577285649      < Th <    4934.68499085124     
   81.3268994903260      < Ts <   82.1825304567830     
  1.713682523766744E+026 < Ne <  1.713770691783183E+026
  1.713682523766744E+026 < Nh <  1.713770691783185E+026
 CFL_Te=  1.553685307590908E-003 maxCFL_Ne=  1.501224670932593E-003 maxCFL_Ts=
  5.138056988082678E-004 CPU=   585.958256839130      NumThreads=           2 
 Elapsed time=  3.413212420264749E-003
 CFL_Limit=  1.000000000000000E-003
 dt_init=  1.000000000000000E-018 dt=  1.000000000000000E-018
 Time= -1.000000000397902E-015 Intensity=   987751006861459.     
   4707.25385239959      < Te <    4707.30393115729     
   4944.82479608847      < Th <    4944.87610772049     
   81.4324501493470      < Ts <   82.3526376659696     
  1.802099994748430E+026 < Ne <  1.802188611481516E+026
  1.802099994748430E+026 < Nh <  1.802188611481518E+026
 CFL_Te=  1.554595760618968E-003 maxCFL_Ne=  1.517948052038238E-003 maxCFL_Ts=
  5.140803478693513E-004 CPU=   585.863648827219      NumThreads=           2 
 Elapsed time=  3.413763601827144E-003
 CFL_Limit=  1.000000000000000E-003
 dt_init=  1.000000000000000E-018 dt=  1.000000000000000E-018
 Time= -3.978898472655851E-025 Intensity=   989358557592368.     
   4734.31607943151      < Te <    4734.36847111648     
   4973.21844247573      < Th <    4973.27206527188     
   81.5429718346868      < Ts <   82.5304098449564     
  1.890813146136757E+026 < Ne <  1.890901904723620E+026
  1.890813146136757E+026 < Nh <  1.890901904723623E+026
 CFL_Te=  1.563533208184938E-003 maxCFL_Ne=  1.526674807827328E-003 maxCFL_Ts=
  5.143657577153750E-004 CPU=   585.769393354282      NumThreads=           2 
 Elapsed time=  3.414312906564533E-003
 CFL_Limit=  1.000000000000000E-003
 dt_init=  1.000000000000000E-018 dt=  1.000000000000000E-018
