 Hello from thread =                    0
 Hello from thread =                    1
OpenMP TEST
Number of Threads = 2
*******************************
 Pi =    3.1415926535897931     
 Read PolarizationSource TM:                     0
 Read phiMie0:    270.00000000000000      deg -> rad
 Importing data on Polarization.
 Loading GMSH mesh...
 MESH INFORMATIONS
 [GMSH] Quadrangles number
               120000
 [GMSH] Node number
               120704
 Latest running index while remeshing                 2604
 [Mesh] Building...

 [Mesh] Convergence (                  500 )=   1.0817200796192992E-005
 [Mesh] Convergence (                 1000 )=   1.8112629213610488E-006
 [Mesh] Convergence (                 1500 )=   2.5792603657464494E-007
 [Mesh] Convergence (                 2000 )=   3.5914706339099211E-008
 [Mesh] Convergence (                 2500 )=   4.9850516661535945E-009
 [Mesh] Convergence (                 3000 )=   6.9162929503363552E-010
 [Mesh] Convergence is reached. The show can go on.
 [Mesh) ITERATIONS=                 3490
 Vessel cells:                   51 *                   51 =                 2601
 Matter cells:                   51 *                   51 =                 2601
  -73.799999999999997       -74.200000000000003     
 Done.
 [Mesh] Calculation of normales and distances.
 NEEDLE CHECK
 North  -3.7660326630786244E-002  0.99929059827362665     
 South  -4.4254985284557589E-002 -0.99902026820153322     
 East  0.99776387854434379        6.6837434661633735E-002
 West -0.98355051411920225      -0.18063329199196024     
   1.0084235919080716E-007   1.0080401314662160E-007   6.2261963353734495E-009   6.0517118214716542E-009
 VESSEL CHECK
 North  -3.7660326630786486E-002  0.99929059827362954     
 South  -4.4254985284557596E-002 -0.99902026820153644     
 East  0.99776387854570758        6.6837434661703207E-002
 West -0.98355051411899175      -0.18063329199185602     
   1.0084235919080652E-007   1.0080401314662204E-007   6.2261963353814905E-009   6.0517118214533355E-009
 epsilon(   515.00000000000000      nm)= (  17.825399999999998     , 0.50668999999999997     )
 Re(sqrt(epsilon))=   4.2224400481392985     
 [Poisson eq.] Filling matrix
 Starting time loop.
 Time=  -1.9900000000000334E-013 Intensity=   1.5608081973338662E-015
   80.000000477192344      < Te <    80.000000477853547     
   80.000000477192344      < Th <    80.000000477853547     
   80.000000000000000      < Ts <   80.000000000000000     
   100000.00001007428      < Ne <   100000.00001008825     
   100000.00001007428      < Nh <   100000.00001008825     
 CFL_Te=   3.0172996512481956E-005 maxCFL_Ne=   2.3291356418542616E-005 maxCFL_Ts=   5.1020110945368359E-004 CPU=   442.31233272159335      NumThreads=                    2 Elapsed time=   4.5216916916916922E-003
 CFL_Limit=   1.0000000000000000E-003
 dt_init=   1.0000000000000001E-018 dt=   1.0000000000000001E-018
 Time=  -1.9800000000000668E-013 Intensity=   3.1054412247246876E-015
   80.000001427414261      < Te <    80.000001428727828     
   80.000001427414261      < Th <    80.000001428727828     
   80.000000000000000      < Ts <   80.000000000000000     
   100000.00003017709      < Ne <   100000.00003020490     
   100000.00003017709      < Nh <   100000.00003020490     
 CFL_Te=   3.0172996870869982E-005 maxCFL_Ne=   2.3291356695192078E-005 maxCFL_Ts=   5.1020110945368359E-004 CPU=   447.17651873639414      NumThreads=                    2 Elapsed time=   4.4725067533766885E-003
 CFL_Limit=   1.0000000000000000E-003
 dt_init=   1.0000000000000001E-018 dt=   1.0000000000000001E-018
 Time=  -1.9700000000001002E-013 Intensity=   6.1573230609639201E-015
   80.000003312372158      < Te <    80.000003314974620     
   80.000003312372158      < Th <    80.000003314974620     
   80.000000000000000      < Ts <   80.000000000000000     
   100000.00007009716      < Ne <   100000.00007015229     
   100000.00007009716      < Nh <   100000.00007015229     
 CFL_Te=   3.0172997581805335E-005 maxCFL_Ne=   2.3291357243982404E-005 maxCFL_Ts=   5.1020110945368359E-004 CPU=   448.69043808359959      NumThreads=                    2 Elapsed time=   4.4574161387129045E-003
 CFL_Limit=   1.0000000000000000E-003
 dt_init=   1.0000000000000001E-018 dt=   1.0000000000000001E-018
 Time=  -1.9600000000001335E-013 Intensity=   1.2166213048899516E-014
   80.000007040551225      < Te <    80.000007045691348     
   80.000007040551225      < Th <    80.000007045691348     
   80.000000000000000      < Ts <   80.000000000000000     
   100000.00014909677      < Ne <   100000.00014920571     
   100000.00014909677      < Nh <   100000.00014920571     
 CFL_Te=   3.0172998987934498E-005 maxCFL_Ne=   2.3291358329411744E-005 maxCFL_Ts=   5.1020110945368359E-004 CPU=   448.83477206820072      NumThreads=                    2 Elapsed time=   4.4559827456864213E-003
 CFL_Limit=   1.0000000000000000E-003
 dt_init=   1.0000000000000001E-018 dt=   1.0000000000000001E-018
 Time=  -1.9500000000001669E-013 Intensity=   2.3955969091122017E-014
   80.000014390740063      < Te <    80.000014400859044     
   80.000014390740063      < Th <    80.000014400859044     
   80.000000000000000      < Ts <   80.000000000000000     
   100000.00030489115      < Ne <   100000.00030510564     
   100000.00030489115      < Nh <   100000.00030510564     
 CFL_Te=   3.0173001760149759E-005 maxCFL_Ne=   2.3291360469360078E-005 maxCFL_Ts=   5.1020110945368359E-004 CPU=   448.24030486438016      NumThreads=                    2 Elapsed time=   4.4618923784756946E-003
 CFL_Limit=   1.0000000000000000E-003
 dt_init=   1.0000000000000001E-018 dt=   1.0000000000000001E-018
 Time=  -1.9400000000002002E-013 Intensity=   4.7007474681725239E-014
   80.000028833529129      < Te <    80.000028853382560     
   80.000028833529129      < Th <    80.000028853382560     
   80.000000000000000      < Ts <   80.000000000000000     
   100000.00061106883      < Ne <   100000.00061148973     
   100000.00061106883      < Nh <   100000.00061148973     
 CFL_Te=   3.0173007207427523E-005 maxCFL_Ne=   2.3291364674261902E-005 maxCFL_Ts=   5.1020110945368359E-004 CPU=   448.84295745086229      NumThreads=                    2 Elapsed time=   4.4559014835805965E-003
 CFL_Limit=   1.0000000000000000E-003
 dt_init=   1.0000000000000001E-018 dt=   1.0000000000000001E-018
 Time=  -1.9300000000002336E-013 Intensity=   9.1921043856280728E-014
   80.000057116609241      < Te <    80.000057155428721     
   80.000057116609241      < Th <    80.000057155428721     
   80.000000000000000      < Ts <   80.000000000000000     
   100000.00121070982      < Ne <   100000.00121153287     
   100000.00121070982      < Nh <   100000.00121153287     
 CFL_Te=   3.0173017874743431E-005 maxCFL_Ne=   2.3291372908653099E-005 maxCFL_Ts=   5.1020110945368359E-004 CPU=   449.27632426106277      NumThreads=                    2 Elapsed time=   4.4516033719102727E-003
 CFL_Limit=   1.0000000000000000E-003
 dt_init=   1.0000000000000001E-018 dt=   1.0000000000000001E-018
 Time=  -1.9200000000002670E-013 Intensity=   1.7912566855350728E-013
   80.000112313108744      < Te <    80.000112388751688     
   80.000112313108744      < Th <    80.000112389454401     
   80.000000000000000      < Ts <   80.000000000000000     
   100000.00238102887      < Ne <   100000.00238263275     
   100000.00238102887      < Nh <   100000.00238263275     
 CFL_Te=   3.0173038692790644E-005 maxCFL_Ne=   2.3291388978669788E-005 maxCFL_Ts=   5.1020110945368359E-004 CPU=   449.62003060327868      NumThreads=                    2 Elapsed time=   4.4482004000500055E-003
 CFL_Limit=   1.0000000000000000E-003
 dt_init=   1.0000000000000001E-018 dt=   1.0000000000000001E-018
 Time=  -1.9100000000003003E-013 Intensity=   3.4785283813530712E-013
   80.000219662256029      < Te <    80.000219809144241     
   80.000219662256029      < Th <    80.000219809843784     
   80.000000000000000      < Ts <   80.000000000000000     
   100000.00465723996      < Ne <   100000.00466035461     
   100000.00465723996      < Nh <   100000.00466035461     
 CFL_Te=   3.0173079180858492E-005 maxCFL_Ne=   2.3291420232510239E-005 maxCFL_Ts=   5.1020110945368359E-004 CPU=   449.87202593110555      NumThreads=                    2 Elapsed time=   4.4457087454161572E-003
 CFL_Limit=   1.0000000000000000E-003
 dt_init=   1.0000000000000001E-018 dt=   1.0000000000000001E-018
 Time=  -1.9000000000003337E-013 Intensity=   6.7317523082182542E-013
   80.000427720236658      < Te <    80.000428004488157     
   80.000427720236658      < Th <    80.000428007996248     
   80.000000000000000      < Ts <   80.000000000000000     
   100000.00906904222      < Ne <   100000.00907506979     
   100000.00906904222      < Nh <   100000.00907506979     
 CFL_Te=   3.0173157652517076E-005 maxCFL_Ne=   2.3291480806917156E-005 maxCFL_Ts=   5.1020110945368359E-004 CPU=   450.09274300737445      NumThreads=                    2 Elapsed time=   4.4435286528652865E-003
 CFL_Limit=   1.0000000000000000E-003
 dt_init=   1.0000000000000001E-018 dt=   1.0000000000000001E-018
 Time=  -1.8900000000003671E-013 Intensity=   1.2982417001071079E-012
   80.000829573122843      < Te <    80.000830121291941     
   80.000829573122843      < Th <    80.000830124784557     
   80.000000000000000      < Ts <   80.000000000000000     
   100000.01759051721      < Ne <   100000.01760214157     
   100000.01759051721      < Nh <   100000.01760214157     
 CFL_Te=   3.0173309216337835E-005 maxCFL_Ne=   2.3291597803151458E-005 maxCFL_Ts=   5.1020110945368359E-004 CPU=   450.23778502822029      NumThreads=                    2 Elapsed time=   4.4420971906536958E-003
 CFL_Limit=   1.0000000000000000E-003
 dt_init=   1.0000000000000001E-018 dt=   1.0000000000000001E-018
 Time=  -1.8800000000004004E-013 Intensity=   2.4950418329827070E-012
   80.001603047293969      < Te <    80.001604100762776     
   80.001603047293969      < Th <    80.001604117966096     
   80.000000000000000      < Ts <   80.000000000000000     
   100000.03399297041      < Ne <   100000.03401531083     
   100000.03399297041      < Nh <   100000.03401531083     
 CFL_Te=   3.0173600941754438E-005 maxCFL_Ne=   2.3291822993932617E-005 maxCFL_Ts=   5.1020110945368359E-004 CPU=   450.38701227842307      NumThreads=                    2 Elapsed time=   4.4406253854487867E-003
 CFL_Limit=   1.0000000000000000E-003
 dt_init=   1.0000000000000001E-018 dt=   1.0000000000000001E-018
 Time=  -1.8700000000004338E-013 Intensity=   4.7785370591305342E-012
   80.003086658295800      < Te <    80.003088675843074     
   80.003086658295800      < Th <    80.003088692970579     
   80.000000000000000      < Ts <   80.000000000000000     
   100000.06545582501      < Ne <   100000.06549861169     
   100000.06545582501      < Nh <   100000.06549861169     
 CFL_Te=   3.0174160504120915E-005 maxCFL_Ne=   2.3292254935337916E-005 maxCFL_Ts=   5.1020110945368359E-004 CPU=   450.51021087163383      NumThreads=                    2 Elapsed time=   4.4394110316178167E-003
 CFL_Limit=   1.0000000000000000E-003
 dt_init=   1.0000000000000001E-018 dt=   1.0000000000000001E-018
 Time=  -1.8600000000004672E-013 Intensity=   9.1202540354820250E-012
   80.005922548784412      < Te <    80.005926399313410     
   80.005922548784412      < Th <    80.005926416365739     
   80.000000000000000      < Ts <   80.000000000000000     
   100000.12559849530      < Ne <   100000.12568015739     
   100000.12559849530      < Nh <   100000.12568015739     
 CFL_Te=   3.0175230095537314E-005 maxCFL_Ne=   2.3293080582034669E-005 maxCFL_Ts=   5.1020110945368359E-004 CPU=   450.61332371441216      NumThreads=                    2 Elapsed time=   4.4383951710836485E-003
 CFL_Limit=   1.0000000000000000E-003
 dt_init=   1.0000000000000001E-018 dt=   1.0000000000000001E-018
 Time=  -1.8500000000005005E-013 Intensity=   1.7346575960485076E-011
   80.011324538537721      < Te <    80.011331861914684     
   80.011324538537721      < Th <    80.011331878891980     
   80.000000000000000      < Ts <   80.000000000000000     
   100000.24016629423      < Ne <   100000.24032161421     
   100000.24016629423      < Nh <   100000.24032161421     
 CFL_Te=   3.0177267523249992E-005 maxCFL_Ne=   2.3294653327884208E-005 maxCFL_Ts=   5.1020110945368359E-004 CPU=   450.68801135184515      NumThreads=                    2 Elapsed time=   4.4376596439762647E-003
 CFL_Limit=   1.0000000000000000E-003
 dt_init=   1.0000000000000001E-018 dt=   1.0000000000000001E-018
 Time=  -1.8400000000005339E-013 Intensity=   3.2878760687561038E-011
   80.021578992977467      < Te <    80.021592873193612     
   80.021578992977467      < Th <    80.021592890096215     
   80.000000000000000      < Ts <   80.000000000000000     
   100000.45765550045      < Ne <   100000.45794989449     
   100000.45765550045      < Nh <   100000.45794989449     
 CFL_Te=   3.0181135118452527E-005 maxCFL_Ne=   2.3297638829781820E-005 maxCFL_Ts=   5.1020110945368359E-004 CPU=   450.76339015767621      NumThreads=                    2 Elapsed time=   4.4369175573473344E-003
 CFL_Limit=   1.0000000000000000E-003
 dt_init=   1.0000000000000001E-018 dt=   1.0000000000000001E-018
 Time=  -1.8300000000005673E-013 Intensity=   6.2102912198057113E-011
   80.040977362502034      < Te <    80.041003578965189     
   80.040977362502034      < Th <    80.041003595793043     
   80.000000000000000      < Ts <   80.000000000000000     
   100000.86909702668      < Ne <   100000.86965309166     
   100000.86909702668      < Nh <   100000.86965309166     
 CFL_Te=   3.0188451455109034E-005 maxCFL_Ne=   2.3303286508979824E-005 maxCFL_Ts=   5.1020110945368359E-004 CPU=   450.83161313274422      NumThreads=                    2 Elapsed time=   4.4362461321254196E-003
 CFL_Limit=   1.0000000000000000E-003
 dt_init=   1.0000000000000001E-018 dt=   1.0000000000000001E-018
 Time=  -1.8200000000006006E-013 Intensity=   1.1689699388427008E-010
   80.077546153964363      < Te <    80.077595499005298     
   80.077546153964363      < Th <    80.077595977368304     
   80.000000000000000      < Ts <   80.000000000000000     
   100001.64476134343      < Ne <   100001.64580803066     
   100001.64476134343      < Nh <   100001.64580803066     
 CFL_Te=   3.0202243830242499E-005 maxCFL_Ne=   2.3313933218363126E-005 maxCFL_Ts=   5.1020110945368359E-004 CPU=   450.85103173284642      NumThreads=                    2 Elapsed time=   4.4360550586143672E-003
 CFL_Limit=   1.0000000000000000E-003
 dt_init=   1.0000000000000001E-018 dt=   1.0000000000000001E-018
 Time=  -1.8100000000006340E-013 Intensity=   2.1927522735647163E-010
   80.146244545999835      < Te <    80.146337101386791     
   80.146244545999835      < Th <    80.146338417410391     
   80.000000000000000      < Ts <   80.000000000000000     
   100003.10201374321      < Ne <   100003.10397711775     
   100003.10201374321      < Nh <   100003.10397711775     
 CFL_Te=   3.0228154284379190E-005 maxCFL_Ne=   2.3333934202422311E-005 maxCFL_Ts=   5.1020110945368359E-004 CPU=   450.89356917051828      NumThreads=                    2 Elapsed time=   4.4356365598189383E-003
 CFL_Limit=   1.0000000000000000E-003
 dt_init=   1.0000000000000001E-018 dt=   1.0000000000000001E-018
 Time=  -1.8000000000006673E-013 Intensity=   4.0989313713879761E-010
   80.274852899429192      < Te <    80.275025898408074     
   80.274852899429192      < Th <    80.275027208603404     
   80.000000000000000      < Ts <   80.000000000000000     
   100005.83030682562      < Ne <   100005.83397697915     
   100005.83030682562      < Nh <   100005.83397697915     
 CFL_Te=   3.0276660526583607E-005 maxCFL_Ne=   2.3371377489675532E-005 maxCFL_Ts=   5.1020110945368359E-004 CPU=   450.64199302420889      NumThreads=                    2 Elapsed time=   4.4381128056402821E-003
 CFL_Limit=   1.0000000000000000E-003
 dt_init=   1.0000000000000001E-018 dt=   1.0000000000000001E-018
 Time=  -1.7900000000007007E-013 Intensity=   7.6356598600097579E-010
   80.514775482500667      < Te <    80.515097707739471     
   80.514775482500667      < Th <    80.515102258261919     
   80.000000000000000      < Ts <   80.000000000000000     
   100010.92059700783      < Ne <   100010.92743392248     
   100010.92059700783      < Nh <   100010.92743392248     
 CFL_Te=   3.0367150316822356E-005 maxCFL_Ne=   2.3441229019198552E-005 maxCFL_Ts=   5.1020110945368359E-004 CPU=   450.66964758058498      NumThreads=                    2 Elapsed time=   4.4378404685937430E-003
 CFL_Limit=   1.0000000000000000E-003
 dt_init=   1.0000000000000001E-018 dt=   1.0000000000000001E-018
 Time=  -1.7800000000007341E-013 Intensity=   1.4174813416816798E-009
   80.960779689844912      < Te <    80.961377732658008     
   80.960779689844912      < Th <    80.961382262715347     
   80.000000000000000      < Ts <   80.000000000000000     
   100020.38491527138      < Ne <   100020.39760729687     
   100020.38491527138      < Nh <   100020.39760729687     
 CFL_Te=   3.0535366358228346E-005 maxCFL_Ne=   2.3571079555391817E-005 maxCFL_Ts=   5.1020110945368359E-004 CPU=   450.70768112711215      NumThreads=                    2 Elapsed time=   4.4374659757261698E-003
 CFL_Limit=   1.0000000000000000E-003
 dt_init=   1.0000000000000001E-018 dt=   1.0000000000000001E-018
 Time=  -1.7700000000007674E-013 Intensity=   2.6223036413214384E-009
   81.786908727878796      < Te <    81.788014662907941     
   81.786908727878796      < Th <    81.788019172219862     
   80.000000000000000      < Ts <   80.000000000000000     
   100037.92095044946      < Ne <   100037.94443036673     
   100037.92095044946      < Nh <   100037.94443036673     
 CFL_Te=   3.0846951213662981E-005 maxCFL_Ne=   2.3811600377364068E-005 maxCFL_Ts=   5.1020110945368359E-004 CPU=   450.75157813274132      NumThreads=                    2 Elapsed time=   4.4370338275577202E-003
 CFL_Limit=   1.0000000000000000E-003
 dt_init=   1.0000000000000001E-018 dt=   1.0000000000000001E-018
 Time=  -1.7600000000008008E-013 Intensity=   4.8344097271306617E-009
   83.311496839812222      < Te <    83.313534317399842     
   83.311496839812222      < Th <    83.313538805380148     
   80.000000000000000      < Ts <   80.000000000000000     
   100070.30034743261      < Ne <   100070.34363438787     
   100070.30034743261      < Nh <   100070.34363438787     
 CFL_Te=   3.1421968607537299E-005 maxCFL_Ne=   2.4255471938547843E-005 maxCFL_Ts=   5.1020110945368359E-004 CPU=   450.76441654914532      NumThreads=                    2 Elapsed time=   4.4369074544772695E-003
 CFL_Limit=   1.0000000000000000E-003
 dt_init=   1.0000000000000001E-018 dt=   1.0000000000000001E-018
 Time=  -1.7500000000008342E-013 Intensity=   8.8817548566826219E-009
   86.114154251527864      < Te <    86.117892902321657     
   86.114154251527864      < Th <    86.117897367829784     
   80.000000000000000      < Ts <   80.000000000000000     
   100129.88046851470      < Ne <   100129.95999510572     
   100129.88046851470      < Nh <   100129.95999510572     
 CFL_Te=   3.2479025755099271E-005 maxCFL_Ne=   2.5071443092372395E-005 maxCFL_Ts=   5.1020110945368359E-004 CPU=   450.34034391778152      NumThreads=                    2 Elapsed time=   4.4410855634225369E-003
 CFL_Limit=   1.0000000000000000E-003
 dt_init=   1.0000000000000001E-018 dt=   1.0000000000000001E-018
 Time=  -1.7400000000008675E-013 Intensity=   1.6261064004507730E-008
   91.244536539257197      < Te <    91.251366237725975     
   91.244536539257197      < Th <    91.251455702585673     
   80.000000000000000      < Ts <   80.000000000000000     
   100239.13244014983      < Ne <   100239.27804054158     
   100239.13244014983      < Nh <   100239.27804054158     
 CFL_Te=   3.4414013329499200E-005 maxCFL_Ne=   2.6565112613798827E-005 maxCFL_Ts=   5.1020110945368359E-004 CPU=   450.38748195468304      NumThreads=                    2 Elapsed time=   4.4406207546444096E-003
 CFL_Limit=   1.0000000000000000E-003
 dt_init=   1.0000000000000001E-018 dt=   1.0000000000000001E-018
 Time=  -1.7300000000009009E-013 Intensity=   2.9668390479681111E-008
   100.59039631092435      < Te <    100.60280717485871     
   100.59039631092435      < Th <    100.60289606474281     
   80.000000000000000      < Ts <   80.000000000000000     
   100438.77469297295      < Ne <   100439.04034159688     
   100438.77469297295      < Nh <   100439.04034159688     
 CFL_Te=   3.7938920737181690E-005 maxCFL_Ne=   2.9286084484813724E-005 maxCFL_Ts=   5.1020110945368359E-004 CPU=   450.42439265215495      NumThreads=                    2 Elapsed time=   4.4402568613652353E-003
 CFL_Limit=   1.0000000000000000E-003
 dt_init=   1.0000000000000001E-018 dt=   1.0000000000000001E-018
 Time=  -1.7200000000009343E-013 Intensity=   5.3942846938300164E-008
   117.51384716589304      < Te <    117.53624919722215     
   117.51384716589304      < Th <    117.53633736912850     
   80.000000000000000      < Ts <   80.000000000000000     
   100802.33035897999      < Ne <   100802.81335933249     
   100802.33035897999      < Nh <   100802.81335933249     
 CFL_Te=   4.4321810994434970E-005 maxCFL_Ne=   3.4213211026608459E-005 maxCFL_Ts=   5.1020110945368359E-004 CPU=   450.41716433173195      NumThreads=                    2 Elapsed time=   4.4403281188613881E-003
 CFL_Limit=   1.0000000000000000E-003
 dt_init=   1.0000000000000001E-018 dt=   1.0000000000000001E-018
 Time=  -1.7100000000009676E-013 Intensity=   9.7739157377142928E-008
   147.91469049726021      < Te <    147.95475317381212     
   147.91469049726021      < Th <    147.95484037322890     
   80.000000000000000      < Ts <   80.000000000000000     
   101462.08833628001      < Ne <   101462.96348563059     
   101462.08833628001      < Nh <   101462.96348563059     
 CFL_Te=   5.5787867673714216E-005 maxCFL_Ne=   4.3064171942002662E-005 maxCFL_Ts=   5.1020110945368359E-004 CPU=   450.42439168224155      NumThreads=                    2 Elapsed time=   4.4402568709265844E-003
 CFL_Limit=   1.0000000000000000E-003
 dt_init=   1.0000000000000001E-018 dt=   1.0000000000000001E-018
 Time=  -1.7000000000010010E-013 Intensity=   1.7648108606485697E-007
   201.89944842506964      < Te <    201.97011273333703     
   201.89944842506964      < Th <    201.97019851578125     
   80.000000000000000      < Ts <   80.000000000000000     
   102655.23452902456      < Ne <   102656.81472791315     
   102655.23452902456      < Nh <   102656.81472791315     
 CFL_Te=   7.6148891460799836E-005 maxCFL_Ne=   5.8781399824067814E-005 maxCFL_Ts=   5.1020110945368359E-004 CPU=   450.45327771391305      NumThreads=                    2 Elapsed time=   4.4399721324044133E-003
 CFL_Limit=   1.0000000000000000E-003
 dt_init=   1.0000000000000001E-018 dt=   1.0000000000000001E-018
 Time=  -1.6900000000010343E-013 Intensity=   3.1755766135123548E-007
   296.08517307479542      < Te <    296.20715771690237     
   296.08517307479542      < Th <    296.20724132757158     
   80.000000000000000      < Ts <   80.000000000000000     
   104805.52904171725      < Ne <   104808.37243006397     
   104805.52904171725      < Nh <   104808.37243006397     
 CFL_Te=   1.1167221051617866E-004 maxCFL_Ne=   8.6202815689945180E-005 maxCFL_Ts=   5.1020110945368359E-004 CPU=   450.46329319227164      NumThreads=                    2 Elapsed time=   4.4398734152714600E-003
 CFL_Limit=   1.0000000000000000E-003
 dt_init=   1.0000000000000001E-018 dt=   1.0000000000000001E-018
 Time=  -1.6800000000010677E-013 Intensity=   5.6943200375045409E-007
   455.87956315522638      < Te <    456.08302538039419     
   455.87956315522638      < Th <    456.08310559406306     
   80.000000000000000      < Ts <   80.000000000000000     
   108667.39780146530      < Ne <   108672.49645446842     
   108667.39780146530      < Nh <   108672.49645446842     
 CFL_Te=   1.7194065483932099E-004 maxCFL_Ne=   1.3272566657552767E-004 maxCFL_Ts=   5.1020110945368359E-004 CPU=   450.47290187431372      NumThreads=                    2 Elapsed time=   4.4397787118347449E-003
 CFL_Limit=   1.0000000000000000E-003
 dt_init=   1.0000000000000001E-018 dt=   1.0000000000000001E-018
 Time=  -1.6700000000011011E-013 Intensity=   1.0175505639765076E-006
   715.21605091348454      < Te <    715.53743948940746     
   715.21605091348454      < Th <    715.59282253256129     
   80.000000000000000      < Ts <   80.000000000000000     
   115579.21673096764      < Ne <   115588.32780516909     
   115579.21673096764      < Nh <   115588.32780516909     
 CFL_Te=   2.6975264101449734E-004 maxCFL_Ne=   2.0822939823403772E-004 maxCFL_Ts=   5.1020110945368359E-004 CPU=   450.48297094440807      NumThreads=                    2 Elapsed time=   4.4396794751356107E-003
 CFL_Limit=   1.0000000000000000E-003
 dt_init=   1.0000000000000001E-018 dt=   1.0000000000000001E-018
 Time=  -1.6600000000011344E-013 Intensity=   1.8120283017422144E-006
   1108.1977868702265      < Te <    1108.6651011891365     
   1108.1977868702265      < Th <    1108.7148017415132     
   80.000000000000000      < Ts <   80.000000000000000     
   127906.92848748119      < Ne <   127923.15325792191     
   127906.92848748119      < Nh <   127923.15325792191     
 CFL_Te=   4.1797059698653989E-004 maxCFL_Ne=   3.2264286852839834E-004 maxCFL_Ts=   5.1020110945368359E-004 CPU=   450.45597389064483      NumThreads=                    2 Elapsed time=   4.4399455572222716E-003
 CFL_Limit=   1.0000000000000000E-003
 dt_init=   1.0000000000000001E-018 dt=   1.0000000000000001E-018
 Time=  -1.6500000000011678E-013 Intensity=   3.2156502290740630E-006
   1647.0852286035954      < Te <    1647.6896975364098     
   1647.0852286035954      < Th <    1647.7317773910816     
   80.000000000000000      < Ts <   80.000000000000000     
   149818.21450097521      < Ne <   149847.00720072520     
   149818.21450097521      < Nh <   149847.00720072520     
 CFL_Te=   6.2121870702470038E-004 maxCFL_Ne=   4.7953561102865460E-004 maxCFL_Ts=   5.1020110945368359E-004 CPU=   450.46898572066476      NumThreads=                    2 Elapsed time=   4.4398173090659729E-003
 CFL_Limit=   1.0000000000000000E-003
 dt_init=   1.0000000000000001E-018 dt=   1.0000000000000001E-018
 Time=  -1.6400000000012012E-013 Intensity=   5.6867937975120608E-006
   2294.3745581941444      < Te <    2295.0489118556284     
   2294.3745581941444      < Th <    2295.0819967167772     
   80.000000000000000      < Ts <   80.000000000000000     
   188628.65260999257      < Ne <   188679.57175163788     
   188628.65260999257      < Nh <   188679.57175163788     
 CFL_Te=   8.6535193912224903E-004 maxCFL_Ne=   6.6798869092221202E-004 maxCFL_Ts=   5.1020110945368359E-004 CPU=   450.46529446079410      NumThreads=                    2 Elapsed time=   4.4398536903802891E-003
 CFL_Limit=   1.0000000000000000E-003
 dt_init=   1.0000000000000001E-018 dt=   1.0000000000000001E-018
 Time=  -1.6300000000012345E-013 Intensity=   1.0022152535589665E-005
   2960.1233031556517      < Te <    2960.7628434500471     
   2960.1233031556517      < Th <    2960.7868212667813     
   80.000000000000000      < Ts <   80.000000000000000     
   257134.00754132075      < Ne <   257223.74518081770     
   257134.00754132075      < Nh <   257223.74518081770     
 CFL_Te=   1.1164473696233996E-003 maxCFL_Ne=   8.6181608106724900E-004 maxCFL_Ts=   5.1020110945368359E-004 CPU=   450.44816359920827      NumThreads=                    2 Elapsed time=   4.4400225411497614E-003
 CFL_Limit=   1.0000000000000000E-003
 dt_init=   1.0000000000000001E-018 dt=   1.0000000000000001E-018
 Time=  -1.6200000000012679E-013 Intensity=   1.7601488071436876E-005
   3545.0847960846704      < Te <    3545.6055029430386     
   3545.0847960846695      < Th <    3545.6216025315898     
   80.000000000000000      < Ts <   80.000000000000000     
   377636.43954808038      < Ne <   377794.04204572178     
   377636.43954808038      < Nh <   377794.04204572178     
 CFL_Te=   1.3370728818834336E-003 maxCFL_Ne=   1.0321229128380423E-003 maxCFL_Ts=   5.1020110945368359E-004 CPU=   450.20999857534406      NumThreads=                    2 Elapsed time=   4.4423713518776812E-003
 CFL_Limit=   1.0000000000000000E-003
 dt_init=   1.0000000000000001E-018 dt=   1.0000000000000001E-018
 Time=  -1.6100000000013013E-013 Intensity=   3.0805808613878608E-005
   3992.8061216086940      < Te <    3993.1808435815597     
   3992.8061216086940      < Th <    3993.1910092606508     
   80.000000000000000      < Ts <   80.000000000000000     
   588869.74948411307      < Ne <   589145.58260272024     
   588869.74948411307      < Nh <   589145.58260272024     
 CFL_Te=   1.5059365557961802E-003 maxCFL_Ne=   1.1624733741725445E-003 maxCFL_Ts=   5.1020110945368359E-004 CPU=   450.13536061646391      NumThreads=                    2 Elapsed time=   4.4431079514859360E-003
 CFL_Limit=   1.0000000000000000E-003
 dt_init=   1.0000000000000001E-018 dt=   1.0000000000000001E-018
 Time=  -1.6000000000013346E-013 Intensity=   5.3729239106903670E-005
   4301.0901197548419      < Te <    4301.3370470978634     
   4301.0901197548446      < Th <    4302.9694759102904     
   80.000000000000000      < Ts <   80.000000000000000     
   957867.96813317935      < Ne <   958349.05617193703     
   957867.96813317935      < Nh <   958349.05617193703     
 CFL_Te=   1.6222097051140948E-003 maxCFL_Ne=   1.2522277796241101E-003 maxCFL_Ts=   5.1020110945368359E-004 CPU=   450.10124324109665      NumThreads=                    2 Elapsed time=   4.4434447361184036E-003
 CFL_Limit=   1.0000000000000000E-003
 dt_init=   1.0000000000000001E-018 dt=   1.0000000000000001E-018
 Time=  -1.5900000000013680E-013 Intensity=   9.3386396508871733E-005
   4498.4978838946254      < Te <    4498.6515680455423     
   4498.4978838946327      < Th <    4499.6117135957775     
   80.000000000000000      < Ts <   80.000000000000000     
   1600232.2641484782      < Ne <   1601068.4398401866     
   1600232.2641484782      < Nh <   1601068.4398401866     
 CFL_Te=   1.6966645019065624E-003 maxCFL_Ne=   1.3097014617108771E-003 maxCFL_Ts=   5.1020110945368359E-004 CPU=   450.05287673982127      NumThreads=                    2 Elapsed time=   4.4439222663967418E-003
 CFL_Limit=   1.0000000000000000E-003
 dt_init=   1.0000000000000001E-018 dt=   1.0000000000000001E-018
 Time=  -1.5800000000014014E-013 Intensity=   1.6175264648251087E-004
   4619.2470502383030      < Te <    4619.3394554647975     
   4619.2470502383039      < Th <    4621.8862070556133     
   80.000000000000000      < Ts <   80.000000000000000     
   2714613.4648008035      < Ne <   2716061.7875407687     
   2714613.4648008035      < Nh <   2716061.7875407687     
 CFL_Te=   1.7422065538220662E-003 maxCFL_Ne=   1.3448566098830861E-003 maxCFL_Ts=   5.1020110945368359E-004 CPU=   449.98214706893833      NumThreads=                    2 Elapsed time=   4.4446207766851587E-003
 CFL_Limit=   1.0000000000000000E-003
 dt_init=   1.0000000000000001E-018 dt=   1.0000000000000001E-018
 Time=  -1.5700000000014347E-013 Intensity=   2.7919910540149856E-004
   4691.1265314061184      < Te <    4691.1809989548801     
   4691.1265314061184      < Th <    4692.6436263971573     
   80.000000000000000      < Ts <   80.000000000000000     
   4641168.5173142357      < Ne <   4643668.4481809437     
   4641168.5173142357      < Nh <   4643668.4481809437     
 CFL_Te=   1.7693167953428015E-003 maxCFL_Ne=   1.3657837424465018E-003 maxCFL_Ts=   5.1020110945368359E-004 CPU=   449.89097684891942      NumThreads=                    2 Elapsed time=   4.4455214772436569E-003
 CFL_Limit=   1.0000000000000000E-003
 dt_init=   1.0000000000000001E-018 dt=   1.0000000000000001E-018
 Time=  -1.5600000000014681E-013 Intensity=   4.8025456292409118E-004
   4733.2582314732426      < Te <    4733.2899804315030     
   4733.2582314732426      < Th <    4734.1272587039875     
   80.000000000000000      < Ts <   80.000000000000000     
   7960299.1013220949      < Ne <   7964599.2699888069     
   7960299.1013220949      < Nh <   7964599.2699888069     
 CFL_Te=   1.7852072907378930E-003 maxCFL_Ne=   1.3780500479081146E-003 maxCFL_Ts=   5.1020110945368359E-004 CPU=   449.79096307708829      NumThreads=                    2 Elapsed time=   4.4465099661355938E-003
 CFL_Limit=   1.0000000000000000E-003
 dt_init=   1.0000000000000001E-018 dt=   1.0000000000000001E-018
 Time=  -1.5500000000015014E-013 Intensity=   8.2323500183163778E-004
   4757.7368410727877      < Te <    4757.7552250686267     
   4757.7368410727877      < Th <    4758.2343259950021     
   80.000000000000000      < Ts <   80.000000000000000     
   13658825.005917948      < Ne <   13666196.199677201     
   13658825.005917948      < Nh <   13666196.199677201     
 CFL_Te=   1.7944397032087919E-003 maxCFL_Ne=   1.3851767981257709E-003 maxCFL_Ts=   5.1020110945368359E-004 CPU=   449.70850046704766      NumThreads=                    2 Elapsed time=   4.4473253183404072E-003
 CFL_Limit=   1.0000000000000000E-003
 dt_init=   1.0000000000000001E-018 dt=   1.0000000000000001E-018
 Time=  -1.5400000000015348E-013 Intensity=   1.4062774236661619E-003
   4771.8776967455087      < Te <    4771.8882871611559     
   4771.8776967455060      < Th <    4772.1627773164455     
   80.000000000000000      < Ts <   80.000000000000000     
   23408631.346135695      < Ne <   23421223.064787634     
   23408631.346135695      < Nh <   23421223.064787634     
 CFL_Te=   1.7997731030381860E-003 maxCFL_Ne=   1.3892937944704185E-003 maxCFL_Ts=   5.1020110945368359E-004 CPU=   449.62849786258340      NumThreads=                    2 Elapsed time=   4.4481166329702814E-003
 CFL_Limit=   1.0000000000000000E-003
 dt_init=   1.0000000000000001E-018 dt=   1.0000000000000001E-018
 Time=  -1.5300000000015682E-013 Intensity=   2.3939387363958401E-003
   4780.0019834383102      < Te <    4780.0080453393666     
   4780.0019834383102      < Th <    4780.1656566855618     
   80.000000000000000      < Ts <   80.000000000000000     
   40032217.877309702      < Ne <   40053653.052815400     
   40032217.877309702      < Nh <   40053653.052815400     
 CFL_Te=   1.8028372789455087E-003 maxCFL_Ne=   1.3916591151689162E-003 maxCFL_Ts=   5.1020110945368359E-004 CPU=   449.54833157251710      NumThreads=                    2 Elapsed time=   4.4489098491457268E-003
 CFL_Limit=   1.0000000000000000E-003
 dt_init=   1.0000000000000001E-018 dt=   1.0000000000000001E-018
 Time=  -1.5200000000016015E-013 Intensity=   4.0611582196023030E-003
   4784.6317916393646      < Te <    4784.6352235654304     
   4784.6317916393646      < Th <    4784.7259744083140     
   80.000000000000000      < Ts <   80.000000000000000     
   68277683.910450026      < Ne <   68314047.263732255     
   68277683.910450026      < Nh <   68314047.263732255     
 CFL_Te=   1.8045834687688916E-003 maxCFL_Ne=   1.3930070465728789E-003 maxCFL_Ts=   5.1020110945368359E-004 CPU=   449.47390418132932      NumThreads=                    2 Elapsed time=   4.4496465343027980E-003
 CFL_Limit=   1.0000000000000000E-003
 dt_init=   1.0000000000000001E-018 dt=   1.0000000000000001E-018
 Time=  -1.5100000000016349E-013 Intensity=   6.8656496377184186E-003
   4787.2311608966693      < Te <    4787.2330633938655     
   4787.2311608966693      < Th <    4787.2854783946159     
   80.000000000000000      < Ts <   80.000000000000000     
   116104122.15020396      < Ne <   116165596.74238034     
   116104122.15020396      < Nh <   116165596.74238034     
 CFL_Te=   1.8055638532572375E-003 maxCFL_Ne=   1.3937638320163058E-003 maxCFL_Ts=   5.1020110945368359E-004 CPU=   449.41780129244921      NumThreads=                    2 Elapsed time=   4.4502020041225334E-003
 CFL_Limit=   1.0000000000000000E-003
 dt_init=   1.0000000000000001E-018 dt=   1.0000000000000001E-018
 Time=  -1.5000000000016683E-013 Intensity=   1.1566666520934519E-002
   4788.6484766543854      < Te <    4788.6494874426808     
   4788.6484766543836      < Th <    4788.6798600841230     
   80.000000000000000      < Ts <   80.000000000000000     
   196805808.83454195      < Ne <   196909376.03502718     
   196805808.83454195      < Nh <   196909376.03502718     
 CFL_Te=   1.8060984115467360E-003 maxCFL_Ne=   1.3941764720947268E-003 maxCFL_Ts=   5.1020110945368359E-004 CPU=   449.37366281979394      NumThreads=                    2 Elapsed time=   4.4506391127822550E-003
 CFL_Limit=   1.0000000000000000E-003
 dt_init=   1.0000000000000001E-018 dt=   1.0000000000000001E-018
 Time=  -1.4900000000017016E-013 Intensity=   1.9419124322407912E-002
   4789.3755535848086      < Te <    4789.3760426227318     
   4789.3755535848077      < Th <    4789.3937021022775     
   80.000000000000000      < Ts <   80.000000000000000     
   332509750.66761112      < Ne <   332683628.27984113     
   332509750.66761112      < Nh <   332683628.27984107     
 CFL_Te=   1.8063726376661724E-003 maxCFL_Ne=   1.3943881546925911E-003 maxCFL_Ts=   5.1020110945368359E-004 CPU=   449.34079861628516      NumThreads=                    2 Elapsed time=   4.4509646267573873E-003
 CFL_Limit=   1.0000000000000000E-003
 dt_init=   1.0000000000000001E-018 dt=   1.0000000000000001E-018
 Time=  -1.4800000000017350E-013 Intensity=   3.2489716342295395E-002
   4789.6979541988849      < Te <    4789.6981365445990     
   4789.6979541988849      < Th <    4789.7084396548898     
   80.000000000000000      < Ts <   80.000000000000000     
   559913485.38854301      < Ne <   560204396.25787997     
   559913485.38854301      < Nh <   560204396.25787997     
 CFL_Te=   1.8064942350729974E-003 maxCFL_Ne=   1.3944820190371810E-003 maxCFL_Ts=   5.1020110945368359E-004 CPU=   449.31076175010634      NumThreads=                    2 Elapsed time=   4.4512621781188097E-003
 CFL_Limit=   1.0000000000000000E-003
 dt_init=   1.0000000000000001E-018 dt=   1.0000000000000001E-018
 Time=  -1.4700000000017684E-013 Intensity=   5.4169776937058010E-002
   4789.7818614751604      < Te <    4789.7818624564006     
   4789.7818531900703      < Th <    4789.7878945674520     
   80.000000000000000      < Ts <   80.000000000000000     
   939663677.22109902      < Ne <   940148709.98782086     
   939663677.22109902      < Nh <   940148709.98782086     
 CFL_Te=   1.8065258817472388E-003 maxCFL_Ne=   1.3945064479655082E-003 maxCFL_Ts=   5.1020110945368359E-004 CPU=   449.30174415149310      NumThreads=                    2 Elapsed time=   4.4513515160663408E-003
 CFL_Limit=   1.0000000000000000E-003
 dt_init=   1.0000000000000001E-018 dt=   1.0000000000000001E-018
 Time=  -1.4600000000018017E-013 Intensity=   9.0004251555476325E-002
   4789.7241331852383      < Te <    4789.7242403315004     
   4789.7241272974070      < Th <    4789.7276771524603     
   80.000000000000000      < Ts <   80.000000000000000     
   1571629642.5968106      < Ne <   1572435534.9949894     
   1571629642.5968106      < Nh <   1572435534.9949894     
 CFL_Te=   1.8065041492152810E-003 maxCFL_Ne=   1.3944896720331809E-003 maxCFL_Ts=   5.1020110945368359E-004 CPU=   449.28582926876396      NumThreads=                    2 Elapsed time=   4.4515091946147152E-003
 CFL_Limit=   1.0000000000000000E-003
 dt_init=   1.0000000000000001E-018 dt=   1.0000000000000001E-018
 Time=  -1.4500000000018351E-013 Intensity=  0.14902662029678132     
   4789.5816538247682      < Te <    4789.5818261808517     
   4789.5816500939145      < Th <    4789.5837432868311     
   80.000000000000000      < Ts <   80.000000000000000     
   2619686049.0848351      < Ne <   2621020424.0634122     
   2619686049.0848351      < Nh <   2621020424.0634122     
 CFL_Te=   1.8064504359447170E-003 maxCFL_Ne=   1.3944482092991557E-003 maxCFL_Ts=   5.1020110945368359E-004 CPU=   449.23376642216141      NumThreads=                    2 Elapsed time=   4.4520250913652974E-003
 CFL_Limit=   1.0000000000000000E-003
 dt_init=   1.0000000000000001E-018 dt=   1.0000000000000001E-018
 Time=  -1.4400000000018685E-013 Intensity=  0.24590056693320117     
   4789.3876961437409      < Te <    4789.3879084904484     
   4789.3876937840987      < Th <    4789.3889323943722     
   80.000000000000000      < Ts <   80.000000000000000     
   4351777839.9534502      < Ne <   4353979618.1681890     
   4351777839.9534502      < Nh <   4353979618.1681890     
 CFL_Te=   1.8063772974727006E-003 maxCFL_Ne=   1.3943917517239542E-003 maxCFL_Ts=   5.1020110945368359E-004 CPU=   449.08032100946849      NumThreads=                    2 Elapsed time=   4.4535462954695621E-003
 CFL_Limit=   1.0000000000000000E-003
 dt_init=   1.0000000000000001E-018 dt=   1.0000000000000001E-018
 Time=  -1.4300000000019018E-013 Intensity=  0.40434311979042498     
   4789.1618340552004      < Te <    4789.1620715362897     
   4789.1618325645350      < Th <    4789.1625680742036     
   80.000000000000000      < Ts <   80.000000000000000     
   7204453713.1548977      < Ne <   7208074176.0505648     
   7204453713.1548977      < Nh <   7208074176.0505648     
 CFL_Te=   1.8062921202528313E-003 maxCFL_Ne=   1.3943260011119488E-003 maxCFL_Ts=   5.1020110945368359E-004 CPU=   449.04469481313748      NumThreads=                    2 Elapsed time=   4.4538996298180674E-003
 CFL_Limit=   1.0000000000000000E-003
 dt_init=   1.0000000000000001E-018 dt=   1.0000000000000001E-018
 Time=  -1.4200000000019352E-013 Intensity=  0.66257559509688757     
   4788.9156094346308      < Te <    4788.9158632809522     
   4788.9156084934766      < Th <    4788.9160467931097     
   80.000000000000000      < Ts <   80.000000000000000     
   11886430262.115578      < Ne <   11892362922.415777     
   11886430262.115578      < Nh <   11892362922.415777     
 CFL_Te=   1.8061992597430141E-003 maxCFL_Ne=   1.3942543195595235E-003 maxCFL_Ts=   5.1020110945368359E-004 CPU=   448.99415311668292      NumThreads=                    2 Elapsed time=   4.4544009896722364E-003
 CFL_Limit=   1.0000000000000000E-003
 dt_init=   1.0000000000000001E-018 dt=   1.0000000000000001E-018
 Time=  -1.4100000000019685E-013 Intensity=   1.0819711056619992     
   4788.6558392280976      < Te <    4788.6561042576650     
   4788.6558386339648      < Th <    4788.6561042576650     
   80.000000000000000      < Ts <   80.000000000000000     
   19544182635.293037      < Ne <   19553870536.745445     
   19544182635.293037      < Nh <   19553870536.745445     
 CFL_Te=   1.8061012883923027E-003 maxCFL_Ne=   1.3941786928100455E-003 maxCFL_Ts=   5.1020110945368359E-004 CPU=   448.96056884846536      NumThreads=                    2 Elapsed time=   4.4547341988847274E-003
 CFL_Limit=   1.0000000000000000E-003
 dt_init=   1.0000000000000001E-018 dt=   1.0000000000000001E-018
 Time=  -1.4000000000020019E-013 Intensity=   1.7607217970199551     
   4788.3865517072136      < Te <    4788.3868248590743     
   4788.3865513320488      < Th <    4788.3868248590743     
   80.000000000000000      < Ts <   80.000000000000000     
   32025737284.697441      < Ne <   32041502677.403343     
   32025737284.697441      < Nh <   32041502677.403343     
 CFL_Te=   1.8059997263134766E-003 maxCFL_Ne=   1.3941002942799037E-003 maxCFL_Ts=   5.1020110945368359E-004 CPU=   448.92160592634281      NumThreads=                    2 Elapsed time=   4.4551208353472557E-003
 CFL_Limit=   1.0000000000000000E-003
 dt_init=   1.0000000000000001E-018 dt=   1.0000000000000001E-018
 Time=  -1.3900000000020353E-013 Intensity=   2.8553586656755012     
   4788.1101236565210      < Te <    4788.1104031282075     
   4788.1101234194803      < Th <    4788.1104031282075     
   80.000000000000000      < Ts <   80.000000000000000     
   52299358415.114815      < Ne <   52324925117.977486     
   52299358415.114815      < Nh <   52324925117.977478     
 CFL_Te=   1.8058954704150807E-003 maxCFL_Ne=   1.3940198163171907E-003 maxCFL_Ts=   5.1020110945368359E-004 CPU=   448.88044199788811      NumThreads=                    2 Elapsed time=   4.4555293857276353E-003
 CFL_Limit=   1.0000000000000000E-003
 dt_init=   1.0000000000000001E-018 dt=   1.0000000000000001E-018
 Time=  -1.3800000000020686E-013 Intensity=   4.6145084551220714     
   4787.8279503673011      < Te <    4787.8282351057214     
   4787.8279502173864      < Th <    4787.8282351057214     
   80.000000000000000      < Ts <   80.000000000000000     
   85115630929.910080      < Ne <   85156948950.240631     
   85115630929.910080      < Nh <   85156948950.240616     
 CFL_Te=   1.8057890472312358E-003 maxCFL_Ne=   1.3939376653679105E-003 maxCFL_Ts=   5.1020110945368359E-004 CPU=   448.84703562483259      NumThreads=                    2 Elapsed time=   4.4558609977580288E-003
 CFL_Limit=   1.0000000000000000E-003
 dt_init=   1.0000000000000001E-018 dt=   1.0000000000000001E-018
 Time=  -1.3700000000021020E-013 Intensity=   7.4316470194783788     
   4787.5408416269329      < Te <    4787.5411310270556     
   4787.5408415320189      < Th <    4787.5411310270574     
   80.000000000000000      < Ts <   80.000000000000000     
   138050574274.36871      < Ne <   138117116777.84909     
   138050574274.36871      < Nh <   138117116777.84906     
 CFL_Te=   1.8056807623523274E-003 maxCFL_Ne=   1.3938540773255910E-003 maxCFL_Ts=   5.1020110945368359E-004 CPU=   448.80522554925705      NumThreads=                    2 Elapsed time=   4.4562760996206289E-003
 CFL_Limit=   1.0000000000000000E-003
 dt_init=   1.0000000000000001E-018 dt=   1.0000000000000001E-018
 Time=  -1.3600000000021354E-013 Intensity=   11.927228832021447     
   4787.2492565026187      < Te <    4787.2495502284291     
   4787.2492564424556      < Th <    4787.2495502284301     
   80.000000000000000      < Ts <   80.000000000000000     
   223143006120.89902      < Ne <   223249801784.09421     
   223143006120.89905      < Nh <   223249801784.09421     
 CFL_Te=   1.8055707890227322E-003 maxCFL_Ne=   1.3937691859222774E-003 maxCFL_Ts=   5.1020110945368359E-004 CPU=   448.75152762402774      NumThreads=                    2 Elapsed time=   4.4568093407709505E-003
 CFL_Limit=   1.0000000000000000E-003
 dt_init=   1.0000000000000001E-018 dt=   1.0000000000000001E-018
 Time=  -1.3500000000021687E-013 Intensity=   19.076068766845733     
   4786.9534429825562      < Te <    4786.9537408604128     
   4786.9534429443429      < Th <    4786.9537408604137     
   80.000000000000000      < Ts <   80.000000000000000     
   359455197066.72394      < Ne <   359626002998.21442     
   359455197066.72394      < Nh <   359626002998.21442     
 CFL_Te=   1.8054592208355280E-003 maxCFL_Ne=   1.3936830634050108E-003 maxCFL_Ts=   5.1020110945368359E-004 CPU=   448.66577171423876      NumThreads=                    2 Elapsed time=   4.4576611947876130E-003
 CFL_Limit=   1.0000000000000000E-003
 dt_init=   1.0000000000000001E-018 dt=   1.0000000000000001E-018
 Time=  -1.3400000000022021E-013 Intensity=   30.404163347642267     
   4786.6535212861500      < Te <    4786.6538232410530     
   4786.6535212618373      < Th <    4786.6538232410576     
   80.000000000000000      < Ts <   80.000000000000000     
   577062637671.65869      < Ne <   577334874658.51770     
   577062637671.65869      < Nh <   577334874658.51770     
 CFL_Te=   1.8053461031701664E-003 maxCFL_Ne=   1.3935957448034221E-003 maxCFL_Ts=   5.1020110945368359E-004 CPU=   448.60204241544920      NumThreads=                    2 Elapsed time=   4.4582944590069546E-003
 CFL_Limit=   1.0000000000000000E-003
 dt_init=   1.0000000000000001E-018 dt=   1.0000000000000001E-018
 Time=  -1.3300000000022355E-013 Intensity=   48.291654511588462     
   4786.3495337165396      < Te <    4786.3498397339617     
   4786.3495337010554      < Th <    4786.3498397339627     
   80.000000000000000      < Ts <   80.000000000000000     
   923247492271.12451      < Ne <   923679892744.31287     
   923247492271.12451      < Nh <   923679892744.31287     
 CFL_Te=   1.8052314520046093E-003 maxCFL_Ne=   1.3935072424513381E-003 maxCFL_Ts=   5.1020110945368359E-004 CPU=   448.55633620437885      NumThreads=                    2 Elapsed time=   4.4587487425185451E-003
 CFL_Limit=   1.0000000000000000E-003
 dt_init=   1.0000000000000001E-018 dt=   1.0000000000000001E-018
 Time=  -1.3200000000022688E-013 Intensity=   76.437409953695052     
   4786.0414745768530      < Te <    4786.0417846797618     
   4786.0414745669896      < Th <    4786.0417846797627     
   80.000000000000000      < Ts <   80.000000000000000     
   1472077269933.1152      < Ne <   1472761685756.7603     
   1472077269933.1152      < Nh <   1472761685756.7603     
 CFL_Te=   1.8051152652043512E-003 maxCFL_Ne=   1.3934175547010740E-003 maxCFL_Ts=   5.1020110945368359E-004 CPU=   448.48708439772531      NumThreads=                    2 Elapsed time=   4.4594372270180442E-003
 CFL_Limit=   1.0000000000000000E-003
 dt_init=   1.0000000000000001E-018 dt=   1.0000000000000001E-018
 Time=  -1.3100000000023022E-013 Intensity=   120.56873118644961     
   4785.7293081698372      < Te <    4785.7296224048805     
   4785.7293081635171      < Th <    4785.7296224048814     
   80.000000000000000      < Ts <   80.000000000000000     
   2339164019876.7227      < Ne <   2340243584819.8618     
   2339164019876.7227      < Nh <   2340243584819.8618     
 CFL_Te=   1.8049975293146627E-003 maxCFL_Ne=   1.3933266711665579E-003 maxCFL_Ts=   5.1020110945368359E-004 CPU=   448.42493268881731      NumThreads=                    2 Elapsed time=   4.4600553051493503E-003
 CFL_Limit=   1.0000000000000000E-003
 dt_init=   1.0000000000000001E-018 dt=   1.0000000000000001E-018
 Time=  -1.3000000000023355E-013 Intensity=   189.52140549630647     
   4785.4129796505949      < Te <    4785.4132980797312     
   4785.4129796465440      < Th <    4785.4132980797312     
   80.000000000000000      < Ts <   80.000000000000000     
   3704321374318.3398      < Ne <   3706018337245.7798     
   3704321374318.3398      < Nh <   3706018337245.7798     
 CFL_Te=   1.8048782236558794E-003 maxCFL_Ne=   1.3932345758845951E-003 maxCFL_Ts=   5.1020110945368359E-004 CPU=   448.36261319135917      NumThreads=                    2 Elapsed time=   4.4606752239317706E-003
 CFL_Limit=   1.0000000000000000E-003
 dt_init=   1.0000000000000001E-018 dt=   1.0000000000000001E-018
 Time=  -1.2900000000023689E-013 Intensity=   296.87709817134032     
   4785.0924215797331      < Te <    4785.0927442752218     
   4785.0924215771320      < Th <    4785.0927442752218     
   80.000000000000000      < Ts <   80.000000000000000     
   5846216274097.0205      < Ne <   5848874493270.1426     
   5846216274097.0205      < Nh <   5848874493270.1426     
 CFL_Te=   1.8047573227962818E-003 maxCFL_Ne=   1.3931412492237474E-003 maxCFL_Ts=   5.1020110945368359E-004 CPU=   448.28118915710598      NumThreads=                    2 Elapsed time=   4.4614854434569503E-003
 CFL_Limit=   1.0000000000000000E-003
 dt_init=   1.0000000000000001E-018 dt=   1.0000000000000001E-018
 Time=  -1.2800000000024023E-013 Intensity=   463.43622111120186     
   4784.7675578807693      < Te <    4784.7678849221011     
   4784.7675578790877      < Th <    4784.7678849221011     
   80.000000000000000      < Ts <   80.000000000000000     
   9195167948715.8145      < Ne <   9199317528008.0352     
   9195167948715.8125      < Nh <   9199317528008.0352     
 CFL_Te=   1.8046347980454039E-003 maxCFL_Ne=   1.3930466690370710E-003 maxCFL_Ts=   5.1020110945368359E-004 CPU=   448.21723817513509      NumThreads=                    2 Elapsed time=   4.4621220016944681E-003
 CFL_Limit=   1.0000000000000000E-003
 dt_init=   1.0000000000000001E-018 dt=   1.0000000000000001E-018
 Time=  -1.2700000000024356E-013 Intensity=   720.93830669028659     
   4784.4383062252036      < Te <    4784.4386376973034     
   4784.4383062241268      < Th <    4784.4386376973034     
   80.000000000000000      < Ts <   80.000000000000000     
   14413297836151.133      < Ne <   14419753073264.299     
   14413297836151.131      < Nh <   14419753073264.299     
 CFL_Te=   1.8045106183540746E-003 maxCFL_Ne=   1.3929508113568608E-003 maxCFL_Ts=   5.1020110945368359E-004 CPU=   448.16735687329214      NumThreads=                    2 Elapsed time=   4.4626186386114881E-003
 CFL_Limit=   1.0000000000000000E-003
 dt_init=   1.0000000000000001E-018 dt=   1.0000000000000001E-018
 Time=  -1.2600000000024690E-013 Intensity=   1117.6377956527222     
   4784.1045794616821      < Te <    4784.1049154537950     
   4784.1045794609809      < Th <    4784.1049154537950     
   80.000000000000000      < Ts <   80.000000000000000     
   22515744299724.465      < Ne <   22525751559670.965     
   22515744299724.465      < Nh <   22525751559670.965     
 CFL_Te=   1.8043847508537069E-003 maxCFL_Ne=   1.3928536508109612E-003 maxCFL_Ts=   5.1020110945368359E-004 CPU=   448.12146804166599      NumThreads=                    2 Elapsed time=   4.4630756226435499E-003
 CFL_Limit=   1.0000000000000000E-003
 dt_init=   1.0000000000000001E-018 dt=   1.0000000000000001E-018
 Time=  -1.2500000000025024E-013 Intensity=   1726.6285113882675     
   4783.7662864615304      < Te <    4783.7666270665868     
   4783.7662864610702      < Th <    4783.7666270665868     
   80.000000000000000      < Ts <   80.000000000000000     
   35053295964966.539      < Ne <   35068756090388.633     
   35053295964966.539      < Nh <   35068756090388.633     
 CFL_Te=   1.8042571611753765E-003 maxCFL_Ne=   1.3927551608690651E-003 maxCFL_Ts=   5.1020110945368359E-004 CPU=   448.07843422435730      NumThreads=                    2 Elapsed time=   4.4635042600568017E-003
 CFL_Limit=   1.0000000000000000E-003
 dt_init=   1.0000000000000001E-018 dt=   1.0000000000000001E-018
 Time=  -1.2400000000025357E-013 Intensity=   2658.2240688393576     
   4783.4233326064250      < Te <    4783.4236779206904     
   4783.4233326061303      < Th <    4783.4236779206885     
   80.000000000000000      < Ts <   80.000000000000000     
   54386533278148.875      < Ne <   54410334853068.984     
   54386533278148.875      < Nh <   54410334853068.984     
 CFL_Te=   1.8041278136338575E-003 maxCFL_Ne=   1.3926553139847787E-003 maxCFL_Ts=   5.1020110945368359E-004 CPU=   448.02074768938064      NumThreads=                    2 Elapsed time=   4.4640789747233522E-003
 CFL_Limit=   1.0000000000000000E-003
 dt_init=   1.0000000000000001E-018 dt=   1.0000000000000001E-018
 Time=  -1.2300000000025691E-013 Intensity=   4078.2994800764554     
   4783.0756200556116      < Te <    4783.0759701784809     
   4783.0756200554251      < Th <    4783.0759701784809     
   80.000000000000000      < Ts <   80.000000000000000     
   84095784678834.500      < Ne <   84132301522031.938     
   84095784678834.500      < Nh <   84132301522031.938     
 CFL_Te=   1.8039966713284774E-003 maxCFL_Ne=   1.3925540816734671E-003 maxCFL_Ts=   5.1020110945368359E-004 CPU=   447.96018897009657      NumThreads=                    2 Elapsed time=   4.4646824634086164E-003
 CFL_Limit=   1.0000000000000000E-003
 dt_init=   1.0000000000000001E-018 dt=   1.0000000000000001E-018
 Time=  -1.2200000000026025E-013 Intensity=   6235.3594163176358     
   4782.7230478757911      < Te <    4782.7234029097217     
   4782.7230478756765      < Th <    4782.7234029097226     
   80.000000000000000      < Ts <   80.000000000000000     
   129591879091893.34      < Ne <   129647710117864.33     
   129591879091893.34      < Nh <   129647710117864.33     
 CFL_Te=   1.8038636961921338E-003 maxCFL_Ne=   1.3924514345501010E-003 maxCFL_Ts=   5.1020110945368359E-004 CPU=   447.90246424394724      NumThreads=                    2 Elapsed time=   4.4652578622802865E-003
 CFL_Limit=   1.0000000000000000E-003
 dt_init=   1.0000000000000001E-018 dt=   1.0000000000000001E-018
 Time=  -1.2100000000026358E-013 Intensity=   9500.3306333555556     
   4782.3655120852491      < Te <    4782.3658721357478     
   4782.3655120851781      < Th <    4782.3658721357478     
   80.000000000000000      < Ts <   80.000000000000000     
   199022620847852.00      < Ne <   199107686226747.59     
   199022620847852.00      < Nh <   199107686226747.59     
 CFL_Te=   1.8037288490079862E-003 maxCFL_Ne=   1.3923473423421320E-003 maxCFL_Ts=   5.1020110945368359E-004 CPU=   447.84864619422922      NumThreads=                    2 Elapsed time=   4.4657944530943437E-003
 CFL_Limit=   1.0000000000000000E-003
 dt_init=   1.0000000000000001E-018 dt=   1.0000000000000001E-018
 Time=  -1.2000000000026692E-013 Intensity=   14424.833136721963     
   4782.0029056431913      < Te <    4782.0032708188364     
   4782.0029056431531      < Th <    4782.0032708188364     
   80.000000000000000      < Ts <   80.000000000000000     
   304613103359677.62      < Ne <   304742262433747.94     
   304613103359677.62      < Nh <   304742262433747.94     
 CFL_Te=   1.8035920894054185E-003 maxCFL_Ne=   1.3922417738863866E-003 maxCFL_Ts=   5.1020110945368359E-004 CPU=   447.79674126457485      NumThreads=                    2 Elapsed time=   4.4663120914011428E-003
 CFL_Limit=   1.0000000000000000E-003
 dt_init=   1.0000000000000001E-018 dt=   1.0000000000000001E-018
 Time=  -1.1900000000027026E-013 Intensity=   21826.179677817076     
   4781.6351184038149      < Te <    4781.6354888163214     
   4781.6351184037940      < Th <    4781.6354888163214     
   80.000000000000000      < Ts <   80.000000000000000     
   464640015367687.81      < Ne <   464835445648108.81     
   464640015367687.81      < Nh <   464835445648108.81     
 CFL_Te=   1.8034533758427562E-003 maxCFL_Ne=   1.3921346971157143E-003 maxCFL_Ts=   5.1020110945368359E-004 CPU=   447.73143441344041      NumThreads=                    2 Elapsed time=   4.4669635551056186E-003
 CFL_Limit=   1.0000000000000000E-003
 dt_init=   1.0000000000000001E-018 dt=   1.0000000000000001E-018
 Time=  -1.1800000000027359E-013 Intensity=   32910.880694273634     
   4781.2620370465038      < Te <    4781.2624128108137     
   4781.2620370464938      < Th <    4781.2624128108137     
   80.000000000000000      < Ts <   80.000000000000000     
   706328832560704.62      < Ne <   706623514580236.75     
   706328832560704.62      < Nh <   706623514580236.75     
 CFL_Te=   1.8033126655809307E-003 maxCFL_Ne=   1.3920260790386688E-003 maxCFL_Ts=   5.1020110945368359E-004 CPU=   447.67617811346980      NumThreads=                    2 Elapsed time=   4.4675149087183997E-003
 CFL_Limit=   1.0000000000000000E-003
 dt_init=   1.0000000000000001E-018 dt=   1.0000000000000001E-018
 Time=  -1.1700000000027693E-013 Intensity=   49453.397363885415     
   4780.8835449897888      < Te <    4780.8839262241308     
   4780.8835449897815      < Th <    4780.8839262241318     
   80.000000000000000      < Ts <   80.000000000000000     
   1070089190755271.6      < Ne <   1070531993465068.1     
   1070089190755271.5      < Nh <   1070531993465068.1     
 CFL_Te=   1.8031699146510353E-003 maxCFL_Ne=   1.3919158857144500E-003 maxCFL_Ts=   5.1020110945368359E-004 CPU=   447.62559669413184      NumThreads=                    2 Elapsed time=   4.4680197351775327E-003
 CFL_Limit=   1.0000000000000000E-003
 dt_init=   1.0000000000000001E-018 dt=   1.0000000000000001E-018
 Time=  -1.1600000000028026E-013 Intensity=   74053.844592670546     
   4780.4995222930947      < Te <    4780.4999091191348     
   4780.4995222930911      < Th <    4780.4999091191348     
   80.000000000000000      < Ts <   80.000000000000000     
   1615683036091088.0      < Ne <   1616346109714670.8     
   1615683036091088.0      < Nh <   1616346109714670.5     
 CFL_Te=   1.8030250778172750E-003 maxCFL_Ne=   1.3918040822243260E-003 maxCFL_Ts=   5.1020110945368359E-004 CPU=   447.59008342560367      NumThreads=                    2 Elapsed time=   4.4683742425505072E-003
 CFL_Limit=   1.0000000000000000E-003
 dt_init=   1.0000000000000001E-018 dt=   1.0000000000000001E-018
 Time=  -1.1500000000028360E-013 Intensity=   110508.05584217943     
   4780.1098455495094      < Te <    4780.1102380924176     
   4780.1098455495066      < Th <    4780.1102380924167     
   80.000000000000000      < Ts <   80.000000000000000     
   2431173407161619.0      < Ne <   2432162889587266.5     
   2431173407161619.0      < Nh <   2432162889587266.5     
 CFL_Te=   1.8028781085365254E-003 maxCFL_Ne=   1.3916906326403875E-003 maxCFL_Ts=   5.1020110945368359E-004 CPU=   447.54851953617680      NumThreads=                    2 Elapsed time=   4.4687892210496594E-003
 CFL_Limit=   1.0000000000000000E-003
 dt_init=   1.0000000000000001E-018 dt=   1.0000000000000001E-018
 Time=  -1.1400000000028694E-013 Intensity=   164336.90995111573     
   4779.7143877704339      < Te <    4779.7147861590265     
   4779.7143877704311      < Th <    4779.7147861590265     
   80.000000000000000      < Ts <   80.000000000000000     
   3645857918227929.5      < Ne <   3647329380961951.0     
   3645857918227929.5      < Nh <   3647329380961951.0     
 CFL_Te=   1.8027289589148279E-003 maxCFL_Ne=   1.3915754999919861E-003 maxCFL_Ts=   5.1020110945368359E-004 CPU=   447.49366240138153      NumThreads=                    2 Elapsed time=   4.4693370388027773E-003
 CFL_Limit=   1.0000000000000000E-003
 dt_init=   1.0000000000000001E-018 dt=   1.0000000000000001E-018
 Time=  -1.1300000000029027E-013 Intensity=   243540.47277285621     
   4779.3130182636205      < Te <    4779.3134226304937     
   4779.3130182636205      < Th <    4779.3134226304937     
   80.000000000000000      < Ts <   80.000000000000000     
   5448889904119529.0      < Ne <   5451070550779020.0     
   5448889904119529.0      < Nh <   5451070550779020.0     
 CFL_Te=   1.8025775796613984E-003 maxCFL_Ne=   1.3914586462302257E-003 maxCFL_Ts=   5.1020110945368359E-004 CPU=   447.45411369610548      NumThreads=                    2 Elapsed time=   4.4697320658858156E-003
 CFL_Limit=   1.0000000000000000E-003
 dt_init=   1.0000000000000001E-018 dt=   1.0000000000000001E-018
 Time=  -1.1200000000029361E-013 Intensity=   359668.18468342372     
   4778.9056025049767      < Te <    4778.9060129866084     
   4778.9056025049767      < Th <    4778.9060129866084     
   80.000000000000000      < Ts <   80.000000000000000     
   8115985916945374.0      < Ne <   8119206364146558.0     
   8115985916945375.0      < Nh <   8119206364146557.0     
 CFL_Te=   1.8024239200402632E-003 maxCFL_Ne=   1.3913400321906330E-003 maxCFL_Ts=   5.1020110945368359E-004 CPU=   447.29003545899008      NumThreads=                    2 Elapsed time=   4.4713716860418874E-003
 CFL_Limit=   1.0000000000000000E-003
 dt_init=   1.0000000000000001E-018 dt=   1.0000000000000001E-018
 Time=  -1.1100000000029695E-013 Intensity=   529331.51455927780     
   4778.4920020041081      < Te <    4778.4924187410079     
   4778.4920020041081      < Th <    4778.4924187410043     
   80.000000000000000      < Ts <   80.000000000000000     
   12047584325057872.      < Ne <   12052323927518818.     
   12047584325057874.      < Nh <   12052323927518816.     
 CFL_Te=   1.8022679278195668E-003 maxCFL_Ne=   1.3912196175540137E-003 maxCFL_Ts=   5.1020110945368359E-004 CPU=   447.25059319977532      NumThreads=                    2 Elapsed time=   4.4717660086068386E-003
 CFL_Limit=   1.0000000000000000E-003
 dt_init=   1.0000000000000001E-018 dt=   1.0000000000000001E-018
 Time=  -1.1000000000030028E-013 Intensity=   776333.50412123953     
   4778.0720741639216      < Te <    4778.0724973007864     
   4778.0720741639198      < Th <    4778.0724973007873     
   80.000000000000114      < Ts <   80.000000000000114     
   17823155396986588.      < Ne <   17830106640444500.     
   17823155396986590.      < Nh <   17830106640444498.     
 CFL_Te=   1.8021095492186218E-003 maxCFL_Ne=   1.3910973608055946E-003 maxCFL_Ts=   5.1020110945368370E-004 CPU=   447.20310097852126      NumThreads=                    2 Elapsed time=   4.4722409026766970E-003
 CFL_Limit=   1.0000000000000000E-003
 dt_init=   1.0000000000000001E-018 dt=   1.0000000000000001E-018
 Time=  -1.0900000000030362E-013 Intensity=   1134654.8075546226     
   4777.6456721341374      < Te <    4777.6461018199998     
   4777.6456721341356      < Th <    4777.6461018200007     
   80.000000000000114      < Ts <   80.000000000000114     
   26278201810853176.      < Ne <   26288361441804912.     
   26278201810853176.      < Nh <   26288361441804912.     
 CFL_Te=   1.8019487288526454E-003 maxCFL_Ne=   1.3909732191923561E-003 maxCFL_Ts=   5.1020110945368370E-004 CPU=   447.17731207707493      NumThreads=                    2 Elapsed time=   4.4724988186683372E-003
 CFL_Limit=   1.0000000000000000E-003
 dt_init=   1.0000000000000001E-018 dt=   1.0000000000000001E-018
 Time=  -1.0800000000030696E-013 Intensity=   1652623.9253586698     
   4777.2126446586008      < Te <    4777.2130810469653     
   4777.2126446585999      < Th <    4777.2130810469662     
   80.000000000001648      < Ts <   80.000000000001762     
   38613008316029848.      < Ne <   38627805811501776.     
   38613008316029848.      < Nh <   38627805811501776.     
 CFL_Te=   1.8017854096751865E-003 maxCFL_Ne=   1.3908471486785915E-003 maxCFL_Ts=   5.1020110945368792E-004 CPU=   447.15368409757014      NumThreads=                    2 Elapsed time=   4.4727351492951008E-003
 CFL_Limit=   1.0000000000000000E-003
 dt_init=   1.0000000000000001E-018 dt=   1.0000000000000001E-018
 Time=  -1.0700000000031029E-013 Intensity=   2398717.8343097451     
   4776.7728359162138      < Te <    4776.7732791652397     
   4776.7728359162129      < Th <    4776.7732791652388     
   80.000000000044579      < Ts <   80.000000000051614     
   56545637495358224.      < Ne <   56567115471177528.     
   56545637495358216.      < Nh <   56567115471177528.     
 CFL_Te=   1.8016195329181336E-003 maxCFL_Ne=   1.3907191038995952E-003 maxCFL_Ts=   5.1020110945380925E-004 CPU=   447.11005887728754      NumThreads=                    2 Elapsed time=   4.4731715609845268E-003
 CFL_Limit=   1.0000000000000000E-003
 dt_init=   1.0000000000000001E-018 dt=   1.0000000000000001E-018
 Time=  -1.0600000000031363E-013 Intensity=   3469597.8688117159     
   4776.3260853553656      < Te <    4776.3265356280308     
   4776.3260853553647      < Th <    4776.3265356280308     
   80.000000000102006      < Ts <   80.000000000117566     
   82526339199276304.      < Ne <   82557405771155040.     
   82526339199276288.      < Nh <   82557405771155040.     
 CFL_Te=   1.8014510380292613E-003 maxCFL_Ne=   1.3905890381134612E-003 maxCFL_Ts=   5.1020110945397177E-004 CPU=   447.06698312021433      NumThreads=                    2 Elapsed time=   4.4736025596016984E-003
 CFL_Limit=   1.0000000000000000E-003
 dt_init=   1.0000000000000001E-018 dt=   1.0000000000000001E-018
 Time=  -1.0500000000031696E-013 Intensity=   5001197.1000020979     
   4775.8722275216214      < Te <    4775.8726849858795     
   4775.8722275216214      < Th <    4775.8726849858795     
   80.000000000185807      < Ts <   80.000000000213603     
   1.2003685767132264E+017 < Ne <   1.2008163809168930E+017
   1.2003685767132261E+017 < Nh <   1.2008163809168930E+017
 CFL_Te=   1.8012798626072472E-003 maxCFL_Ne=   1.3904569031509104E-003 maxCFL_Ts=   5.1020110945420910E-004 CPU=   447.01712882030773      NumThreads=                    2 Elapsed time=   4.4741014852787923E-003
 CFL_Limit=   1.0000000000000000E-003
 dt_init=   1.0000000000000001E-018 dt=   1.0000000000000001E-018
 Time=  -1.0400000000032030E-013 Intensity=   7183955.7564026807     
   4775.4110918784645      < Te <    4775.4115567074477     
   4775.4110918784627      < Th <    4775.4115567074496     
   80.000000000305363      < Ts <   80.000000000348720     
   1.7400662419965274E+017 < Ne <   1.7407094891155629E+017
   1.7400662419965270E+017 < Nh <   1.7407094891155632E+017
 CFL_Te=   1.8011059423340757E-003 maxCFL_Ne=   1.3903226493631158E-003 maxCFL_Ts=   5.1020110945454683E-004 CPU=   446.96808045004542      NumThreads=                    2 Elapsed time=   4.4745924540880644E-003
 CFL_Limit=   1.0000000000000000E-003
 dt_init=   1.0000000000000001E-018 dt=   1.0000000000000001E-018
 Time=  -1.0300000000032364E-013 Intensity=   10283671.077769637     
   4774.9425026210965      < Te <    4774.9429749933070     
   4774.9425026210947      < Th <    4774.9429749933088     
   80.000000000475708      < Ts <   80.000000000541618     
   2.5138921991111622E+017 < Ne <   2.5148129929051539E+017
   2.5138921991111619E+017 < Nh <   2.5148129929051542E+017
 CFL_Te=   1.8009292109047970E-003 maxCFL_Ne=   1.3901862255674888E-003 maxCFL_Ts=   5.1020110945502908E-004 CPU=   446.91765490720127      NumThreads=                    2 Elapsed time=   4.4750973205909339E-003
 CFL_Limit=   1.0000000000000000E-003
 dt_init=   1.0000000000000001E-018 dt=   1.0000000000000001E-018
 Time=  -1.0200000000032697E-013 Intensity=   14669913.588145595     
   4774.4662784829525      < Te <    4774.4667585824545     
   4774.4662784829516      < Th <    4774.4667585824545     
   80.000000000717961      < Ts <   80.000000000817209     
   3.6195769747311565E+017 < Ne <   3.6208905100883776E+017
   3.6195769747311565E+017 < Nh <   3.6208905100883782E+017
 CFL_Te=   1.8007495999545688E-003 maxCFL_Ne=   1.3900475789913468E-003 maxCFL_Ts=   5.1020110945571126E-004 CPU=   446.86906827270309      NumThreads=                    2 Elapsed time=   4.4755838835090159E-003
 CFL_Limit=   1.0000000000000000E-003
 dt_init=   1.0000000000000001E-018 dt=   1.0000000000000001E-018
 Time=  -1.0100000000033031E-013 Intensity=   20854596.145682670     
   4773.9822325351670      < Te <    4773.9827205517913     
   4773.9822325351661      < Th <    4773.9827205517913     
   80.000000001069452      < Ts <   80.000000001210779     
   5.1939754047030112E+017 < Ne <   5.1958427128905504E+017
   5.1939754047030112E+017 < Nh <   5.1958427128905504E+017
 CFL_Te=   1.8005670389830161E-003 maxCFL_Ne=   1.3899066552135332E-003 maxCFL_Ts=   5.1020110945670472E-004 CPU=   446.81817921684490      NumThreads=                    2 Elapsed time=   4.4760936171072442E-003
 CFL_Limit=   1.0000000000000000E-003
 dt_init=   1.0000000000000001E-018 dt=   1.0000000000000001E-018
 Time=  -1.0000000000033365E-013 Intensity=   29544106.652997654     
   4773.4901719787749      < Te <    4773.4906681083157     
   4773.4901719787749      < Th <    4773.4906681083157     
   80.000000001561872      < Ts <   80.000000001781686     
   7.4280272543180634E+017 < Ne <   7.4306726161649510E+017
   7.4280272543180634E+017 < Nh <   7.4306726161649510E+017
 CFL_Te=   1.8003814552758658E-003 maxCFL_Ne=   1.3897633981039181E-003 maxCFL_Ts=   5.1020110945809618E-004 CPU=   446.75281949082307      NumThreads=                    2 Elapsed time=   4.4767484674846751E-003
 CFL_Limit=   1.0000000000000000E-003
 dt_init=   1.0000000000000001E-018 dt=   1.0000000000000001E-018
 Time=  -9.9000000000336983E-014 Intensity=   41709481.477622546     
   4772.9898979299769      < Te <    4772.9904023744384     
   4772.9898979299769      < Th <    4772.9904023744375     
   80.000000002255732      < Ts <   80.000000002567759     
   1.0587154585404517E+018 < Ne <   1.0590889227772824E+018
   1.0587154585404517E+018 < Nh <   1.0590889227772824E+018
 CFL_Te=   1.8001927738239419E-003 maxCFL_Ne=   1.3896177497608902E-003 maxCFL_Ts=   5.1020110946005512E-004 CPU=   446.70327474579807      NumThreads=                    2 Elapsed time=   4.4772449925246788E-003
 CFL_Limit=   1.0000000000000000E-003
 dt_init=   1.0000000000000001E-018 dt=   1.0000000000000001E-018
 Time=  -9.8000000000340320E-014 Intensity=   58680468.053666398     
   4772.4812051988465      < Te <    4772.4817181666413     
   4772.4812051988465      < Th <    4772.4817181666476     
   80.000000003229843      < Ts <   80.000000003694041     
   1.5038961252390397E+018 < Ne <   1.5044215466958113E+018
   1.5038961252390397E+018 < Nh <   1.5044215466958113E+018
 CFL_Te=   1.8000009172397396E-003 maxCFL_Ne=   1.3894696504469198E-003 maxCFL_Ts=   5.1020110946280455E-004 CPU=   446.65785726123511      NumThreads=                    2 Elapsed time=   4.4777002519632543E-003
 CFL_Limit=   1.0000000000000000E-003
 dt_init=   1.0000000000000001E-018 dt=   1.0000000000000001E-018
 Time=  -9.7000000000343656E-014 Intensity=   82271079.851560473     
   4771.9638820618848      < Te <    4771.9644037680682     
   4771.9638820618848      < Th <    4771.9644037680710     
   80.000000004634558      < Ts <   80.000000005320189     
   2.1290698868523850E+018 < Ne <   2.1298065372688507E+018
   2.1290698868523850E+018 < Nh <   2.1298065372688507E+018
 CFL_Te=   1.7998058056716030E-003 maxCFL_Ne=   1.3893190385223480E-003 maxCFL_Ts=   5.1020110946677132E-004 CPU=   446.61826214307871      NumThreads=                    2 Elapsed time=   4.4780972242448964E-003
 CFL_Limit=   1.0000000000000000E-003
 dt_init=   1.0000000000000001E-018 dt=   1.0000000000000001E-018
 Time=  -9.6000000000346993E-014 Intensity=   114946479.92309830     
   4771.4377100295897      < Te <    4771.4382406961149     
   4771.4377100295897      < Th <    4771.4382406961267     
   80.000000006606300      < Ts <   80.000000007565404     
   3.0039740272241946E+018 < Ne <   3.0050032512682516E+018
   3.0039740272241940E+018 < Nh <   3.0050032512682516E+018
 CFL_Te=   1.7996073567160989E-003 maxCFL_Ne=   1.3891658503777224E-003 maxCFL_Ts=   5.1020110947233642E-004 CPU=   446.56847622118295      NumThreads=                    2 Elapsed time=   4.4785964672737237E-003
 CFL_Limit=   1.0000000000000000E-003
 dt_init=   1.0000000000000001E-018 dt=   1.0000000000000001E-018
 Time=  -9.5000000000350329E-014 Intensity=   160043855.31729019     
   4770.9024636100266      < Te <    4770.9030034659627     
   4770.9024636100266      < Th <    4770.9030034659736     
   80.000000009385829      < Ts <   80.000000010789620     
   4.2241303743951764E+018 < Ne <   4.2255633977161380E+018
   4.2241303743951754E+018 < Nh <   4.2255633977161380E+018
 CFL_Te=   1.7994054853288182E-003 maxCFL_Ne=   1.3890100203649528E-003 maxCFL_Ts=   5.1020110948018203E-004 CPU=   446.51246227513167      NumThreads=                    2 Elapsed time=   4.4791582967456832E-003
 CFL_Limit=   1.0000000000000000E-003
 dt_init=   1.0000000000000001E-018 dt=   1.0000000000000001E-018
 Time=  -9.4000000000353665E-014 Intensity=   222063501.29492137     
   4770.3579100703892      < Te <    4770.3584593521718     
   4770.3579100703892      < Th <    4770.3584593521791     
   80.000000013267481      < Ts <   80.000000015219811     
   5.9198958046028278E+018 < Ne <   5.9218841482364262E+018
   5.9198958046028268E+018 < Nh <   5.9218841482364252E+018
 CFL_Te=   1.7992001037344606E-003 maxCFL_Ne=   1.3888514807278997E-003 maxCFL_Ts=   5.1020110949115253E-004 CPU=   446.46074101098145      NumThreads=                    2 Elapsed time=   4.4796771950678781E-003
 CFL_Limit=   1.0000000000000000E-003
 dt_init=   1.0000000000000001E-018 dt=   1.0000000000000001E-018
 Time=  -9.3000000000357002E-014 Intensity=   307050784.68967545     
   4769.8038091990757      < Te <    4769.8043681507243     
   4769.8038091990757      < Th <    4769.8043681507288     
   80.000000018718140      < Ts <   80.000000021437685     
   8.2685082293557780E+018 < Ne <   8.2712575442077768E+018
   8.2685082293557770E+018 < Nh <   8.2712575442077757E+018
 CFL_Te=   1.7989911213370964E-003 maxCFL_Ne=   1.3886901615330961E-003 maxCFL_Ts=   5.1020110950656891E-004 CPU=   446.39904154309653      NumThreads=                    2 Elapsed time=   4.4802963579098874E-003
 CFL_Limit=   1.0000000000000000E-003
 dt_init=   1.0000000000000001E-018 dt=   1.0000000000000001E-018
 Time=  -9.2000000000360338E-014 Intensity=   423095192.00701851     
   4769.2399130713802      < Te <    4769.2404819447511     
   4769.2399130713802      < Th <    4769.2404819447638     
   80.000000026130607      < Ts <   80.000000029959338     
   1.1510054410258039E+019 < Ne <   1.1513842780036796E+019
   1.1510054410258037E+019 < Nh <   1.1513842780036794E+019
 CFL_Te=   1.7987784446317865E-003 maxCFL_Ne=   1.3885259906015401E-003 maxCFL_Ts=   5.1020110952748545E-004 CPU=   446.34574430106670      NumThreads=                    2 Elapsed time=   4.4808313410309355E-003
 CFL_Limit=   1.0000000000000000E-003
 dt_init=   1.0000000000000001E-018 dt=   1.0000000000000001E-018
 Time=  -9.1000000000363675E-014 Intensity=   580979513.56964755     
   4768.6659658233566      < Te <    4768.6665448783588     
   4768.6659658233566      < Th <    4768.6665448783706     
   80.000000036808075      < Ts <   80.000000042032738     
   1.5968550138760253E+019 < Ne <   1.5973752195668253E+019
   1.5968550138760253E+019 < Nh <   1.5973752195668251E+019
 CFL_Te=   1.7985619771192904E-003 maxCFL_Ne=   1.3883588934428472E-003 maxCFL_Ts=   5.1020110955767408E-004 CPU=   446.28490753323831      NumThreads=                    2 Elapsed time=   4.4814421600198173E-003
 CFL_Limit=   1.0000000000000000E-003
 dt_init=   1.0000000000000001E-018 dt=   1.0000000000000001E-018
 Time=  -9.0000000000367011E-014 Intensity=   795020627.86572671     
   4768.0817034397678      < Te <    4768.0822929445576     
   4768.0817034397678      < Th <    4768.0822929445649     
   80.000000051654183      < Ts <   80.000000058795507     
   2.2079655610317935E+019 < Ne <   2.2086774179080131E+019
   2.2079655610317935E+019 < Nh <   2.2086774179080131E+019
 CFL_Te=   1.7983416192260864E-003 maxCFL_Ne=   1.3881887931935070E-003 maxCFL_Ts=   5.1020110959966024E-004 CPU=   446.23256326097271      NumThreads=                    2 Elapsed time=   4.4819678451622292E-003
 CFL_Limit=   1.0000000000000000E-003
 dt_init=   1.0000000000000001E-018 dt=   1.0000000000000001E-018
 Time=  -8.9000000000370348E-014 Intensity=   1084153623.5544016     
   4767.4868535632295      < Te <    4767.4874537943915     
   4767.4868535632277      < Th <    4767.4874537943979     
   80.000000071524980      < Ts <   80.000000081660303     
   3.0426964531433767E+019 < Ne <   3.0436671980495254E+019
   3.0426964531433767E+019 < Nh <   3.0436671980495254E+019
 CFL_Te=   1.7981172682323761E-003 maxCFL_Ne=   1.3880156105613123E-003 maxCFL_Ts=   5.1020110965584739E-004 CPU=   446.18163681045490      NumThreads=                    2 Elapsed time=   4.4824794097244125E-003
 CFL_Limit=   1.0000000000000000E-003
 dt_init=   1.0000000000000001E-018 dt=   1.0000000000000001E-018
 Time=  -8.8000000000373684E-014 Intensity=   1473323459.8778813     
   4766.8811353346109      < Te <    4766.8817465773027     
   4766.8811353346109      < Th <    4766.8817465773081     
   80.000000099651757      < Ts <   80.000000113855975     
   4.1789322729141633E+019 < Ne <   4.1802514782717174E+019
   4.1789322729141633E+019 < Nh <   4.1802514782717174E+019
 CFL_Te=   1.7978888182118688E-003 maxCFL_Ne=   1.3878392637788829E-003 maxCFL_Ts=   5.1020110973525891E-004 CPU=   446.13904526694438      NumThreads=                    2 Elapsed time=   4.4829073384583789E-003
 CFL_Limit=   1.0000000000000000E-003
 dt_init=   1.0000000000000001E-018 dt=   1.0000000000000001E-018
 Time=  -8.7000000000377020E-014 Intensity=   1995263384.2989130     
   4766.2642592766333      < Te <    4766.2648818246726     
   4766.2642592766315      < Th <    4766.2648818246771     
   80.000000136859114      < Ts <   80.000000156577670     
   5.7202272000818889E+019 < Ne <   5.7220137474798551E+019
   5.7202272000818889E+019 < Nh <   5.7220137474798551E+019
 CFL_Te=   1.7976561599878692E-003 maxCFL_Ne=   1.3876596685697597E-003 maxCFL_Ts=   5.1020110984020697E-004 CPU=   446.09088881082050      NumThreads=                    2 Elapsed time=   4.4833912777989191E-003
 CFL_Limit=   1.0000000000000000E-003
 dt_init=   1.0000000000000001E-018 dt=   1.0000000000000001E-018
 Time=  -8.6000000000380357E-014 Intensity=   2692757295.9581451     
   4765.6359272363634      < Te <    4765.6365613922417     
   4765.6359272363634      < Th <    4765.6365613922444     
   80.000000189008915      < Ts <   80.000000217757062     
   7.8037502276198351E+019 < Ne <   7.8061613071135195E+019
   7.8037502276198351E+019 < Nh <   7.8061613071135195E+019
 CFL_Te=   1.7974191811115615E-003 maxCFL_Ne=   1.3874767381316408E-003 maxCFL_Ts=   5.1020110998750842E-004 CPU=   446.03947473022959      NumThreads=                    2 Elapsed time=   4.4839080693690296E-003
 CFL_Limit=   1.0000000000000000E-003
 dt_init=   1.0000000000000001E-018 dt=   1.0000000000000001E-018
 Time=  -8.5000000000383693E-014 Intensity=   3621504588.3236284     
   4764.9958324059980      < Te <    4764.9964784808471     
   4764.9958324059980      < Th <    4764.9964784808490     
   80.000000261946539      < Ts <   80.000000301020464     
   1.0610515816906639E+020 < Ne <   1.0613758491481501E+020
   1.0610515816906639E+020 < Nh <   1.0613758491481501E+020
 CFL_Te=   1.7971777658698108E-003 maxCFL_Ne=   1.3872903831424186E-003 maxCFL_Ts=   5.1020111019335179E-004 CPU=   445.98977842263378      NumThreads=                    2 Elapsed time=   4.4844077078931123E-003
 CFL_Limit=   1.0000000000000000E-003
 dt_init=   1.0000000000000001E-018 dt=   1.0000000000000001E-018
 Time=  -8.4000000000387030E-014 Intensity=   4853731164.6627903     
   4764.3436594464829      < Te <    4764.3443177598483     
   4764.3436594464829      < Th <    4764.3443177598492     
   80.000000357204698      < Ts <   80.000000411437867     
   1.4378501685470583E+020 < Ne <   1.4382847688790688E+020
   1.4378501685470583E+020 < Nh <   1.4382847688790688E+020
 CFL_Te=   1.7969317953317402E-003 maxCFL_Ne=   1.3871005117961142E-003 maxCFL_Ts=   5.1020111046247863E-004 CPU=   445.93257271073537      NumThreads=                    2 Elapsed time=   4.4849829826119183E-003
 CFL_Limit=   1.0000000000000000E-003
 dt_init=   1.0000000000000001E-018 dt=   1.0000000000000001E-018
 Time=  -8.3000000000390366E-014 Intensity=   6482719740.0118294     
   4763.6790847437233      < Te <    4763.6797556232495     
   4763.6790847437233      < Th <    4763.6797556232505     
   80.000000488006989      < Ts <   80.000000561212943     
   1.9419396907497334E+020 < Ne <   1.9425201498063235E+020
   1.9419396907497334E+020 < Nh <   1.9425201498063235E+020
 CFL_Te=   1.7966811474453160E-003 maxCFL_Ne=   1.3869070298774457E-003 maxCFL_Ts=   5.1020111083177231E-004 CPU=   445.88580358428334      NumThreads=                    2 Elapsed time=   4.4854534141317440E-003
 CFL_Limit=   1.0000000000000000E-003
 dt_init=   1.0000000000000001E-018 dt=   1.0000000000000001E-018
 Time=  -8.2000000000393702E-014 Intensity=   8628466652.9902210     
   4763.0017768352227      < Te <    4763.0024606161560     
   4763.0017768352218      < Th <    4763.0024606161569     
   80.000000664075515      < Ts <   80.000000760374292     
   2.6139893402971767E+020 < Ne <   2.6147619283359741E+020
   2.6139893402971767E+020 < Nh <   2.6147619283359741E+020
 CFL_Te=   1.7964256971981865E-003 maxCFL_Ne=   1.3867098408859881E-003 maxCFL_Ts=   5.1020111132831013E-004 CPU=   445.82752144534032      NumThreads=                    2 Elapsed time=   4.4860397884727834E-003
 CFL_Limit=   1.0000000000000000E-003
 dt_init=   1.0000000000000001E-018 dt=   1.0000000000000001E-018
 Time=  -8.1000000000397039E-014 Intensity=   11444711601.408194     
   4762.3113970520844      < Te <    4762.3120940764775     
   4762.3113970520835      < Th <    4762.3120940764784     
   80.000000899938541      < Ts <   80.000001025715179     
   3.5068636574176025E+020 < Ne <   3.5078884104668945E+020
   3.5068636574176025E+020 < Nh <   3.5078884104668945E+020
 CFL_Te=   1.7961653168597255E-003 maxCFL_Ne=   1.3865088462229986E-003 maxCFL_Ts=   5.1020111199435308E-004 CPU=   445.65804599969709      NumThreads=                    2 Elapsed time=   4.4877457457625693E-003
 CFL_Limit=   1.0000000000000000E-003
 dt_init=   1.0000000000000001E-018 dt=   1.0000000000000001E-018
 Time=  -8.0000000000400375E-014 Intensity=   15127631309.328072     
   4761.6076004321039      < Te <    4761.6083110477366     
   4761.6076004321030      < Th <    4761.6083110477375     
   80.000001217111972      < Ts <   80.000001384427819     
   4.6890191018389366E+020 < Ne <   4.6903736214877241E+020
   4.6890191018389366E+020 < Nh <   4.6903736214877241E+020
 CFL_Te=   1.7958998763253021E-003 maxCFL_Ne=   1.3863039454571743E-003 maxCFL_Ts=   5.1020111288957947E-004 CPU=   445.61118969323621      NumThreads=                    2 Elapsed time=   4.4882176351469594E-003
 CFL_Limit=   1.0000000000000000E-003
 dt_init=   1.0000000000000001E-018 dt=   1.0000000000000001E-018
 Time=  -7.9000000000403712E-014 Intensity=   19926538345.339001     
   4760.8900369709936      < Te <    4760.8907615299649     
   4760.8900369709927      < Th <    4760.8907615299659     
   80.000001637080800      < Ts <   80.000001867633770     
   6.2487659846964124E+020 < Ne <   6.2505501958520177E+020
   6.2487659846964124E+020 < Nh <   6.2505501958520177E+020
 CFL_Te=   1.7956292435880555E-003 maxCFL_Ne=   1.3860950366888407E-003 maxCFL_Ts=   5.1020111407876212E-004 CPU=   445.56721190495762      NumThreads=                    2 Elapsed time=   4.4886606252944232E-003
 CFL_Limit=   1.0000000000000000E-003
 dt_init=   1.0000000000000001E-018 dt=   1.0000000000000001E-018
 Time=  -7.8000000000407048E-014 Intensity=   26156982205.223495     
   4760.1583532920613      < Te <    4760.1590921489305     
   4760.1583532920613      < Th <    4760.1590921489305     
   80.000002196988035      < Ts <   80.000002507340611     
   8.2995926245817162E+020 < Ne <   8.3019347062930984E+020
   8.2995926245817162E+020 < Nh <   8.3019347062930984E+020
 CFL_Te=   1.7953532853684630E-003 maxCFL_Ne=   1.3858820170359336E-003 maxCFL_Ts=   5.1020111565971006E-004 CPU=   445.52493241408979      NumThreads=                    2 Elapsed time=   4.4890865908736961E-003
 CFL_Limit=   1.0000000000000000E-003
 dt_init=   1.0000000000000001E-018 dt=   1.0000000000000001E-018
 Time=  -7.7000000000410384E-014 Intensity=   34216711204.134335     
   4759.4121948310622      < Te <    4759.4129483402912     
   4759.4121948310612      < Th <    4759.4129483402903     
   80.000002933583502      < Ts <   80.000003351537927     
   1.0986786856184172E+021 < Ne <   1.0989850601687363E+021
   1.0986786856184172E+021 < Nh <   1.0989850601687363E+021
 CFL_Te=   1.7950718679381635E-003 maxCFL_Ne=   1.3856647832698979E-003 maxCFL_Ts=   5.1020111773882732E-004 CPU=   445.47291979794272      NumThreads=                    2 Elapsed time=   4.4896107285425082E-003
 CFL_Limit=   1.0000000000000000E-003
 dt_init=   1.0000000000000001E-018 dt=   1.0000000000000001E-018
 Time=  -7.6000000000413721E-014 Intensity=   44605020284.252617     
   4758.6511681537049      < Te <    4758.6519366552293     
   4758.6512075000737      < Th <    4758.6519760126148     
   80.000003927995422      < Ts <   80.000004486069116     
   1.4495634022777527E+021 < Ne <   1.4499627931937900E+021
   1.4495634022777527E+021 < Nh <   1.4499627931937900E+021
 CFL_Te=   1.7947848429030137E-003 maxCFL_Ne=   1.3854432208412763E-003 maxCFL_Ts=   5.1020112054923970E-004 CPU=   445.42926936028493      NumThreads=                    2 Elapsed time=   4.4900506939572092E-003
 CFL_Limit=   1.0000000000000000E-003
 dt_init=   1.0000000000000001E-018 dt=   1.0000000000000001E-018
 Time=  -7.5000000000417057E-014 Intensity=   57946080788.916252     
   4757.8749933039162      < Te <    4757.8757771496348     
   4757.8750454858127      < Th <    4757.8758293459668     
   80.000005229898335      < Ts <   80.000005993616227     
   1.9061520724350607E+021 < Ne <   1.9066709185047699E+021
   1.9061520724350607E+021 < Nh <   1.9066709185047699E+021
 CFL_Te=   1.7944921046785538E-003 maxCFL_Ne=   1.3852172482465939E-003 maxCFL_Ts=   5.1020112422642749E-004 CPU=   445.38452051969443      NumThreads=                    2 Elapsed time=   4.4905018200145598E-003
 CFL_Limit=   1.0000000000000000E-003
 dt_init=   1.0000000000000001E-018 dt=   1.0000000000000001E-018
 Time=  -7.4000000000420394E-014 Intensity=   75016922429.376862     
   4757.0833310741582      < Te <    4757.0841306031489     
   4757.0833707231805      < Th <    4757.0841702630332     
   80.000006939801196      < Ts <   80.000007934761854     
   2.4982330318411410E+021 < Ne <   2.4989047293425091E+021
   2.4982330318411404E+021 < Nh <   2.4989047293425091E+021
 CFL_Te=   1.7942652500297731E-003 maxCFL_Ne=   1.3849867667245727E-003 maxCFL_Ts=   5.1020112905276788E-004 CPU=   445.33632981085702      NumThreads=                    2 Elapsed time=   4.4909877459344914E-003
 CFL_Limit=   1.0000000000000000E-003
 dt_init=   1.0000000000000001E-018 dt=   1.0000000000000001E-018
 Time=  -7.3000000000423730E-014 Intensity=   96780813434.073257     
   4756.2758435324558      < Te <    4756.2766590610099     
   4756.2758600540874      < Th <    4756.2766755871271     
   80.000009192544596      < Ts <   80.000010476438021     
   3.2633579497642383E+021 < Ne <   3.2642245200396828E+021
   3.2633579497642378E+021 < Nh <   3.2642245200396828E+021
 CFL_Te=   1.7938889773742130E-003 maxCFL_Ne=   1.3847516778824024E-003 maxCFL_Ts=   5.1020113541733636E-004 CPU=   445.29132743045591      NumThreads=                    2 Elapsed time=   4.4914416176505328E-003
 CFL_Limit=   1.0000000000000000E-003
 dt_init=   1.0000000000000001E-018 dt=   1.0000000000000001E-018
 Time=  -7.2000000000427066E-014 Intensity=   124426860014.13100     
   4755.4521994688257      < Te <    4755.4530312789148     
   4756.9201277062375      < Th <    4756.9209598766001     
   80.000012071960171      < Ts <   80.000013762826498     
   4.2486815491987603E+021 < Ne <   4.2497956608036506E+021
   4.2486815491987598E+021 < Nh <   4.2497956608036506E+021
 CFL_Te=   1.7935783358974742E-003 maxCFL_Ne=   1.3845118852809704E-003 maxCFL_Ts=   5.1020114354037149E-004 CPU=   445.24172710058690      NumThreads=                    2 Elapsed time=   4.4919419682966271E-003
 CFL_Limit=   1.0000000000000000E-003
 dt_init=   1.0000000000000001E-018 dt=   1.0000000000000001E-018
 Time=  -7.1000000000430403E-014 Intensity=   159416717950.19135     
   4754.6121479085878      < Te <    4754.6129962520163     
   4755.6709474549061      < Th <    4755.6717960571768     
   80.000015811019253      < Ts <   80.000018010728326     
   5.5131870174765688E+021 < Ne <   5.5146144265848184E+021
   5.5131870174765688E+021 < Nh <   5.5146144265848184E+021
 CFL_Te=   1.7932615062236867E-003 maxCFL_Ne=   1.3842673158422345E-003 maxCFL_Ts=   5.1020115410059367E-004 CPU=   445.20103130755581      NumThreads=                    2 Elapsed time=   4.4923525763765609E-003
 CFL_Limit=   1.0000000000000000E-003
 dt_init=   1.0000000000000001E-018 dt=   1.0000000000000001E-018
 Time=  -7.0000000000433739E-014 Intensity=   203539373738.42972     
   4753.7554603061617      < Te <    4753.7563253882317     
   4753.7554180728812      < Th <    4753.7562831439582     
   80.000020732764668      < Ts <   80.000023528363087     
   7.1303650323123793E+021 < Ne <   7.1321875136355930E+021
   7.1303650323123793E+021 < Nh <   7.1321875136355930E+021
 CFL_Te=   1.7929384021363930E-003 maxCFL_Ne=   1.3840179030134500E-003 maxCFL_Ts=   5.1020116800110506E-004 CPU=   445.16034388010769      NumThreads=                    2 Elapsed time=   4.4927631751013469E-003
 CFL_Limit=   1.0000000000000000E-003
 dt_init=   1.0000000000000001E-018 dt=   1.0000000000000001E-018
 Time=  -6.9000000000437076E-014 Intensity=   258975005990.62750     
   4752.8819615226093      < Te <    4752.8828434884163     
   4752.8819288959094      < Th <    4752.8828108533417     
   80.000027138180499      < Ts <   80.000030708925266     
   9.1914231423929617E+021 < Ne <   9.1937419919203448E+021
   9.1914231423929617E+021 < Nh <   9.1937419919203448E+021
 CFL_Te=   1.7926089575569764E-003 maxCFL_Ne=   1.3837635957867950E-003 maxCFL_Ts=   5.1020118611659257E-004 CPU=   445.11695598458988      NumThreads=                    2 Elapsed time=   4.4932011084054075E-003
 CFL_Limit=   1.0000000000000000E-003
 dt_init=   1.0000000000000001E-018 dt=   1.0000000000000001E-018
 Time=  -6.8000000000440412E-014 Intensity=   328368974519.18756     
   4750.6879299757602      < Te <    4750.6888285591594     
   4751.9915344489827      < Th <    4751.9924333619329     
   80.000035335494005      < Ts <   80.000040107560054     
   1.1809111473302662E+022 < Ne <   1.1812051673541945E+022
   1.1809111473302662E+022 < Nh <   1.1812051673541945E+022
 CFL_Te=   1.7912899009479614E-003 maxCFL_Ne=   1.3831620377790065E-003 maxCFL_Ts=   5.1020120926591639E-004 CPU=   445.03419639171057      NumThreads=                    2 Elapsed time=   4.4940366745202616E-003
 CFL_Limit=   1.0000000000000000E-003
 dt_init=   1.0000000000000001E-018 dt=   1.0000000000000001E-018
 Time=  -6.7000000000443749E-014 Intensity=   414916998789.12958     
   4750.9796147395218      < Te <    4750.9805305803293     
   4751.0841831871212      < Th <    4751.0850990298886     
   80.000045786716697      < Ts <   80.000051979248923     
   1.5122260210072657E+022 < Ne <   1.5125975358029424E+022
   1.5122260210072657E+022 < Nh <   1.5125975358029424E+022
 CFL_Te=   1.7919704058009878E-003 maxCFL_Ne=   1.3832402212079706E-003 maxCFL_Ts=   5.1020123877657919E-004 CPU=   444.99021250051754      NumThreads=                    2 Elapsed time=   4.4944808757960584E-003
 CFL_Limit=   1.0000000000000000E-003
 dt_init=   1.0000000000000001E-018 dt=   1.0000000000000001E-018
 Time=  -6.6000000000447085E-014 Intensity=   522462572428.35266     
   4750.0826093816631      < Te <    4750.0835420239600     
   4750.1599797245717      < Th <    4750.1609123499165     
   80.000059048658116      < Ts <   80.000067083715734     
   1.9301133729776062E+022 < Ne <   1.9305811837139779E+022
   1.9301133729776066E+022 < Nh <   1.9305811837139779E+022
 CFL_Te=   1.7914946923585429E-003 maxCFL_Ne=   1.3829711690208596E-003 maxCFL_Ts=   5.1020127621544304E-004 CPU=   444.94032860722160      NumThreads=                    2 Elapsed time=   4.4949847685430483E-003
 CFL_Limit=   1.0000000000000000E-003
 dt_init=   1.0000000000000001E-018 dt=   1.0000000000000001E-018
 Time=  -6.5000000000450421E-014 Intensity=   655607608773.53748     
   4748.5531509682523      < Te <    4748.5540999396871     
   4749.2191417195827      < Th <    4749.2200908359137     
   80.000075766609797      < Ts <   80.000086662666916     
   2.4553715496526620E+022 < Ne <   2.4559585780674475E+022
   2.4553715496526625E+022 < Nh <   2.4559585780674475E+022
 CFL_Te=   1.7907490315444310E-003 maxCFL_Ne=   1.3825217877455763E-003 maxCFL_Ts=   5.1020132346283904E-004 CPU=   444.89955845978767      NumThreads=                    2 Elapsed time=   4.4953966844198849E-003
 CFL_Limit=   1.0000000000000000E-003
 dt_init=   1.0000000000000001E-018 dt=   1.0000000000000001E-018
 Time=  -6.4000000000453758E-014 Intensity=   819837215909.35083     
   4747.6753673953608      < Te <    4747.6763324191479     
   4748.2620515363833      < Th <    4748.2630166800645     
   80.000097688791982      < Ts <   80.000111807184879     
   3.1133046263205033E+022 < Ne <   3.1140387055493035E+022
   3.1133046263205037E+022 < Nh <   3.1140387055493035E+022
 CFL_Te=   1.7904239398313197E-003 maxCFL_Ne=   1.3822780021495069E-003 maxCFL_Ts=   5.1020138544457898E-004 CPU=   444.85604834901176      NumThreads=                    2 Elapsed time=   4.4958363664438714E-003
 CFL_Limit=   1.0000000000000000E-003
 dt_init=   1.0000000000000001E-018 dt=   1.0000000000000001E-018
 Time=  -6.3000000000457094E-014 Intensity=   1021659349832.0927     
   4750.3691722311405      < Te <    4750.3701536514036     
   4745.9869576605797      < Th <    4745.9879378050946     
   80.000125611417971      < Ts <   80.000143591897981     
   3.9345745676424805E+022 < Ne <   3.9354893581050765E+022
   3.9345745676424805E+022 < Nh <   3.9354893581050765E+022
 CFL_Te=   1.7926782404738735E-003 maxCFL_Ne=   1.3830320463591199E-003 maxCFL_Ts=   5.1020146424220452E-004 CPU=   444.81274198192716      NumThreads=                    2 Elapsed time=   4.4962740749932483E-003
 CFL_Limit=   1.0000000000000000E-003
 dt_init=   1.0000000000000001E-018 dt=   1.0000000000000001E-018
 Time=  -6.2000000000460431E-014 Intensity=   1268759882568.7104     
   4743.5323086911676      < Te <    4743.5333028202294     
   4746.1971817030089      < Th <    4746.1981765995151     
   80.000159652755315      < Ts <   80.000182150661772     
   4.9561853108980489E+022 < Ne <   4.9573213550097832E+022
   4.9561853108980489E+022 < Nh <   4.9573213550097832E+022
 CFL_Te=   1.7878014930916499E-003 maxCFL_Ne=   1.3810415522523766E-003 maxCFL_Ts=   5.1020156041864124E-004 CPU=   444.76779153956414      NumThreads=                    2 Elapsed time=   4.4967284907861654E-003
 CFL_Limit=   1.0000000000000000E-003
 dt_init=   1.0000000000000001E-018 dt=   1.0000000000000001E-018
 Time=  -6.1000000000463767E-014 Intensity=   1570173339800.8547     
   4745.0425107268184      < Te <    4745.0435187749117     
   4743.6236736760038      < Th <    4743.6246813153302     
   80.000202786201086      < Ts <   80.000230937602282     
   6.2226126847721079E+022 < Ne <   6.2240186146424374E+022
   6.2226126847721079E+022 < Nh <   6.2240186146424374E+022
 CFL_Te=   1.7894577808067792E-003 maxCFL_Ne=   1.3815562873482584E-003 maxCFL_Ts=   5.1020168209249712E-004 CPU=   444.72244383050344      NumThreads=                    2 Elapsed time=   4.4971870157339252E-003
 CFL_Limit=   1.0000000000000000E-003
 dt_init=   1.0000000000000001E-018 dt=   1.0000000000000001E-018
 Time=  -6.0000000000467103E-014 Intensity=   1936469201836.5425     
   4743.9045782570938      < Te <    4743.9055978662254     
   4743.5441864908835      < Th <    4743.5452059889494     
   80.000257311368017      < Ts <   80.000293735591455     
   7.7870942726570753E+022 < Ne <   7.7888281845075234E+022
   7.7870942726570753E+022 < Nh <   7.7888281845075234E+022
 CFL_Te=   1.7892229754749743E-003 maxCFL_Ne=   1.3812611153296880E-003 maxCFL_Ts=   5.1020183619871862E-004 CPU=   444.67846698226890      NumThreads=                    2 Elapsed time=   4.4976317687983490E-003
 CFL_Limit=   1.0000000000000000E-003
 dt_init=   1.0000000000000001E-018 dt=   1.0000000000000001E-018
 Time=  -5.9000000000470440E-014 Intensity=   2379953215735.2744     
   4739.3116706268465      < Te <    4739.3126987938758     
   4742.6760917594465      < Th <    4742.6771208850314     
   80.000323543304773      < Ts <   80.000369905514404     
   9.7130928227904353E+022 < Ne <   9.7152238317360879E+022
   9.7130928227904353E+022 < Nh <   9.7152238317360879E+022
 CFL_Te=   1.7858842444898732E-003 maxCFL_Ne=   1.3799036930455077E-003 maxCFL_Ts=   5.1020202310370793E-004 CPU=   444.63474946689729      NumThreads=                    2 Elapsed time=   4.4980739863403289E-003
 CFL_Limit=   1.0000000000000000E-003
 dt_init=   1.0000000000000001E-018 dt=   1.0000000000000001E-018
 Time=  -5.8000000000473776E-014 Intensity=   2914882629713.4248     
   4740.8356137623950      < Te <    4740.8366497983916     
   4742.2298346333509      < Th <    4742.2308710489733     
   80.000405289760764      < Ts <   80.000462697326370     
   1.2075946340734618E+023 < Ne <   1.2078556328372134E+023
   1.2075946340734618E+023 < Nh <   1.2078556328372134E+023
 CFL_Te=   1.7875398010879146E-003 maxCFL_Ne=   1.3803309210410444E-003 maxCFL_Ts=   5.1020225399506496E-004 CPU=   444.59052302977443      NumThreads=                    2 Elapsed time=   4.4985214402918326E-003
 CFL_Limit=   1.0000000000000000E-003
 dt_init=   1.0000000000000001E-018 dt=   1.0000000000000001E-018
 Time=  -5.7000000000477113E-014 Intensity=   3557693630525.7944     
   4738.3552625754992      < Te <    4738.3563022388043     
   4743.9395498766489      < Th <    4743.9405910910573     
   80.000508943606079      < Ts <   80.000581173080462     
   1.4964716541401324E+023 < Ne <   1.4967902106971338E+023
   1.4964716541401324E+023 < Nh <   1.4967902106971340E+023
 CFL_Te=   1.7859424209963753E-003 maxCFL_Ne=   1.3796562094838542E-003 maxCFL_Ts=   5.1020254655440489E-004 CPU=   444.52310382401470      NumThreads=                    2 Elapsed time=   4.4992037147112912E-003
 CFL_Limit=   1.0000000000000000E-003
 dt_init=   1.0000000000000001E-018 dt=   1.0000000000000001E-018
 Time=  -5.6000000000475123E-014 Intensity=   4327238540091.4380     
   4735.8691561344758      < Te <    4735.8701957302483     
   4737.6770668917643      < Th <    4737.6781069103190     
   80.000637093565885      < Ts <   80.000727941729451     
   1.8484245605504642E+023 < Ne <   1.8488120229684360E+023
   1.8484245605504642E+023 < Nh <   1.8488120229684363E+023
 CFL_Te=   1.7845462364365350E-003 maxCFL_Ne=   1.3789601351533443E-003 maxCFL_Ts=   5.1020290851556147E-004 CPU=   444.47722623937432      NumThreads=                    2 Elapsed time=   4.4996681088063104E-003
 CFL_Limit=   1.0000000000000000E-003
 dt_init=   1.0000000000000001E-018 dt=   1.0000000000000001E-018
 Time=  -5.5000000000472148E-014 Intensity=   5245029512467.1377     
   4734.4582756652526      < Te <    4734.4593110777714     
   4738.8802447492899      < Th <    4738.8812813188415     
   80.000796156590994      < Ts <   80.000909651859502     
   2.2757428629396293E+023 < Ne <   2.2762125056349774E+023
   2.2757428629396293E+023 < Nh <   2.2762125056349777E+023
 CFL_Te=   1.7839059847389726E-003 maxCFL_Ne=   1.3785834593201770E-003 maxCFL_Ts=   5.1020335818701790E-004 CPU=   444.43158070081233      NumThreads=                    2 Elapsed time=   4.5001302491741316E-003
 CFL_Limit=   1.0000000000000000E-003
 dt_init=   1.0000000000000001E-018 dt=   1.0000000000000001E-018
 Time=  -5.4000000000469174E-014 Intensity=   6335484573989.2178     
   4731.8521665760391      < Te <    4731.8531921896101     
   4737.7004841203752      < Th <    4737.7015112661848     
   80.000991451253185      < Ts <   80.001136097386180     
   2.7927705794893759E+023 < Ne <   2.7933378634763303E+023
   2.7927705794893759E+023 < Nh <   2.7933378634763306E+023
 CFL_Te=   1.7823498404280580E-003 maxCFL_Ne=   1.3779130966953960E-003 maxCFL_Ts=   5.1020390986785172E-004 CPU=   444.38677252161960      NumThreads=                    2 Elapsed time=   4.5005840040000271E-003
 CFL_Limit=   1.0000000000000000E-003
 dt_init=   1.0000000000000001E-018 dt=   1.0000000000000001E-018
 Time=  -5.3000000000466199E-014 Intensity=   7626170880184.8320     
   4732.8952029589109      < Te <    4732.8962136123755     
   4733.1180916348221      < Th <    4733.1191021821505     
   80.001226352915992      < Ts <   80.001407450001437     
   3.4161774238417955E+023 < Ne <   3.4168602787962289E+023
   3.4161774238417955E+023 < Nh <   3.4168602787962289E+023
 CFL_Te=   1.7833391641272119E-003 maxCFL_Ne=   1.3783160963465053E-003 maxCFL_Ts=   5.1020457283457144E-004 CPU=   444.29020249355858      NumThreads=                    2 Elapsed time=   4.5015622419200133E-003
 CFL_Limit=   1.0000000000000000E-003
 dt_init=   1.0000000000000001E-018 dt=   1.0000000000000001E-018
 Time=  -5.2000000000463225E-014 Intensity=   9148039040900.5273     
   4725.0034674954595      < Te <    4725.0044533308210     
   4734.6722784390968      < Th <    4734.6732668144550     
   80.001519967733429      < Ts <   80.001739463844189     
   4.1652514391697574E+023 < Ne <   4.1660705664667206E+023
   4.1652514391697574E+023 < Nh <   4.1660705664667206E+023
 CFL_Te=   1.7780760106843423E-003 maxCFL_Ne=   1.3760944644568703E-003 maxCFL_Ts=   5.1020540265927096E-004 CPU=   444.24704667145426      NumThreads=                    2 Elapsed time=   4.5019995405374356E-003
 CFL_Limit=   1.0000000000000000E-003
 dt_init=   1.0000000000000001E-018 dt=   1.0000000000000001E-018
 Time=  -5.1000000000460250E-014 Intensity=   10935641313518.219     
   4725.6553945497917      < Te <    4725.6563495471182     
   4732.2604272369335      < Th <    4732.2613838195966     
   80.001875133778043      < Ts <   80.002143407107184     
   5.0622119962851954E+023 < Ne <   5.0631911916862676E+023
   5.0622119962851954E+023 < Nh <   5.0631911916862676E+023
 CFL_Te=   1.7787865208990512E-003 maxCFL_Ne=   1.3762948837525014E-003 maxCFL_Ts=   5.1020640690531188E-004 CPU=   444.18241547106442      NumThreads=                    2 Elapsed time=   4.5026546084201910E-003
 CFL_Limit=   1.0000000000000000E-003
 dt_init=   1.0000000000000001E-018 dt=   1.0000000000000001E-018
 Time=  -5.0000000000457276E-014 Intensity=   13027325412947.795     
   4720.9770767133941      < Te <    4720.9779896143509     
   4729.8816081759105      < Th <    4729.8825231723722     
   80.002310866259364      < Ts <   80.002637940745188     
   6.1325413306999942E+023 < Ne <   6.1337078243324607E+023
   6.1325413306999942E+023 < Nh <   6.1337078243324607E+023
 CFL_Te=   1.7755287959589402E-003 maxCFL_Ne=   1.3750851798054638E-003 maxCFL_Ts=   5.1020763644654807E-004 CPU=   444.11004314319496      NumThreads=                    2 Elapsed time=   4.5033883625890834E-003
 CFL_Limit=   1.0000000000000000E-003
 dt_init=   1.0000000000000001E-018 dt=   1.0000000000000001E-018
 Time=  -4.9000000000454301E-014 Intensity=   15465394672231.150     
   4719.8069892454332      < Te <    4719.8078497846936     
   4728.6220052913040      < Th <    4728.6228677402705     
   80.002825876094718      < Ts <   80.003225899317300     
   7.4053320593578444E+023 < Ne <   7.4067168701981889E+023
   7.4053320593578444E+023 < Nh <   7.4067168701981889E+023
 CFL_Te=   1.7749893767561094E-003 maxCFL_Ne=   1.3748090864328332E-003 maxCFL_Ts=   5.1020909267875309E-004 CPU=   444.02589286802834      NumThreads=                    2 Elapsed time=   4.5042418294160887E-003
 CFL_Limit=   1.0000000000000000E-003
 dt_init=   1.0000000000000001E-018 dt=   1.0000000000000001E-018
 Time=  -4.8000000000451327E-014 Intensity=   18296224350930.977     
   4716.9740591314849      < Te <    4716.9748540547916     
   4726.8730781303393      < Th <    4726.8738750459725     
   80.003472974274331      < Ts <   80.003960244983446     
   8.9136472237859652E+023 < Ne <   8.9152855245446081E+023
   8.9136472237859652E+023 < Nh <   8.9152855245446081E+023
 CFL_Te=   1.7730530871895788E-003 maxCFL_Ne=   1.3740626800451069E-003 maxCFL_Ts=   5.1021091958473289E-004 CPU=   443.98412270201197      NumThreads=                    2 Elapsed time=   4.5046655899051965E-003
 CFL_Limit=   1.0000000000000000E-003
 dt_init=   1.0000000000000001E-018 dt=   1.0000000000000001E-018
 Time=  -4.7000000000448352E-014 Intensity=   21570323077270.426     
   4713.5790725460811      < Te <    4713.5797872411831     
   4727.5122835131815      < Th <    4727.5130008800697     
   80.004208775273895      < Ts <   80.004803072075177     
   1.0694888443269701E+024 < Ne <   1.0696819930916727E+024
   1.0694888443269701E+024 < Nh <   1.0696819930916727E+024
 CFL_Te=   1.7708709749054917E-003 maxCFL_Ne=   1.3732663764480159E-003 maxCFL_Ts=   5.1021299950626097E-004 CPU=   443.94236137363771      NumThreads=                    2 Elapsed time=   4.5050893404532050E-003
 CFL_Limit=   1.0000000000000000E-003
 dt_init=   1.0000000000000001E-018 dt=   1.0000000000000001E-018
 Time=  -4.6000000000445378E-014 Intensity=   25342327775993.938     
   4708.6186933183590      < Te <    4708.6193111389975     
   4726.8621754201049      < Th <    4726.8627964037742     
   80.005109169260734      < Ts <   80.005831564751432     
   1.2791166794251767E+024 < Ne <   1.2793436060169207E+024
   1.2791166794251767E+024 < Nh <   1.2793436060169207E+024
 CFL_Te=   1.7673249866842363E-003 maxCFL_Ne=   1.3720204234114210E-003 maxCFL_Ts=   5.1021554146051722E-004 CPU=   443.90341810705161      NumThreads=                    2 Elapsed time=   4.5054845680816110E-003
 CFL_Limit=   1.0000000000000000E-003
 dt_init=   1.0000000000000001E-018 dt=   1.0000000000000001E-018
 Time=  -4.5000000000442403E-014 Intensity=   29670920032114.766     
   4704.2632359988611      < Te <    4704.2637389089923     
   4722.5469497112981      < Th <    4722.5474552765045     
   80.006207751569931      < Ts <   80.007097808243842     
   1.5249669924752525E+024 < Ne <   1.5252326817550764E+024
   1.5249669924752525E+024 < Nh <   1.5252326817550764E+024
 CFL_Te=   1.7642587202305715E-003 maxCFL_Ne=   1.3710403731383141E-003 maxCFL_Ts=   5.1021863830253875E-004 CPU=   443.86368118439498      NumThreads=                    2 Elapsed time=   4.5058879218575600E-003
 CFL_Limit=   1.0000000000000000E-003
 dt_init=   1.0000000000000001E-018 dt=   1.0000000000000001E-018
 Time=  -4.4000000000439429E-014 Intensity=   34618651727643.855     
   4701.8490011141112      < Te <    4701.8493691553631     
   4719.5174741798073      < Th <    4719.5178441526186     
   80.007485278445756      < Ts <   80.008533292898008     
   1.8123017848381043E+024 < Ne <   1.8126117821237960E+024
   1.8123017848381043E+024 < Nh <   1.8126117821237960E+024
 CFL_Te=   1.7625919502696130E-003 maxCFL_Ne=   1.3704750277377237E-003 maxCFL_Ts=   5.1022225151195184E-004 CPU=   443.81978937557608      NumThreads=                    2 Elapsed time=   4.5063335341893216E-003
 CFL_Limit=   1.0000000000000000E-003
 dt_init=   1.0000000000000001E-018 dt=   1.0000000000000001E-018
 Time=  -4.3000000000436454E-014 Intensity=   40251668020119.102     
   4695.8849678428023      < Te <    4695.8851779594670     
   4716.5860996775018      < Th <    4716.5863113866953     
   80.009028018138068      < Ts <   80.010294396438894     
   2.1469598790932107E+024 < Ne <   2.1473203224241129E+024
   2.1469598790932107E+024 < Nh <   2.1473203224241129E+024
 CFL_Te=   1.7581805116644797E-003 maxCFL_Ne=   1.3690651986261492E-003 maxCFL_Ts=   5.1022660378672354E-004 CPU=   443.78212571106803      NumThreads=                    2 Elapsed time=   4.5067159854521362E-003
 CFL_Limit=   1.0000000000000000E-003
 dt_init=   1.0000000000000001E-018 dt=   1.0000000000000001E-018
 Time=  -4.2000000000433480E-014 Intensity=   46639316361462.930     
   4690.3842140551860      < Te <    4690.3842417128326     
   4716.1928890815898      < Th <    4716.1929178074051     
   80.010832916953561      < Ts <   80.012332039239922     
   2.5353875378419078E+024 < Ne <   2.5358051867755859E+024
   2.5353875378419078E+024 < Nh <   2.5358051867755859E+024
 CFL_Te=   1.7540342828224534E-003 maxCFL_Ne=   1.3678874701909135E-003 maxCFL_Ts=   5.1023169444638027E-004 CPU=   443.74534201357892      NumThreads=                    2 Elapsed time=   4.5070895638579991E-003
 CFL_Limit=   1.0000000000000000E-003
 dt_init=   1.0000000000000001E-018 dt=   1.0000000000000001E-018
 Time=  -4.1000000000430505E-014 Intensity=   53853631331000.812     
   4686.9084387364910      < Te <    4686.9086591866189     
   4714.2777856664652      < Th <    4714.2780063520277     
   80.012954768726246      < Ts <   80.014760057341221     
   2.9846650582729607E+024 < Ne <   2.9851473180832063E+024
   2.9846650582729607E+024 < Nh <   2.9851473180832063E+024
 CFL_Te=   1.7513875739025460E-003 maxCFL_Ne=   1.3671225682497358E-003 maxCFL_Ts=   5.1023768868406483E-004 CPU=   443.71365431216321      NumThreads=                    2 Elapsed time=   4.5074114365499154E-003
 CFL_Limit=   1.0000000000000000E-003
 dt_init=   1.0000000000000001E-018 dt=   1.0000000000000001E-018
 Time=  -4.0000000000427531E-014 Intensity=   61968686616517.875     
   4679.1749853689571      < Te <    4679.1754525173146     
   4711.9556037763477      < Th <    4711.9560728458555     
   80.015469848651406      < Ts <   80.017592308136983     
   3.5025281853585932E+024 < Ne <   3.5030831254451329E+024
   3.5025281853585932E+024 < Nh <   3.5030831254451329E+024
 CFL_Te=   1.7457937713978241E-003 maxCFL_Ne=   1.3653938378885332E-003 maxCFL_Ts=   5.1024478106558393E-004 CPU=   443.67557943824369      NumThreads=                    2 Elapsed time=   4.5077982487390540E-003
 CFL_Limit=   1.0000000000000000E-003
 dt_init=   1.0000000000000001E-018 dt=   1.0000000000000001E-018
 Time=  -3.9000000000424557E-014 Intensity=   71059807549599.203     
   4678.0340873753748      < Te <    4678.0348346150795     
   4710.4212774270973      < Th <    4710.4220286331492     
   80.018374345168723      < Ts <   80.020938322413969     
   4.0973831277591895E+024 < Ne <   4.0980194930678214E+024
   4.0973831277591895E+024 < Nh <   4.0980194930678214E+024
 CFL_Te=   1.7445776833916601E-003 maxCFL_Ne=   1.3654406998693681E-003 maxCFL_Ts=   5.1025298417370433E-004 CPU=   443.63622668192869      NumThreads=                    2 Elapsed time=   4.5081981130317582E-003
 CFL_Limit=   1.0000000000000000E-003
 dt_init=   1.0000000000000001E-018 dt=   1.0000000000000001E-018
 Time=  -3.8000000000421582E-014 Intensity=   81202640199250.766     
   4666.5105720313268      < Te <    4666.5116340880122     
   4707.4435269682135      < Th <    4707.4445966069507     
   80.021824999912198      < Ts <   80.024869207425610     
   4.7783139066734986E+024 < Ne <   4.7790411207358089E+024
   4.7783139066734986E+024 < Nh <   4.7790411207358089E+024
 CFL_Te=   1.7352128331508249E-003 maxCFL_Ne=   1.3628289274052556E-003 maxCFL_Ts=   5.1026270468131085E-004 CPU=   443.59963870667491      NumThreads=                    2 Elapsed time=   4.5085699479626420E-003
 CFL_Limit=   1.0000000000000000E-003
 dt_init=   1.0000000000000001E-018 dt=   1.0000000000000001E-018
 Time=  -3.7000000000418608E-014 Intensity=   92472076146496.750     
   4658.8932892073453      < Te <    4658.8947039788472     
   4706.5198794557336      < Th <    4706.5213065614716     
   80.025880337824702      < Ts <   80.029415843834087     
   5.5550807681269961E+024 < Ne <   5.5559089266010999E+024
   5.5550807681269961E+024 < Nh <   5.5559089266010999E+024
 CFL_Te=   1.7292863860746150E-003 maxCFL_Ne=   1.3615002420096149E-003 maxCFL_Ts=   5.1027416043865879E-004 CPU=   443.56847870826545      NumThreads=                    2 Elapsed time=   4.5088866680163681E-003
 CFL_Limit=   1.0000000000000000E-003
 dt_init=   1.0000000000000001E-018 dt=   1.0000000000000001E-018
 Time=  -3.6000000000415633E-014 Intensity=   104941035677997.53     
   4653.3437614858640      < Te <    4653.3455695693565     
   4703.9326410654094      < Th <    4703.9344665645503     
   80.030476553198454      < Ts <   80.034642406760469     
   6.4381083247909812E+024 < Ne <   6.4390481780503617E+024
   6.4381083247909812E+024 < Nh <   6.4390481780503617E+024
 CFL_Te=   1.7244387722723724E-003 maxCFL_Ne=   1.3604180723402731E-003 maxCFL_Ts=   5.1028712213558615E-004 CPU=   443.52062081582477      NumThreads=                    2 Elapsed time=   4.5093731973975450E-003
 CFL_Limit=   1.0000000000000000E-003
 dt_init=   1.0000000000000001E-018 dt=   1.0000000000000001E-018
 Time=  -3.5000000000412659E-014 Intensity=   118679116201979.36     
   4642.7429796410179      < Te <    4642.7452216322781     
   4702.4081162087286      < Th <    4702.4103841708511     
   80.035897403044885      < Ts <   80.040706133333728     
   7.4384622465450615E+024 < Ne <   7.4395251701948621E+024
   7.4384622465450615E+024 < Nh <   7.4395251701948621E+024
 CFL_Te=   1.7157741846633148E-003 maxCFL_Ne=   1.3585392009447155E-003 maxCFL_Ts=   5.1030239568399265E-004 CPU=   443.47319999752352      NumThreads=                    2 Elapsed time=   4.5098553870023452E-003
 CFL_Limit=   1.0000000000000000E-003
 dt_init=   1.0000000000000001E-018 dt=   1.0000000000000001E-018
 Time=  -3.4000000000409684E-014 Intensity=   133751117135265.58     
   4637.0047688421546      < Te <    4637.0074905486535     
   4699.4489108438747      < Th <    4699.4516662218093     
   80.042228703101046      < Ts <   80.047807406601038     
   8.5678132890766341E+024 < Ne <   8.5690112413486368E+024
   8.5678132890766341E+024 < Nh <   8.5690112413486368E+024
 CFL_Te=   1.7103531575961501E-003 maxCFL_Ne=   1.3575807916423423E-003 maxCFL_Ts=   5.1032026017434852E-004 CPU=   443.43769294038492      NumThreads=                    2 Elapsed time=   4.5102165013042247E-003
 CFL_Limit=   1.0000000000000000E-003
 dt_init=   1.0000000000000001E-018 dt=   1.0000000000000001E-018
 Time=  -3.3000000000406710E-014 Intensity=   150215457241480.31     
   4632.8226231024446      < Te <    4632.8258719106752     
   4698.8170785558814      < Th <    4698.8203704166790     
   80.049325971133342      < Ts <   80.055890651530063     
   9.8383876509297366E+024 < Ne <   9.8397331158290035E+024
   9.8383876509297366E+024 < Nh <   9.8397331158290035E+024
 CFL_Te=   1.7060707521371402E-003 maxCFL_Ne=   1.3571113792493707E-003 maxCFL_Ts=   5.1034026726338457E-004 CPU=   443.40085666540864      NumThreads=                    2 Elapsed time=   4.5105911951568572E-003
 CFL_Limit=   1.0000000000000000E-003
 dt_init=   1.0000000000000001E-018 dt=   1.0000000000000001E-018
 Time=  -3.2000000000403735E-014 Intensity=   168122505300198.00     
   4618.5342882144787      < Te <    4618.5381047838164     
   4700.0134012734279      < Th <    4700.0172807432145     
   80.057428205830718      < Ts <   80.065102318676324     
   1.1262902710834033E+025 < Ne <   1.1264408626328620E+025
   1.1262902710834033E+025 < Nh <   1.1264408626328620E+025
 CFL_Te=   1.6939545548723864E-003 maxCFL_Ne=   1.3547482966110775E-003 maxCFL_Ts=   5.1036304103005425E-004 CPU=   443.36948404007484      NumThreads=                    2 Elapsed time=   4.5109103625616820E-003
 CFL_Limit=   1.0000000000000000E-003
 dt_init=   1.0000000000000001E-018 dt=   1.0000000000000001E-018
 Time=  -3.1000000000400761E-014 Intensity=   187512849914193.47     
   4613.7462684680031      < Te <    4613.7507082722232     
   4696.5907155655023      < Th <    4696.5952304559960     
   80.066672529070814      < Ts <   80.075705443572616     
   1.2854487615268556E+025 < Ne <   1.2856167286163682E+025
   1.2854487615268556E+025 < Nh <   1.2856167286163682E+025
 CFL_Te=   1.6889804124445922E-003 maxCFL_Ne=   1.3543740644746121E-003 maxCFL_Ts=   5.1038912217382692E-004 CPU=   443.33028617595755      NumThreads=                    2 Elapsed time=   4.5113092030130359E-003
 CFL_Limit=   1.0000000000000000E-003
 dt_init=   1.0000000000000001E-018 dt=   1.0000000000000001E-018
 Time=  -3.0000000000397786E-014 Intensity=   208415539059104.16     
   4597.4738627963188      < Te <    4597.4789641632578     
   4695.0161703771300      < Th <    4695.0213740075960     
   80.077232750324342      < Ts <   80.087791805900238     
   1.4626588068529596E+025 < Ne <   1.4628455063208942E+025
   1.4626588068529596E+025 < Nh <   1.4628455063208942E+025
 CFL_Te=   1.6750185792686972E-003 maxCFL_Ne=   1.3519853769832497E-003 maxCFL_Ts=   5.1041880474034500E-004 CPU=   443.29291970117828      NumThreads=                    2 Elapsed time=   4.5116894746439684E-003
 CFL_Limit=   1.0000000000000000E-003
 dt_init=   1.0000000000000001E-018 dt=   1.0000000000000001E-018
 Time=  -2.9000000000394812E-014 Intensity=   230846324469058.75     
   4591.3149993223451      < Te <    4591.3208212048494     
   4694.2896549835914      < Th <    4694.2956007286548     
   80.089207898607199      < Ts <   80.101409479808950     
   1.6592855442123953E+025 < Ne <   1.6594923473962764E+025
   1.6592855442123953E+025 < Nh <   1.6594923473962764E+025
 CFL_Te=   1.6685274393030774E-003 maxCFL_Ne=   1.3515870484687015E-003 maxCFL_Ts=   5.1045245019343006E-004 CPU=   443.25700124477538      NumThreads=                    2 Elapsed time=   4.5120550704974881E-003
 CFL_Limit=   1.0000000000000000E-003
 dt_init=   1.0000000000000001E-018 dt=   1.0000000000000001E-018
 Time=  -2.8000000000393169E-014 Intensity=   254805949950995.38     
   4585.8374151911330      < Te <    4585.8440075613235     
   4697.0175033135683      < Th <    4697.0242476963385     
   80.102842142798181      < Ts <   80.116852715866642     
   1.8767020174775706E+025 < Ne <   1.8769302967750606E+025
   1.8767020174775706E+025 < Nh <   1.8769302967750604E+025
 CFL_Te=   1.6620987784920515E-003 maxCFL_Ne=   1.3514757181287689E-003 maxCFL_Ts=   5.1049073607889418E-004 CPU=   443.22042400036776      NumThreads=                    2 Elapsed time=   4.5124274327176320E-003
 CFL_Limit=   1.0000000000000000E-003
 dt_init=   1.0000000000000001E-018 dt=   1.0000000000000001E-018
 Time=  -2.7000000000393350E-014 Intensity=   280278526036165.84     
   4579.8434431728265      < Te <    4579.8508538715141     
   4691.3678239923629      < Th <    4691.3754066524871     
   80.118069406151307      < Ts <   80.134266255367777     
   2.1162750185326784E+025 < Ne <   2.1165261325201337E+025
   2.1162750185326784E+025 < Nh <   2.1165261325201333E+025
 CFL_Te=   1.6550982034123705E-003 maxCFL_Ne=   1.3513980024671354E-003 maxCFL_Ts=   5.1053350407547892E-004 CPU=   443.18764752750133      NumThreads=                    2 Elapsed time=   4.5127611546887554E-003
 CFL_Limit=   1.0000000000000000E-003
 dt_init=   1.0000000000000001E-018 dt=   1.0000000000000001E-018
 Time=  -2.6000000000393531E-014 Intensity=   307230035825304.88     
   4560.7844101952605      < Te <    4560.7926656463696     
   4692.9259469218132      < Th <    4692.9344305157347     
   80.135730025072704      < Ts <   80.154592710572160     
   2.3793495179663405E+025 < Ne <   2.3796247951525432E+025
   2.3793495179663405E+025 < Nh <   2.3796247951525428E+025
 CFL_Te=   1.6381794562124756E-003 maxCFL_Ne=   1.3495788721090724E-003 maxCFL_Ts=   5.1058295812723184E-004 CPU=   443.15054607896440      NumThreads=                    2 Elapsed time=   4.5131389720630575E-003
 CFL_Limit=   1.0000000000000000E-003
 dt_init=   1.0000000000000001E-018 dt=   1.0000000000000001E-018
 Time=  -2.5000000000393712E-014 Intensity=   335607018286696.12     
   4554.8262991865258      < Te <    4554.8354652414864     
   4695.1444921878310      < Th <    4695.1539276644407     
   80.155545444122637      < Ts <   80.177295000505652     
   2.6672318129026278E+025 < Ne <   2.6675325343392050E+025
   2.6672318129026278E+025 < Nh <   2.6675325343392046E+025
 CFL_Te=   1.6305785393650907E-003 maxCFL_Ne=   1.3500119089549548E-003 maxCFL_Ts=   5.1063844799860468E-004 CPU=   443.11579675910929      NumThreads=                    2 Elapsed time=   4.5134928942451094E-003
 CFL_Limit=   1.0000000000000000E-003
 dt_init=   1.0000000000000001E-018 dt=   1.0000000000000001E-018
 Time=  -2.4000000000393893E-014 Intensity=   365335475465722.94     
   4549.3169840314731      < Te <    4549.3271048643455     
   4696.4965297750568      < Th <    4696.5069629008103     
   80.177124919620809      < Ts <   80.202318449563080     
   2.9811715967871400E+025 < Ne <   2.9814989776120163E+025
   2.9811715967871400E+025 < Nh <   2.9814989776120159E+025
 CFL_Te=   1.6229354650311272E-003 maxCFL_Ne=   1.3507645479286217E-003 maxCFL_Ts=   5.1069894476823356E-004 CPU=   443.07859377157484      NumThreads=                    2 Elapsed time=   4.5138718685901625E-003
 CFL_Limit=   1.0000000000000000E-003
 dt_init=   1.0000000000000001E-018 dt=   1.0000000000000001E-018
 Time=  -2.3000000000394074E-014 Intensity=   396320048934197.06     
   4543.8278386658958      < Te <    4543.8389543929970     
   4699.8811380349507      < Th <    4699.8926176174637     
   80.202302785495505      < Ts <   80.230763407650258     
   3.3223431377613338E+025 < Ne <   3.3226983080337011E+025
   3.3223431377613338E+025 < Nh <   3.3226983080337002E+025
 CFL_Te=   1.6148304350189454E-003 maxCFL_Ne=   1.3517136280455067E-003 maxCFL_Ts=   5.1076928008116269E-004 CPU=   443.04096062476003      NumThreads=                    2 Elapsed time=   4.5142552895779068E-003
 CFL_Limit=   1.0000000000000000E-003
 dt_init=   1.0000000000000001E-018 dt=   1.0000000000000001E-018
 Time=  -2.2000000000394255E-014 Intensity=   428443508248522.56     
   4539.2568252204246      < Te <    4539.2689716772375     
   4703.5080994445079      < Th <    4703.5206643420825     
   80.229494559474659      < Ts <   80.261444322216860     
   3.6918258264869063E+025 < Ne <   3.6922098115361527E+025
   3.6918258264869058E+025 < Nh <   3.6922098115361514E+025
 CFL_Te=   1.6075855480489508E-003 maxCFL_Ne=   1.3533158562824383E-003 maxCFL_Ts=   5.1084512128208497E-004 CPU=   443.00590824121878      NumThreads=                    2 Elapsed time=   4.5146124753509846E-003
 CFL_Limit=   1.0000000000000000E-003
 dt_init=   1.0000000000000001E-018 dt=   1.0000000000000001E-018
 Time=  -2.1000000000394436E-014 Intensity=   461566590146842.38     
   4517.1166556934613      < Te <    4517.1298142231071     
   4706.0342600616350      < Th <    4706.0479427526861     
   80.259947931691741      < Ts <   80.295968693677253     
   4.0905844267653561E+025 < Ne <   4.0909981273422638E+025
   4.0905844267653561E+025 < Nh <   4.0909981273422630E+025
 CFL_Te=   1.5867816004140316E-003 maxCFL_Ne=   1.3532769788917607E-003 maxCFL_Ts=   5.1092999676996195E-004 CPU=   442.97223737410212      NumThreads=                    2 Elapsed time=   4.5149556366236680E-003
 CFL_Limit=   1.0000000000000000E-003
 dt_init=   1.0000000000000001E-018 dt=   1.0000000000000001E-018
 Time=  -2.0000000000394617E-014 Intensity=   495528221700865.62     
   4530.2516147579572      < Te <    4530.2659090450106     
   4710.7141556964507      < Th <    4710.7289901971117     
   80.294058727545632      < Ts <   80.334132413072723     
   4.5194493215860747E+025 < Ne <   4.5198934943445898E+025
   4.5194493215860747E+025 < Nh <   4.5198934943445881E+025
 CFL_Te=   1.5913956725477378E-003 maxCFL_Ne=   1.3572120863961530E-003 maxCFL_Ts=   5.1102482799417366E-004 CPU=   442.90857551454525      NumThreads=                    2 Elapsed time=   4.5156045978033211E-003
 CFL_Limit=   1.0000000000000000E-003
 dt_init=   1.0000000000000001E-018 dt=   1.0000000000000001E-018
 Time=  -1.9000000000394798E-014 Intensity=   530146153688799.31     
   4527.6943464490605      < Te <    4527.7097521548321     
   4714.7433638171606      < Th <    4714.7593719256201     
   80.331654858668287      < Ts <   80.376662132582879     
   4.9790971153602519E+025 < Ne <   4.9795723535941971E+025
   4.9790971153602519E+025 < Nh <   4.9795723535941954E+025
 CFL_Te=   1.5841104721391640E-003 maxCFL_Ne=   1.3601682021085395E-003 maxCFL_Ts=   5.1112914483244197E-004 CPU=   442.87523881491023      NumThreads=                    2 Elapsed time=   4.5159445024558148E-003
 CFL_Limit=   1.0000000000000000E-003
 dt_init=   1.0000000000000001E-018 dt=   1.0000000000000001E-018
 Time=  -1.8000000000394979E-014 Intensity=   565218022186472.38     
   4506.5756676164174      < Te <    4506.5921340254927     
   4719.8698311768239      < Th <    4719.8870355514618     
   80.372754844060651      < Ts <   80.423525436477760     
   5.4700319572548268E+025 < Ne <   5.4705386728099158E+025
   5.4700319572548268E+025 < Nh <   5.4705386728099141E+025
 CFL_Te=   1.5628729221603241E-003 maxCFL_Ne=   1.3622777340036151E-003 maxCFL_Ts=   5.1124282794085354E-004 CPU=   442.83903920924359      NumThreads=                    2 Elapsed time=   4.5163136555695363E-003
 CFL_Limit=   1.0000000000000000E-003
 dt_init=   1.0000000000000001E-018 dt=   1.0000000000000001E-018
 Time=  -1.7000000000395159E-014 Intensity=   600522846939102.38     
   4504.8359225597878      < Te <    4504.8535252340289     
   4724.9999156023250      < Th <    4725.0183302007736     
   80.418296444209716      < Ts <   80.475864538565858     
   5.9925680399233771E+025 < Ne <   5.9931064464615369E+025
   5.9925680399233771E+025 < Nh <   5.9931064464615352E+025
 CFL_Te=   1.5555398156648765E-003 maxCFL_Ne=   1.3665029128884752E-003 maxCFL_Ts=   5.1136848819829852E-004 CPU=   442.80355712913155      NumThreads=                    2 Elapsed time=   4.5166755501396183E-003
 CFL_Limit=   1.0000000000000000E-003
 dt_init=   1.0000000000000001E-018 dt=   1.0000000000000001E-018
 Time=  -1.6000000000395340E-014 Intensity=   635822964715933.88     
   4503.8049951467128      < Te <    4503.8237383813512     
   4731.1497009258474      < Th <    4731.1693338691803     
   80.467735712937937      < Ts <   80.531838514481223     
   6.5468135870980214E+025 < Ne <   6.5473836848666095E+025
   6.5468135870980214E+025 < Nh <   6.5473836848666078E+025
 CFL_Te=   1.5483941274014850E-003 maxCFL_Ne=   1.3714768712305072E-003 maxCFL_Ts=   5.1150478847144566E-004 CPU=   442.76920734898175      NumThreads=                    2 Elapsed time=   4.5170259512279957E-003
 CFL_Limit=   1.0000000000000000E-003
 dt_init=   1.0000000000000001E-018 dt=   1.0000000000000001E-018
 Time=  -1.5000000000395521E-014 Intensity=   670866384802204.38     
   4522.0080158635246      < Te <    4522.0279780250585     
   4737.0214677782124      < Th <    4737.0423151042150     
   80.520942058220967      < Ts <   80.592858737413934     
   7.1326567572988070E+025 < Ne <   7.1332583202117516E+025
   7.1326567572988070E+025 < Nh <   7.1332583202117499E+025
 CFL_Te=   1.5546522659264025E-003 maxCFL_Ne=   1.3770200084515154E-003 maxCFL_Ts=   5.1165057425761606E-004 CPU=   442.73559864582438      NumThreads=                    2 Elapsed time=   4.5173688452370010E-003
 CFL_Limit=   1.0000000000000000E-003
 dt_init=   1.0000000000000001E-018 dt=   1.0000000000000001E-018
 Time=  -1.4000000000395702E-014 Intensity=   705389542384172.75     
   4523.0675481120006      < Te <    4523.0886489396744     
   4743.8818244321574      < Th <    4743.9038809976901     
   80.581181685808133      < Ts <   80.661707916532606     
   7.7497538429385213E+025 < Ne <   7.7503864078751512E+025
   7.7497538429385213E+025 < Nh <   7.7503864078751495E+025
 CFL_Te=   1.5479427566471233E-003 maxCFL_Ne=   1.3830192031634174E-003 maxCFL_Ts=   5.1181545468763693E-004 CPU=   442.70074368091184      NumThreads=                    2 Elapsed time=   4.5177245092715554E-003
 CFL_Limit=   1.0000000000000000E-003
 dt_init=   1.0000000000000001E-018 dt=   1.0000000000000001E-018
 Time=  -1.3000000000395883E-014 Intensity=   739120414174027.62     
   4525.3948813915376      < Te <    4525.4171071259734     
   4765.0752596494485      < Th <    4765.0985752727929     
   80.643912598309527      < Ts <   80.732011599824375     
   8.3975200619961157E+025 < Ne <   8.3981829211989903E+025
   8.3975200619961157E+025 < Nh <   8.3981829211989886E+025
 CFL_Te=   1.5417621404634533E-003 maxCFL_Ne=   1.3898550248652251E-003 maxCFL_Ts=   5.1198616669879645E-004 CPU=   442.66628942775156      NumThreads=                    2 Elapsed time=   4.5180761394445958E-003
 CFL_Limit=   1.0000000000000000E-003
 dt_init=   1.0000000000000001E-018 dt=   1.0000000000000001E-018
 Time=  -1.2000000000396064E-014 Intensity=   771781949547482.38     
   4528.9100244218944      < Te <    4528.9333552178350     
   4772.8341719945083      < Th <    4772.8586592323218     
   80.711222355899608      < Ts <   80.809107490186051     
   9.0751233614839764E+025 < Ne <   9.0758155578415245E+025
   9.0751233614839764E+025 < Nh <   9.0758155578415228E+025
 CFL_Te=   1.5363934115628481E-003 maxCFL_Ne=   1.3976462137135399E-003 maxCFL_Ts=   5.1216865013592840E-004 CPU=   442.63421939039512      NumThreads=                    2 Elapsed time=   4.5184034861887566E-003
 CFL_Limit=   1.0000000000000000E-003
 dt_init=   1.0000000000000001E-018 dt=   1.0000000000000001E-018
 Time=  -1.1000000000396245E-014 Intensity=   803095760155609.88     
   4533.8378291210747      < Te <    4533.8622416495127     
   4780.9065498728714      < Th <    4780.9321782948937     
   80.785688666819212      < Ts <   80.893931080663251     
   9.7814813783024101E+025 < Ne <   9.7822017040045395E+025
   9.7814813783024101E+025 < Nh <   9.7822017040045378E+025
 CFL_Te=   1.5310989279903142E-003 maxCFL_Ne=   1.4063203151894763E-003 maxCFL_Ts=   5.1236987880488134E-004 CPU=   442.60174183394651      NumThreads=                    2 Elapsed time=   4.5187350409261421E-003
 CFL_Limit=   1.0000000000000000E-003
 dt_init=   1.0000000000000001E-018 dt=   1.0000000000000001E-018
 Time=  -1.0000000000396426E-014 Intensity=   832786001727585.38     
   4556.6802307882717      < Te <    4556.7057847663446     
   4789.3556171246282      < Th <    4789.3823470762036     
   80.867536636250932      < Ts <   80.987630758234005     
   1.0515261827599423E+026 < Ne <   1.0516008826365275E+026
   1.0515261827599423E+026 < Nh <   1.0516008826365270E+026
 CFL_Te=   1.5388129119635349E-003 maxCFL_Ne=   1.4134057149027838E-003 maxCFL_Ts=   5.1259003015815586E-004 CPU=   442.56789235383133      NumThreads=                    2 Elapsed time=   4.5190806530560684E-003
 CFL_Limit=   1.0000000000000000E-003
 dt_init=   1.0000000000000001E-018 dt=   1.0000000000000001E-018
 Time=  -9.0000000003966072E-015 Intensity=   860583374007760.38     
   4563.9228124539304      < Te <    4563.9493809110882     
   4814.2429712703370      < Th <    4814.2708483968408     
   80.954008776284070      < Ts <   81.085662633223748     
   1.1274886445410207E+026 < Ne <   1.1275658418046287E+026
   1.1274886445410207E+026 < Nh <   1.1275658418046282E+026
 CFL_Te=   1.5348387659682892E-003 maxCFL_Ne=   1.4234670792886029E-003 maxCFL_Ts=   5.1282139727004651E-004 CPU=   442.53346065435198      NumThreads=                    2 Elapsed time=   4.5194322640432676E-003
 CFL_Limit=   1.0000000000000000E-003
 dt_init=   1.0000000000000001E-018 dt=   1.0000000000000001E-018
 Time=  -8.0000000003967882E-015 Intensity=   886229158745755.12     
   4572.8247886567224      < Te <    4572.8523317951876     
   4823.2468981499214      < Th <    4823.2757815205341     
   81.047052125658539      < Ts <   81.191472799640195     
   1.2058538635587725E+026 < Ne <   1.2059333649624257E+026
   1.2058538635587725E+026 < Nh <   1.2059333649624251E+026
 CFL_Te=   1.5315091094520545E-003 maxCFL_Ne=   1.4346390057875693E-003 maxCFL_Ts=   5.1306930153221207E-004 CPU=   442.49897425553144      NumThreads=                    2 Elapsed time=   4.5197844884608774E-003
 CFL_Limit=   1.0000000000000000E-003
 dt_init=   1.0000000000000001E-018 dt=   1.0000000000000001E-018
 Time=  -7.0000000003969692E-015 Intensity=   909479211697405.12     
   4583.4283367297567      < Te <    4583.4568086079507     
   4832.8214445773647      < Th <    4832.8512764303168     
   81.145762617987643      < Ts <   81.304959101750697     
   1.2864174658237684E+026 < Ne <   1.2864990560902529E+026
   1.2864174658237684E+026 < Nh <   1.2864990560902524E+026
 CFL_Te=   1.5292261440352903E-003 maxCFL_Ne=   1.4470132895652657E-003 maxCFL_Ts=   5.1333040976360683E-004 CPU=   442.46639543450721      NumThreads=                    2 Elapsed time=   4.5201172804004161E-003
 CFL_Limit=   1.0000000000000000E-003
 dt_init=   1.0000000000000001E-018 dt=   1.0000000000000001E-018
 Time=  -6.0000000003971501E-015 Intensity=   930107822811041.25     
   4608.9978842326309      < Te <    4609.0273185980641     
   4859.7606364603216      < Th <    4859.7914592852367     
   81.250006781727294      < Ts <   81.421279391561427     
   1.3689538417700480E+026 < Ne <   1.3690372852543243E+026
   1.3689538417700480E+026 < Nh <   1.3690372852543239E+026
 CFL_Te=   1.5377572219657215E-003 maxCFL_Ne=   1.4550858375538163E-003 maxCFL_Ts=   5.1360444862365697E-004 CPU=   442.42914699292606      NumThreads=                    2 Elapsed time=   4.5204978324630534E-003
 CFL_Limit=   1.0000000000000000E-003
 dt_init=   1.0000000000000001E-018 dt=   1.0000000000000001E-018
 Time=  -5.0000000003973311E-015 Intensity=   947911359388359.00     
   4621.8261011468867      < Te <    4621.8563478317137     
   4869.4331769735672      < Th <    4869.4648072518121     
   81.362601456119151      < Ts <   81.548129930038925     
   1.4532179761953883E+026 < Ne <   1.4533030188468902E+026
   1.4532179761953883E+026 < Nh <   1.4533030188468899E+026
 CFL_Te=   1.5362897681710126E-003 maxCFL_Ne=   1.4688980644118725E-003 maxCFL_Ts=   5.1389923099901739E-004 CPU=   442.37944793093919      NumThreads=                    2 Elapsed time=   4.5210056872086526E-003
 CFL_Limit=   1.0000000000000000E-003
 dt_init=   1.0000000000000001E-018 dt=   1.0000000000000001E-018
 Time=  -4.0000000003975121E-015 Intensity=   962711610070038.50     
   4648.3019892491820      < Te <    4648.3330694028300     
   4897.3022027952584      < Th <    4897.3346840246268     
   81.481885768284258      < Ts <   81.684936191379819     
   1.5389475824820708E+026 < Ne <   1.5390339541662576E+026
   1.5389475824820708E+026 < Nh <   1.5390339541662574E+026
 CFL_Te=   1.5450903141140677E-003 maxCFL_Ne=   1.4773126885041805E-003 maxCFL_Ts=   5.1420845993207435E-004 CPU=   442.34693042101071      NumThreads=                    2 Elapsed time=   4.5213380323368994E-003
 CFL_Limit=   1.0000000000000000E-003
 dt_init=   1.0000000000000001E-018 dt=   1.0000000000000001E-018
 Time=  -3.0000000003976930E-015 Intensity=   974358752857990.75     
   4663.2996222171323      < Te <    4663.3313936607183     
   4906.2846082331516      < Th <    4906.3177447015969     
   81.606021043659254      < Ts <   81.827475916803934     
   1.6258655275378531E+026 < Ne <   1.6259529445642127E+026
   1.6258655275378531E+026 < Nh <   1.6259529445642130E+026
 CFL_Te=   1.5447496733859657E-003 maxCFL_Ne=   1.4925922847143802E-003 maxCFL_Ts=   5.1452811606797011E-004 CPU=   442.31740434148281      NumThreads=                    2 Elapsed time=   4.5216398458875423E-003
 CFL_Limit=   1.0000000000000000E-003
 dt_init=   1.0000000000000001E-018 dt=   1.0000000000000001E-018
 Time=  -2.0000000003978740E-015 Intensity=   982733878060324.50     
   4690.2847497857474      < Te <    4690.3172199290575     
   4934.6463153593022      < Th <    4934.6801561513994     
   81.739900256352300      < Ts <   81.977884265674149     
   1.7136825238186704E+026 < Ne <   1.7137706917635921E+026
   1.7136825238186704E+026 < Nh <   1.7137706917635931E+026
 CFL_Te=   1.5536886689355878E-003 maxCFL_Ne=   1.5012296115106843E-003 maxCFL_Ts=   5.1486974118990616E-004 CPU=   442.28787510329556      NumThreads=                    2 Elapsed time=   4.5219417320289494E-003
 CFL_Limit=   1.0000000000000000E-003
 dt_init=   1.0000000000000001E-018 dt=   1.0000000000000001E-018
 Time=  -1.0000000003979017E-015 Intensity=   987751006861384.88     
   4707.2654931094430      < Te <    4707.2985242780642     
   4944.8364173049495      < Th <    4944.8707627857311     
   81.880496335842423      < Ts <   82.139121877123955     
   1.8020999948090432E+026 < Ne <   1.8021886114578673E+026
   1.8020999948090432E+026 < Nh <   1.8021886114578697E+026
 CFL_Te=   1.5545994594340651E-003 maxCFL_Ne=   1.5179535407845710E-003 maxCFL_Ts=   5.1522535394701960E-004 CPU=   442.25560059305752      NumThreads=                    2 Elapsed time=   4.5222717300086937E-003
 CFL_Limit=   1.0000000000000000E-003
 dt_init=   1.0000000000000001E-018 dt=   1.0000000000000001E-018
 Time=  -3.9788984726558512E-025 Intensity=   989358557592281.12     
   4734.3289333586217      < Te <    4734.3625240284646     
   4973.2312775708697      < Th <    4973.2661763087472     
   82.028732953219631      < Ts <   82.306462362355887     
   1.8908131462075912E+026 < Ne <   1.8909019046952106E+026
   1.8908131462075915E+026 < Nh <   1.8909019046952143E+026
 CFL_Te=   1.5635372916070615E-003 maxCFL_Ne=   1.5266808604699909E-003 maxCFL_Ts=   5.1559743006184856E-004 CPU=   442.22380160785860      NumThreads=                    2 Elapsed time=   4.5225969129845649E-003
 CFL_Limit=   1.0000000000000000E-003
 dt_init=   1.0000000000000001E-018 dt=   1.0000000000000001E-018
