 Hello from thread =                    1
 Hello from thread =                    5
 Hello from thread =                    0
 Hello from thread =                    6
 Hello from thread =                    4
 Hello from thread =                    2
 Hello from thread =                    7
 Hello from thread =                    3
OpenMP TEST
Number of Threads = 8
*******************************
 Pi =    3.1415926535897931     
 Read PolarizationSource TM:                     0
 Read phiMie0:    270.00000000000000      deg -> rad
 Importing data on Polarization.
 Loading GMSH mesh...
 MESH INFORMATIONS
 [GMSH] Quadrangles number
               120000
 [GMSH] Node number
               120704
 Latest running index while remeshing                 2604
 [Mesh] Building...

 [Mesh] Convergence (                  500 )=   1.0817200796192992E-005
 [Mesh] Convergence (                 1000 )=   1.8112629213610488E-006
 [Mesh] Convergence (                 1500 )=   2.5792603657464494E-007
 [Mesh] Convergence (                 2000 )=   3.5914706339099211E-008
 [Mesh] Convergence (                 2500 )=   4.9850516661535945E-009
 [Mesh] Convergence (                 3000 )=   6.9162929503363552E-010
 [Mesh] Convergence is reached. The show can go on.
 [Mesh) ITERATIONS=                 3490
 Vessel cells:                   51 *                   51 =                 2601
 Matter cells:                   51 *                   51 =                 2601
  -73.799999999999997       -74.200000000000003     
 Done.
 [Mesh] Calculation of normales and distances.
 NEEDLE CHECK
 North  -3.7660326630786244E-002  0.99929059827362665     
 South  -4.4254985284557589E-002 -0.99902026820153322     
 East  0.99776387854434379        6.6837434661633735E-002
 West -0.98355051411920225      -0.18063329199196024     
   1.0084235919080716E-007   1.0080401314662160E-007   6.2261963353734495E-009   6.0517118214716542E-009
 VESSEL CHECK
 North  -3.7660326630786486E-002  0.99929059827362954     
 South  -4.4254985284557596E-002 -0.99902026820153644     
 East  0.99776387854570758        6.6837434661703207E-002
 West -0.98355051411899175      -0.18063329199185602     
   1.0084235919080652E-007   1.0080401314662204E-007   6.2261963353814905E-009   6.0517118214533355E-009
 epsilon(   515.00000000000000      nm)= (  17.825399999999998     , 0.50668999999999997     )
 Re(sqrt(epsilon))=   4.2224400481392985     
 [Poisson eq.] Filling matrix
 Starting time loop.
 Time=  -1.9900000000000334E-013 Intensity=   1.5608081973338662E-015
   80.000000477192344      < Te <    80.000000478155371     
   80.000000477192344      < Th <    80.000000478357009     
   80.000000000000000      < Ts <   80.000000000000000     
   100000.00001007428      < Ne <   100000.00001008825     
   100000.00001007428      < Nh <   100000.00001008825     
 CFL_Te=   3.0172996512481956E-005 maxCFL_Ne=   2.3291356418542616E-005 maxCFL_Ts=   5.1020110945368359E-004 CPU=   724.14294574500320      NumThreads=                    8 Elapsed time=   1.1047542542542543E-002
 CFL_Limit=   1.0000000000000000E-003
 dt_init=   1.0000000000000001E-018 dt=   1.0000000000000001E-018
 Time=  -1.9800000000000668E-013 Intensity=   3.1054412247246876E-015
   80.000001427414261      < Te <    80.000001429628355     
   80.000001427414261      < Th <    80.000001430172915     
   80.000000000000000      < Ts <   80.000000000000000     
   100000.00003017709      < Ne <   100000.00003020490     
   100000.00003017709      < Nh <   100000.00003020490     
 CFL_Te=   3.0172996870869982E-005 maxCFL_Ne=   2.3291356695192078E-005 maxCFL_Ts=   5.1020110945368359E-004 CPU=   727.30596855238502      NumThreads=                    8 Elapsed time=   1.0999497248624313E-002
 CFL_Limit=   1.0000000000000000E-003
 dt_init=   1.0000000000000001E-018 dt=   1.0000000000000001E-018
 Time=  -1.9700000000001002E-013 Intensity=   6.1573230609639201E-015
   80.000003312372158      < Te <    80.000003317278882     
   80.000003312372158      < Th <    80.000003318395272     
   80.000000000000000      < Ts <   80.000000000000000     
   100000.00007009716      < Ne <   100000.00007015229     
   100000.00007009716      < Nh <   100000.00007015229     
 CFL_Te=   3.0172997581805335E-005 maxCFL_Ne=   2.3291357243982404E-005 maxCFL_Ts=   5.1020110945368359E-004 CPU=   728.44337280333343      NumThreads=                    8 Elapsed time=   1.0982322440813605E-002
 CFL_Limit=   1.0000000000000000E-003
 dt_init=   1.0000000000000001E-018 dt=   1.0000000000000001E-018
 Time=  -1.9600000000001335E-013 Intensity=   1.2166213048899516E-014
   80.000007040551225      < Te <    80.000007049946362     
   80.000007040551225      < Th <    80.000007052312739     
   80.000000000000000      < Ts <   80.000000000000000     
   100000.00014909677      < Ne <   100000.00014920571     
   100000.00014909677      < Nh <   100000.00014920571     
 CFL_Te=   3.0172998987961512E-005 maxCFL_Ne=   2.3291358329411744E-005 maxCFL_Ts=   5.1020110945368359E-004 CPU=   728.93109564185693      NumThreads=                    8 Elapsed time=   1.0974974243560890E-002
 CFL_Limit=   1.0000000000000000E-003
 dt_init=   1.0000000000000001E-018 dt=   1.0000000000000001E-018
 Time=  -1.9500000000001669E-013 Intensity=   2.3955969091122017E-014
   80.000014390740063      < Te <    80.000014409940235     
   80.000014390740063      < Th <    80.000014414657002     
   80.000000000000000      < Ts <   80.000000000000000     
   100000.00030489115      < Ne <   100000.00030510564     
   100000.00030489115      < Nh <   100000.00030510564     
 CFL_Te=   3.0173001760224979E-005 maxCFL_Ne=   2.3291360469360078E-005 maxCFL_Ts=   5.1020110945368359E-004 CPU=   729.24731400045073      NumThreads=                    8 Elapsed time=   1.0970215243048609E-002
 CFL_Limit=   1.0000000000000000E-003
 dt_init=   1.0000000000000001E-018 dt=   1.0000000000000001E-018
 Time=  -1.9400000000002002E-013 Intensity=   4.7007474681725239E-014
   80.000028833529129      < Te <    80.000028873851832     
   80.000028833529129      < Th <    80.000028879406941     
   80.000000000000000      < Ts <   80.000000000000000     
   100000.00061106883      < Ne <   100000.00061148973     
   100000.00061106883      < Nh <   100000.00061148973     
 CFL_Te=   3.0173007207498050E-005 maxCFL_Ne=   2.3291364674261902E-005 maxCFL_Ts=   5.1020110945368359E-004 CPU=   729.44013357059293      NumThreads=                    8 Elapsed time=   1.0967315385897649E-002
 CFL_Limit=   1.0000000000000000E-003
 dt_init=   1.0000000000000001E-018 dt=   1.0000000000000001E-018
 Time=  -1.9300000000002336E-013 Intensity=   9.1921043856280728E-014
   80.000057116609241      < Te <    80.000057191381146     
   80.000057116609241      < Th <    80.000057203693530     
   80.000000000000000      < Ts <   80.000000000000000     
   100000.00121070982      < Ne <   100000.00121153287     
   100000.00121070982      < Nh <   100000.00121153287     
 CFL_Te=   3.0173017875009948E-005 maxCFL_Ne=   2.3291372908653099E-005 maxCFL_Ts=   5.1020110945368359E-004 CPU=   729.50454365817995      NumThreads=                    8 Elapsed time=   1.0966347049578511E-002
 CFL_Limit=   1.0000000000000000E-003
 dt_init=   1.0000000000000001E-018 dt=   1.0000000000000001E-018
 Time=  -1.9200000000002670E-013 Intensity=   1.7912566855350728E-013
   80.000112313108744      < Te <    80.000112458245198     
   80.000112313108744      < Th <    80.000112488380680     
   80.000000000000000      < Ts <   80.000000000000000     
   100000.00238102887      < Ne <   100000.00238263275     
   100000.00238102887      < Nh <   100000.00238263275     
 CFL_Te=   3.0173038693040743E-005 maxCFL_Ne=   2.3291388978669788E-005 maxCFL_Ts=   5.1020110945368359E-004 CPU=   729.54055544129722      NumThreads=                    8 Elapsed time=   1.0965805725715714E-002
 CFL_Limit=   1.0000000000000000E-003
 dt_init=   1.0000000000000001E-018 dt=   1.0000000000000001E-018
 Time=  -1.9100000000003003E-013 Intensity=   3.4785283813530712E-013
   80.000219662256029      < Te <    80.000219953170472     
   80.000219662256029      < Th <    80.000219996138114     
   80.000000000000000      < Ts <   80.000000000000000     
   100000.00465723996      < Ne <   100000.00466035461     
   100000.00465723996      < Nh <   100000.00466035461     
 CFL_Te=   3.0173079182119985E-005 maxCFL_Ne=   2.3291420232510239E-005 maxCFL_Ts=   5.1020110945368359E-004 CPU=   729.59864402806966      NumThreads=                    8 Elapsed time=   1.0964932659184353E-002
 CFL_Limit=   1.0000000000000000E-003
 dt_init=   1.0000000000000001E-018 dt=   1.0000000000000001E-018
 Time=  -1.9000000000003337E-013 Intensity=   6.7317523082182542E-013
   80.000427720236658      < Te <    80.000428299605119     
   80.000427720236658      < Th <    80.000428389660527     
   80.000000000000000      < Ts <   80.000000000000000     
   100000.00906904222      < Ne <   100000.00907506979     
   100000.00906904222      < Nh <   100000.00907506979     
 CFL_Te=   3.0173157653701418E-005 maxCFL_Ne=   2.3291480806917156E-005 maxCFL_Ts=   5.1020110945368359E-004 CPU=   729.67559693136707      NumThreads=                    8 Elapsed time=   1.0963776277627763E-002
 CFL_Limit=   1.0000000000000000E-003
 dt_init=   1.0000000000000001E-018 dt=   1.0000000000000001E-018
 Time=  -1.8900000000003671E-013 Intensity=   1.2982417001071079E-012
   80.000829573122843      < Te <    80.000830652925501     
   80.000829573122843      < Th <    80.000830847189363     
   80.000000000000000      < Ts <   80.000000000000000     
   100000.01759051721      < Ne <   100000.01760214157     
   100000.01759051721      < Nh <   100000.01760214157     
 CFL_Te=   3.0173309219813401E-005 maxCFL_Ne=   2.3291597803151458E-005 maxCFL_Ts=   5.1020110945368359E-004 CPU=   729.67617344254700      NumThreads=                    8 Elapsed time=   1.0963767615237749E-002
 CFL_Limit=   1.0000000000000000E-003
 dt_init=   1.0000000000000001E-018 dt=   1.0000000000000001E-018
 Time=  -1.8800000000004004E-013 Intensity=   2.4950418329827070E-012
   80.001603047293969      < Te <    80.001604983789647     
   80.001603047293969      < Th <    80.001605555739928     
   80.000000000000000      < Ts <   80.000000000000000     
   100000.03399297041      < Ne <   100000.03401531083     
   100000.03399297041      < Nh <   100000.03401531083     
 CFL_Te=   3.0173600945019039E-005 maxCFL_Ne=   2.3291822993932617E-005 maxCFL_Ts=   5.1020110945368359E-004 CPU=   729.71514366149063      NumThreads=                    8 Elapsed time=   1.0963182098508209E-002
 CFL_Limit=   1.0000000000000000E-003
 dt_init=   1.0000000000000001E-018 dt=   1.0000000000000001E-018
 Time=  -1.8700000000004338E-013 Intensity=   4.7785370591305342E-012
   80.003086658295800      < Te <    80.003090612285845     
   80.003086658295800      < Th <    80.003091378977174     
   80.000000000000000      < Ts <   80.000000000000000     
   100000.06545582501      < Ne <   100000.06549861169     
   100000.06545582501      < Nh <   100000.06549861169     
 CFL_Te=   3.0174160507193300E-005 maxCFL_Ne=   2.3292254935337916E-005 maxCFL_Ts=   5.1020110945368359E-004 CPU=   729.70395106846354      NumThreads=                    8 Elapsed time=   1.0963350257712131E-002
 CFL_Limit=   1.0000000000000000E-003
 dt_init=   1.0000000000000001E-018 dt=   1.0000000000000001E-018
 Time=  -1.8600000000004672E-013 Intensity=   9.1202540354820250E-012
   80.005922548784412      < Te <    80.005930457101186     
   80.005922548784412      < Th <    80.005932260440474     
   80.000000000000000      < Ts <   80.000000000000000     
   100000.12559849530      < Ne <   100000.12568015739     
   100000.12559849530      < Nh <   100000.12568015739     
 CFL_Te=   3.0175230114592459E-005 maxCFL_Ne=   2.3293080582034669E-005 maxCFL_Ts=   5.1020110945368359E-004 CPU=   729.66885613799775      NumThreads=                    8 Elapsed time=   1.0963877562683050E-002
 CFL_Limit=   1.0000000000000000E-003
 dt_init=   1.0000000000000001E-018 dt=   1.0000000000000001E-018
 Time=  -1.8500000000005005E-013 Intensity=   1.7346575960485076E-011
   80.011324538537721      < Te <    80.011340630492299     
   80.011324538537721      < Th <    80.011342494427680     
   80.000000000000000      < Ts <   80.000000000000000     
   100000.24016629423      < Ne <   100000.24032161421     
   100000.24016629423      < Nh <   100000.24032161421     
 CFL_Te=   3.0177267584189245E-005 maxCFL_Ne=   2.3294653327884208E-005 maxCFL_Ts=   5.1020110945368359E-004 CPU=   729.67882450001366      NumThreads=                    8 Elapsed time=   1.0963727781852124E-002
 CFL_Limit=   1.0000000000000000E-003
 dt_init=   1.0000000000000001E-018 dt=   1.0000000000000001E-018
 Time=  -1.8400000000005339E-013 Intensity=   3.2878760687561038E-011
   80.021578992977467      < Te <    80.021609030540006     
   80.021578992977467      < Th <    80.021610756513340     
   80.000000000000000      < Ts <   80.000000000000000     
   100000.45765550045      < Ne <   100000.45794989449     
   100000.45765550045      < Nh <   100000.45794989449     
 CFL_Te=   3.0181135175618137E-005 maxCFL_Ne=   2.3297638829781820E-005 maxCFL_Ts=   5.1020110945368359E-004 CPU=   729.63949406006680      NumThreads=                    8 Elapsed time=   1.0964318769923121E-002
 CFL_Limit=   1.0000000000000000E-003
 dt_init=   1.0000000000000001E-018 dt=   1.0000000000000001E-018
 Time=  -1.8300000000005673E-013 Intensity=   6.2102912198057113E-011
   80.040977362502034      < Te <    80.041032105529013     
   80.040977362502034      < Th <    80.041039918381927     
   80.000000000000000      < Ts <   80.000000000000000     
   100000.86909702668      < Ne <   100000.86965309166     
   100000.86909702668      < Nh <   100000.86965309166     
 CFL_Te=   3.0188451508837110E-005 maxCFL_Ne=   2.3303286508979824E-005 maxCFL_Ts=   5.1020110945368359E-004 CPU=   729.59285588718615      NumThreads=                    8 Elapsed time=   1.0965019648214601E-002
 CFL_Limit=   1.0000000000000000E-003
 dt_init=   1.0000000000000001E-018 dt=   1.0000000000000001E-018
 Time=  -1.8200000000006006E-013 Intensity=   1.1689699388427008E-010
   80.077546153964363      < Te <    80.077643816166855     
   80.077546153964363      < Th <    80.077662265364552     
   80.000000000000000      < Ts <   80.000000000000000     
   100001.64476134343      < Ne <   100001.64580803066     
   100001.64476134343      < Nh <   100001.64580803066     
 CFL_Te=   3.0202244125312132E-005 maxCFL_Ne=   2.3313933218363126E-005 maxCFL_Ts=   5.1020110945368359E-004 CPU=   729.55456172543722      NumThreads=                    8 Elapsed time=   1.0965595199733320E-002
 CFL_Limit=   1.0000000000000000E-003
 dt_init=   1.0000000000000001E-018 dt=   1.0000000000000001E-018
 Time=  -1.8100000000006340E-013 Intensity=   2.1927522735647163E-010
   80.146244545999835      < Te <    80.146423962156689     
   80.146244545999835      < Th <    80.146471018364991     
   80.000000000000000      < Ts <   80.000000000000000     
   100003.10201374321      < Ne <   100003.10397711775     
   100003.10201374321      < Nh <   100003.10397711775     
 CFL_Te=   3.0228155125692954E-005 maxCFL_Ne=   2.3333934202422311E-005 maxCFL_Ts=   5.1020110945368359E-004 CPU=   729.52089390135382      NumThreads=                    8 Elapsed time=   1.0966101268487814E-002
 CFL_Limit=   1.0000000000000000E-003
 dt_init=   1.0000000000000001E-018 dt=   1.0000000000000001E-018
 Time=  -1.8000000000006673E-013 Intensity=   4.0989313713879761E-010
   80.274852899429192      < Te <    80.275213360025077     
   80.274852899429192      < Th <    80.275297443388268     
   80.000000000000000      < Ts <   80.000000000000000     
   100005.83030682562      < Ne <   100005.83397697915     
   100005.83030682562      < Nh <   100005.83397697915     
 CFL_Te=   3.0276661315614597E-005 maxCFL_Ne=   2.3371377489675532E-005 maxCFL_Ts=   5.1020110945368359E-004 CPU=   729.46422696342563      NumThreads=                    8 Elapsed time=   1.0966953147657383E-002
 CFL_Limit=   1.0000000000000000E-003
 dt_init=   1.0000000000000001E-018 dt=   1.0000000000000001E-018
 Time=  -1.7900000000007007E-013 Intensity=   7.6356598600097579E-010
   80.514775482500667      < Te <    80.515451391322230     
   80.514775482500667      < Th <    80.515613517916563     
   80.000000000000000      < Ts <   80.000000000000000     
   100010.92059700783      < Ne <   100010.92743392248     
   100010.92059700783      < Nh <   100010.92743392248     
 CFL_Te=   3.0367151058137874E-005 maxCFL_Ne=   2.3441229019198552E-005 maxCFL_Ts=   5.1020110945368359E-004 CPU=   729.41203043291853      NumThreads=                    8 Elapsed time=   1.0967737939901901E-002
 CFL_Limit=   1.0000000000000000E-003
 dt_init=   1.0000000000000001E-018 dt=   1.0000000000000001E-018
 Time=  -1.7800000000007341E-013 Intensity=   1.4174813416816798E-009
   80.960779689844912      < Te <    80.962098170603625     
   80.960779689844912      < Th <    80.962257061947668     
   80.000000000000000      < Ts <   80.000000000000000     
   100020.38491527138      < Ne <   100020.39760729687     
   100020.38491527138      < Nh <   100020.39760729687     
 CFL_Te=   3.0535367055867273E-005 maxCFL_Ne=   2.3571079555391817E-005 maxCFL_Ts=   5.1020110945368359E-004 CPU=   729.36620893748375      NumThreads=                    8 Elapsed time=   1.0968426973953361E-002
 CFL_Limit=   1.0000000000000000E-003
 dt_init=   1.0000000000000001E-018 dt=   1.0000000000000001E-018
 Time=  -1.7700000000007674E-013 Intensity=   2.6223036413214384E-009
   81.786908727878796      < Te <    81.789347027317433     
   81.786908727878796      < Th <    81.789548631101766     
   80.000000000000000      < Ts <   80.000000000000000     
   100037.92095044946      < Ne <   100037.94443036673     
   100037.92095044946      < Nh <   100037.94443036673     
 CFL_Te=   3.0846955933039516E-005 maxCFL_Ne=   2.3811600377364068E-005 maxCFL_Ts=   5.1020110945368359E-004 CPU=   729.27464727692620      NumThreads=                    8 Elapsed time=   1.0969804078438193E-002
 CFL_Limit=   1.0000000000000000E-003
 dt_init=   1.0000000000000001E-018 dt=   1.0000000000000001E-018
 Time=  -1.7600000000008008E-013 Intensity=   4.8344097271306617E-009
   83.311496839812222      < Te <    83.316011697117489     
   83.311496839812222      < Th <    83.316647680621983     
   80.000000000000000      < Ts <   80.000000000000000     
   100070.30034743261      < Ne <   100070.34363438787     
   100070.30034743261      < Nh <   100070.34363438787     
 CFL_Te=   3.1421973031155930E-005 maxCFL_Ne=   2.4255471938547843E-005 maxCFL_Ts=   5.1020110945368359E-004 CPU=   729.21225026596937      NumThreads=                    8 Elapsed time=   1.0970742739280804E-002
 CFL_Limit=   1.0000000000000000E-003
 dt_init=   1.0000000000000001E-018 dt=   1.0000000000000001E-018
 Time=  -1.7500000000008342E-013 Intensity=   8.8817548566826219E-009
   86.114154251527864      < Te <    86.121597371370669     
   86.114154251527864      < Th <    86.123970391090324     
   80.000000000000000      < Ts <   80.000000000000000     
   100129.88046851470      < Ne <   100129.95999510572     
   100129.88046851470      < Nh <   100129.95999510572     
 CFL_Te=   3.2479053939471886E-005 maxCFL_Ne=   2.5071443092372395E-005 maxCFL_Ts=   5.1020110945368359E-004 CPU=   729.18083384974170      NumThreads=                    8 Elapsed time=   1.0971215408616343E-002
 CFL_Limit=   1.0000000000000000E-003
 dt_init=   1.0000000000000001E-018 dt=   1.0000000000000001E-018
 Time=  -1.7400000000008675E-013 Intensity=   1.6261064004507730E-008
   91.244536539257197      < Te <    91.258654812466176     
   91.244536539257197      < Th <    91.262639674248362     
   80.000000000000000      < Ts <   80.000000000000000     
   100239.13244014983      < Ne <   100239.27804054158     
   100239.13244014983      < Nh <   100239.27804054158     
 CFL_Te=   3.4414080301041403E-005 maxCFL_Ne=   2.6565118762179152E-005 maxCFL_Ts=   5.1020110945368359E-004 CPU=   729.10020820397438      NumThreads=                    8 Elapsed time=   1.0972428631870456E-002
 CFL_Limit=   1.0000000000000000E-003
 dt_init=   1.0000000000000001E-018 dt=   1.0000000000000001E-018
 Time=  -1.7300000000009009E-013 Intensity=   2.9668390479681111E-008
   100.59039631092435      < Te <    100.61584750831051     
   100.59039631092435      < Th <    100.62356962070818     
   80.000000000000000      < Ts <   80.000000000000000     
   100438.77469297295      < Ne <   100439.04034159688     
   100438.77469297295      < Nh <   100439.04034159688     
 CFL_Te=   3.7939074041555660E-005 maxCFL_Ne=   2.9286423823007082E-005 maxCFL_Ts=   5.1020110945368359E-004 CPU=   729.04015298205138      NumThreads=                    8 Elapsed time=   1.0973332493796067E-002
 CFL_Limit=   1.0000000000000000E-003
 dt_init=   1.0000000000000001E-018 dt=   1.0000000000000001E-018
 Time=  -1.7200000000009343E-013 Intensity=   5.3942846938300164E-008
   117.51384716589304      < Te <    117.56336694966437     
   117.51384716589304      < Th <    117.58278513452078     
   80.000000000000000      < Ts <   80.000000000000000     
   100802.33035897999      < Ne <   100802.81335933249     
   100802.33035897999      < Nh <   100802.81335933249     
 CFL_Te=   4.4322090652653217E-005 maxCFL_Ne=   3.4213852221164920E-005 maxCFL_Ts=   5.1020110945368359E-004 CPU=   728.95854672133134      NumThreads=                    8 Elapsed time=   1.0974560948605307E-002
 CFL_Limit=   1.0000000000000000E-003
 dt_init=   1.0000000000000001E-018 dt=   1.0000000000000001E-018
 Time=  -1.7100000000009676E-013 Intensity=   9.7739157377142928E-008
   147.91469049726021      < Te <    148.01729648250182     
   147.91469049726021      < Th <    148.05454458849354     
   80.000000000000000      < Ts <   80.000000000000000     
   101462.08833628001      < Ne <   101462.96348563059     
   101462.08833628001      < Nh <   101462.96348563059     
 CFL_Te=   5.5788362897307218E-005 maxCFL_Ne=   4.3066149981511352E-005 maxCFL_Ts=   5.1020110945368359E-004 CPU=   728.86072278451661      NumThreads=                    8 Elapsed time=   1.0976033897720611E-002
 CFL_Limit=   1.0000000000000000E-003
 dt_init=   1.0000000000000001E-018 dt=   1.0000000000000001E-018
 Time=  -1.7000000000010010E-013 Intensity=   1.7648108606485697E-007
   201.89944842506964      < Te <    202.09605209746363     
   201.89944842506964      < Th <    202.18228659057442     
   80.000000000000000      < Ts <   80.000000000000000     
   102655.23452902456      < Ne <   102656.81472791315     
   102655.23452902456      < Nh <   102656.81472791315     
 CFL_Te=   7.6149920635309001E-005 maxCFL_Ne=   5.8786660839050463E-005 maxCFL_Ts=   5.1020110945368359E-004 CPU=   728.76940008575832      NumThreads=                    8 Elapsed time=   1.0977409313643788E-002
 CFL_Limit=   1.0000000000000000E-003
 dt_init=   1.0000000000000001E-018 dt=   1.0000000000000001E-018
 Time=  -1.6900000000010343E-013 Intensity=   3.1755766135123548E-007
   296.08517307479542      < Te <    296.51457885801625     
   296.08517307479542      < Th <    296.69253923199847     
   80.000000000000000      < Ts <   80.000000000000000     
   104805.52904171725      < Ne <   104808.37243006397     
   104805.52904171725      < Nh <   104808.37243006397     
 CFL_Te=   1.1167306128379075E-004 maxCFL_Ne=   8.6215503113932094E-005 maxCFL_Ts=   5.1020110945368359E-004 CPU=   728.70504216833297      NumThreads=                    8 Elapsed time=   1.0978378818671570E-002
 CFL_Limit=   1.0000000000000000E-003
 dt_init=   1.0000000000000001E-018 dt=   1.0000000000000001E-018
 Time=  -1.6800000000010677E-013 Intensity=   5.6943200375045409E-007
   455.87956315522638      < Te <    456.84438482824743     
   455.87956315522638      < Th <    457.30988800167381     
   80.000000000000000      < Ts <   80.000000000000000     
   108667.39780146530      < Ne <   108672.49645446842     
   108667.39780146530      < Nh <   108672.49645446842     
 CFL_Te=   1.7194631048246886E-004 maxCFL_Ne=   1.3276010792242723E-004 maxCFL_Ts=   5.1020110945368359E-004 CPU=   728.62496706177785      NumThreads=                    8 Elapsed time=   1.0979585330791589E-002
 CFL_Limit=   1.0000000000000000E-003
 dt_init=   1.0000000000000001E-018 dt=   1.0000000000000001E-018
 Time=  -1.6700000000011011E-013 Intensity=   1.0175505639765076E-006
   715.21605091348454      < Te <    717.57530823090565     
   715.21605091348465      < Th <    719.01610662087739     
   80.000000000000000      < Ts <   80.000000000000000     
   115579.21673096764      < Ne <   115588.32780516909     
   115579.21673096764      < Nh <   115588.32780516909     
 CFL_Te=   2.6975633523930887E-004 maxCFL_Ne=   2.0828091044535282E-004 maxCFL_Ts=   5.1020110945368359E-004 CPU=   728.54047629307820      NumThreads=                    8 Elapsed time=   1.0980858662383708E-002
 CFL_Limit=   1.0000000000000000E-003
 dt_init=   1.0000000000000001E-018 dt=   1.0000000000000001E-018
 Time=  -1.6600000000011344E-013 Intensity=   1.8120283017422144E-006
   1108.1977868702265      < Te <    1115.0075271186561     
   1108.1977868702265      < Th <    1116.5781594228008     
   80.000000000000000      < Ts <   80.000000000000000     
   127906.92848748119      < Ne <   127923.15325792257     
   127906.92848748119      < Nh <   127923.15325792257     
 CFL_Te=   4.1797283387311673E-004 maxCFL_Ne=   3.2287365194459970E-004 maxCFL_Ts=   5.1020110945368359E-004 CPU=   728.44372526365339      NumThreads=                    8 Elapsed time=   1.0982317126974324E-002
 CFL_Limit=   1.0000000000000000E-003
 dt_init=   1.0000000000000001E-018 dt=   1.0000000000000001E-018
 Time=  -1.6500000000011678E-013 Intensity=   3.2156502290740630E-006
   1647.0852286035954      < Te <    1661.0389964615601     
   1647.0852286035954      < Th <    1664.2232803503500     
   80.000000000000000      < Ts <   80.000000000000000     
   149818.21450097521      < Ne <   149847.00720122113     
   149818.21450097521      < Nh <   149847.00720122113     
 CFL_Te=   6.2124089629558561E-004 maxCFL_Ne=   4.8004181484159731E-004 maxCFL_Ts=   5.1020110945368359E-004 CPU=   728.36746647514906      NumThreads=                    8 Elapsed time=   1.0983466956198749E-002
 CFL_Limit=   1.0000000000000000E-003
 dt_init=   1.0000000000000001E-018 dt=   1.0000000000000001E-018
 Time=  -1.6400000000012012E-013 Intensity=   5.6867937975120608E-006
   2294.3745581941444      < Te <    2322.4278196272535     
   2294.3745581941444      < Th <    2334.2240095368861     
   80.000000000000000      < Ts <   80.000000000000000     
   188628.65260999257      < Ne <   188679.57178499020     
   188628.65260999257      < Nh <   188679.57178499020     
 CFL_Te=   8.6536248889564668E-004 maxCFL_Ne=   6.6843966834285453E-004 maxCFL_Ts=   5.1020110945368359E-004 CPU=   728.27286311984938      NumThreads=                    8 Elapsed time=   1.0984893719269981E-002
 CFL_Limit=   1.0000000000000000E-003
 dt_init=   1.0000000000000001E-018 dt=   1.0000000000000001E-018
 Time=  -1.6300000000012345E-013 Intensity=   1.0022152535589665E-005
   2960.1233031556521      < Te <    3011.5565705348154     
   2960.1233030960243      < Th <    3029.2225411111754     
   80.000000000000000      < Ts <   80.000000000000000     
   257134.00754132075      < Ne <   257223.74575311580     
   257134.00754132075      < Nh <   257223.74575311437     
 CFL_Te=   1.1165785742069706E-003 maxCFL_Ne=   8.6318514590395790E-004 maxCFL_Ts=   5.1020110945368359E-004 CPU=   728.15279258743647      NumThreads=                    8 Elapsed time=   1.0986705100137842E-002
 CFL_Limit=   1.0000000000000000E-003
 dt_init=   1.0000000000000001E-018 dt=   1.0000000000000001E-018
 Time=  -1.6200000000012679E-013 Intensity=   1.7601488071436876E-005
   3545.0847960846741      < Te <    3625.8850808759189     
   3545.0847957808855      < Th <    3646.2947747987369     
   80.000000000000000      < Ts <   80.000000000000000     
   377636.43954808038      < Ne <   377794.04577703978     
   377636.43954808038      < Nh <   377794.04577702744     
 CFL_Te=   1.3371183917664281E-003 maxCFL_Ne=   1.0336258671314069E-003 maxCFL_Ts=   5.1020110945368359E-004 CPU=   728.03157211155690      NumThreads=                    8 Elapsed time=   1.0988534435116713E-002
 CFL_Limit=   1.0000000000000000E-003
 dt_init=   1.0000000000000001E-018 dt=   1.0000000000000001E-018
 Time=  -1.6100000000013013E-013 Intensity=   3.0805808613878608E-005
   3992.8061216086940      < Te <    4094.7592870310946     
   3992.8061210732312      < Th <    4144.4949734801785     
   80.000000000000000      < Ts <   80.000000000000000     
   588869.74948411307      < Ne <   589145.59721809870     
   588869.74948411307      < Nh <   589145.59721787972     
 CFL_Te=   1.5059610067458449E-003 maxCFL_Ne=   1.1641969801228086E-003 maxCFL_Ts=   5.1020110945368359E-004 CPU=   727.87313280852197      NumThreads=                    8 Elapsed time=   1.0990926357086079E-002
 CFL_Limit=   1.0000000000000000E-003
 dt_init=   1.0000000000000001E-018 dt=   1.0000000000000001E-018
 Time=  -1.6000000000013346E-013 Intensity=   5.3729239106903670E-005
   4301.0901197548483      < Te <    4420.4898549268646     
   4301.0901191219727      < Th <    4482.5136084505439     
   80.000000000000000      < Ts <   80.000000000000000     
   957867.96813317935      < Ne <   958349.09771072108     
   957867.96813317935      < Nh <   958349.09770956275     
 CFL_Te=   1.6222289802102243E-003 maxCFL_Ne=   1.2554181510077197E-003 maxCFL_Ts=   5.1020110945368359E-004 CPU=   727.72453311290121      NumThreads=                    8 Elapsed time=   1.0993170679266983E-002
 CFL_Limit=   1.0000000000000000E-003
 dt_init=   1.0000000000000001E-018 dt=   1.0000000000000001E-018
 Time=  -1.5900000000013680E-013 Intensity=   9.3386396508871733E-005
   4498.3782813992420      < Te <    4655.2119171278800     
   4498.4512356218020      < Th <    4724.5435375894476     
   80.000000000000000      < Ts <   80.000000000000000     
   1600232.2641484782      < Ne <   1601068.5485499308     
   1600232.2641484782      < Nh <   1601068.5485466574     
 CFL_Te=   1.6966836661031254E-003 maxCFL_Ne=   1.3128748791422422E-003 maxCFL_Ts=   5.1020110945368359E-004 CPU=   727.59954682486477      NumThreads=                    8 Elapsed time=   1.0995059074611575E-002
 CFL_Limit=   1.0000000000000000E-003
 dt_init=   1.0000000000000001E-018 dt=   1.0000000000000001E-018
 Time=  -1.5800000000014014E-013 Intensity=   1.6175264648251087E-004
   4619.0186958911290      < Te <    4801.2237007231834     
   4619.1071692573241      < Th <    4875.4965890609146     
   80.000000000000000      < Ts <   80.000000000000000     
   2714613.4648008035      < Ne <   2716062.0620932649     
   2714613.4648008035      < Nh <   2716062.0620884118     
 CFL_Te=   1.7422277614270909E-003 maxCFL_Ne=   1.3466105481554171E-003 maxCFL_Ts=   5.1020110945368359E-004 CPU=   727.46604731734999      NumThreads=                    8 Elapsed time=   1.0997076811352651E-002
 CFL_Limit=   1.0000000000000000E-003
 dt_init=   1.0000000000000001E-018 dt=   1.0000000000000001E-018
 Time=  -1.5700000000014347E-013 Intensity=   2.7919910540149856E-004
   4690.8024648121363      < Te <    4871.9235313566205     
   4690.9064153160680      < Th <    4946.6930896153153     
   80.000000000000000      < Ts <   80.000000000000000     
   4641168.5173142357      < Ne <   4643669.0198973780     
   4641168.5173142357      < Nh <   4643669.0198838692     
 CFL_Te=   1.7693493135338861E-003 maxCFL_Ne=   1.3668207157373157E-003 maxCFL_Ts=   5.1020110945368359E-004 CPU=   727.32745032542982      NumThreads=                    8 Elapsed time=   1.0999172376101769E-002
 CFL_Limit=   1.0000000000000000E-003
 dt_init=   1.0000000000000001E-018 dt=   1.0000000000000001E-018
 Time=  -1.5600000000014681E-013 Intensity=   4.8025456292409118E-004
   4732.9157071785357      < Te <    4902.0612089824799     
   4732.9835718224376      < Th <    4972.7245827579545     
   80.000000000000000      < Ts <   80.000000000000000     
   7960299.1013220949      < Ne <   7964600.3255844563     
   7960299.1013220949      < Nh <   7964600.3255345784     
 CFL_Te=   1.7852484545600488E-003 maxCFL_Ne=   1.3792136126612930E-003 maxCFL_Ts=   5.1020110945368359E-004 CPU=   727.19691076425875      NumThreads=                    8 Elapsed time=   1.1001146844246461E-002
 CFL_Limit=   1.0000000000000000E-003
 dt_init=   1.0000000000000001E-018 dt=   1.0000000000000001E-018
 Time=  -1.5500000000015014E-013 Intensity=   8.2323500183163778E-004
   4757.3783219068528      < Te <    4929.3315125503095     
   4757.4102089112948      < Th <    5010.8026289919435     
   80.000000000000000      < Ts <   80.000000000000000     
   13658825.005917948      < Ne <   13666198.113355855     
   13658825.005917948      < Nh <   13666198.113231380     
 CFL_Te=   1.7944871739098253E-003 maxCFL_Ne=   1.3874005738309346E-003 maxCFL_Ts=   5.1020110945368359E-004 CPU=   727.07730070875755      NumThreads=                    8 Elapsed time=   1.1002956621258251E-002
 CFL_Limit=   1.0000000000000000E-003
 dt_init=   1.0000000000000001E-018 dt=   1.0000000000000001E-018
 Time=  -1.5400000000015348E-013 Intensity=   1.4062774236661619E-003
   4771.5196994575454      < Te <    4944.2123786629973     
   4771.5274925257427      < Th <    5012.9095919038573     
   80.000000000000000      < Ts <   80.000000000000000     
   23408631.346135695      < Ne <   23421226.509392779     
   23408631.346135695      < Nh <   23421226.509150945     
 CFL_Te=   1.8002970606374076E-003 maxCFL_Ne=   1.3910654398079244E-003 maxCFL_Ts=   5.1020110945368359E-004 CPU=   726.95762021109067      NumThreads=                    8 Elapsed time=   1.1004768060175221E-002
 CFL_Limit=   1.0000000000000000E-003
 dt_init=   1.0000000000000001E-018 dt=   1.0000000000000001E-018
 Time=  -1.5300000000015682E-013 Intensity=   2.3939387363958401E-003
   4779.6387850602341      < Te <    4949.1915532574685     
   4779.6342075516259      < Th <    5026.2372059951640     
   80.000000000000000      < Ts <   80.000000000000000     
   40032217.877309702      < Ne <   40053658.999301754     
   40032217.877309702      < Nh <   40053658.998835735     
 CFL_Te=   1.8029898616840031E-003 maxCFL_Ne=   1.3942266225985421E-003 maxCFL_Ts=   5.1020110945368359E-004 CPU=   726.84562678814234      NumThreads=                    8 Elapsed time=   1.1006463690716823E-002
 CFL_Limit=   1.0000000000000000E-003
 dt_init=   1.0000000000000001E-018 dt=   1.0000000000000001E-018
 Time=  -1.5200000000016015E-013 Intensity=   4.0611582196023030E-003
   4784.2821363148814      < Te <    4943.1848676031332     
   4784.2744073577342      < Th <    5063.8937338469004     
   80.000000000000000      < Ts <   80.000000000000000     
   68277683.910450026      < Ne <   68314057.220037058     
   68277683.910450026      < Nh <   68314057.219105124     
 CFL_Te=   1.8046745353482658E-003 maxCFL_Ne=   1.3950502575072984E-003 maxCFL_Ts=   5.1020110945368359E-004 CPU=   726.74380917674955      NumThreads=                    8 Elapsed time=   1.1008005708452260E-002
 CFL_Limit=   1.0000000000000000E-003
 dt_init=   1.0000000000000001E-018 dt=   1.0000000000000001E-018
 Time=  -1.5100000000016349E-013 Intensity=   6.8656496377184186E-003
   4786.8767687935770      < Te <    4970.9085588784046     
   4786.8330832476067      < Th <    5090.5126206606974     
   80.000000000000000      < Ts <   80.000000000000000     
   116104122.15020396      < Ne <   116165614.16213673     
   116104122.15020396      < Nh <   116165614.16063212     
 CFL_Te=   1.8057695507824271E-003 maxCFL_Ne=   1.3958215072832389E-003 maxCFL_Ts=   5.1020110945368359E-004 CPU=   726.64187600694777      NumThreads=                    8 Elapsed time=   1.1009549909181821E-002
 CFL_Limit=   1.0000000000000000E-003
 dt_init=   1.0000000000000001E-018 dt=   1.0000000000000001E-018
 Time=  -1.5000000000016683E-013 Intensity=   1.1566666520934519E-002
   4788.2961998128922      < Te <    4969.3067847433158     
   4788.2362877510341      < Th <    5096.4844438698401     
   80.000000000000000      < Ts <   80.000000000000000     
   196805808.83454195      < Ne <   196909407.04771340     
   196805808.83454195      < Nh <   196909407.04532585     
 CFL_Te=   1.8062114414950565E-003 maxCFL_Ne=   1.3956984049953113E-003 maxCFL_Ts=   5.1020110945368359E-004 CPU=   726.54334110881632      NumThreads=                    8 Elapsed time=   1.1011043040860818E-002
 CFL_Limit=   1.0000000000000000E-003
 dt_init=   1.0000000000000001E-018 dt=   1.0000000000000001E-018
 Time=  -1.4900000000017016E-013 Intensity=   1.9419124322407912E-002
   4789.0221161212721      < Te <    4959.4781315367254     
   4788.9447284861881      < Th <    5088.2594259661691     
   80.000000000000000      < Ts <   80.000000000000000     
   332509750.66761112      < Ne <   332683680.26521432     
   332509750.66761112      < Nh <   332683680.26048464     
 CFL_Te=   1.8066714685476312E-003 maxCFL_Ne=   1.3983305413942295E-003 maxCFL_Ts=   5.1020110945368359E-004 CPU=   726.45349051445658      NumThreads=                    8 Elapsed time=   1.1012404929508422E-002
 CFL_Limit=   1.0000000000000000E-003
 dt_init=   1.0000000000000001E-018 dt=   1.0000000000000001E-018
 Time=  -1.4800000000017350E-013 Intensity=   3.2489716342295395E-002
   4789.3557476147580      < Te <    4963.0444080288662     
   4789.2534804872221      < Th <    5089.4343492450953     
   80.000000000000000      < Ts <   80.000000000000000     
   559913485.38854301      < Ne <   560204484.58361852     
   559913485.38854301      < Nh <   560204484.57462919     
 CFL_Te=   1.8066299745986075E-003 maxCFL_Ne=   1.3964638987402232E-003 maxCFL_Ts=   5.1020110945368359E-004 CPU=   726.35115406313719      NumThreads=                    8 Elapsed time=   1.1013956479932308E-002
 CFL_Limit=   1.0000000000000000E-003
 dt_init=   1.0000000000000001E-018 dt=   1.0000000000000001E-018
 Time=  -1.4700000000017684E-013 Intensity=   5.4169776937058010E-002
   4789.4169322023172      < Te <    4957.3090124047458     
   4789.3519835431807      < Th <    5064.6738603015328     
   80.000000000000000      < Ts <   80.000000000000000     
   939663677.22109902      < Ne <   940148856.17402911     
   939663677.22109902      < Nh <   940148856.15683639     
 CFL_Te=   1.8066124271253058E-003 maxCFL_Ne=   1.3966444364962014E-003 maxCFL_Ts=   5.1020110945368359E-004 CPU=   726.25614009123160      NumThreads=                    8 Elapsed time=   1.1015397403724597E-002
 CFL_Limit=   1.0000000000000000E-003
 dt_init=   1.0000000000000001E-018 dt=   1.0000000000000001E-018
 Time=  -1.4600000000018017E-013 Intensity=   9.0004251555476325E-002
   4789.3480658608814      < Te <    4958.6949580172304     
   4789.3163979450246      < Th <    5070.2040522442830     
   80.000000000000000      < Ts <   80.000000000000000     
   1571629642.5968106      < Ne <   1572435779.3218856     
   1571629642.5968106      < Nh <   1572435779.3004901     
 CFL_Te=   1.8072788489400604E-003 maxCFL_Ne=   1.3964036321927713E-003 maxCFL_Ts=   5.1020110945368359E-004 CPU=   726.17018735453735      NumThreads=                    8 Elapsed time=   1.1016701235208060E-002
 CFL_Limit=   1.0000000000000000E-003
 dt_init=   1.0000000000000001E-018 dt=   1.0000000000000001E-018
 Time=  -1.4500000000018351E-013 Intensity=  0.14902662029678132     
   4789.2225818651323      < Te <    4959.1964680138608     
   4789.1852726734742      < Th <    5079.7891223163761     
   80.000000000000000      < Ts <   80.000000000000000     
   2619686049.0848351      < Ne <   2621020841.9372582     
   2619686049.0848351      < Nh <   2621020841.9012299     
 CFL_Te=   1.8066051605669185E-003 maxCFL_Ne=   1.3957012880188044E-003 maxCFL_Ts=   5.1020110945368359E-004 CPU=   726.09026238040769      NumThreads=                    8 Elapsed time=   1.1017913907525592E-002
 CFL_Limit=   1.0000000000000000E-003
 dt_init=   1.0000000000000001E-018 dt=   1.0000000000000001E-018
 Time=  -1.4400000000018685E-013 Intensity=  0.24590056693320117     
   4789.0212426454464      < Te <    4963.5297710527557     
   4788.9786713850572      < Th <    5049.9693096642332     
   80.000000000000000      < Ts <   80.000000000000000     
   4351777839.9534502      < Ne <   4353980308.7026978     
   4351777839.9534502      < Nh <   4353980308.6448469     
 CFL_Te=   1.8064606568678708E-003 maxCFL_Ne=   1.3966356336930442E-003 maxCFL_Ts=   5.1020110945368359E-004 CPU=   725.99956765305478      NumThreads=                    8 Elapsed time=   1.1019290308755514E-002
 CFL_Limit=   1.0000000000000000E-003
 dt_init=   1.0000000000000001E-018 dt=   1.0000000000000001E-018
 Time=  -1.4300000000019018E-013 Intensity=  0.40434311979042498     
   4788.7841112844908      < Te <    4955.4083343003413     
   4788.7507235591502      < Th <    5047.2847637740615     
   80.000000000000000      < Ts <   80.000000000000000     
   7204453713.1548977      < Ne <   7208075313.3345881     
   7204453713.1548977      < Nh <   7208075313.2462664     
 CFL_Te=   1.8063512504552057E-003 maxCFL_Ne=   1.3954695306435169E-003 maxCFL_Ts=   5.1020110945368359E-004 CPU=   725.92719702835211      NumThreads=                    8 Elapsed time=   1.1020388866471342E-002
 CFL_Limit=   1.0000000000000000E-003
 dt_init=   1.0000000000000001E-018 dt=   1.0000000000000001E-018
 Time=  -1.4200000000019352E-013 Intensity=  0.66257559509688757     
   4788.5173231193894      < Te <    4964.5428718599142     
   4788.4990039034265      < Th <    5056.2481362938661     
   80.000000000000000      < Ts <   80.000000000000000     
   11886430262.115578      < Ne <   11892364802.722973     
   11886430262.115578      < Nh <   11892364802.505527     
 CFL_Te=   1.8064907167042949E-003 maxCFL_Ne=   1.3960871393801577E-003 maxCFL_Ts=   5.1020110945368359E-004 CPU=   725.82155175198375      NumThreads=                    8 Elapsed time=   1.1021992913670927E-002
 CFL_Limit=   1.0000000000000000E-003
 dt_init=   1.0000000000000001E-018 dt=   1.0000000000000001E-018
 Time=  -1.4100000000019685E-013 Intensity=   1.0819711056619992     
   4788.2260562850770      < Te <    4959.9146154955743     
   4788.2315404677593      < Th <    5032.8493996004208     
   80.000000000000000      < Ts <   80.000000000000000     
   19544182635.293037      < Ne <   19553873688.499619     
   19544182635.293037      < Nh <   19553873688.118473     
 CFL_Te=   1.8062142424979466E-003 maxCFL_Ne=   1.3955910077733450E-003 maxCFL_Ts=   5.1020110945368359E-004 CPU=   725.71446777857250      NumThreads=                    8 Elapsed time=   1.1023619281682741E-002
 CFL_Limit=   1.0000000000000000E-003
 dt_init=   1.0000000000000001E-018 dt=   1.0000000000000001E-018
 Time=  -1.4000000000020019E-013 Intensity=   1.7607217970199551     
   4787.9682988586155      < Te <    4987.1406631908139     
   4787.9635983054986      < Th <    5047.0726580195924     
   80.000000000000000      < Ts <   80.000000000000000     
   32025737284.697441      < Ne <   32041508200.143742     
   32025737284.697441      < Nh <   32041508199.615520     
 CFL_Te=   1.8060716175516672E-003 maxCFL_Ne=   1.3959967907181275E-003 maxCFL_Ts=   5.1020110945368359E-004 CPU=   725.63066806742324      NumThreads=                    8 Elapsed time=   1.1024892348205804E-002
 CFL_Limit=   1.0000000000000000E-003
 dt_init=   1.0000000000000001E-018 dt=   1.0000000000000001E-018
 Time=  -1.3900000000020353E-013 Intensity=   2.8553586656755012     
   4787.6861929556962      < Te <    4968.9252853470807     
   4787.6836157044072      < Th <    5041.2683778307983     
   80.000000000000000      < Ts <   80.000000000000000     
   52299358415.114815      < Ne <   52324934425.585678     
   52299358415.114815      < Nh <   52324934424.736198     
 CFL_Te=   1.8059491251045609E-003 maxCFL_Ne=   1.3957898359514389E-003 maxCFL_Ts=   5.1020110945368359E-004 CPU=   725.54181347581834      NumThreads=                    8 Elapsed time=   1.1026242528566044E-002
 CFL_Limit=   1.0000000000000000E-003
 dt_init=   1.0000000000000001E-018 dt=   1.0000000000000001E-018
 Time=  -1.3800000000020686E-013 Intensity=   4.6145084551220714     
   4787.3916515525516      < Te <    4962.7800601966374     
   4787.3950908885690      < Th <    5046.6854670240200     
   80.000000000000000      < Ts <   80.000000000000000     
   85115630929.910080      < Ne <   85156964119.415771     
   85115630929.910080      < Nh <   85156964117.974976     
 CFL_Te=   1.8065327115516345E-003 maxCFL_Ne=   1.3950109306934844E-003 maxCFL_Ts=   5.1020110945368359E-004 CPU=   725.44902962343428      NumThreads=                    8 Elapsed time=   1.1027652768593042E-002
 CFL_Limit=   1.0000000000000000E-003
 dt_init=   1.0000000000000001E-018 dt=   1.0000000000000001E-018
 Time=  -1.3700000000021020E-013 Intensity=   7.4316470194783788     
   4787.1055433842548      < Te <    4972.8645247561244     
   4787.1032937296613      < Th <    5059.9741133386142     
   80.000000000000000      < Ts <   80.000000000000000     
   138050574274.36871      < Ne <   138117141538.46634     
   138050574274.36871      < Nh <   138117141535.90396     
 CFL_Te=   1.8060763850968303E-003 maxCFL_Ne=   1.3965120070963408E-003 maxCFL_Ts=   5.1020110945368359E-004 CPU=   725.35394304610907      NumThreads=                    8 Elapsed time=   1.1029098382514009E-002
 CFL_Limit=   1.0000000000000000E-003
 dt_init=   1.0000000000000001E-018 dt=   1.0000000000000001E-018
 Time=  -1.3600000000021354E-013 Intensity=   11.927228832021447     
   4786.8358237976254      < Te <    4967.0173321993816     
   4786.7909847347692      < Th <    5057.4116949631198     
   80.000000000000000      < Ts <   80.000000000000000     
   223143006120.89902      < Ne <   223249841293.90118     
   223143006120.89905      < Nh <   223249841289.29596     
 CFL_Te=   1.8057546254264302E-003 maxCFL_Ne=   1.3962076516966073E-003 maxCFL_Ts=   5.1020110945368359E-004 CPU=   725.24192338001922      NumThreads=                    8 Elapsed time=   1.1030801918779981E-002
 CFL_Limit=   1.0000000000000000E-003
 dt_init=   1.0000000000000001E-018 dt=   1.0000000000000001E-018
 Time=  -1.3500000000021687E-013 Intensity=   19.076068766845733     
   4786.5485272726437      < Te <    4943.3308991298927     
   4786.4820328748319      < Th <    5049.3682242610494     
   80.000000000000000      < Ts <   80.000000000000000     
   359455197066.72394      < Ne <   359626062343.34668     
   359455197066.72394      < Nh <   359626062334.63531     
 CFL_Te=   1.8055674114624781E-003 maxCFL_Ne=   1.3948268827476318E-003 maxCFL_Ts=   5.1020110945368359E-004 CPU=   725.10584442210381      NumThreads=                    8 Elapsed time=   1.1032872044185295E-002
 CFL_Limit=   1.0000000000000000E-003
 dt_init=   1.0000000000000001E-018 dt=   1.0000000000000001E-018
 Time=  -1.3400000000022021E-013 Intensity=   30.404163347642267     
   4786.2102567895517      < Te <    4958.4526031835239     
   4786.1651607671702      < Th <    5073.1671986466863     
   80.000000000000000      < Ts <   80.000000000000000     
   577062637671.65869      < Ne <   577334968593.28821     
   577062637671.65869      < Nh <   577334968586.08130     
 CFL_Te=   1.8058988344560589E-003 maxCFL_Ne=   1.3944845218782729E-003 maxCFL_Ts=   5.1020110945368359E-004 CPU=   724.99724699407295      NumThreads=                    8 Elapsed time=   1.1034524659464537E-002
 CFL_Limit=   1.0000000000000000E-003
 dt_init=   1.0000000000000001E-018 dt=   1.0000000000000001E-018
 Time=  -1.3300000000022355E-013 Intensity=   48.291654511588462     
   4785.8934684214983      < Te <    4957.6119718068712     
   4785.8674574951701      < Th <    5054.8472520093756     
   80.000000000000000      < Ts <   80.000000000000000     
   923247492271.12451      < Ne <   923680047152.50781     
   923247492271.12451      < Nh <   923680047141.50989     
 CFL_Te=   1.8057643897843557E-003 maxCFL_Ne=   1.3945728741171042E-003 maxCFL_Ts=   5.1020110945368359E-004 CPU=   724.90029091115650      NumThreads=                    8 Elapsed time=   1.1036000537321452E-002
 CFL_Limit=   1.0000000000000000E-003
 dt_init=   1.0000000000000001E-018 dt=   1.0000000000000001E-018
 Time=  -1.3200000000022688E-013 Intensity=   76.437409953695052     
   4785.5710170141019      < Te <    4966.6680261957481     
   4785.5690469292122      < Th <    5070.3335661267574     
   80.000000000000000      < Ts <   80.000000000000000     
   1472077269933.1152      < Ne <   1472761934604.1619     
   1472077269933.1152      < Nh <   1472761934566.5745     
 CFL_Te=   1.8053727570735798E-003 maxCFL_Ne=   1.3944046323161111E-003 maxCFL_Ts=   5.1020110945368359E-004 CPU=   724.79560400098444      NumThreads=                    8 Elapsed time=   1.1037594538154973E-002
 CFL_Limit=   1.0000000000000000E-003
 dt_init=   1.0000000000000001E-018 dt=   1.0000000000000001E-018
 Time=  -1.3100000000023022E-013 Intensity=   120.56873118644961     
   4785.2609450461123      < Te <    4975.6090198275188     
   4785.2668035454481      < Th <    5065.7428713511536     
   80.000000000000000      < Ts <   80.000000000000000     
   2339164019876.7227      < Ne <   2340243994016.5371     
   2339164019876.7227      < Nh <   2340243993958.3560     
 CFL_Te=   1.8051583890792827E-003 maxCFL_Ne=   1.3946270114983715E-003 maxCFL_Ts=   5.1020110945368359E-004 CPU=   724.70430742965232      NumThreads=                    8 Elapsed time=   1.1038985028768534E-002
 CFL_Limit=   1.0000000000000000E-003
 dt_init=   1.0000000000000001E-018 dt=   1.0000000000000001E-018
 Time=  -1.3000000000023355E-013 Intensity=   189.52140549630647     
   4784.9594278246323      < Te <    4988.4122158525915     
   4784.9471834930719      < Th <    5068.6310881858835     
   80.000000000000000      < Ts <   80.000000000000000     
   3704321374318.3398      < Ne <   3706019018149.9146     
   3704321374318.3398      < Nh <   3706019018064.2095     
 CFL_Te=   1.8049935593872249E-003 maxCFL_Ne=   1.3950618975116776E-003 maxCFL_Ts=   5.1020110945368359E-004 CPU=   724.60661208191777      NumThreads=                    8 Elapsed time=   1.1040473363905198E-002
 CFL_Limit=   1.0000000000000000E-003
 dt_init=   1.0000000000000001E-018 dt=   1.0000000000000001E-018
 Time=  -1.2900000000023689E-013 Intensity=   296.87709817134032     
   4784.6572639403666      < Te <    4968.2571557198644     
   4784.6017224762591      < Th <    5077.2605841738668     
   80.000000000000000      < Ts <   80.000000000000000     
   5846216274097.0205      < Ne <   5848875605975.2568     
   5846216274097.0205      < Nh <   5848875605847.7900     
 CFL_Te=   1.8054164555503043E-003 maxCFL_Ne=   1.3958534005828619E-003 maxCFL_Ts=   5.1020110945368359E-004 CPU=   724.51822788019285      NumThreads=                    8 Elapsed time=   1.1041820194650630E-002
 CFL_Limit=   1.0000000000000000E-003
 dt_init=   1.0000000000000001E-018 dt=   1.0000000000000001E-018
 Time=  -1.2800000000024023E-013 Intensity=   463.43622111120186     
   4784.3634238930790      < Te <    4973.4650246229958     
   4784.2703593021324      < Th <    5067.2609443580232     
   80.000000000000000      < Ts <   80.000000000000000     
   9195167948715.8145      < Ne <   9199319301867.9980     
   9195167948715.8125      < Nh <   9199319301671.0098     
 CFL_Te=   1.8048128215542409E-003 maxCFL_Ne=   1.3956250045198595E-003 maxCFL_Ts=   5.1020110945368359E-004 CPU=   724.42193734839407      NumThreads=                    8 Elapsed time=   1.1043287878998319E-002
 CFL_Limit=   1.0000000000000000E-003
 dt_init=   1.0000000000000001E-018 dt=   1.0000000000000001E-018
 Time=  -1.2700000000024356E-013 Intensity=   720.93830669028659     
   4784.0280530626387      < Te <    4964.2029002142672     
   4783.9534750366192      < Th <    5055.8216189014020     
   80.000000000000000      < Ts <   80.000000000000000     
   14413297836151.133      < Ne <   14419755865193.613     
   14413297836151.131      < Nh <   14419755864895.062     
 CFL_Te=   1.8046230390072809E-003 maxCFL_Ne=   1.3946255212256551E-003 maxCFL_Ts=   5.1020110945368359E-004 CPU=   724.32794655001715      NumThreads=                    8 Elapsed time=   1.1044720886587488E-002
 CFL_Limit=   1.0000000000000000E-003
 dt_init=   1.0000000000000001E-018 dt=   1.0000000000000001E-018
 Time=  -1.2600000000024690E-013 Intensity=   1117.6377956527222     
   4783.6910967074427      < Te <    4955.8299968742931     
   4783.6106852838293      < Th <    5074.9070327893660     
   80.000000000000000      < Ts <   80.000000000000000     
   22515744299724.465      < Ne <   22525755882943.348     
   22515744299724.465      < Nh <   22525755882467.168     
 CFL_Te=   1.8044642121467077E-003 maxCFL_Ne=   1.3952524259327368E-003 maxCFL_Ts=   5.1020110945368359E-004 CPU=   724.24338002601246      NumThreads=                    8 Elapsed time=   1.1046010527169286E-002
 CFL_Limit=   1.0000000000000000E-003
 dt_init=   1.0000000000000001E-018 dt=   1.0000000000000001E-018
 Time=  -1.2500000000025024E-013 Intensity=   1726.6285113882675     
   4783.3286974720004      < Te <    4958.9184247231487     
   4783.2613404941912      < Th <    5084.5676428079423     
   80.000000000000000      < Ts <   80.000000000000000     
   35053295964966.539      < Ne <   35068762649115.023     
   35053295964966.543      < Nh <   35068762648343.184     
 CFL_Te=   1.8046601004346023E-003 maxCFL_Ne=   1.3954885419587759E-003 maxCFL_Ts=   5.1020110945368359E-004 CPU=   724.15640546793020      NumThreads=                    8 Elapsed time=   1.1047337204496062E-002
 CFL_Limit=   1.0000000000000000E-003
 dt_init=   1.0000000000000001E-018 dt=   1.0000000000000001E-018
 Time=  -1.2400000000025357E-013 Intensity=   2658.2240688393576     
   4782.9710878679480      < Te <    4962.1496479031857     
   4782.9208620621193      < Th <    5072.1567768250152     
   80.000000000000000      < Ts <   80.000000000000000     
   54386533278148.875      < Ne <   54410344981262.086     
   54386533278148.891      < Nh <   54410344980215.555     
 CFL_Te=   1.8043119701740967E-003 maxCFL_Ne=   1.3941001798985790E-003 maxCFL_Ts=   5.1020110945368359E-004 CPU=   724.07185363943927      NumThreads=                    8 Elapsed time=   1.1048627231937263E-002
 CFL_Limit=   1.0000000000000000E-003
 dt_init=   1.0000000000000001E-018 dt=   1.0000000000000001E-018
 Time=  -1.2300000000025691E-013 Intensity=   4078.2994800764554     
   4782.6247127016723      < Te <    4966.0006994071900     
   4782.5773991313063      < Th <    5076.2578911841592     
   80.000000000000000      < Ts <   80.000000000000000     
   84095784678834.500      < Ne <   84132317645502.875     
   84095784678834.500      < Nh <   84132317644072.688     
 CFL_Te=   1.8041152196576447E-003 maxCFL_Ne=   1.3939500508702580E-003 maxCFL_Ts=   5.1020110945368359E-004 CPU=   723.99266879733659      NumThreads=                    8 Elapsed time=   1.1049835647216196E-002
 CFL_Limit=   1.0000000000000000E-003
 dt_init=   1.0000000000000001E-018 dt=   1.0000000000000001E-018
 Time=  -1.2200000000026025E-013 Intensity=   6235.3594163176358     
   4782.2714382039167      < Te <    4950.9421176469614     
   4782.2226418907303      < Th <    5076.8352987873959     
   80.000000000000000      < Ts <   80.000000000000000     
   129591879091893.34      < Ne <   129647734910443.92     
   129591879091893.34      < Nh <   129647734907975.17     
 CFL_Te=   1.8039502526062607E-003 maxCFL_Ne=   1.3939659062450266E-003 maxCFL_Ts=   5.1020110945368359E-004 CPU=   723.90646925442400      NumThreads=                    8 Elapsed time=   1.1051151412197592E-002
 CFL_Limit=   1.0000000000000000E-003
 dt_init=   1.0000000000000001E-018 dt=   1.0000000000000001E-018
 Time=  -1.2100000000026358E-013 Intensity=   9500.3306333555556     
   4781.9011099493018      < Te <    4959.1184764808486     
   4781.8718619997462      < Th <    5073.7444569859126     
   80.000000000000000      < Ts <   80.000000000000000     
   199022620847852.00      < Ne <   199107724321039.12     
   199022620847852.00      < Nh <   199107724316871.75     
 CFL_Te=   1.8038003882066308E-003 maxCFL_Ne=   1.3942793365736795E-003 maxCFL_Ts=   5.1020110945368359E-004 CPU=   723.83257072960794      NumThreads=                    8 Elapsed time=   1.1052279661767871E-002
 CFL_Limit=   1.0000000000000000E-003
 dt_init=   1.0000000000000001E-018 dt=   1.0000000000000001E-018
 Time=  -1.2000000000026692E-013 Intensity=   14424.833136721963     
   4781.5379656933692      < Te <    4950.6519047725833     
   4781.5223346702160      < Th <    5046.3316235599959     
   80.000000000000000      < Ts <   80.000000000000000     
   304613103359677.62      < Ne <   304742320872328.62     
   304613103359677.62      < Nh <   304742320865578.50     
 CFL_Te=   1.8036640921867732E-003 maxCFL_Ne=   1.3936090080484194E-003 maxCFL_Ts=   5.1020110945368359E-004 CPU=   723.75493085272615      NumThreads=                    8 Elapsed time=   1.1053465280816009E-002
 CFL_Limit=   1.0000000000000000E-003
 dt_init=   1.0000000000000001E-018 dt=   1.0000000000000001E-018
 Time=  -1.1900000000027026E-013 Intensity=   21826.179677817076     
   4781.1966273875660      < Te <    4953.1446889408007     
   4781.1522273370829      < Th <    5031.8195871367061     
   80.000000000000000      < Ts <   80.000000000000000     
   464640015367687.81      < Ne <   464835534045867.50     
   464640015367687.81      < Nh <   464835534035384.12     
 CFL_Te=   1.8039369991296259E-003 maxCFL_Ne=   1.3934244701221791E-003 maxCFL_Ts=   5.1020110945368359E-004 CPU=   723.68493006152687      NumThreads=                    8 Elapsed time=   1.1054534463388437E-002
 CFL_Limit=   1.0000000000000000E-003
 dt_init=   1.0000000000000001E-018 dt=   1.0000000000000001E-018
 Time=  -1.1800000000027359E-013 Intensity=   32910.880694273634     
   4780.8377900131009      < Te <    4977.6912119830149     
   4780.7618811737138      < Th <    5048.0276931406934     
   80.000000000000000      < Ts <   80.000000000000000     
   706328832560704.62      < Ne <   706623655210080.62     
   706328832560704.62      < Nh <   706623655195663.62     
 CFL_Te=   1.8035600250826175E-003 maxCFL_Ne=   1.3943270720238030E-003 maxCFL_Ts=   5.1020110945368359E-004 CPU=   723.61535577546510      NumThreads=                    8 Elapsed time=   1.1055597336552885E-002
 CFL_Limit=   1.0000000000000000E-003
 dt_init=   1.0000000000000001E-018 dt=   1.0000000000000001E-018
 Time=  -1.1700000000027693E-013 Intensity=   49453.397363885415     
   4780.4545322334798      < Te <    4973.0260579060023     
   4780.3814028640036      < Th <    5038.9262840399797     
   80.000000000000000      < Ts <   80.000000000000000     
   1070089190755271.6      < Ne <   1070532212866539.2     
   1070089190755271.6      < Nh <   1070532212845229.8     
 CFL_Te=   1.8033244438292590E-003 maxCFL_Ne=   1.3945666535852741E-003 maxCFL_Ts=   5.1020110945368359E-004 CPU=   723.54733528270151      NumThreads=                    8 Elapsed time=   1.1056636670321330E-002
 CFL_Limit=   1.0000000000000000E-003
 dt_init=   1.0000000000000001E-018 dt=   1.0000000000000001E-018
 Time=  -1.1600000000028026E-013 Intensity=   74053.844592670546     
   4780.0774470218776      < Te <    4961.3282130493426     
   4780.0038390007849      < Th <    5043.9683511375042     
   80.000000000000000      < Ts <   80.000000000000000     
   1615683036091088.0      < Ne <   1616346449724308.5     
   1615683036091088.0      < Nh <   1616346449690723.5     
 CFL_Te=   1.8031368636656623E-003 maxCFL_Ne=   1.3931147311937182E-003 maxCFL_Ts=   5.1020110945368359E-004 CPU=   723.48253956328733      NumThreads=                    8 Elapsed time=   1.1057626912225145E-002
 CFL_Limit=   1.0000000000000000E-003
 dt_init=   1.0000000000000001E-018 dt=   1.0000000000000001E-018
 Time=  -1.1500000000028360E-013 Intensity=   110508.05584217943     
   4779.6759498448801      < Te <    4963.7548341614574     
   4779.6221774241012      < Th <    5043.9195265604376     
   80.000000000000000      < Ts <   80.000000000000000     
   2431173407161619.0      < Ne <   2432163406880748.5     
   2431173407161619.0      < Nh <   2432163406824701.0     
 CFL_Te=   1.8029640619097239E-003 maxCFL_Ne=   1.3949871564541377E-003 maxCFL_Ts=   5.1020110945368359E-004 CPU=   723.41477587658790      NumThreads=                    8 Elapsed time=   1.1058662701914140E-002
 CFL_Limit=   1.0000000000000000E-003
 dt_init=   1.0000000000000001E-018 dt=   1.0000000000000001E-018
 Time=  -1.1400000000028694E-013 Intensity=   164336.90995111573     
   4779.2764056603673      < Te <    4970.7992664183948     
   4779.2076261756083      < Th <    5040.5920830295454     
   80.000000000000000      < Ts <   80.000000000000000     
   3645857918227929.5      < Ne <   3647330169457634.0     
   3645857918227929.5      < Nh <   3647330169368187.0     
 CFL_Te=   1.8027964465763347E-003 maxCFL_Ne=   1.3939481505275437E-003 maxCFL_Ts=   5.1020110945368359E-004 CPU=   723.34327446348959      NumThreads=                    8 Elapsed time=   1.1059755834370166E-002
 CFL_Limit=   1.0000000000000000E-003
 dt_init=   1.0000000000000001E-018 dt=   1.0000000000000001E-018
 Time=  -1.1300000000029027E-013 Intensity=   243540.47277285621     
   4778.8706667975794      < Te <    4966.0238688841264     
   4778.7906438595519      < Th <    5048.5329907600762     
   80.000000000000000      < Ts <   80.000000000000000     
   5448889904119529.0      < Ne <   5451071755355329.0     
   5448889904119529.0      < Nh <   5451071755218417.0     
 CFL_Te=   1.8026315185735618E-003 maxCFL_Ne=   1.3931209706590886E-003 maxCFL_Ts=   5.1020110945368359E-004 CPU=   723.28525667827068      NumThreads=                    8 Elapsed time=   1.1060642984402120E-002
 CFL_Limit=   1.0000000000000000E-003
 dt_init=   1.0000000000000001E-018 dt=   1.0000000000000001E-018
 Time=  -1.1200000000029361E-013 Intensity=   359668.18468342372     
   4778.4661012789329      < Te <    4971.1363972711770     
   4778.3799045173191      < Th <    5043.8306393644152     
   80.000000000000000      < Ts <   80.000000000000000     
   8115985916945375.0      < Ne <   8119208188937001.0     
   8115985916945375.0      < Nh <   8119208188720880.0     
 CFL_Te=   1.8024681050123868E-003 maxCFL_Ne=   1.3929819181311626E-003 maxCFL_Ts=   5.1020110945368359E-004 CPU=   723.21956823615483      NumThreads=                    8 Elapsed time=   1.1061647598268163E-002
 CFL_Limit=   1.0000000000000000E-003
 dt_init=   1.0000000000000001E-018 dt=   1.0000000000000001E-018
 Time=  -1.1100000000029695E-013 Intensity=   529331.51455927780     
   4778.0545275322056      < Te <    4976.3646705779129     
   4777.9757380247684      < Th <    5051.5952382146188     
   80.000000000000000      < Ts <   80.000000000000000     
   12047584325057872.      < Ne <   12052326697036228.     
   12047584325057874.      < Nh <   12052326696717978.     
 CFL_Te=   1.8023121695203614E-003 maxCFL_Ne=   1.3930500070838782E-003 maxCFL_Ts=   5.1020110945368359E-004 CPU=   723.15450739560038      NumThreads=                    8 Elapsed time=   1.1062642793739256E-002
 CFL_Limit=   1.0000000000000000E-003
 dt_init=   1.0000000000000001E-018 dt=   1.0000000000000001E-018
 Time=  -1.1000000000030028E-013 Intensity=   776333.50412123953     
   4777.6523072967284      < Te <    4982.6824088623725     
   4777.5705197135894      < Th <    5067.7276853908352     
   80.000000000000114      < Ts <   80.000000000000114     
   17823155396986588.      < Ne <   17830110821982316.     
   17823155396986590.      < Nh <   17830110821465414.     
 CFL_Te=   1.8023044910134320E-003 maxCFL_Ne=   1.3931753834236249E-003 maxCFL_Ts=   5.1020110945368370E-004 CPU=   723.08987393042059      NumThreads=                    8 Elapsed time=   1.1063631629240324E-002
 CFL_Limit=   1.0000000000000000E-003
 dt_init=   1.0000000000000001E-018 dt=   1.0000000000000001E-018
 Time=  -1.0900000000030362E-013 Intensity=   1134654.8075546226     
   4777.2280344419423      < Te <    4981.8986449500162     
   4777.1423182810440      < Th <    5058.6140859355064     
   80.000000000000114      < Ts <   80.000000000000114     
   26278201810853176.      < Ne <   26288367682715360.     
   26278201810853176.      < Nh <   26288367681880400.     
 CFL_Te=   1.8021826048592279E-003 maxCFL_Ne=   1.3937074379699087E-003 maxCFL_Ts=   5.1020110945368370E-004 CPU=   723.02774572493354      NumThreads=                    8 Elapsed time=   1.1064582303102231E-002
 CFL_Limit=   1.0000000000000000E-003
 dt_init=   1.0000000000000001E-018 dt=   1.0000000000000001E-018
 Time=  -1.0800000000030696E-013 Intensity=   1652623.9253586698     
   4776.7734005614348      < Te <    4976.4048797564537     
   4776.7142700279483      < Th <    5073.6564913141201     
   80.000000000001364      < Ts <   80.000000000006537     
   38613008316029848.      < Ne <   38627815120269816.     
   38613008316029848.      < Nh <   38627815118980728.     
 CFL_Te=   1.8020375440999251E-003 maxCFL_Ne=   1.3927449442768069E-003 maxCFL_Ts=   5.1020110945368716E-004 CPU=   722.96423580132091      NumThreads=                    8 Elapsed time=   1.1065554288633572E-002
 CFL_Limit=   1.0000000000000000E-003
 dt_init=   1.0000000000000001E-018 dt=   1.0000000000000001E-018
 Time=  -1.0700000000031029E-013 Intensity=   2398717.8343097451     
   4776.3374024883124      < Te <    4970.9606393383783     
   4776.2708181785292      < Th <    5067.9437420208378     
   80.000000000040572      < Ts <   80.000000000045915     
   56545637495358224.      < Ne <   56567129161257168.     
   56545637495358216.      < Nh <   56567129159111512.     
 CFL_Te=   1.8019510447613732E-003 maxCFL_Ne=   1.3918900597202691E-003 maxCFL_Ts=   5.1020110945379819E-004 CPU=   722.89252175026024      NumThreads=                    8 Elapsed time=   1.1066652039269239E-002
 CFL_Limit=   1.0000000000000000E-003
 dt_init=   1.0000000000000001E-018 dt=   1.0000000000000001E-018
 Time=  -1.0600000000031363E-013 Intensity=   3469597.8688117159     
   4775.8874877276330      < Te <    4958.9775620397704     
   4775.8079458443117      < Th <    5073.0982753629651     
   80.000000000091063      < Ts <   80.000000000098694     
   82526339199276304.      < Ne <   82557425590713328.     
   82526339199276304.      < Nh <   82557425587324784.     
 CFL_Te=   1.8016317224658115E-003 maxCFL_Ne=   1.3925417221184856E-003 maxCFL_Ts=   5.1020110945394076E-004 CPU=   722.82336657122642      NumThreads=                    8 Elapsed time=   1.1067710826710922E-002
 CFL_Limit=   1.0000000000000000E-003
 dt_init=   1.0000000000000001E-018 dt=   1.0000000000000001E-018
 Time=  -1.0500000000031696E-013 Intensity=   5001197.1000020979     
   4775.3918800341044      < Te <    4958.7533927762324     
   4775.3502991929963      < Th <    5075.6316963539621     
   80.000000000164661      < Ts <   80.000000000177565     
   1.2003685767132264E+017 < Ne <   1.2008166654032691E+017
   1.2003685767132264E+017 < Nh <   1.2008166653503554E+017
 CFL_Te=   1.8014021193202797E-003 maxCFL_Ne=   1.3925811585724748E-003 maxCFL_Ts=   5.1020110945414990E-004 CPU=   722.75456181471679      NumThreads=                    8 Elapsed time=   1.1068764450152107E-002
 CFL_Limit=   1.0000000000000000E-003
 dt_init=   1.0000000000000001E-018 dt=   1.0000000000000001E-018
 Time=  -1.0400000000032030E-013 Intensity=   7183955.7564026807     
   4774.9156621825459      < Te <    4943.8985159720132     
   4774.8759989914870      < Th <    5065.5936148137216     
   80.000000000268543      < Ts <   80.000000000286136     
   1.7400662419965274E+017 < Ne <   1.7407098984523024E+017
   1.7400662419965274E+017 < Nh <   1.7407098983722406E+017
 CFL_Te=   1.8018062468172483E-003 maxCFL_Ne=   1.3924749288356370E-003 maxCFL_Ts=   5.1020110945444383E-004 CPU=   722.68510931352387      NumThreads=                    8 Elapsed time=   1.1069828196127042E-002
 CFL_Limit=   1.0000000000000000E-003
 dt_init=   1.0000000000000001E-018 dt=   1.0000000000000001E-018
 Time=  -1.0300000000032364E-013 Intensity=   10283671.077769637     
   4774.4434431281979      < Te <    4936.9358755939356     
   4774.3979185063345      < Th <    5058.1296566857336     
   80.000000000418609      < Ts <   80.000000000443833     
   2.5138921991111622E+017 < Ne <   2.5148135659168106E+017
   2.5138921991111622E+017 < Nh <   2.5148135657952781E+017
 CFL_Te=   1.8011673843934099E-003 maxCFL_Ne=   1.3917082172091757E-003 maxCFL_Ts=   5.1020110945487035E-004 CPU=   722.62737798204080      NumThreads=                    8 Elapsed time=   1.1070712574356436E-002
 CFL_Limit=   1.0000000000000000E-003
 dt_init=   1.0000000000000001E-018 dt=   1.0000000000000001E-018
 Time=  -1.0200000000032697E-013 Intensity=   14669913.588145595     
   4773.9843652245609      < Te <    4929.4144967511511     
   4773.9096274996145      < Th <    5048.7227896756649     
   80.000000000633037      < Ts <   80.000000000668535     
   3.6195769747311565E+017 < Ne <   3.6208913065834003E+017
   3.6195769747311565E+017 < Nh <   3.6208913064050566E+017
 CFL_Te=   1.8009046403241495E-003 maxCFL_Ne=   1.3916854251864431E-003 maxCFL_Ts=   5.1020110945547729E-004 CPU=   722.56629329752309      NumThreads=                    8 Elapsed time=   1.1071648476004857E-002
 CFL_Limit=   1.0000000000000000E-003
 dt_init=   1.0000000000000001E-018 dt=   1.0000000000000001E-018
 Time=  -1.0100000000033031E-013 Intensity=   20854596.145682670     
   4773.5054786656674      < Te <    4925.2904495778594     
   4773.4258282347455      < Th <    5046.7043129403173     
   80.000000000941043      < Ts <   80.000000000989900     
   5.1939754047030112E+017 < Ne <   5.1958438171957587E+017
   5.1939754047030112E+017 < Nh <   5.1958438169344218E+017
 CFL_Te=   1.8009270115231654E-003 maxCFL_Ne=   1.3918601422177660E-003 maxCFL_Ts=   5.1020110945634736E-004 CPU=   722.50190677203545      NumThreads=                    8 Elapsed time=   1.1072635137728664E-002
 CFL_Limit=   1.0000000000000000E-003
 dt_init=   1.0000000000000001E-018 dt=   1.0000000000000001E-018
 Time=  -1.0000000000033365E-013 Intensity=   29544106.652997654     
   4773.0183298451357      < Te <    4944.1560198406178     
   4772.9279783714410      < Th <    5056.7152026596295     
   80.000000001380059      < Ts <   80.000000001449948     
   7.4280272543180634E+017 < Ne <   7.4306741758530931E+017
   7.4280272543180634E+017 < Nh <   7.4306741754786790E+017
 CFL_Te=   1.8005850978717040E-003 maxCFL_Ne=   1.3911162720174582E-003 maxCFL_Ts=   5.1020110945758747E-004 CPU=   722.44112472424251      NumThreads=                    8 Elapsed time=   1.1073566725667257E-002
 CFL_Limit=   1.0000000000000000E-003
 dt_init=   1.0000000000000001E-018 dt=   1.0000000000000001E-018
 Time=  -9.9000000000336983E-014 Intensity=   41709481.477622546     
   4772.5145968578245      < Te <    4954.5548352839442     
   4772.4202063187840      < Th <    5068.5940391456515     
   80.000000002006090      < Ts <   80.000000002108436     
   1.0587154585404520E+018 < Ne <   1.0590891553863722E+018
   1.0587154585404517E+018 < Nh <   1.0590891553338957E+018
 CFL_Te=   1.8003327423286575E-003 maxCFL_Ne=   1.3910539901313037E-003 maxCFL_Ts=   5.1020110945935830E-004 CPU=   722.37687066472301      NumThreads=                    8 Elapsed time=   1.1074551698531670E-002
 CFL_Limit=   1.0000000000000000E-003
 dt_init=   1.0000000000000001E-018 dt=   1.0000000000000001E-018
 Time=  -9.8000000000340320E-014 Intensity=   58680468.053666398     
   4771.9889219073139      < Te <    4958.5046315400732     
   4771.9078978591688      < Th <    5051.5575359338163     
   80.000000002893799      < Ts <   80.000000003043127     
   1.5038961252390403E+018 < Ne <   1.5044218900869780E+018
   1.5038961252390400E+018 < Nh <   1.5044218900138440E+018
 CFL_Te=   1.8001183982056031E-003 maxCFL_Ne=   1.3916515867678733E-003 maxCFL_Ts=   5.1020110946187040E-004 CPU=   722.31826552744906      NumThreads=                    8 Elapsed time=   1.1075450229904216E-002
 CFL_Limit=   1.0000000000000000E-003
 dt_init=   1.0000000000000001E-018 dt=   1.0000000000000001E-018
 Time=  -9.7000000000343656E-014 Intensity=   82271079.851560473     
   4771.4655402175777      < Te <    4948.6634885619515     
   4771.3904488197804      < Th <    5057.8223285172498     
   80.000000004153193      < Ts <   80.000000004366044     
   2.1290698868523855E+018 < Ne <   2.1298070326104817E+018
   2.1290698868523850E+018 < Nh <   2.1298070325070100E+018
 CFL_Te=   1.7999198131559997E-003 maxCFL_Ne=   1.3910622286149171E-003 maxCFL_Ts=   5.1020110946543070E-004 CPU=   722.25004523726477      NumThreads=                    8 Elapsed time=   1.1076496364042369E-002
 CFL_Limit=   1.0000000000000000E-003
 dt_init=   1.0000000000000001E-018 dt=   1.0000000000000001E-018
 Time=  -9.6000000000346993E-014 Intensity=   114946479.92309830     
   4770.9297089250331      < Te <    4945.9852604371963     
   4770.8687979269298      < Th <    5055.1578174521028     
   80.000000005930971      < Ts <   80.000000006236149     
   3.0039740272241951E+018 < Ne <   3.0050039604179098E+018
   3.0039740272241946E+018 < Nh <   3.0050039602706191E+018
 CFL_Te=   1.7999090802719323E-003 maxCFL_Ne=   1.3909106106695008E-003 maxCFL_Ts=   5.1020110947046270E-004 CPU=   722.18947329592027      NumThreads=                    8 Elapsed time=   1.1077425379090183E-002
 CFL_Limit=   1.0000000000000000E-003
 dt_init=   1.0000000000000001E-018 dt=   1.0000000000000001E-018
 Time=  -9.5000000000350329E-014 Intensity=   160043855.31729019     
   4770.3935066416479      < Te <    4940.5866754199960     
   4770.3332267494698      < Th <    5044.3825488676612     
   80.000000008437084      < Ts <   80.000000008867488     
   4.2241303743951764E+018 < Ne <   4.2255643862100316E+018
   4.2241303743951764E+018 < Nh <   4.2255643859948744E+018
 CFL_Te=   1.7995798452981316E-003 maxCFL_Ne=   1.3900665463057796E-003 maxCFL_Ts=   5.1020110947755663E-004 CPU=   722.12547726232378      NumThreads=                    8 Elapsed time=   1.1078407080067430E-002
 CFL_Limit=   1.0000000000000000E-003
 dt_init=   1.0000000000000001E-018 dt=   1.0000000000000001E-018
 Time=  -9.4000000000353665E-014 Intensity=   222063501.29492137     
   4769.8411841783045      < Te <    4940.8475946670414     
   4769.7876726008781      < Th <    5044.7808795519813     
   80.000000011948813      < Ts <   80.000000012550444     
   5.9198958046028278E+018 < Ne <   5.9218855371655547E+018
   5.9198958046028278E+018 < Nh <   5.9218855368644844E+018
 CFL_Te=   1.7994514303018281E-003 maxCFL_Ne=   1.3901678125803124E-003 maxCFL_Ts=   5.1020110948747546E-004 CPU=   722.06676073758285      NumThreads=                    8 Elapsed time=   1.1079307946301381E-002
 CFL_Limit=   1.0000000000000000E-003
 dt_init=   1.0000000000000001E-018 dt=   1.0000000000000001E-018
 Time=  -9.3000000000357002E-014 Intensity=   307050784.68967545     
   4769.2850648979866      < Te <    4949.2108782452697     
   4769.2385078435154      < Th <    5038.7846483486201     
   80.000000016868341      < Ts <   80.000000017703911     
   8.2685082293557780E+018 < Ne <   8.2712595124569528E+018
   8.2685082293557780E+018 < Nh <   8.2712595120539515E+018
 CFL_Te=   1.7991714506715327E-003 maxCFL_Ne=   1.3901597285606963E-003 maxCFL_Ts=   5.1020110950137764E-004 CPU=   722.00955355775216      NumThreads=                    8 Elapsed time=   1.1080185796128936E-002
 CFL_Limit=   1.0000000000000000E-003
 dt_init=   1.0000000000000001E-018 dt=   1.0000000000000001E-018
 Time=  -9.2000000000360338E-014 Intensity=   423095192.00701851     
   4768.7343752248307      < Te <    4945.5344132569471     
   4768.6808306217126      < Th <    5047.1530978719111     
   80.000000023711678      < Ts <   80.000000024894547     
   1.1510054410258039E+019 < Ne <   1.1513845586179809E+019
   1.1510054410258039E+019 < Nh <   1.1513845585633145E+019
 CFL_Te=   1.7989330278988577E-003 maxCFL_Ne=   1.3902783453597059E-003 maxCFL_Ts=   5.1020110952073932E-004 CPU=   721.94362191455753      NumThreads=                    8 Elapsed time=   1.1081197696274966E-002
 CFL_Limit=   1.0000000000000000E-003
 dt_init=   1.0000000000000001E-018 dt=   1.0000000000000001E-018
 Time=  -9.1000000000363675E-014 Intensity=   580979513.56964755     
   4768.1654510101143      < Te <    4956.5807583591350     
   4768.0987548156472      < Th <    5048.7489003668479     
   80.000000033223770      < Ts <   80.000000034914791     
   1.5968550138760253E+019 < Ne <   1.5973756197049559E+019
   1.5968550138760253E+019 < Nh <   1.5973756196281721E+019
 CFL_Te=   1.7987030505158196E-003 maxCFL_Ne=   1.3900303528572738E-003 maxCFL_Ts=   5.1020110954767286E-004 CPU=   721.88710623855366      NumThreads=                    8 Elapsed time=   1.1082065229956237E-002
 CFL_Limit=   1.0000000000000000E-003
 dt_init=   1.0000000000000001E-018 dt=   1.0000000000000001E-018
 Time=  -9.0000000000367011E-014 Intensity=   795020627.86572671     
   4767.5676011280975      < Te <    4947.4128928908349     
   4767.5083269188062      < Th <    5040.9272109101448     
   80.000000046393794      < Ts <   80.000000048749058     
   2.2079655610317935E+019 < Ne <   2.2086779806898094E+019
   2.2079655610317935E+019 < Nh <   2.2086779805831786E+019
 CFL_Te=   1.7987443747342323E-003 maxCFL_Ne=   1.3894016206813329E-003 maxCFL_Ts=   5.1020110958493385E-004 CPU=   721.82894691502895      NumThreads=                    8 Elapsed time=   1.1082958135983053E-002
 CFL_Limit=   1.0000000000000000E-003
 dt_init=   1.0000000000000001E-018 dt=   1.0000000000000001E-018
 Time=  -8.9000000000370348E-014 Intensity=   1084153623.5544016     
   4766.9690988328475      < Te <    4949.5716005375025     
   4766.9014696179720      < Th <    5044.0810623703137     
   80.000000064525835      < Ts <   80.000000067821503     
   3.0426964531433767E+019 < Ne <   3.0436679915629597E+019
   3.0426964531433767E+019 < Nh <   3.0436679914190172E+019
 CFL_Te=   1.7983013246255747E-003 maxCFL_Ne=   1.3890957016933071E-003 maxCFL_Ts=   5.1020110963625651E-004 CPU=   721.76630596555538      NumThreads=                    8 Elapsed time=   1.1083920008288364E-002
 CFL_Limit=   1.0000000000000000E-003
 dt_init=   1.0000000000000001E-018 dt=   1.0000000000000001E-018
 Time=  -8.8000000000373684E-014 Intensity=   1473323459.8778813     
   4766.3671976468213      < Te <    4955.3302778603120     
   4766.2676471752911      < Th <    5029.2938157576573     
   80.000000089493881      < Ts <   80.000000094047834     
   4.1789322729141633E+019 < Ne <   4.1802525764873921E+019
   4.1789322729141633E+019 < Nh <   4.1802525762872254E+019
 CFL_Te=   1.7980308198834701E-003 maxCFL_Ne=   1.3896032573515310E-003 maxCFL_Ts=   5.1020110970686030E-004 CPU=   721.69940249610522      NumThreads=                    8 Elapsed time=   1.1084947517388548E-002
 CFL_Limit=   1.0000000000000000E-003
 dt_init=   1.0000000000000001E-018 dt=   1.0000000000000001E-018
 Time=  -8.7000000000377020E-014 Intensity=   1995263384.2989130     
   4765.7615247370823      < Te <    4945.1914507452220     
   4765.6307679070833      < Th <    5021.6290586455461     
   80.000000123794990      < Ts <   80.000000130030614     
   5.7202272000818897E+019 < Ne <   5.7220152770348573E+019
   5.7202272000818889E+019 < Nh <   5.7220152767687868E+019
 CFL_Te=   1.7977825708374684E-003 maxCFL_Ne=   1.3889325820169022E-003 maxCFL_Ts=   5.1020110980384164E-004 CPU=   721.63884181615072      NumThreads=                    8 Elapsed time=   1.1085877777679450E-002
 CFL_Limit=   1.0000000000000000E-003
 dt_init=   1.0000000000000001E-018 dt=   1.0000000000000001E-018
 Time=  -8.6000000000380357E-014 Intensity=   2692757295.9581451     
   4765.1381732287382      < Te <    4946.4646300046552     
   4764.9891843871064      < Th <    5036.2982446684573     
   80.000000170626507      < Ts <   80.000000179155222     
   7.8037502276198367E+019 < Ne <   7.8061634032015294E+019
   7.8037502276198351E+019 < Nh <   7.8061634028345147E+019
 CFL_Te=   1.7975392361296945E-003 maxCFL_Ne=   1.3891702142971479E-003 maxCFL_Ts=   5.1020110993631109E-004 CPU=   721.57759278991068      NumThreads=                    8 Elapsed time=   1.1086818770340090E-002
 CFL_Limit=   1.0000000000000000E-003
 dt_init=   1.0000000000000001E-018 dt=   1.0000000000000001E-018
 Time=  -8.5000000000383693E-014 Intensity=   3621504588.3236284     
   4764.4912706355954      < Te <    4935.4536485556409     
   4764.3337571558668      < Th <    5020.2284823122145     
   80.000000234422544      < Ts <   80.000000246054299     
   1.0610515816906641E+020 < Ne <   1.0613761336285084E+020
   1.0610515816906639E+020 < Nh <   1.0613761335763850E+020
 CFL_Te=   1.7972926520029402E-003 maxCFL_Ne=   1.3888655622097403E-003 maxCFL_Ts=   5.1020111011671756E-004 CPU=   721.51374102361171      NumThreads=                    8 Elapsed time=   1.1087799919999303E-002
 CFL_Limit=   1.0000000000000000E-003
 dt_init=   1.0000000000000001E-018 dt=   1.0000000000000001E-018
 Time=  -8.4000000000387030E-014 Intensity=   4853731164.6627903     
   4763.8386938085705      < Te <    4940.7208564163511     
   4763.6709657757665      < Th <    5023.9399018965069     
   80.000000320953845      < Ts <   80.000000336812505     
   1.4378501685470585E+020 < Ne <   1.4382851559373763E+020
   1.4378501685470583E+020 < Nh <   1.4382851558669251E+020
 CFL_Te=   1.7970399510174363E-003 maxCFL_Ne=   1.3895477842943663E-003 maxCFL_Ts=   5.1020111036150721E-004 CPU=   721.44893601632293      NumThreads=                    8 Elapsed time=   1.1088795894792195E-002
 CFL_Limit=   1.0000000000000000E-003
 dt_init=   1.0000000000000001E-018 dt=   1.0000000000000001E-018
 Time=  -8.3000000000390366E-014 Intensity=   6482719740.0118294     
   4763.1552382152813      < Te <    4960.1519207411548     
   4763.0009688932132      < Th <    5016.7018790564416     
   80.000000437790376      < Ts <   80.000000459515590     
   1.9419396907497338E+020 < Ne <   1.9425206856592209E+020
   1.9419396907497334E+020 < Nh <   1.9425206855672414E+020
 CFL_Te=   1.7967791728847372E-003 maxCFL_Ne=   1.3884132105640376E-003 maxCFL_Ts=   5.1020111069226954E-004 CPU=   721.39475425752426      NumThreads=                    8 Elapsed time=   1.1089628740416585E-002
 CFL_Limit=   1.0000000000000000E-003
 dt_init=   1.0000000000000001E-018 dt=   1.0000000000000001E-018
 Time=  -8.2000000000393702E-014 Intensity=   8628466652.9902210     
   4762.4548122524011      < Te <    4947.6539978088731     
   4762.3160330004957      < Th <    5011.5304539599629     
   80.000000595411677      < Ts <   80.000000624856938     
   2.6139893402971770E+020 < Ne <   2.6147626666430923E+020
   2.6139893402971767E+020 < Nh <   2.6147626665249666E+020
 CFL_Te=   1.7965128902514493E-003 maxCFL_Ne=   1.3887236163532529E-003 maxCFL_Ts=   5.1020111113794548E-004 CPU=   721.33367174052000      NumThreads=                    8 Elapsed time=   1.1090567809896694E-002
 CFL_Limit=   1.0000000000000000E-003
 dt_init=   1.0000000000000001E-018 dt=   1.0000000000000001E-018
 Time=  -8.1000000000397039E-014 Intensity=   11444711601.408194     
   4761.7736808377322      < Te <    4944.0761253834207     
   4761.6310140624973      < Th <    5021.4589984706536     
   80.000000807305796      < Ts <   80.000000846793142     
   3.5068636574173122E+020 < Ne <   3.5078894131996898E+020
   3.5068636574173122E+020 < Nh <   3.5078894130435627E+020
 CFL_Te=   1.7962436812718463E-003 maxCFL_Ne=   1.3877572132343766E-003 maxCFL_Ts=   5.1020111173683523E-004 CPU=   721.26292016626701      NumThreads=                    8 Elapsed time=   1.1091655728199397E-002
 CFL_Limit=   1.0000000000000000E-003
 dt_init=   1.0000000000000001E-018 dt=   1.0000000000000001E-018
 Time=  -8.0000000000400375E-014 Intensity=   15127631309.328072     
   4761.0916077675174      < Te <    4938.8669804464180     
   4760.9246197022112      < Th <    5038.1515794768939     
   80.000001090942376      < Ts <   80.000001144302161     
   4.6890191018375637E+020 < Ne <   4.6903749583703009E+020
   4.6890191018375637E+020 < Nh <   4.6903749581413863E+020
 CFL_Te=   1.7959774600373125E-003 maxCFL_Ne=   1.3874318286377619E-003 maxCFL_Ts=   5.1020111253889981E-004 CPU=   721.21176823429903      NumThreads=                    8 Elapsed time=   1.1092442403686696E-002
 CFL_Limit=   1.0000000000000000E-003
 dt_init=   1.0000000000000001E-018 dt=   1.0000000000000001E-018
 Time=  -7.9000000000403712E-014 Intensity=   19926538345.339001     
   4760.3608876032868      < Te <    4946.6360776407482     
   4760.2099584038315      < Th <    5034.4770126730473     
   80.000001469061004      < Ts <   80.000001541936101     
   6.2487659846932142E+020 < Ne <   6.2505520052522136E+020
   6.2487659846932142E+020 < Nh <   6.2505520049321725E+020
 CFL_Te=   1.7957102053735676E-003 maxCFL_Ne=   1.3875561519769331E-003 maxCFL_Ts=   5.1020111360984056E-004 CPU=   721.15858427625074      NumThreads=                    8 Elapsed time=   1.1093260448433459E-002
 CFL_Limit=   1.0000000000000000E-003
 dt_init=   1.0000000000000001E-018 dt=   1.0000000000000001E-018
 Time=  -7.8000000000407048E-014 Intensity=   26156982205.223495     
   4759.6229351982847      < Te <    4942.1717570995716     
   4759.4825200098512      < Th <    5022.4386426268193     
   80.000001972787899      < Ts <   80.000002070761994     
   8.2995926245817175E+020 < Ne <   8.3019371354729310E+020
   8.2995926245817162E+020 < Nh <   8.3019371350275837E+020
 CFL_Te=   1.7954385447226081E-003 maxCFL_Ne=   1.3874406479520460E-003 maxCFL_Ts=   5.1020111503432728E-004 CPU=   721.10170378039220      NumThreads=                    8 Elapsed time=   1.1094135484717089E-002
 CFL_Limit=   1.0000000000000000E-003
 dt_init=   1.0000000000000001E-018 dt=   1.0000000000000001E-018
 Time=  -7.7000000000410384E-014 Intensity=   34216711204.134335     
   4758.8799671389306      < Te <    4935.4333704078153     
   4758.7412631512452      < Th <    5036.4395366744466     
   80.000002639175420      < Ts <   80.000002770548065     
   1.0986786856184173E+021 < Ne <   1.0989853819082665E+021
   1.0986786856184172E+021 < Nh <   1.0989853818459990E+021
 CFL_Te=   1.7951561434460877E-003 maxCFL_Ne=   1.3876505423164513E-003 maxCFL_Ts=   5.1020111691926816E-004 CPU=   721.04215667109713      NumThreads=                    8 Elapsed time=   1.1095051691477167E-002
 CFL_Limit=   1.0000000000000000E-003
 dt_init=   1.0000000000000001E-018 dt=   1.0000000000000001E-018
 Time=  -7.6000000000413721E-014 Intensity=   44605020284.252617     
   4758.1349125275628      < Te <    4932.1673154959562     
   4757.9869000542813      < Th <    5039.6847491639683     
   80.000003520450861      < Ts <   80.000003696761823     
   1.4495634022777529E+021 < Ne <   1.4499632176451140E+021
   1.4495634022777527E+021 < Nh <   1.4499632175545262E+021
 CFL_Te=   1.7948670361143623E-003 maxCFL_Ne=   1.3872233390020223E-003 maxCFL_Ts=   5.1020111941374230E-004 CPU=   720.98770099462206      NumThreads=                    8 Elapsed time=   1.1095889692658812E-002
 CFL_Limit=   1.0000000000000000E-003
 dt_init=   1.0000000000000001E-018 dt=   1.0000000000000001E-018
 Time=  -7.5000000000417057E-014 Intensity=   57946080788.916252     
   4757.3503453886678      < Te <    4929.5182551710759     
   4757.1979354652358      < Th <    5037.1758911086699     
   80.000004681622968      < Ts <   80.000004918240165     
   1.9061520724350610E+021 < Ne <   1.9066714804702127E+021
   1.9061520724350610E+021 < Nh <   1.9066714803429232E+021
 CFL_Te=   1.7945757403551230E-003 maxCFL_Ne=   1.3864308710922670E-003 maxCFL_Ts=   5.1020112270016378E-004 CPU=   720.93107788173972      NumThreads=                    8 Elapsed time=   1.1096761182089456E-002
 CFL_Limit=   1.0000000000000000E-003
 dt_init=   1.0000000000000001E-018 dt=   1.0000000000000001E-018
 Time=  -7.4000000000420394E-014 Intensity=   75016922429.376862     
   4756.5605001656513      < Te <    4934.8552499430352     
   4756.3953464593624      < Th <    5035.5535035995008     
   80.000006204348892      < Ts <   80.000006518888000     
   2.4982330318411410E+021 < Ne <   2.4989054718056297E+021
   2.4982330318411410E+021 < Nh <   2.4989054716336108E+021
 CFL_Te=   1.7943452613556439E-003 maxCFL_Ne=   1.3865369174124605E-003 maxCFL_Ts=   5.1020112701013391E-004 CPU=   720.87780436448179      NumThreads=                    8 Elapsed time=   1.1097581242708276E-002
 CFL_Limit=   1.0000000000000000E-003
 dt_init=   1.0000000000000001E-018 dt=   1.0000000000000001E-018
 Time=  -7.3000000000423730E-014 Intensity=   96780813434.073257     
   4755.7510943104780      < Te <    4938.8584715854022     
   4755.5870489759827      < Th <    5023.7578138961353     
   80.000008195138378      < Ts <   80.000008611306356     
   3.2633579497642383E+021 < Ne <   3.2642255047740951E+021
   3.2633579497642383E+021 < Nh <   3.2642255045500370E+021
 CFL_Te=   1.7939649582048326E-003 maxCFL_Ne=   1.3860379675547127E-003 maxCFL_Ts=   5.1020113264843624E-004 CPU=   720.82930105921491      NumThreads=                    8 Elapsed time=   1.1098327978960465E-002
 CFL_Limit=   1.0000000000000000E-003
 dt_init=   1.0000000000000001E-018 dt=   1.0000000000000001E-018
 Time=  -7.2000000000427066E-014 Intensity=   124426860014.13100     
   4754.9212458473567      < Te <    4944.9556276145931     
   4756.2479985242644      < Th <    5040.4893909964940     
   80.000010793708682      < Ts <   80.000011343241894     
   4.2486815491987603E+021 < Ne <   4.2497969776408396E+021
   4.2486815491987603E+021 < Nh <   4.2497969773464157E+021
 CFL_Te=   1.7937899278772291E-003 maxCFL_Ne=   1.3859954385098381E-003 maxCFL_Ts=   5.1020113999660443E-004 CPU=   720.77588272656715      NumThreads=                    8 Elapsed time=   1.1099150501175790E-002
 CFL_Limit=   1.0000000000000000E-003
 dt_init=   1.0000000000000001E-018 dt=   1.0000000000000001E-018
 Time=  -7.1000000000430403E-014 Intensity=   159416717950.19135     
   4754.0720858360955      < Te <    4940.0094532630701     
   4755.0011812326893      < Th <    5037.0139439697832     
   80.000014171230490      < Ts <   80.000014898147299     
   5.5131870174765688E+021 < Ne <   5.5146161737345668E+021
   5.5131870174765688E+021 < Nh <   5.5146161733359790E+021
 CFL_Te=   1.7934032552685687E-003 maxCFL_Ne=   1.3856854257931427E-003 maxCFL_Ts=   5.1020114955111970E-004 CPU=   720.72331542530355      NumThreads=                    8 Elapsed time=   1.1099960038449911E-002
 CFL_Limit=   1.0000000000000000E-003
 dt_init=   1.0000000000000001E-018 dt=   1.0000000000000001E-018
 Time=  -7.0000000000433739E-014 Intensity=   203539373738.42972     
   4753.2304533574952      < Te <    4945.5052151832469     
   4753.0783895314662      < Th <    5019.8613434889476     
   80.000018549898513      < Ts <   80.000019504911592     
   7.1303650323123793E+021 < Ne <   7.1321898154845106E+021
   7.1303650323123793E+021 < Nh <   7.1321898149651992E+021
 CFL_Te=   1.7930615021144671E-003 maxCFL_Ne=   1.3852309689888109E-003 maxCFL_Ts=   5.1020116194221686E-004 CPU=   720.67304705782556      NumThreads=                    8 Elapsed time=   1.1100734282571405E-002
 CFL_Limit=   1.0000000000000000E-003
 dt_init=   1.0000000000000001E-018 dt=   1.0000000000000001E-018
 Time=  -6.9000000000437076E-014 Intensity=   258975005990.62750     
   4752.3552524984416      < Te <    4942.2912527075941     
   4752.1929656134780      < Th <    5020.9252387123988     
   80.000024197550005      < Ts <   80.000025440081785     
   9.1914231423929617E+021 < Ne <   9.1937450249386700E+021
   9.1914231423929617E+021 < Nh <   9.1937450242775450E+021
 CFL_Te=   1.7927229849013322E-003 maxCFL_Ne=   1.3849889906161780E-003 maxCFL_Ts=   5.1020117790559016E-004 CPU=   720.62531705048480      NumThreads=                    8 Elapsed time=   1.1101469530301758E-002
 CFL_Limit=   1.0000000000000000E-003
 dt_init=   1.0000000000000001E-018 dt=   1.0000000000000001E-018
 Time=  -6.8000000000440412E-014 Intensity=   328368974519.18756     
   4750.1585051869979      < Te <    4933.1540906323926     
   4751.2898605205955      < Th <    5022.5018157883915     
   80.000031457207641      < Ts <   80.000033067930346     
   1.1809111473302662E+022 < Ne <   1.1812055609955785E+022
   1.1809111473302662E+022 < Nh <   1.1812055609097090E+022
 CFL_Te=   1.7914934700987827E-003 maxCFL_Ne=   1.3846615475223438E-003 maxCFL_Ts=   5.1020119845711235E-004 CPU=   720.57597640846950      NumThreads=                    8 Elapsed time=   1.1102229691134023E-002
 CFL_Limit=   1.0000000000000000E-003
 dt_init=   1.0000000000000001E-018 dt=   1.0000000000000001E-018
 Time=  -6.7000000000443749E-014 Intensity=   414916998789.12958     
   4750.4418384455339      < Te <    4921.2826131638603     
   4750.3753211352487      < Th <    5014.3105843845469     
   80.000040773172017      < Ts <   80.000042849389857     
   1.5122260210072659E+022 < Ne <   1.5125980371820879E+022
   1.5122260210072659E+022 < Nh <   1.5125980370656062E+022
 CFL_Te=   1.7921907140526082E-003 maxCFL_Ne=   1.3851016025423679E-003 maxCFL_Ts=   5.1020122484863044E-004 CPU=   720.52697252359644      NumThreads=                    8 Elapsed time=   1.1102984766802756E-002
 CFL_Limit=   1.0000000000000000E-003
 dt_init=   1.0000000000000001E-018 dt=   1.0000000000000001E-018
 Time=  -6.6000000000447085E-014 Intensity=   522462572428.35266     
   4749.5403738163668      < Te <    4920.0733030926776     
   4749.4506028078204      < Th <    5005.1609090148231     
   80.000052681435463      < Ts <   80.000055340813574     
   1.9301133729776066E+022 < Ne <   1.9305818223062855E+022
   1.9301133729776066E+022 < Nh <   1.9305818221536547E+022
 CFL_Te=   1.7916444431238052E-003 maxCFL_Ne=   1.3847257780516078E-003 maxCFL_Ts=   5.1020125852170475E-004 CPU=   720.47972586509661      NumThreads=                    8 Elapsed time=   1.1103712863528833E-002
 CFL_Limit=   1.0000000000000000E-003
 dt_init=   1.0000000000000001E-018 dt=   1.0000000000000001E-018
 Time=  -6.5000000000450421E-014 Intensity=   655607608773.53748     
   4748.0079264346678      < Te <    4926.7643752324484     
   4748.5057937351648      < Th <    5016.7121957042646     
   80.000067859814095      < Ts <   80.000071267389302     
   2.4553715496526625E+022 < Ne <   2.4559594017139089E+022
   2.4553715496526625E+022 < Nh <   2.4559594015267926E+022
 CFL_Te=   1.7908691769336019E-003 maxCFL_Ne=   1.3840346361070992E-003 maxCFL_Ts=   5.1020130147702493E-004 CPU=   720.43073426466106      NumThreads=                    8 Elapsed time=   1.1104467951614457E-002
 CFL_Limit=   1.0000000000000000E-003
 dt_init=   1.0000000000000001E-018 dt=   1.0000000000000001E-018
 Time=  -6.4000000000453758E-014 Intensity=   819837215909.35083     
   4747.1182192062679      < Te <    4920.7394895401258     
   4747.5470919463014      < Th <    5008.0987572420918     
   80.000087096706736      < Ts <   80.000091447378466     
   3.1133046263205037E+022 < Ne <   3.1140397533039786E+022
   3.1133046263205037E+022 < Nh <   3.1140397530659854E+022
 CFL_Te=   1.7905308496538679E-003 maxCFL_Ne=   1.3834402938791759E-003 maxCFL_Ts=   5.1020135588841775E-004 CPU=   720.37826223038030      NumThreads=                    8 Elapsed time=   1.1105276796152912E-002
 CFL_Limit=   1.0000000000000000E-003
 dt_init=   1.0000000000000001E-018 dt=   1.0000000000000001E-018
 Time=  -6.3000000000457094E-014 Intensity=   1021659349832.0927     
   4749.8055764606097      < Te <    4925.1235609890227     
   4745.2790292280524      < Th <    5004.4264063023720     
   80.000111469834792      < Ts <   80.000117002043538     
   3.9345745676424805E+022 < Ne <   3.9354906927069091E+022
   3.9345745676424805E+022 < Nh <   3.9354906923991336E+022
 CFL_Te=   1.7927824081186547E-003 maxCFL_Ne=   1.3841003007221602E-003 maxCFL_Ts=   5.1020142487101538E-004 CPU=   720.32995958901029      NumThreads=                    8 Elapsed time=   1.1106021474609304E-002
 CFL_Limit=   1.0000000000000000E-003
 dt_init=   1.0000000000000001E-018 dt=   1.0000000000000001E-018
 Time=  -6.2000000000460431E-014 Intensity=   1268759882568.7104     
   4742.9612663196413      < Te <    4929.3691846669126     
   4745.4951623237248      < Th <    5009.5842849583996     
   80.000142207133095      < Ts <   80.000149259808452     
   4.9561853108980489E+022 < Ne <   4.9573230659364129E+022
   4.9561853108980489E+022 < Nh <   4.9573230655511007E+022
 CFL_Te=   1.7879096891636446E-003 maxCFL_Ne=   1.3822519498551664E-003 maxCFL_Ts=   5.1020151177220009E-004 CPU=   720.28150381425553      NumThreads=                    8 Elapsed time=   1.1106768614265320E-002
 CFL_Limit=   1.0000000000000000E-003
 dt_init=   1.0000000000000001E-018 dt=   1.0000000000000001E-018
 Time=  -6.1000000000463767E-014 Intensity=   1570173339800.8547     
   4744.4556186398695      < Te <    4936.7703838912739     
   4742.9156457423842      < Th <    5004.0899756030167     
   80.000180879698576      < Ts <   80.000189870679819     
   6.2226126847721079E+022 < Ne <   6.2240208039173956E+022
   6.2226126847721079E+022 < Nh <   6.2240208034337990E+022
 CFL_Te=   1.7896537063003502E-003 maxCFL_Ne=   1.3831909557821002E-003 maxCFL_Ts=   5.1020162117692473E-004 CPU=   720.23448309059916      NumThreads=                    8 Elapsed time=   1.1107493722976425E-002
 CFL_Limit=   1.0000000000000000E-003
 dt_init=   1.0000000000000001E-018 dt=   1.0000000000000001E-018
 Time=  -6.0000000000467103E-014 Intensity=   1936469201836.5425     
   4743.3104024158647      < Te <    4921.8372817483751     
   4742.8178147308681      < Th <    4999.1767172019809     
   80.000229294284694      < Ts <   80.000240633365578     
   7.7870942726570736E+022 < Ne <   7.7888309591797494E+022
   7.7870942726570736E+022 < Nh <   7.7888309585650406E+022
 CFL_Te=   1.7895532846735934E-003 maxCFL_Ne=   1.3831179722538409E-003 maxCFL_Ts=   5.1020175808903897E-004 CPU=   720.18849298835801      NumThreads=                    8 Elapsed time=   1.1108203030021644E-002
 CFL_Limit=   1.0000000000000000E-003
 dt_init=   1.0000000000000001E-018 dt=   1.0000000000000001E-018
 Time=  -5.9000000000470440E-014 Intensity=   2379953215735.2744     
   4738.7172740762344      < Te <    4920.0497318657499     
   4741.9354382915708      < Th <    5002.7431922143614     
   80.000289842663790      < Ts <   80.000304030239590     
   9.7130928227904303E+022 < Ne <   9.7152273352474566E+022
   9.7130928227904303E+022 < Nh <   9.7152273344621202E+022
 CFL_Te=   1.7864395566220411E-003 maxCFL_Ne=   1.3815431463727996E-003 maxCFL_Ts=   5.1020192919380800E-004 CPU=   720.14861975908036      NumThreads=                    8 Elapsed time=   1.1108818069631699E-002
 CFL_Limit=   1.0000000000000000E-003
 dt_init=   1.0000000000000001E-018 dt=   1.0000000000000001E-018
 Time=  -5.8000000000473776E-014 Intensity=   2914882629713.4248     
   4740.2431288938897      < Te <    4919.9793804547289     
   4741.4738019395154      < Th <    4994.7970892827270     
   80.000365136561413      < Ts <   80.000383027630050     
   1.2075946340734613E+023 < Ne <   1.2078560725211899E+023
   1.2075946340734613E+023 < Nh <   1.2078560724210972E+023
 CFL_Te=   1.7880895429865718E-003 maxCFL_Ne=   1.3819089541517670E-003 maxCFL_Ts=   5.1020214216176659E-004 CPU=   720.10246212315349      NumThreads=                    8 Elapsed time=   1.1109530130493877E-002
 CFL_Limit=   1.0000000000000000E-003
 dt_init=   1.0000000000000001E-018 dt=   1.0000000000000001E-018
 Time=  -5.7000000000477113E-014 Intensity=   3557693630525.7944     
   4737.7663710727256      < Te <    4911.5906676375771     
   4743.1900671422327      < Th <    4998.1787286731751     
   80.000458685992115      < Ts <   80.000481086188103     
   1.4964716541401314E+023 < Ne <   1.4967907587846140E+023
   1.4964716541401314E+023 < Nh <   1.4967907586549684E+023
 CFL_Te=   1.7866162590225987E-003 maxCFL_Ne=   1.3813137185963666E-003 maxCFL_Ts=   5.1020240691728770E-004 CPU=   720.05677274454627      NumThreads=                    8 Elapsed time=   1.1110235057587814E-002
 CFL_Limit=   1.0000000000000000E-003
 dt_init=   1.0000000000000001E-018 dt=   1.0000000000000001E-018
 Time=  -5.6000000000475123E-014 Intensity=   4327238540091.4380     
   4735.2882294051633      < Te <    4908.4618911710395     
   4736.9360133589971      < Th <    4991.2312854616539     
   80.000574364376675      < Ts <   80.000602169292193     
   1.8484245605504632E+023 < Ne <   1.8488127046649164E+023
   1.8484245605504632E+023 < Nh <   1.8488127045001118E+023
 CFL_Te=   1.7849030546447904E-003 maxCFL_Ne=   1.3800768799893458E-003 maxCFL_Ts=   5.1020273379263816E-004 CPU=   720.01856575764566      NumThreads=                    8 Elapsed time=   1.1110824609893124E-002
 CFL_Limit=   1.0000000000000000E-003
 dt_init=   1.0000000000000001E-018 dt=   1.0000000000000001E-018
 Time=  -5.5000000000472148E-014 Intensity=   5245029512467.1377     
   4733.8695566229153      < Te <    4908.2198848335229     
   4738.1437618778245      < Th <    4985.8581344724498     
   80.000716762149523      < Ts <   80.000751409487179     
   2.2757428629396283E+023 < Ne <   2.2762133528527382E+023
   2.2757428629396283E+023 < Nh <   2.2762133526440766E+023
 CFL_Te=   1.7841658995565756E-003 maxCFL_Ne=   1.3805790244842929E-003 maxCFL_Ts=   5.1020313658266855E-004 CPU=   719.97706762882353      NumThreads=                    8 Elapsed time=   1.1111465017000118E-002
 CFL_Limit=   1.0000000000000000E-003
 dt_init=   1.0000000000000001E-018 dt=   1.0000000000000001E-018
 Time=  -5.4000000000469174E-014 Intensity=   6335484573989.2178     
   4731.2545247955395      < Te <    4906.4154334740851     
   4736.9503293660573      < Th <    4981.9131667613219     
   80.000891829711236      < Ts <   80.000934662568611     
   2.7927705794893736E+023 < Ne <   2.7933389135410991E+023
   2.7927705794893736E+023 < Nh <   2.7933389132810426E+023
 CFL_Te=   1.7825589765178881E-003 maxCFL_Ne=   1.3792486461783283E-003 maxCFL_Ts=   5.1020363146420003E-004 CPU=   719.93162343400718      NumThreads=                    8 Elapsed time=   1.1112166405249349E-002
 CFL_Limit=   1.0000000000000000E-003
 dt_init=   1.0000000000000001E-018 dt=   1.0000000000000001E-018
 Time=  -5.3000000000466199E-014 Intensity=   7626170880184.8320     
   4732.2819415957047      < Te <    4901.7444972573203     
   4732.3540362089325      < Th <    4981.7758721632181     
   80.001106265554711      < Ts <   80.001159237394148     
   3.4161774238417921E+023 < Ne <   3.4168615707995298E+023
   3.4161774238417915E+023 < Nh <   3.4168615704770845E+023
 CFL_Te=   1.7835192566052463E-003 maxCFL_Ne=   1.3798969760232460E-003 maxCFL_Ts=   5.1020423842992782E-004 CPU=   719.89358837674877      NumThreads=                    8 Elapsed time=   1.1112753508527268E-002
 CFL_Limit=   1.0000000000000000E-003
 dt_init=   1.0000000000000001E-018 dt=   1.0000000000000001E-018
 Time=  -5.2000000000463225E-014 Intensity=   9148039040900.5273     
   4724.3792854451831      < Te <    4898.2953180474151     
   4733.8982509745938      < Th <    4983.9439006663961     
   80.001368371172745      < Ts <   80.001433928747858     
   4.1652514391697513E+023 < Ne <   4.1660721577487477E+023
   4.1652514391697500E+023 < Nh <   4.1660721573438946E+023
 CFL_Te=   1.7782361815488488E-003 maxCFL_Ne=   1.3777123502490324E-003 maxCFL_Ts=   5.1020498040632827E-004 CPU=   719.85317697575692      NumThreads=                    8 Elapsed time=   1.1113377360657843E-002
 CFL_Limit=   1.0000000000000000E-003
 dt_init=   1.0000000000000001E-018 dt=   1.0000000000000001E-018
 Time=  -5.1000000000460250E-014 Intensity=   10935641313518.219     
   4725.0269666504109      < Te <    4903.4580382017839     
   4731.4727344627372      < Th <    4993.4905237818903     
   80.001686924638037      < Ts <   80.001767540083208     
   5.0622119962851881E+023 < Ne <   5.0631931536571146E+023
   5.0622119962851867E+023 < Nh <   5.0631931531553558E+023
 CFL_Te=   1.7789358693200343E-003 maxCFL_Ne=   1.3772900956658409E-003 maxCFL_Ts=   5.1020588116706944E-004 CPU=   719.81353979514904      NumThreads=                    8 Elapsed time=   1.1113989328787441E-002
 CFL_Limit=   1.0000000000000000E-003
 dt_init=   1.0000000000000001E-018 dt=   1.0000000000000001E-018
 Time=  -5.0000000000457276E-014 Intensity=   13027325412947.795     
   4720.3412232224910      < Te <    4899.7249759517717     
   4729.0729998531469      < Th <    4988.3956507467246     
   80.002074134362829      < Ts <   80.002172782257730     
   6.1325413306999821E+023 < Ne <   6.1337102448161217E+023
   6.1325413306999808E+023 < Nh <   6.1337102441983725E+023
 CFL_Te=   1.7756671668072413E-003 maxCFL_Ne=   1.3768172727722636E-003 maxCFL_Ts=   5.1020697551812410E-004 CPU=   719.77718726357148      NumThreads=                    8 Elapsed time=   1.1114550643670958E-002
 CFL_Limit=   1.0000000000000000E-003
 dt_init=   1.0000000000000001E-018 dt=   1.0000000000000001E-018
 Time=  -4.9000000000454301E-014 Intensity=   15465394672231.150     
   4719.1674002271748      < Te <    4892.1301335068583     
   4727.7931406244052      < Th <    4988.1008438007339     
   80.002541761346663      < Ts <   80.002662382512412     
   7.4053320593578297E+023 < Ne <   7.4067198242215410E+023
   7.4053320593578283E+023 < Nh <   7.4067198234349070E+023
 CFL_Te=   1.7752148127066567E-003 maxCFL_Ne=   1.3759889431452284E-003 maxCFL_Ts=   5.1020829771731484E-004 CPU=   719.74174822969121      NumThreads=                    8 Elapsed time=   1.1115097907933165E-002
 CFL_Limit=   1.0000000000000000E-003
 dt_init=   1.0000000000000001E-018 dt=   1.0000000000000001E-018
 Time=  -4.8000000000451327E-014 Intensity=   18296224350930.977     
   4716.3308772171040      < Te <    4889.5748837448118     
   4726.0305110402523      < Th <    4985.5847332378562     
   80.003105509438598      < Ts <   80.003253020965687     
   8.9136472237859370E+023 < Ne <   8.9152891145367962E+023
   8.9136472237859370E+023 < Nh <   8.9152891135362124E+023
 CFL_Te=   1.7732169021076485E-003 maxCFL_Ne=   1.3752791900454907E-003 maxCFL_Ts=   5.1020989246103408E-004 CPU=   719.70107393287481      NumThreads=                    8 Elapsed time=   1.1115726083724234E-002
 CFL_Limit=   1.0000000000000000E-003
 dt_init=   1.0000000000000001E-018 dt=   1.0000000000000001E-018
 Time=  -4.7000000000448352E-014 Intensity=   21570323077270.426     
   4712.9296587907038      < Te <    4891.8724717432351     
   4726.6627649854308      < Th <    4996.3950370028797     
   80.003782994847882      < Ts <   80.003962823058885     
   1.0694888443269653E+024 < Ne <   1.0696824308579282E+024
   1.0694888443269653E+024 < Nh <   1.0696824307336073E+024
 CFL_Te=   1.7710122952846294E-003 maxCFL_Ne=   1.3748836825161598E-003 maxCFL_Ts=   5.1021180886978712E-004 CPU=   719.66345518180549      NumThreads=                    8 Elapsed time=   1.1116307132726358E-002
 CFL_Limit=   1.0000000000000000E-003
 dt_init=   1.0000000000000001E-018 dt=   1.0000000000000001E-018
 Time=  -4.6000000000445378E-014 Intensity=   25342327775993.938     
   4707.9610517895444      < Te <    4895.4687034905646     
   4726.0074840274046      < Th <    5007.9598660913962     
   80.004593742692450      < Ts <   80.004813590982792     
   1.2791166794251684E+024 < Ne <   1.2793441406696026E+024
   1.2791166794251684E+024 < Nh <   1.2793441405140073E+024
 CFL_Te=   1.7674568273203647E-003 maxCFL_Ne=   1.3735869264707319E-003 maxCFL_Ts=   5.1021410249131149E-004 CPU=   719.63050752224376      NumThreads=                    8 Elapsed time=   1.1116816083221320E-002
 CFL_Limit=   1.0000000000000000E-003
 dt_init=   1.0000000000000001E-018 dt=   1.0000000000000001E-018
 Time=  -4.5000000000442403E-014 Intensity=   29670920032114.766     
   4703.5871761367353      < Te <    4895.4634547818669     
   4721.6764697584777      < Th <    4998.3871660133236     
   80.005561852821970      < Ts <   80.005829487255681     
   1.5249669924752410E+024 < Ne <   1.5252333348905982E+024
   1.5249669924752410E+024 < Nh <   1.5252333346996700E+024
 CFL_Te=   1.7643904862072314E-003 maxCFL_Ne=   1.3729964027518343E-003 maxCFL_Ts=   5.1021684137527302E-004 CPU=   719.59284231864740      NumThreads=                    8 Elapsed time=   1.1117397963857831E-002
 CFL_Limit=   1.0000000000000000E-003
 dt_init=   1.0000000000000001E-018 dt=   1.0000000000000001E-018
 Time=  -4.4000000000439429E-014 Intensity=   34618651727643.855     
   4701.1565043954724      < Te <    4884.7881691618441     
   4718.6363577445918      < Th <    5005.3100313111217     
   80.006711021455757      < Ts <   80.007034842559833     
   1.8123017848380860E+024 < Ne <   1.8126125772363823E+024
   1.8123017848380860E+024 < Nh <   1.8126125770035616E+024
 CFL_Te=   1.7627237677613141E-003 maxCFL_Ne=   1.3722364736932823E-003 maxCFL_Ts=   5.1022009080156270E-004 CPU=   719.55436988046074      NumThreads=                    8 Elapsed time=   1.1117992378156270E-002
 CFL_Limit=   1.0000000000000000E-003
 dt_init=   1.0000000000000001E-018 dt=   1.0000000000000001E-018
 Time=  -4.3000000000436454E-014 Intensity=   40251668020119.102     
   4695.1852071841085      < Te <    4879.2007122980131     
   4715.6996965786057      < Th <    5004.4562211750044     
   80.008077894054949      < Ts <   80.008466160515653     
   2.1469598790931844E+024 < Ne <   2.1473212791300465E+024
   2.1469598790931844E+024 < Nh <   2.1473212788414064E+024
 CFL_Te=   1.7585260584370155E-003 maxCFL_Ne=   1.3707326305144438E-003 maxCFL_Ts=   5.1022395338344703E-004 CPU=   719.51992486156803      NumThreads=                    8 Elapsed time=   1.1118524621175931E-002
 CFL_Limit=   1.0000000000000000E-003
 dt_init=   1.0000000000000001E-018 dt=   1.0000000000000001E-018
 Time=  -4.2000000000433480E-014 Intensity=   46639316361462.930     
   4689.6772021460274      < Te <    4868.6988214160892     
   4715.3101907629989      < Th <    4994.4755693203906     
   80.009693559675725      < Ts <   80.010158858034785     
   2.5353875378418659E+024 < Ne <   2.5358063286529686E+024
   2.5353875378418659E+024 < Nh <   2.5358063282924244E+024
 CFL_Te=   1.7542299832803644E-003 maxCFL_Ne=   1.3689692717667493E-003 maxCFL_Ts=   5.1022852334927185E-004 CPU=   719.48415068814552      NumThreads=                    8 Elapsed time=   1.1119077456186430E-002
 CFL_Limit=   1.0000000000000000E-003
 dt_init=   1.0000000000000001E-018 dt=   1.0000000000000001E-018
 Time=  -4.1000000000430505E-014 Intensity=   53853631331000.812     
   4686.1837683244148      < Te <    4853.5209271842850     
   4713.3981837677939      < Th <    4989.3734302147695     
   80.011596174606851      < Ts <   80.012153259580785     
   2.9846650582729022E+024 < Ne <   2.9851486728854219E+024
   2.9846650582729022E+024 < Nh <   2.9851486724286908E+024
 CFL_Te=   1.7515705530267022E-003 maxCFL_Ne=   1.3681056993409188E-003 maxCFL_Ts=   5.1023390725688357E-004 CPU=   719.44849713217855      NumThreads=                    8 Elapsed time=   1.1119628481940137E-002
 CFL_Limit=   1.0000000000000000E-003
 dt_init=   1.0000000000000001E-018 dt=   1.0000000000000001E-018
 Time=  -4.0000000000427531E-014 Intensity=   61968686616517.875     
   4678.4371573911949      < Te <    4852.5836625347411     
   4711.0803637941281      < Th <    4981.8078298622468     
   80.013834891522180      < Ts <   80.014496562179517     
   3.5025281853585046E+024 < Ne <   3.5030847269812136E+024
   3.5025281853585046E+024 < Nh <   3.5030847264028667E+024
 CFL_Te=   1.7460193057881660E-003 maxCFL_Ne=   1.3667081482780989E-003 maxCFL_Ts=   5.1024023289449863E-004 CPU=   719.41376337114355      NumThreads=                    8 Elapsed time=   1.1120165344783406E-002
 CFL_Limit=   1.0000000000000000E-003
 dt_init=   1.0000000000000001E-018 dt=   1.0000000000000001E-018
 Time=  -3.9000000000424557E-014 Intensity=   71059807549599.203     
   4677.2859249523617      < Te <    4840.6299510795197     
   4709.5455901594032      < Th <    4980.6381733675080     
   80.016464119194978      < Ts <   80.017248214989976     
   4.0973831277590574E+024 < Ne <   4.0980213772994344E+024
   4.0973831277590574E+024 < Nh <   4.0980213765714460E+024
 CFL_Te=   1.7447730024667903E-003 maxCFL_Ne=   1.3667153724890118E-003 maxCFL_Ts=   5.1024765648726399E-004 CPU=   719.38241194865861      NumThreads=                    8 Elapsed time=   1.1120649972981199E-002
 CFL_Limit=   1.0000000000000000E-003
 dt_init=   1.0000000000000001E-018 dt=   1.0000000000000001E-018
 Time=  -3.8000000000421582E-014 Intensity=   81202640199250.766     
   4665.7526619300306      < Te <    4831.9464631525771     
   4706.5612087016325      < Th <    4976.4162757983513     
   80.019527338995346      < Ts <   80.020459031628022     
   4.7783139066733192E+024 < Ne <   4.7790433317438486E+024
   4.7783139066733192E+024 < Nh <   4.7790433308349637E+024
 CFL_Te=   1.7353913208805524E-003 maxCFL_Ne=   1.3641775344850422E-003 maxCFL_Ts=   5.1025631146252033E-004 CPU=   719.35046763308765      NumThreads=                    8 Elapsed time=   1.1121143809529688E-002
 CFL_Limit=   1.0000000000000000E-003
 dt_init=   1.0000000000000001E-018 dt=   1.0000000000000001E-018
 Time=  -3.7000000000418608E-014 Intensity=   92472076146496.750     
   4658.1340694306245      < Te <    4826.7161979553512     
   4705.6293208747675      < Th <    4975.5975883574565     
   80.023090391136904      < Ts <   80.024194192649318     
   5.5550807681267384E+024 < Ne <   5.5559115139228278E+024
   5.5550807681267384E+024 < Nh <   5.5559115127999956E+024
 CFL_Te=   1.7296475796412208E-003 maxCFL_Ne=   1.3629363933009232E-003 maxCFL_Ts=   5.1026637743288182E-004 CPU=   719.31842682561398      NumThreads=                    8 Elapsed time=   1.1121639181835471E-002
 CFL_Limit=   1.0000000000000000E-003
 dt_init=   1.0000000000000001E-018 dt=   1.0000000000000001E-018
 Time=  -3.6000000000415633E-014 Intensity=   104941035677997.53     
   4652.5772994776962      < Te <    4820.8486265676001     
   4703.0270824492800      < Th <    4963.1963674202098     
   80.027238380850918      < Ts <   80.028534740199348     
   6.4381083247906247E+024 < Ne <   6.4390512101687329E+024
   6.4381083247906247E+024 < Nh <   6.4390512087895953E+024
 CFL_Te=   1.7246812359175024E-003 maxCFL_Ne=   1.3615514446563284E-003 maxCFL_Ts=   5.1027808815441093E-004 CPU=   719.28515724514796      NumThreads=                    8 Elapsed time=   1.1122153598497551E-002
 CFL_Limit=   1.0000000000000000E-003
 dt_init=   1.0000000000000001E-018 dt=   1.0000000000000001E-018
 Time=  -3.5000000000412659E-014 Intensity=   118679116201979.36     
   4641.9667019816143      < Te <    4811.4583732736091     
   4701.4856982037918      < Th <    4959.7216499572669     
   80.032040350370352      < Ts <   80.033554319440285     
   7.4384622465445687E+024 < Ne <   7.4395287052560694E+024
   7.4384622465445687E+024 < Nh <   7.4395287035475196E+024
 CFL_Te=   1.7161541956835051E-003 maxCFL_Ne=   1.3596697402737884E-003 maxCFL_Ts=   5.1029164911365731E-004 CPU=   719.24762471868223      NumThreads=                    8 Elapsed time=   1.1122733986266583E-002
 CFL_Limit=   1.0000000000000000E-003
 dt_init=   1.0000000000000001E-018 dt=   1.0000000000000001E-018
 Time=  -3.4000000000409684E-014 Intensity=   133751117135265.58     
   4636.2185681829878      < Te <    4796.6111954997186     
   4698.5140801240723      < Th <    4948.3193564663325     
   80.037571926064928      < Ts <   80.039330979760749     
   8.5678132890759255E+024 < Ne <   8.5690153451762183E+024
   8.5678132890759255E+024 < Nh <   8.5690153430590497E+024
 CFL_Te=   1.7107040165310926E-003 maxCFL_Ne=   1.3586978666097981E-003 maxCFL_Ts=   5.1030726240159025E-004 CPU=   719.21174909614729      NumThreads=                    8 Elapsed time=   1.1123288808968729E-002
 CFL_Limit=   1.0000000000000000E-003
 dt_init=   1.0000000000000001E-018 dt=   1.0000000000000001E-018
 Time=  -3.3000000000406710E-014 Intensity=   150215457241480.31     
   4632.0298415660091      < Te <    4795.1429188162938     
   4697.8651793411927      < Th <    4948.2897692505103     
   80.043933778044718      < Ts <   80.045983528726666     
   9.8383876509287509E+024 < Ne <   9.8397378664153122E+024
   9.8383876509287509E+024 < Nh <   9.8397378637923263E+024
 CFL_Te=   1.7063160316346192E-003 maxCFL_Ne=   1.3581379074814022E-003 maxCFL_Ts=   5.1032524512718673E-004 CPU=   719.18976461559157      NumThreads=                    8 Elapsed time=   1.1123628830112755E-002
 CFL_Limit=   1.0000000000000000E-003
 dt_init=   1.0000000000000001E-018 dt=   1.0000000000000001E-018
 Time=  -3.2000000000403735E-014 Intensity=   168122505300198.00     
   4617.7355962581651      < Te <    4792.3117670427691     
   4699.0491096638016      < Th <    4941.0871986397351     
   80.051234101378682      < Ts <   80.053614473809702     
   1.1262902710832715E+025 < Ne <   1.1264414143093318E+025
   1.1262902710832715E+025 < Nh <   1.1264414139855241E+025
 CFL_Te=   1.6944615256459248E-003 maxCFL_Ne=   1.3558487859677180E-003 maxCFL_Ts=   5.1034585410848678E-004 CPU=   719.15802822706496      NumThreads=                    8 Elapsed time=   1.1124119714998304E-002
 CFL_Limit=   1.0000000000000000E-003
 dt_init=   1.0000000000000001E-018 dt=   1.0000000000000001E-018
 Time=  -3.1000000000400761E-014 Intensity=   187512849914193.53     
   4612.9504427420725      < Te <    4775.9606116842288     
   4695.6144467809627      < Th <    4935.2379095316583     
   80.059584290982826      < Ts <   80.062343203824540     
   1.2854487615266726E+025 < Ne <   1.2856173671027217E+025
   1.2854487615266726E+025 < Nh <   1.2856173667071965E+025
 CFL_Te=   1.6892658277106825E-003 maxCFL_Ne=   1.3551812171232619E-003 maxCFL_Ts=   5.1036939483484482E-004 CPU=   719.12445815326930      NumThreads=                    8 Elapsed time=   1.1124639009698283E-002
 CFL_Limit=   1.0000000000000000E-003
 dt_init=   1.0000000000000001E-018 dt=   1.0000000000000001E-018
 Time=  -3.0000000000397786E-014 Intensity=   208415539059104.16     
   4596.6810513236678      < Te <    4771.8250627606349     
   4694.0306396352853      < Th <    4940.7191690230475     
   80.069114728555405      < Ts <   80.072314953755296     
   1.4626588068527096E+025 < Ne <   1.4628462439341802E+025
   1.4626588068527096E+025 < Nh <   1.4628462434505916E+025
 CFL_Te=   1.6752625639689092E-003 maxCFL_Ne=   1.3529639796717233E-003 maxCFL_Ts=   5.1039627535419483E-004 CPU=   719.09069030291482      NumThreads=                    8 Elapsed time=   1.1125161412714192E-002
 CFL_Limit=   1.0000000000000000E-003
 dt_init=   1.0000000000000001E-018 dt=   1.0000000000000001E-018
 Time=  -2.9000000000394812E-014 Intensity=   230846324469058.75     
   4590.5234838023398      < Te <    4770.3989286293345     
   4693.2889475737829      < Th <    4925.7154107465776     
   80.079932868698180      < Ts <   80.083643670278107     
   1.6592855442120573E+025 < Ne <   1.6594931981549963E+025
   1.6592855442120573E+025 < Nh <   1.6594931975687612E+025
 CFL_Te=   1.6688266561180113E-003 maxCFL_Ne=   1.3523891858022450E-003 maxCFL_Ts=   5.1042678591632640E-004 CPU=   719.06236477816492      NumThreads=                    8 Elapsed time=   1.1125599658477535E-002
 CFL_Limit=   1.0000000000000000E-003
 dt_init=   1.0000000000000001E-018 dt=   1.0000000000000001E-018
 Time=  -2.8000000000393169E-014 Intensity=   254805949950995.38     
   4585.0472232191323      < Te <    4759.7151918865138     
   4696.0021713742144      < Th <    4929.3565349419214     
   80.092212535547532      < Ts <   80.096491563657793     
   1.8767020174771198E+025 < Ne <   1.8769312829783026E+025
   1.8767020174771198E+025 < Nh <   1.8769312822762848E+025
 CFL_Te=   1.6623879951295035E-003 maxCFL_Ne=   1.3523614579797458E-003 maxCFL_Ts=   5.1046134166982571E-004 CPU=   719.03075624755002      NumThreads=                    8 Elapsed time=   1.1126088738888016E-002
 CFL_Limit=   1.0000000000000000E-003
 dt_init=   1.0000000000000001E-018 dt=   1.0000000000000001E-018
 Time=  -2.7000000000393350E-014 Intensity=   280278526036165.84     
   4579.0525633791312      < Te <    4749.3038510954193     
   4690.3394555236046      < Th <    4931.7354095754235     
   80.106117368137973      < Ts <   80.111009570496947     
   2.1162750185320677E+025 < Ne <   2.1165272676473032E+025
   2.1162750185320677E+025 < Nh <   2.1165272668036664E+025
 CFL_Te=   1.6553359688198490E-003 maxCFL_Ne=   1.3524308226036087E-003 maxCFL_Ts=   5.1050039981933887E-004 CPU=   719.00217801305223      NumThreads=                    8 Elapsed time=   1.1126530968387100E-002
 CFL_Limit=   1.0000000000000000E-003
 dt_init=   1.0000000000000001E-018 dt=   1.0000000000000001E-018
 Time=  -2.6000000000393531E-014 Intensity=   307230035825304.94     
   4559.9962477032532      < Te <    4739.2648530037986     
   4691.8879140042509      < Th <    4933.8693939444620     
   80.121759642930996      < Ts <   80.127368723512134     
   2.3793495179655249E+025 < Ne <   2.3796260930518053E+025
   2.3793495179655249E+025 < Nh <   2.3796260920361332E+025
 CFL_Te=   1.6383828291798579E-003 maxCFL_Ne=   1.3505860896472724E-003 maxCFL_Ts=   5.1054433197206186E-004 CPU=   718.97467543787138      NumThreads=                    8 Elapsed time=   1.1126956585957391E-002
 CFL_Limit=   1.0000000000000000E-003
 dt_init=   1.0000000000000001E-018 dt=   1.0000000000000001E-018
 Time=  -2.5000000000393712E-014 Intensity=   335607018286696.19     
   4554.0366286276258      < Te <    4731.5046384426596     
   4694.1021079625107      < Th <    4936.3302648486269     
   80.139367450426263      < Ts <   80.145758398412326     
   2.6672318129015536E+025 < Ne <   2.6675340141686454E+025
   2.6672318129015536E+025 < Nh <   2.6675340129530202E+025
 CFL_Te=   1.6307696792986198E-003 maxCFL_Ne=   1.3509791073773592E-003 maxCFL_Ts=   5.1059377117956286E-004 CPU=   718.94689962607481      NumThreads=                    8 Elapsed time=   1.1127386465065515E-002
 CFL_Limit=   1.0000000000000000E-003
 dt_init=   1.0000000000000001E-018 dt=   1.0000000000000001E-018
 Time=  -2.4000000000393893E-014 Intensity=   365335475465723.00     
   4548.5314826351323      < Te <    4708.9614132966854     
   4695.4491510994267      < Th <    4942.5591211651335     
   80.159076684668435      < Ts <   80.166369201689292     
   2.9811715967857317E+025 < Ne <   2.9815006552981339E+025
   2.9811715967857317E+025 < Nh <   2.9815006538401458E+025
 CFL_Te=   1.6231117495052823E-003 maxCFL_Ne=   1.3517672104469578E-003 maxCFL_Ts=   5.1064905173564329E-004 CPU=   718.92022087074372      NumThreads=                    8 Elapsed time=   1.1127799396587481E-002
 CFL_Limit=   1.0000000000000000E-003
 dt_init=   1.0000000000000001E-018 dt=   1.0000000000000001E-018
 Time=  -2.3000000000394074E-014 Intensity=   396320048934197.12     
   4543.0488682851410      < Te <    4699.0697307411247     
   4698.8299167856212      < Th <    4944.4494405342039     
   80.181155380970779      < Ts <   80.189409010738061     
   3.3223431377594908E+025 < Ne <   3.3227002008686849E+025
   3.3223431377594908E+025 < Nh <   3.3227001991306580E+025
 CFL_Te=   1.6149951483508487E-003 maxCFL_Ne=   1.3526059418335001E-003 maxCFL_Ts=   5.1071082694173475E-004 CPU=   718.89411998332264      NumThreads=                    8 Elapsed time=   1.1128203413578607E-002
 CFL_Limit=   1.0000000000000000E-003
 dt_init=   1.0000000000000001E-018 dt=   1.0000000000000001E-018
 Time=  -2.2000000000394255E-014 Intensity=   428443508248522.69     
   4538.4818485526466      < Te <    4694.3621232304049     
   4702.4516495344578      < Th <    4937.0923098595149     
   80.205760503376339      < Ts <   80.215108254879425     
   3.6918258264845118E+025 < Ne <   3.6922119390633816E+025
   3.6918258264845118E+025 < Nh <   3.6922119369976616E+025
 CFL_Te=   1.6077433513273492E-003 maxCFL_Ne=   1.3543430199498144E-003 maxCFL_Ts=   5.1077957894880171E-004 CPU=   718.86841257613537      NumThreads=                    8 Elapsed time=   1.1128601368547014E-002
 CFL_Limit=   1.0000000000000000E-003
 dt_init=   1.0000000000000001E-018 dt=   1.0000000000000001E-018
 Time=  -2.1000000000394436E-014 Intensity=   461566590146842.62     
   4516.3460444980565      < Te <    4689.2015822058893     
   4704.9744613618341      < Th <    4945.6755501136904     
   80.233065855357694      < Ts <   80.243616113377385     
   4.0905844267622655E+025 < Ne <   4.0910005172243329E+025
   4.0905844267622655E+025 < Nh <   4.0910005147950316E+025
 CFL_Te=   1.5869440056855675E-003 maxCFL_Ne=   1.3542506967116404E-003 maxCFL_Ts=   5.1085585554162902E-004 CPU=   718.84061837910895      NumThreads=                    8 Elapsed time=   1.1129031659394745E-002
 CFL_Limit=   1.0000000000000000E-003
 dt_init=   1.0000000000000001E-018 dt=   1.0000000000000001E-018
 Time=  -2.0000000000394617E-014 Intensity=   495528221700865.88     
   4529.4768543649434      < Te <    4690.5115747759201     
   4709.6546052769691      < Th <    4965.4743824850948     
   80.263278326494330      < Ts <   80.275222244663468     
   4.5194493215820804E+025 < Ne <   4.5198961756061584E+025
   4.5194493215820804E+025 < Nh <   4.5198961727698564E+025
 CFL_Te=   1.5916498268972253E-003 maxCFL_Ne=   1.3581591487068746E-003 maxCFL_Ts=   5.1094023142917648E-004 CPU=   718.81334251746944      NumThreads=                    8 Elapsed time=   1.1129453958077545E-002
 CFL_Limit=   1.0000000000000000E-003
 dt_init=   1.0000000000000001E-018 dt=   1.0000000000000001E-018
 Time=  -1.9000000000394798E-014 Intensity=   530146153688799.69     
   4526.9194085089166      < Te <    4686.2372223854882     
   4713.6781376135086      < Th <    4955.2024995730408     
   80.296727705770181      < Ts <   80.310138094620868     
   4.9790971153550919E+025 < Ne <   4.9795753599465389E+025
   4.9790971153550919E+025 < Nh <   4.9795753566625923E+025
 CFL_Te=   1.5842920186492312E-003 maxCFL_Ne=   1.3615073780964256E-003 maxCFL_Ts=   5.1103330302253939E-004 CPU=   718.78570570966565      NumThreads=                    8 Elapsed time=   1.1129881877800429E-002
 CFL_Limit=   1.0000000000000000E-003
 dt_init=   1.0000000000000001E-018 dt=   1.0000000000000001E-018
 Time=  -1.8000000000394979E-014 Intensity=   565218022186472.75     
   4505.8051199730053      < Te <    4682.4856967699907     
   4718.7980880639652      < Th <    4962.3861215679726     
   80.333554519915282      < Ts <   80.348595825828667     
   5.4700319572482022E+025 < Ne <   5.4705420354229418E+025
   5.4700319572482022E+025 < Nh <   5.4705420316372502E+025
 CFL_Te=   1.5630395887929597E-003 maxCFL_Ne=   1.3631002614752283E-003 maxCFL_Ts=   5.1113554193360738E-004 CPU=   718.75842933701165      NumThreads=                    8 Elapsed time=   1.1130304248924444E-002
 CFL_Limit=   1.0000000000000000E-003
 dt_init=   1.0000000000000001E-018 dt=   1.0000000000000001E-018
 Time=  -1.7000000000395159E-014 Intensity=   600522846939103.12     
   4504.0647178737818      < Te <    4697.3274696284952     
   4723.9260188653489      < Th <    4981.3138875437517     
   80.374046362197916      < Ts <   80.390926465825643     
   5.9925680399149306E+025 < Ne <   5.9931102234706299E+025
   5.9925680399149306E+025 < Nh <   5.9931102191453934E+025
 CFL_Te=   1.5556984346115740E-003 maxCFL_Ne=   1.3673227631772521E-003 maxCFL_Ts=   5.1124768533400205E-004 CPU=   718.73131337467623      NumThreads=                    8 Elapsed time=   1.1130724167891628E-002
 CFL_Limit=   1.0000000000000000E-003
 dt_init=   1.0000000000000001E-018 dt=   1.0000000000000001E-018
 Time=  -1.6000000000395340E-014 Intensity=   635822964715934.62     
   4503.0315767264001      < Te <    4693.0527998098742     
   4730.0726640619678      < Th <    4988.1445757115516     
   80.418373456038452      < Ts <   80.437276046844090     
   6.5468135870872806E+025 < Ne <   6.5473879278439818E+025
   6.5468135870872806E+025 < Nh <   6.5473879229524496E+025
 CFL_Te=   1.5485448389656532E-003 maxCFL_Ne=   1.3721165534100813E-003 maxCFL_Ts=   5.1137017164435534E-004 CPU=   718.70570831463942      NumThreads=                    8 Elapsed time=   1.1131120718047380E-002
 CFL_Limit=   1.0000000000000000E-003
 dt_init=   1.0000000000000001E-018 dt=   1.0000000000000001E-018
 Time=  -1.5000000000395521E-014 Intensity=   670866384802205.62     
   4521.2272901754295      < Te <    4712.2748974631340     
   4735.9386091049601      < Th <    4994.2190180930593     
   80.466701682154323      < Ts <   80.487986869244779     
   7.1326567572852168E+025 < Ne <   7.1332630931251421E+025
   7.1326567572852168E+025 < Nh <   7.1332630876601965E+025
 CFL_Te=   1.5547962093753023E-003 maxCFL_Ne=   1.3778108984478113E-003 maxCFL_Ts=   5.1150366196862039E-004 CPU=   718.67924520578163      NumThreads=                    8 Elapsed time=   1.1131530586651818E-002
 CFL_Limit=   1.0000000000000000E-003
 dt_init=   1.0000000000000001E-018 dt=   1.0000000000000001E-018
 Time=  -1.4000000000395702E-014 Intensity=   705389542384174.25     
   4522.2813768923761      < Te <    4729.1538481350926     
   4742.7944321175964      < Th <    5002.0521092817989     
   80.519489944752678      < Ts <   80.543368080884846     
   7.7497538429213724E+025 < Ne <   7.7503917927149125E+025
   7.7497538429213724E+025 < Nh <   7.7503917866660043E+025
 CFL_Te=   1.5480796602708932E-003 maxCFL_Ne=   1.3838724012770860E-003 maxCFL_Ts=   5.1164873463822196E-004 CPU=   718.65322058939898      NumThreads=                    8 Elapsed time=   1.1131933693191898E-002
 CFL_Limit=   1.0000000000000000E-003
 dt_init=   1.0000000000000001E-018 dt=   1.0000000000000001E-018
 Time=  -1.3000000000395883E-014 Intensity=   739120414174029.75     
   4524.6019138012452      < Te <    4729.3550206145510     
   4763.9725112134656      < Th <    5010.7113550714148     
   80.576765130500789      < Ts <   80.603393002424440     
   8.3975200619745670E+025 < Ne <   8.3981889653810804E+025
   8.3975200619745670E+025 < Nh <   8.3981889587097060E+025
 CFL_Te=   1.5419686936967586E-003 maxCFL_Ne=   1.3907498523423572E-003 maxCFL_Ts=   5.1180564318305591E-004 CPU=   718.63150439891263      NumThreads=                    8 Elapsed time=   1.1132270087005812E-002
 CFL_Limit=   1.0000000000000000E-003
 dt_init=   1.0000000000000001E-018 dt=   1.0000000000000001E-018
 Time=  -1.2000000000396064E-014 Intensity=   771781949547485.00     
   4528.1091153876623      < Te <    4733.0718670384977     
   4771.7202800867535      < Th <    5039.1408239534640     
   80.638892233695458      < Ts <   80.668542229533188     
   9.0751233614570435E+025 < Ne <   9.0758223091754183E+025
   9.0751233614570435E+025 < Nh <   9.0758223018400763E+025
 CFL_Te=   1.5366274379908854E-003 maxCFL_Ne=   1.3985204742231628E-003 maxCFL_Ts=   5.1197517981272690E-004 CPU=   718.60619490427098      NumThreads=                    8 Elapsed time=   1.1132662168415788E-002
 CFL_Limit=   1.0000000000000000E-003
 dt_init=   1.0000000000000001E-018 dt=   1.0000000000000001E-018
 Time=  -1.1000000000396245E-014 Intensity=   803095760155613.12     
   4533.0298021207991      < Te <    4733.0326232079287     
   4779.7823275653627      < Th <    5043.4287880123511     
   80.706096909242333      < Ts <   80.738877569350251     
   9.7814813782688922E+025 < Ne <   9.7822092110399390E+025
   9.7814813782688922E+025 < Nh <   9.7822092030662927E+025
 CFL_Te=   1.5312980888587356E-003 maxCFL_Ne=   1.4070798341709778E-003 maxCFL_Ts=   5.1215773602234914E-004 CPU=   718.58071239548678      NumThreads=                    8 Elapsed time=   1.1133056957973321E-002
 CFL_Limit=   1.0000000000000000E-003
 dt_init=   1.0000000000000001E-018 dt=   1.0000000000000001E-018
 Time=  -1.0000000000396426E-014 Intensity=   832786001727589.75     
   4555.8584623992165      < Te <    4754.7965794168158     
   4788.2261788951628      < Th <    5059.7637153450796     
   80.778350026105230      < Ts <   80.814730727222795     
   1.0515261827557942E+026 < Ne <   1.0516017162034139E+026
   1.0515261827557942E+026 < Nh <   1.0516017153417428E+026
 CFL_Te=   1.5390255908724856E-003 maxCFL_Ne=   1.4140517366853479E-003 maxCFL_Ts=   5.1235326545618774E-004 CPU=   718.55580867972719      NumThreads=                    8 Elapsed time=   1.1133442807593723E-002
 CFL_Limit=   1.0000000000000000E-003
 dt_init=   1.0000000000000001E-018 dt=   1.0000000000000001E-018
 Time=  -9.0000000003966072E-015 Intensity=   860583374007765.88     
   4563.0853516172056      < Te <    4775.6262984814366     
   4813.1072542016709      < Th <    5067.6033284727573     
   80.855858637894073      < Ts <   80.896259654413115     
   1.1274886445359101E+026 < Ne <   1.1275667709224823E+026
   1.1274886445359101E+026 < Nh <   1.1275667700049027E+026
 CFL_Te=   1.5350254502700335E-003 maxCFL_Ne=   1.4243284805873714E-003 maxCFL_Ts=   5.1256236869003362E-004 CPU=   718.53120798263319      NumThreads=                    8 Elapsed time=   1.1133823988607270E-002
 CFL_Limit=   1.0000000000000000E-003
 dt_init=   1.0000000000000001E-018 dt=   1.0000000000000001E-018
 Time=  -8.0000000003967882E-015 Intensity=   886229158745761.88     
   4571.9707429095151      < Te <    4777.8800185770533     
   4822.0980420722171      < Th <    5095.7581967592996     
   80.938940281118533      < Ts <   80.983420898564361     
   1.2058538635525003E+026 < Ne <   1.2059343915103057E+026
   1.2058538635525003E+026 < Nh <   1.2059343905450631E+026
 CFL_Te=   1.5316862971329571E-003 maxCFL_Ne=   1.4355773185609451E-003 maxCFL_Ts=   5.1278520548846108E-004 CPU=   718.50520720813665      NumThreads=                    8 Elapsed time=   1.1134226891806728E-002
 CFL_Limit=   1.0000000000000000E-003
 dt_init=   1.0000000000000001E-018 dt=   1.0000000000000001E-018
 Time=  -7.0000000003969692E-015 Intensity=   909479211697413.88     
   4582.5645070428282      < Te <    4798.1696026966429     
   4831.6650659029456      < Th <    5107.0344884686283     
   81.027627472801868      < Ts <   81.076516037780181     
   1.2864174658160901E+026 < Ne <   1.2865001878831865E+026
   1.2864174658160901E+026 < Nh <   1.2865001868819671E+026
 CFL_Te=   1.5294229324636904E-003 maxCFL_Ne=   1.4478046211702739E-003 maxCFL_Ts=   5.1302188169950150E-004 CPU=   718.47759441350217      NumThreads=                    8 Elapsed time=   1.1134654806501587E-002
 CFL_Limit=   1.0000000000000000E-003
 dt_init=   1.0000000000000001E-018 dt=   1.0000000000000001E-018
 Time=  -6.0000000003971501E-015 Intensity=   930107822811052.12     
   4608.1148561227328      < Te <    4802.1112622140445     
   4858.5795955274925      < Th <    5129.4669516272406     
   81.122124468007968      < Ts <   81.175741039595579     
   1.3689538417606841E+026 < Ne <   1.3690385346465790E+026
   1.3689538417606841E+026 < Nh <   1.3690385336312255E+026
 CFL_Te=   1.5380097364360735E-003 maxCFL_Ne=   1.4558041746150869E-003 maxCFL_Ts=   5.1327265075614954E-004 CPU=   718.45304282090410      NumThreads=                    8 Elapsed time=   1.1135035309460356E-002
 CFL_Limit=   1.0000000000000000E-003
 dt_init=   1.0000000000000001E-018 dt=   1.0000000000000001E-018
 Time=  -5.0000000003973311E-015 Intensity=   947911359388372.38     
   4620.9248970630715      < Te <    4826.7770043300216     
   4868.2326640831652      < Th <    5135.1061545303546     
   81.222458668116943      < Ts <   81.280811351940486     
   1.4532179761840123E+026 < Ne <   1.4533043867753964E+026
   1.4532179761840123E+026 < Nh <   1.4533043857766578E+026
 CFL_Te=   1.5364945290519032E-003 maxCFL_Ne=   1.4697330794954790E-003 maxCFL_Ts=   5.1353680739344028E-004 CPU=   718.42768428635941      NumThreads=                    8 Elapsed time=   1.1135428345786388E-002
 CFL_Limit=   1.0000000000000000E-003
 dt_init=   1.0000000000000001E-018 dt=   1.0000000000000001E-018
 Time=  -4.0000000003975121E-015 Intensity=   962711610070054.88     
   4647.3849815106923      < Te <    4836.7731791055694     
   4896.0897866207661      < Th <    5142.3012738106672     
   81.328662127767970      < Ts <   81.392158731307646     
   1.5389475824682982E+026 < Ne <   1.5390354473933757E+026
   1.5389475824682982E+026 < Nh <   1.5390354464343284E+026
 CFL_Te=   1.5452875774016612E-003 maxCFL_Ne=   1.4781998350230465E-003 maxCFL_Ts=   5.1381534241101527E-004 CPU=   718.40620528285137      NumThreads=                    8 Elapsed time=   1.1135761274292215E-002
 CFL_Limit=   1.0000000000000000E-003
 dt_init=   1.0000000000000001E-018 dt=   1.0000000000000001E-018
 Time=  -3.0000000003976930E-015 Intensity=   974358752858020.50     
   4662.3627409600867      < Te <    4862.1868570752704     
   4905.0529474074974      < Th <    5170.7172136563640     
   81.440584931014058      < Ts <   81.509506134812455     
   1.6258655275132894E+026 < Ne <   1.6259545711054211E+026
   1.6258655275132894E+026 < Nh <   1.6259545702342354E+026
 CFL_Te=   1.5449424041134262E-003 maxCFL_Ne=   1.4933194184853138E-003 maxCFL_Ts=   5.1410698274857454E-004 CPU=   718.38317338815455      NumThreads=                    8 Elapsed time=   1.1136118295016725E-002
 CFL_Limit=   1.0000000000000000E-003
 dt_init=   1.0000000000000001E-018 dt=   1.0000000000000001E-018
 Time=  -2.0000000003978740E-015 Intensity=   982733878060358.38     
   4689.3309853774690      < Te <    4875.8945940464837     
   4933.4034369896144      < Th <    5180.6646264395240     
   81.558668515128716      < Ts <   81.633057784906910     
   1.7136825237907459E+026 < Ne <   1.7137724541866263E+026
   1.7136825237907459E+026 < Nh <   1.7137724534326108E+026
 CFL_Te=   1.5539013005924887E-003 maxCFL_Ne=   1.5020111868268755E-003 maxCFL_Ts=   5.1441213163765087E-004 CPU=   718.35963801685909      NumThreads=                    8 Elapsed time=   1.1136483143854261E-002
 CFL_Limit=   1.0000000000000000E-003
 dt_init=   1.0000000000000001E-018 dt=   1.0000000000000001E-018
 Time=  -1.0000000003979017E-015 Intensity=   987751006861423.75     
   4706.2903757029917      < Te <    4901.5872961234727     
   4943.5801257182875      < Th <    5207.4660386038113     
   81.682657832046900      < Ts <   81.762728699355804     
   1.8020999947771738E+026 < Ne <   1.8021905202799800E+026
   1.8020999947771738E+026 < Nh <   1.8021905196985579E+026
 CFL_Te=   1.5548018679512328E-003 maxCFL_Ne=   1.5187335526420040E-003 maxCFL_Ts=   5.1472997028481659E-004 CPU=   718.33535795125863      NumThreads=                    8 Elapsed time=   1.1136859562108352E-002
 CFL_Limit=   1.0000000000000000E-003
 dt_init=   1.0000000000000001E-018 dt=   1.0000000000000001E-018
 Time=  -3.9788984726558512E-025 Intensity=   989358557592326.25     
   4733.3343360837680      < Te <    4917.2876228909272     
   4971.9586635278874      < Th <    5236.8194933227023     
   81.812251971809303      < Ts <   81.898390963787179     
   1.8908131461710651E+026 < Ne <   1.8909039635331370E+026
   1.8908131461710651E+026 < Nh <   1.8909039631690970E+026
 CFL_Te=   1.5637896193653601E-003 maxCFL_Ne=   1.5274641391727103E-003 maxCFL_Ts=   5.1505999462611455E-004 CPU=   718.31274768450896      NumThreads=                    8 Elapsed time=   1.1137210116050579E-002
 CFL_Limit=   1.0000000000000000E-003
 dt_init=   1.0000000000000001E-018 dt=   1.0000000000000001E-018
