 Hello from thread =                    4
 Hello from thread =                    6
 Hello from thread =                   12
 Hello from thread =                   14
 Hello from thread =                   10
 Hello from thread =                   13
 Hello from thread =                   11
 Hello from thread =                    8
 Hello from thread =                    0
 Hello from thread =                    7
 Hello from thread =                   15
 Hello from thread =                    1
 Hello from thread =                    3
 Hello from thread =                    2
 Hello from thread =                    9
 Hello from thread =                    5
OpenMP TEST
Number of Threads = *
*******************************
 Pi =    3.1415926535897931     
 Read PolarizationSource TM:                     0
 Read phiMie0:    270.00000000000000      deg -> rad
 Importing data on Polarization.
 Loading GMSH mesh...
 MESH INFORMATIONS
 [GMSH] Quadrangles number
               120000
 [GMSH] Node number
               120704
 Latest running index while remeshing                 2604
 [Mesh] Building...

 [Mesh] Convergence (                  500 )=   1.0817200796192992E-005
 [Mesh] Convergence (                 1000 )=   1.8112629213610488E-006
 [Mesh] Convergence (                 1500 )=   2.5792603657464494E-007
 [Mesh] Convergence (                 2000 )=   3.5914706339099211E-008
 [Mesh] Convergence (                 2500 )=   4.9850516661535945E-009
 [Mesh] Convergence (                 3000 )=   6.9162929503363552E-010
 [Mesh] Convergence is reached. The show can go on.
 [Mesh) ITERATIONS=                 3490
 Vessel cells:                   51 *                   51 =                 2601
 Matter cells:                   51 *                   51 =                 2601
  -73.799999999999997       -74.200000000000003     
 Done.
 [Mesh] Calculation of normales and distances.
 NEEDLE CHECK
 North  -3.7660326630786244E-002  0.99929059827362665     
 South  -4.4254985284557589E-002 -0.99902026820153322     
 East  0.99776387854434379        6.6837434661633735E-002
 West -0.98355051411920225      -0.18063329199196024     
   1.0084235919080716E-007   1.0080401314662160E-007   6.2261963353734495E-009   6.0517118214716542E-009
 VESSEL CHECK
 North  -3.7660326630786486E-002  0.99929059827362954     
 South  -4.4254985284557596E-002 -0.99902026820153644     
 East  0.99776387854570758        6.6837434661703207E-002
 West -0.98355051411899175      -0.18063329199185602     
   1.0084235919080652E-007   1.0080401314662204E-007   6.2261963353814905E-009   6.0517118214533355E-009
 epsilon(   515.00000000000000      nm)= (  17.825399999999998     , 0.50668999999999997     )
 Re(sqrt(epsilon))=   4.2224400481392985     
 [Poisson eq.] Filling matrix
 Starting time loop.
 Time=  -1.9900000000000334E-013 Intensity=   1.5608081973338662E-015
   80.000000477192344      < Te <    80.000000478210097     
   80.000000477192344      < Th <    80.000000478242882     
   80.000000000000000      < Ts <   80.000000000000000     
   100000.00001007428      < Ne <   100000.00001008825     
   100000.00001007428      < Nh <   100000.00001008825     
 CFL_Te=   3.0172996512481956E-005 maxCFL_Ne=   2.3291356418542616E-005 maxCFL_Ts=   5.1020110945368359E-004 CPU=   708.09554239591375      NumThreads=                   16 Elapsed time=   2.2595820820820820E-002
 CFL_Limit=   1.0000000000000000E-003
 dt_init=   1.0000000000000001E-018 dt=   1.0000000000000001E-018
 Time=  -1.9800000000000668E-013 Intensity=   3.1054412247246876E-015
   80.000001427414261      < Te <    80.000001429627048     
   80.000001427414261      < Th <    80.000001429793883     
   80.000000000000000      < Ts <   80.000000000000000     
   100000.00003017709      < Ne <   100000.00003020490     
   100000.00003017709      < Nh <   100000.00003020490     
 CFL_Te=   3.0172996870869982E-005 maxCFL_Ne=   2.3291356695192078E-005 maxCFL_Ts=   5.1020110945368359E-004 CPU=   698.93902829949138      NumThreads=                   16 Elapsed time=   2.2891839419709854E-002
 CFL_Limit=   1.0000000000000000E-003
 dt_init=   1.0000000000000001E-018 dt=   1.0000000000000001E-018
 Time=  -1.9700000000001002E-013 Intensity=   6.1573230609639201E-015
   80.000003312372158      < Te <    80.000003317289710     
   80.000003312372158      < Th <    80.000003317454841     
   80.000000000000000      < Ts <   80.000000000000000     
   100000.00007009716      < Ne <   100000.00007015229     
   100000.00007009716      < Nh <   100000.00007015229     
 CFL_Te=   3.0172997581805345E-005 maxCFL_Ne=   2.3291357243982404E-005 maxCFL_Ts=   5.1020110945368359E-004 CPU=   709.29932449231967      NumThreads=                   16 Elapsed time=   2.2557472490830278E-002
 CFL_Limit=   1.0000000000000000E-003
 dt_init=   1.0000000000000001E-018 dt=   1.0000000000000001E-018
 Time=  -1.9600000000001335E-013 Intensity=   1.2166213048899516E-014
   80.000007040551225      < Te <    80.000007050380901     
   80.000007040551225      < Th <    80.000007051907801     
   80.000000000000000      < Ts <   80.000000000000000     
   100000.00014909677      < Ne <   100000.00014920571     
   100000.00014909677      < Nh <   100000.00014920571     
 CFL_Te=   3.0172998987960092E-005 maxCFL_Ne=   2.3291358329411744E-005 maxCFL_Ts=   5.1020110945368359E-004 CPU=   714.48169553259879      NumThreads=                   16 Elapsed time=   2.2393855713928483E-002
 CFL_Limit=   1.0000000000000000E-003
 dt_init=   1.0000000000000001E-018 dt=   1.0000000000000001E-018
 Time=  -1.9500000000001669E-013 Intensity=   2.3955969091122017E-014
   80.000014390740063      < Te <    80.000014410687470     
   80.000014390740063      < Th <    80.000014412463742     
   80.000000000000000      < Ts <   80.000000000000000     
   100000.00030489115      < Ne <   100000.00030510564     
   100000.00030489115      < Nh <   100000.00030510564     
 CFL_Te=   3.0173001760173757E-005 maxCFL_Ne=   2.3291360469360078E-005 maxCFL_Ts=   5.1020110945368359E-004 CPU=   716.76037644257838      NumThreads=                   16 Elapsed time=   2.2322662532506501E-002
 CFL_Limit=   1.0000000000000000E-003
 dt_init=   1.0000000000000001E-018 dt=   1.0000000000000001E-018
 Time=  -1.9400000000002002E-013 Intensity=   4.7007474681725239E-014
   80.000028833529129      < Te <    80.000028871494735     
   80.000028833529129      < Th <    80.000028878952762     
   80.000000000000000      < Ts <   80.000000000000000     
   100000.00061106883      < Ne <   100000.00061148973     
   100000.00061106883      < Nh <   100000.00061148973     
 CFL_Te=   3.0173007207450020E-005 maxCFL_Ne=   2.3291364674261902E-005 maxCFL_Ts=   5.1020110945368359E-004 CPU=   718.86567873014758      NumThreads=                   16 Elapsed time=   2.2257287381230204E-002
 CFL_Limit=   1.0000000000000000E-003
 dt_init=   1.0000000000000001E-018 dt=   1.0000000000000001E-018
 Time=  -1.9300000000002336E-013 Intensity=   9.1921043856280728E-014
   80.000057116609241      < Te <    80.000057191722192     
   80.000057116609241      < Th <    80.000057200023477     
   80.000000000000000      < Ts <   80.000000000000000     
   100000.00121070982      < Ne <   100000.00121153287     
   100000.00121070982      < Nh <   100000.00121153287     
 CFL_Te=   3.0173017874764667E-005 maxCFL_Ne=   2.3291372908653099E-005 maxCFL_Ts=   5.1020110945368359E-004 CPU=   719.42121591821967      NumThreads=                   16 Elapsed time=   2.2240100300042864E-002
 CFL_Limit=   1.0000000000000000E-003
 dt_init=   1.0000000000000001E-018 dt=   1.0000000000000001E-018
 Time=  -1.9200000000002670E-013 Intensity=   1.7912566855350728E-013
   80.000112313108744      < Te <    80.000112463058073     
   80.000112313108744      < Th <    80.000112472897740     
   80.000000000000000      < Ts <   80.000000000000000     
   100000.00238102887      < Ne <   100000.00238263275     
   100000.00238102887      < Nh <   100000.00238263275     
 CFL_Te=   3.0173038693223363E-005 maxCFL_Ne=   2.3291388978669788E-005 maxCFL_Ts=   5.1020110945368359E-004 CPU=   720.71910945238392      NumThreads=                   16 Elapsed time=   2.2200049631203901E-002
 CFL_Limit=   1.0000000000000000E-003
 dt_init=   1.0000000000000001E-018 dt=   1.0000000000000001E-018
 Time=  -1.9100000000003003E-013 Intensity=   3.4785283813530712E-013
   80.000219662256029      < Te <    80.000219975820031     
   80.000219662256029      < Th <    80.000219983720399     
   80.000000000000000      < Ts <   80.000000000000000     
   100000.00465723996      < Ne <   100000.00466035461     
   100000.00465723996      < Nh <   100000.00466035461     
 CFL_Te=   3.0173079182034201E-005 maxCFL_Ne=   2.3291420232510239E-005 maxCFL_Ts=   5.1020110945368359E-004 CPU=   721.66245037812575      NumThreads=                   16 Elapsed time=   2.2171030225580618E-002
 CFL_Limit=   1.0000000000000000E-003
 dt_init=   1.0000000000000001E-018 dt=   1.0000000000000001E-018
 Time=  -1.9000000000003337E-013 Intensity=   6.7317523082182542E-013
   80.000427720236658      < Te <    80.000428276475759     
   80.000427720236658      < Th <    80.000428344008824     
   80.000000000000000      < Ts <   80.000000000000000     
   100000.00906904222      < Ne <   100000.00907506979     
   100000.00906904222      < Nh <   100000.00907506979     
 CFL_Te=   3.0173157653620489E-005 maxCFL_Ne=   2.3291480806917156E-005 maxCFL_Ts=   5.1020110945368359E-004 CPU=   723.35121259578068      NumThreads=                   16 Elapsed time=   2.2119268926892689E-002
 CFL_Limit=   1.0000000000000000E-003
 dt_init=   1.0000000000000001E-018 dt=   1.0000000000000001E-018
 Time=  -1.8900000000003671E-013 Intensity=   1.2982417001071079E-012
   80.000829573122843      < Te <    80.000830661716108     
   80.000829573122843      < Th <    80.000830798781564     
   80.000000000000000      < Ts <   80.000000000000000     
   100000.01759051721      < Ne <   100000.01760214157     
   100000.01759051721      < Nh <   100000.01760214157     
 CFL_Te=   3.0173309217376084E-005 maxCFL_Ne=   2.3291597803151458E-005 maxCFL_Ts=   5.1020110945368359E-004 CPU=   724.86361573516024      NumThreads=                   16 Elapsed time=   2.2073117828893537E-002
 CFL_Limit=   1.0000000000000000E-003
 dt_init=   1.0000000000000001E-018 dt=   1.0000000000000001E-018
 Time=  -1.8800000000004004E-013 Intensity=   2.4950418329827070E-012
   80.001603047293969      < Te <    80.001605157116884     
   80.001603047293969      < Th <    80.001605392371204     
   80.000000000000000      < Ts <   80.000000000000000     
   100000.03399297041      < Ne <   100000.03401531083     
   100000.03399297041      < Nh <   100000.03401531083     
 CFL_Te=   3.0173600942734425E-005 maxCFL_Ne=   2.3291822993932617E-005 maxCFL_Ts=   5.1020110945368359E-004 CPU=   726.09898671211704      NumThreads=                   16 Elapsed time=   2.2035563046920576E-002
 CFL_Limit=   1.0000000000000000E-003
 dt_init=   1.0000000000000001E-018 dt=   1.0000000000000001E-018
 Time=  -1.8700000000004338E-013 Intensity=   4.7785370591305342E-012
   80.003086658295800      < Te <    80.003090712794901     
   80.003086658295800      < Th <    80.003091250670266     
   80.000000000000000      < Ts <   80.000000000000000     
   100000.06545582501      < Ne <   100000.06549861169     
   100000.06545582501      < Nh <   100000.06549861169     
 CFL_Te=   3.0174160515283221E-005 maxCFL_Ne=   2.3292254935337916E-005 maxCFL_Ts=   5.1020110945368359E-004 CPU=   727.11042424965569      NumThreads=                   16 Elapsed time=   2.2004910762366336E-002
 CFL_Limit=   1.0000000000000000E-003
 dt_init=   1.0000000000000001E-018 dt=   1.0000000000000001E-018
 Time=  -1.8600000000004672E-013 Intensity=   9.1202540354820250E-012
   80.005922548784412      < Te <    80.005930639049993     
   80.005922548784412      < Th <    80.005931415671142     
   80.000000000000000      < Ts <   80.000000000000000     
   100000.12559849530      < Ne <   100000.12568015739     
   100000.12559849530      < Nh <   100000.12568015739     
 CFL_Te=   3.0175230122325189E-005 maxCFL_Ne=   2.3293080582034669E-005 maxCFL_Ts=   5.1020110945368359E-004 CPU=   727.88610256752452      NumThreads=                   16 Elapsed time=   2.1981461032930919E-002
 CFL_Limit=   1.0000000000000000E-003
 dt_init=   1.0000000000000001E-018 dt=   1.0000000000000001E-018
 Time=  -1.8500000000005005E-013 Intensity=   1.7346575960485076E-011
   80.011324538537721      < Te <    80.011339339932036     
   80.011324538537721      < Th <    80.011341058288977     
   80.000000000000000      < Ts <   80.000000000000000     
   100000.24016629423      < Ne <   100000.24032161421     
   100000.24016629423      < Nh <   100000.24032161421     
 CFL_Te=   3.0177267548410407E-005 maxCFL_Ne=   2.3294653327884208E-005 maxCFL_Ts=   5.1020110945368359E-004 CPU=   728.64337696936104      NumThreads=                   16 Elapsed time=   2.1958615841056066E-002
 CFL_Limit=   1.0000000000000000E-003
 dt_init=   1.0000000000000001E-018 dt=   1.0000000000000001E-018
 Time=  -1.8400000000005339E-013 Intensity=   3.2878760687561038E-011
   80.021578992977467      < Te <    80.021607732956411     
   80.021578992977467      < Th <    80.021611200897581     
   80.000000000000000      < Ts <   80.000000000000000     
   100000.45765550045      < Ne <   100000.45794989449     
   100000.45765550045      < Nh <   100000.45794989449     
 CFL_Te=   3.0181135142146085E-005 maxCFL_Ne=   2.3297638829781820E-005 maxCFL_Ts=   5.1020110945368359E-004 CPU=   729.30370604454356      NumThreads=                   16 Elapsed time=   2.1938733983373961E-002
 CFL_Limit=   1.0000000000000000E-003
 dt_init=   1.0000000000000001E-018 dt=   1.0000000000000001E-018
 Time=  -1.8300000000005673E-013 Intensity=   6.2102912198057113E-011
   80.040977362502034      < Te <    80.041030626338042     
   80.040977362502034      < Th <    80.041038164333472     
   80.000000000000000      < Ts <   80.000000000000000     
   100000.86909702668      < Ne <   100000.86965309166     
   100000.86909702668      < Nh <   100000.86965309166     
 CFL_Te=   3.0188451477492923E-005 maxCFL_Ne=   2.3303286508979824E-005 maxCFL_Ts=   5.1020110945368359E-004 CPU=   729.87597918186464      NumThreads=                   16 Elapsed time=   2.1921532501911874E-002
 CFL_Limit=   1.0000000000000000E-003
 dt_init=   1.0000000000000001E-018 dt=   1.0000000000000001E-018
 Time=  -1.8200000000006006E-013 Intensity=   1.1689699388427008E-010
   80.077546153964363      < Te <    80.077650443052306     
   80.077546153964363      < Th <    80.077654998289887     
   80.000000000000000      < Ts <   80.000000000000000     
   100001.64476134343      < Ne <   100001.64580803066     
   100001.64476134343      < Nh <   100001.64580803066     
 CFL_Te=   3.0202243851482660E-005 maxCFL_Ne=   2.3313933218363126E-005 maxCFL_Ts=   5.1020110945368359E-004 CPU=   730.46061420738545      NumThreads=                   16 Elapsed time=   2.1903987277070949E-002
 CFL_Limit=   1.0000000000000000E-003
 dt_init=   1.0000000000000001E-018 dt=   1.0000000000000001E-018
 Time=  -1.8100000000006340E-013 Intensity=   2.1927522735647163E-010
   80.146244545999835      < Te <    80.146432387942724     
   80.146244545999835      < Th <    80.146459589532455     
   80.000000000000000      < Ts <   80.000000000000000     
   100003.10201374321      < Ne <   100003.10397711775     
   100003.10201374321      < Nh <   100003.10397711775     
 CFL_Te=   3.0228154653073255E-005 maxCFL_Ne=   2.3333934202422314E-005 maxCFL_Ts=   5.1020110945368359E-004 CPU=   730.92166453386210      NumThreads=                   16 Elapsed time=   2.1890170693194377E-002
 CFL_Limit=   1.0000000000000000E-003
 dt_init=   1.0000000000000001E-018 dt=   1.0000000000000001E-018
 Time=  -1.8000000000006673E-013 Intensity=   4.0989313713879761E-010
   80.274852899429192      < Te <    80.275206316597405     
   80.274852899429192      < Th <    80.275268154997619     
   80.000000000000000      < Ts <   80.000000000000000     
   100005.83030682562      < Ne <   100005.83397697915     
   100005.83030682562      < Nh <   100005.83397697915     
 CFL_Te=   3.0276660872993987E-005 maxCFL_Ne=   2.3371377489675532E-005 maxCFL_Ts=   5.1020110945368359E-004 CPU=   731.34375137212373      NumThreads=                   16 Elapsed time=   2.1877537026851343E-002
 CFL_Limit=   1.0000000000000000E-003
 dt_init=   1.0000000000000001E-018 dt=   1.0000000000000001E-018
 Time=  -1.7900000000007007E-013 Intensity=   7.6356598600097579E-010
   80.514775482500667      < Te <    80.515437038354250     
   80.514775482500667      < Th <    80.515528618809952     
   80.000000000000000      < Ts <   80.000000000000000     
   100010.92059700783      < Ne <   100010.92743392248     
   100010.92059700783      < Nh <   100010.92743392248     
 CFL_Te=   3.0367150643253604E-005 maxCFL_Ne=   2.3441229019198562E-005 maxCFL_Ts=   5.1020110945368359E-004 CPU=   731.64715460598029      NumThreads=                   16 Elapsed time=   2.1868464736416019E-002
 CFL_Limit=   1.0000000000000000E-003
 dt_init=   1.0000000000000001E-018 dt=   1.0000000000000001E-018
 Time=  -1.7800000000007341E-013 Intensity=   1.4174813416816798E-009
   80.960779689844912      < Te <    80.962028115572735     
   80.960779689844912      < Th <    80.962164656439242     
   80.000000000000000      < Ts <   80.000000000000000     
   100020.38491527138      < Ne <   100020.39760729687     
   100020.38491527138      < Nh <   100020.39760729687     
 CFL_Te=   3.0535369188658463E-005 maxCFL_Ne=   2.3571079555391834E-005 maxCFL_Ts=   5.1020110945368359E-004 CPU=   731.97381137349896      NumThreads=                   16 Elapsed time=   2.1858705532069641E-002
 CFL_Limit=   1.0000000000000000E-003
 dt_init=   1.0000000000000001E-018 dt=   1.0000000000000001E-018
 Time=  -1.7700000000007674E-013 Intensity=   2.6223036413214384E-009
   81.786908727878796      < Te <    81.789155701080432     
   81.786908727878796      < Th <    81.789564730341453     
   80.000000000000000      < Ts <   80.000000000000000     
   100037.92095044946      < Ne <   100037.94443036673     
   100037.92095044946      < Nh <   100037.94443036673     
 CFL_Te=   3.0846953869751559E-005 maxCFL_Ne=   2.3811600377364089E-005 maxCFL_Ts=   5.1020110945368359E-004 CPU=   732.29097952531265      NumThreads=                   16 Elapsed time=   2.1849238140788731E-002
 CFL_Limit=   1.0000000000000000E-003
 dt_init=   1.0000000000000001E-018 dt=   1.0000000000000001E-018
 Time=  -1.7600000000008008E-013 Intensity=   4.8344097271306617E-009
   83.311496839812222      < Te <    83.315733584770811     
   83.311496839812222      < Th <    83.316468176687337     
   80.000000000000000      < Ts <   80.000000000000000     
   100070.30034743261      < Ne <   100070.34363438787     
   100070.30034743261      < Nh <   100070.34363438787     
 CFL_Te=   3.1421971104735847E-005 maxCFL_Ne=   2.4255471938547877E-005 maxCFL_Ts=   5.1020110945368359E-004 CPU=   732.60524168763015      NumThreads=                   16 Elapsed time=   2.1839865577732404E-002
 CFL_Limit=   1.0000000000000000E-003
 dt_init=   1.0000000000000001E-018 dt=   1.0000000000000001E-018
 Time=  -1.7500000000008342E-013 Intensity=   8.8817548566826219E-009
   86.114154251527864      < Te <    86.122012831380019     
   86.114154251527864      < Th <    86.123335652618195     
   80.000000000000000      < Ts <   80.000000000000000     
   100129.88046851470      < Ne <   100129.95999510572     
   100129.88046851470      < Nh <   100129.95999510572     
 CFL_Te=   3.2479043844777390E-005 maxCFL_Ne=   2.5071639762712876E-005 maxCFL_Ts=   5.1020110945368359E-004 CPU=   732.88227401080167      NumThreads=                   16 Elapsed time=   2.1831610024400976E-002
 CFL_Limit=   1.0000000000000000E-003
 dt_init=   1.0000000000000001E-018 dt=   1.0000000000000001E-018
 Time=  -1.7400000000008675E-013 Intensity=   1.6261064004507730E-008
   91.244536539257197      < Te <    91.259021901374823     
   91.244536539257197      < Th <    91.261659755461110     
   80.000000000000000      < Ts <   80.000000000000000     
   100239.13244014983      < Ne <   100239.27804054158     
   100239.13244014983      < Nh <   100239.27804054158     
 CFL_Te=   3.4414078457811441E-005 maxCFL_Ne=   2.6565832504350064E-005 maxCFL_Ts=   5.1020110945368359E-004 CPU=   733.15775198264328      NumThreads=                   16 Elapsed time=   2.1823406977191429E-002
 CFL_Limit=   1.0000000000000000E-003
 dt_init=   1.0000000000000001E-018 dt=   1.0000000000000001E-018
 Time=  -1.7300000000009009E-013 Intensity=   2.9668390479681111E-008
   100.59039631092435      < Te <    100.61812829045036     
   100.59039631092435      < Th <    100.62171974696462     
   80.000000000000000      < Ts <   80.000000000000000     
   100438.77469297295      < Ne <   100439.04034159688     
   100438.77469297295      < Nh <   100439.04034159688     
 CFL_Te=   3.7939033241906173E-005 maxCFL_Ne=   2.9288543917963198E-005 maxCFL_Ts=   5.1020110945368359E-004 CPU=   733.41243660526698      NumThreads=                   16 Elapsed time=   2.1815828586243934E-002
 CFL_Limit=   1.0000000000000000E-003
 dt_init=   1.0000000000000001E-018 dt=   1.0000000000000001E-018
 Time=  -1.7200000000009343E-013 Intensity=   5.3942846938300164E-008
   117.51384716589304      < Te <    117.56437070141713     
   117.51384716589304      < Th <    117.57464537383785     
   80.000000000000000      < Ts <   80.000000000000000     
   100802.33035897999      < Ne <   100802.81335933249     
   100802.33035897999      < Nh <   100802.81335933249     
 CFL_Te=   4.4322336010353317E-005 maxCFL_Ne=   3.4217753667605471E-005 maxCFL_Ts=   5.1020110945368359E-004 CPU=   733.59966921857551      NumThreads=                   16 Elapsed time=   2.1810260652166149E-002
 CFL_Limit=   1.0000000000000000E-003
 dt_init=   1.0000000000000001E-018 dt=   1.0000000000000001E-018
 Time=  -1.7100000000009676E-013 Intensity=   9.7739157377142928E-008
   147.91469049720618      < Te <    148.01984255331479     
   147.91469049726021      < Th <    148.03323096489777     
   80.000000000000000      < Ts <   80.000000000000000     
   101462.08833628001      < Ne <   101462.96348563059     
   101462.08833628001      < Nh <   101462.96348563059     
 CFL_Te=   5.5788339797658288E-005 maxCFL_Ne=   4.3072032771253976E-005 maxCFL_Ts=   5.1020110945368359E-004 CPU=   733.79169177110225      NumThreads=                   16 Elapsed time=   2.1804553225973310E-002
 CFL_Limit=   1.0000000000000000E-003
 dt_init=   1.0000000000000001E-018 dt=   1.0000000000000001E-018
 Time=  -1.7000000000010010E-013 Intensity=   1.7648108606485697E-007
   201.89944842431765      < Te <    202.11574532155061     
   201.89944842506964      < Th <    202.16500761376804     
   80.000000000000000      < Ts <   80.000000000000000     
   102655.23452902456      < Ne <   102656.81472791315     
   102655.23452902456      < Nh <   102656.81472791315     
 CFL_Te=   7.6149305244148390E-005 maxCFL_Ne=   5.8807702931526755E-005 maxCFL_Ts=   5.1020110945368359E-004 CPU=   733.97766099389355      NumThreads=                   16 Elapsed time=   2.1799028567618919E-002
 CFL_Limit=   1.0000000000000000E-003
 dt_init=   1.0000000000000001E-018 dt=   1.0000000000000001E-018
 Time=  -1.6900000000010343E-013 Intensity=   3.1755766135123548E-007
   296.08517307176078      < Te <    296.53991357579525     
   296.08517307479542      < Th <    296.63236090128572     
   80.000000000000000      < Ts <   80.000000000000000     
   104805.52904171725      < Ne <   104808.37243006397     
   104805.52904171725      < Nh <   104808.37243006397     
 CFL_Te=   1.1167256119882423E-004 maxCFL_Ne=   8.6259542055976631E-005 maxCFL_Ts=   5.1020110945368359E-004 CPU=   733.90118579499915      NumThreads=                   16 Elapsed time=   2.1801300106455045E-002
 CFL_Limit=   1.0000000000000000E-003
 dt_init=   1.0000000000000001E-018 dt=   1.0000000000000001E-018
 Time=  -1.6800000000010677E-013 Intensity=   5.6943200375045409E-007
   455.87956314620709      < Te <    457.07651891338418     
   455.87956315522638      < Th <    457.24124207525148     
   80.000000000000000      < Ts <   80.000000000000000     
   108667.39780146530      < Ne <   108672.49645446842     
   108667.39780146530      < Nh <   108672.49645446842     
 CFL_Te=   1.7194095400903197E-004 maxCFL_Ne=   1.3282216088805732E-004 maxCFL_Ts=   5.1020110945368359E-004 CPU=   733.78498168917793      NumThreads=                   16 Elapsed time=   2.1804752617269288E-002
 CFL_Limit=   1.0000000000000000E-003
 dt_init=   1.0000000000000001E-018 dt=   1.0000000000000001E-018
 Time=  -1.6700000000011011E-013 Intensity=   1.0175505639765076E-006
   715.21605089014304      < Te <    717.95962911242771     
   715.21605091348454      < Th <    718.35166809448049     
   80.000000000000000      < Ts <   80.000000000000000     
   115579.21673096764      < Ne <   115588.32780516909     
   115579.21673096764      < Nh <   115588.32780516909     
 CFL_Te=   2.6975298917531084E-004 maxCFL_Ne=   2.0847903477459262E-004 maxCFL_Ts=   5.1020110945368359E-004 CPU=   733.97703624314386      NumThreads=                   16 Elapsed time=   2.1799047122640081E-002
 CFL_Limit=   1.0000000000000000E-003
 dt_init=   1.0000000000000001E-018 dt=   1.0000000000000001E-018
 Time=  -1.6600000000011344E-013 Intensity=   1.8120283017422144E-006
   1108.1977868159167      < Te <    1114.5226099164922     
   1108.1977868702265      < Th <    1115.2920733319888     
   80.000000000000000      < Ts <   80.000000000000000     
   127906.92848748119      < Ne <   127923.15325792255     
   127906.92848748119      < Nh <   127923.15325792255     
 CFL_Te=   4.1797147468639756E-004 maxCFL_Ne=   3.2311201772353241E-004 maxCFL_Ts=   5.1020110945368359E-004 CPU=   734.17608375735756      NumThreads=                   16 Elapsed time=   2.1793137033442159E-002
 CFL_Limit=   1.0000000000000000E-003
 dt_init=   1.0000000000000001E-018 dt=   1.0000000000000001E-018
 Time=  -1.6500000000011678E-013 Intensity=   3.2156502290740630E-006
   1647.0852284921718      < Te <    1661.4233028078611     
   1647.0852286035954      < Th <    1662.8014592345658     
   80.000000000000000      < Ts <   80.000000000000000     
   149818.21450097521      < Ne <   149847.00720124444     
   149818.21450097521      < Nh <   149847.00720124444     
 CFL_Te=   6.2122196167151524E-004 maxCFL_Ne=   4.8031254035759671E-004 maxCFL_Ts=   5.1020110945368359E-004 CPU=   732.65458482643453      NumThreads=                   16 Elapsed time=   2.1838394696991340E-002
 CFL_Limit=   1.0000000000000000E-003
 dt_init=   1.0000000000000001E-018 dt=   1.0000000000000001E-018
 Time=  -1.6400000000012012E-013 Intensity=   5.6867937975120608E-006
   2294.3745579997017      < Te <    2324.6921938974883     
   2294.3745581941444      < Th <    2334.9546438153197     
   80.000000000000000      < Ts <   80.000000000000000     
   188628.65260999257      < Ne <   188679.57178859858     
   188628.65260999257      < Nh <   188679.57178859858     
 CFL_Te=   8.6536802969914466E-004 maxCFL_Ne=   6.7000820084097724E-004 maxCFL_Ts=   5.1020110945368359E-004 CPU=   732.51703081366850      NumThreads=                   16 Elapsed time=   2.1842495569321371E-002
 CFL_Limit=   1.0000000000000000E-003
 dt_init=   1.0000000000000001E-018 dt=   1.0000000000000001E-018
 Time=  -1.6300000000012345E-013 Intensity=   1.0022152535589665E-005
   2960.1233028751067      < Te <    3007.6305051716581     
   2960.1233031556517      < Th <    3021.5758265450127     
   80.000000000000000      < Ts <   80.000000000000000     
   257134.00754132078      < Ne <   257223.74569856020     
   257134.00754132078      < Nh <   257223.74569855584     
 CFL_Te=   1.1165096586851512E-003 maxCFL_Ne=   8.6519076665479873E-004 maxCFL_Ts=   5.1020110945368359E-004 CPU=   732.41538139902730      NumThreads=                   16 Elapsed time=   2.1845527014243627E-002
 CFL_Limit=   1.0000000000000000E-003
 dt_init=   1.0000000000000001E-018 dt=   1.0000000000000001E-018
 Time=  -1.6200000000012679E-013 Intensity=   1.7601488071436876E-005
   3545.0847957531596      < Te <    3621.8602954337862     
   3545.0847960846695      < Th <    3639.5181168122886     
   80.000000000000000      < Ts <   80.000000000000000     
   377636.43954808038      < Ne <   377794.04552876350     
   377636.43954808038      < Nh <   377794.04552870983     
 CFL_Te=   1.3372254581851479E-003 maxCFL_Ne=   1.0375011791014220E-003 maxCFL_Ts=   5.1020110945368359E-004 CPU=   732.58713129027922      NumThreads=                   16 Elapsed time=   2.1840405484354852E-002
 CFL_Limit=   1.0000000000000000E-003
 dt_init=   1.0000000000000001E-018 dt=   1.0000000000000001E-018
 Time=  -1.6100000000013013E-013 Intensity=   3.0805808613878608E-005
   3992.8061212931375      < Te <    4104.2342346054957     
   3992.8061216086976      < Th <    4124.1072408683940     
   80.000000000000000      < Ts <   80.000000000000000     
   588869.74948411307      < Ne <   589145.59720753401     
   588869.74948411307      < Nh <   589145.59720725671     
 CFL_Te=   1.5064634502588070E-003 maxCFL_Ne=   1.1682149398033761E-003 maxCFL_Ts=   5.1020110945368359E-004 CPU=   732.74642018536861      NumThreads=                   16 Elapsed time=   2.1835657683530345E-002
 CFL_Limit=   1.0000000000000000E-003
 dt_init=   1.0000000000000001E-018 dt=   1.0000000000000001E-018
 Time=  -1.6000000000013346E-013 Intensity=   5.3729239106903670E-005
   4300.9762754837584      < Te <    4427.1943245863367     
   4300.9309528398899      < Th <    4464.7940254261639     
   80.000000000000000      < Ts <   80.000000000000000     
   957867.96813317924      < Ne <   958349.10227397608     
   957867.96813317924      < Nh <   958349.10227321181     
 CFL_Te=   1.6227623711616936E-003 maxCFL_Ne=   1.2590647321759692E-003 maxCFL_Ts=   5.1020110945368359E-004 CPU=   732.89027847952502      NumThreads=                   16 Elapsed time=   2.1831371584289608E-002
 CFL_Limit=   1.0000000000000000E-003
 dt_init=   1.0000000000000001E-018 dt=   1.0000000000000001E-018
 Time=  -1.5900000000013680E-013 Intensity=   9.3386396508871733E-005
   4498.1808959404234      < Te <    4649.4883493098214     
   4498.1122165613006      < Th <    4696.3012424588305     
   80.000000000000000      < Ts <   80.000000000000000     
   1600232.2641484782      < Ne <   1601068.5548524866     
   1600232.2641484782      < Nh <   1601068.5548484875     
 CFL_Te=   1.6980338632179902E-003 maxCFL_Ne=   1.3175543819060065E-003 maxCFL_Ts=   5.1020110945368359E-004 CPU=   733.06223888986665      NumThreads=                   16 Elapsed time=   2.1826250420741967E-002
 CFL_Limit=   1.0000000000000000E-003
 dt_init=   1.0000000000000001E-018 dt=   1.0000000000000001E-018
 Time=  -1.5800000000014014E-013 Intensity=   1.6175264648251087E-004
   4618.7786418227006      < Te <    4771.8430652163242     
   4618.7086316140858      < Th <    4823.8492401643198     
   80.000000000000000      < Ts <   80.000000000000000     
   2714613.4648008035      < Ne <   2716062.0398657806     
   2714613.4648008035      < Nh <   2716062.0398561819     
 CFL_Te=   1.7432116019883148E-003 maxCFL_Ne=   1.3543034654516339E-003 maxCFL_Ts=   5.1020110945368359E-004 CPU=   733.14228434248332      NumThreads=                   16 Elapsed time=   2.1823867401604798E-002
 CFL_Limit=   1.0000000000000000E-003
 dt_init=   1.0000000000000001E-018 dt=   1.0000000000000001E-018
 Time=  -1.5700000000014347E-013 Intensity=   2.7919910540149856E-004
   4690.5680766034357      < Te <    4859.2932681599696     
   4690.4770358133192      < Th <    4897.1343247107006     
   80.000000000000000      < Ts <   80.000000000000000     
   4641168.5173142357      < Ne <   4643668.9438792896     
   4641168.5173142357      < Nh <   4643668.9438516004     
 CFL_Te=   1.7705996473862328E-003 maxCFL_Ne=   1.3746673143103854E-003 maxCFL_Ts=   5.1020110945368359E-004 CPU=   733.29189846419649      NumThreads=                   16 Elapsed time=   2.1819414660806065E-002
 CFL_Limit=   1.0000000000000000E-003
 dt_init=   1.0000000000000001E-018 dt=   1.0000000000000001E-018
 Time=  -1.5600000000014681E-013 Intensity=   4.8025456292409118E-004
   4732.6620762857356      < Te <    4912.6217925841202     
   4732.4782824989970      < Th <    4972.0623150414049     
   80.000000000000000      < Ts <   80.000000000000000     
   7960299.1013220949      < Ne <   7964600.2333315369     
   7960299.1013220949      < Nh <   7964600.2332843710     
 CFL_Te=   1.7864064626353299E-003 maxCFL_Ne=   1.3874336494134633E-003 maxCFL_Ts=   5.1020110945368359E-004 CPU=   733.43558178632236      NumThreads=                   16 Elapsed time=   2.1815140139548626E-002
 CFL_Limit=   1.0000000000000000E-003
 dt_init=   1.0000000000000001E-018 dt=   1.0000000000000001E-018
 Time=  -1.5500000000015014E-013 Intensity=   8.2323500183163778E-004
   4757.0676274217640      < Te <    4943.3863484760313     
   4756.8117745968539      < Th <    5001.8727741586499     
   80.000000000000000      < Ts <   80.000000000000000     
   13658825.005917950      < Ne <   13666198.077004988     
   13658825.005917950      < Nh <   13666198.076979600     
 CFL_Te=   1.7956545853483176E-003 maxCFL_Ne=   1.3956842561010996E-003 maxCFL_Ts=   5.1020110945368359E-004 CPU=   733.57234194751163      NumThreads=                   16 Elapsed time=   2.1811073134958552E-002
 CFL_Limit=   1.0000000000000000E-003
 dt_init=   1.0000000000000001E-018 dt=   1.0000000000000001E-018
 Time=  -1.5400000000015348E-013 Intensity=   1.4062774236661619E-003
   4771.1722322335254      < Te <    4953.3154835098685     
   4770.8596688966836      < Th <    5016.8486065343068     
   80.000000000000000      < Ts <   80.000000000000000     
   23408631.346135698      < Ne <   23421226.518581092     
   23408631.346135695      < Nh <   23421226.518590532     
 CFL_Te=   1.8008159362692790E-003 maxCFL_Ne=   1.3983830523073540E-003 maxCFL_Ts=   5.1020110945368359E-004 CPU=   733.70430149518995      NumThreads=                   16 Elapsed time=   2.1807150329354985E-002
 CFL_Limit=   1.0000000000000000E-003
 dt_init=   1.0000000000000001E-018 dt=   1.0000000000000001E-018
 Time=  -1.5300000000015682E-013 Intensity=   2.3939387363958401E-003
   4779.2515392071919      < Te <    4971.1153087728235     
   4778.9694646784510      < Th <    5004.9172788062997     
   80.000000000000000      < Ts <   80.000000000000000     
   40032217.877309702      < Ne <   40053659.225485019     
   40032217.877309702      < Nh <   40053659.225630566     
 CFL_Te=   1.8037802016843516E-003 maxCFL_Ne=   1.3997084822296800E-003 maxCFL_Ts=   5.1020110945368359E-004 CPU=   733.81686003898858      NumThreads=                   16 Elapsed time=   2.1803805378837849E-002
 CFL_Limit=   1.0000000000000000E-003
 dt_init=   1.0000000000000001E-018 dt=   1.0000000000000001E-018
 Time=  -1.5200000000016015E-013 Intensity=   4.0611582196023030E-003
   4783.8208775037056      < Te <    4983.8612350956528     
   4783.6089079167486      < Th <    5012.9203632788012     
   80.000000000000000      < Ts <   80.000000000000000     
   68277683.910450026      < Ne <   68314057.973896816     
   68277683.910450026      < Nh <   68314057.974259257     
 CFL_Te=   1.8054998339411580E-003 maxCFL_Ne=   1.4007660846384966E-003 maxCFL_Ts=   5.1020110945368359E-004 CPU=   733.90633627222439      NumThreads=                   16 Elapsed time=   2.1801147107231401E-002
 CFL_Limit=   1.0000000000000000E-003
 dt_init=   1.0000000000000001E-018 dt=   1.0000000000000001E-018
 Time=  -1.5100000000016349E-013 Intensity=   6.8656496377184186E-003
   4786.3929586764916      < Te <    4971.0877483132999     
   4786.1966860076400      < Th <    5010.3973680274530     
   80.000000000000000      < Ts <   80.000000000000000     
   116104122.15020396      < Ne <   116165615.36844598     
   116104122.15020396      < Nh <   116165615.36602587     
 CFL_Te=   1.8065567931044096E-003 maxCFL_Ne=   1.4042354431220926E-003 maxCFL_Ts=   5.1020110945368359E-004 CPU=   733.99577279462630      NumThreads=                   16 Elapsed time=   2.1798490663074755E-002
 CFL_Limit=   1.0000000000000000E-003
 dt_init=   1.0000000000000001E-018 dt=   1.0000000000000001E-018
 Time=  -1.5000000000016683E-013 Intensity=   1.1566666520934519E-002
   4787.7876511787390      < Te <    4980.0911815084210     
   4787.6254901700377      < Th <    5009.8403083180865     
   80.000000000000000      < Ts <   80.000000000000000     
   196805808.83454195      < Ne <   196909408.54343602     
   196805808.83454195      < Nh <   196909408.53982866     
 CFL_Te=   1.8074404159119112E-003 maxCFL_Ne=   1.4057164472308791E-003 maxCFL_Ts=   5.1020110945368359E-004 CPU=   734.09330522980770      NumThreads=                   16 Elapsed time=   2.1795594491889836E-002
 CFL_Limit=   1.0000000000000000E-003
 dt_init=   1.0000000000000001E-018 dt=   1.0000000000000001E-018
 Time=  -1.4900000000017016E-013 Intensity=   1.9419124322407912E-002
   4788.5033146255164      < Te <    4998.2854445813364     
   4788.3720999602392      < Th <    5005.5865469029241     
   80.000000000000000      < Ts <   80.000000000000000     
   332509750.66761112      < Ne <   332683684.20170736     
   332509750.66761112      < Nh <   332683684.20070416     
 CFL_Te=   1.8073748333815027E-003 maxCFL_Ne=   1.4035930977732464E-003 maxCFL_Ts=   5.1020110945368359E-004 CPU=   734.19863668426763      NumThreads=                   16 Elapsed time=   2.1792467597403869E-002
 CFL_Limit=   1.0000000000000000E-003
 dt_init=   1.0000000000000001E-018 dt=   1.0000000000000001E-018
 Time=  -1.4800000000017350E-013 Intensity=   3.2489716342295395E-002
   4788.7926547714505      < Te <    5008.0108144338901     
   4788.7156930880292      < Th <    5006.3797501295358     
   80.000000000000000      < Ts <   80.000000000000000     
   559913485.38854301      < Ne <   560204494.57279396     
   559913485.38854301      < Nh <   560204494.57122004     
 CFL_Te=   1.8073727421140573E-003 maxCFL_Ne=   1.4021400607665485E-003 maxCFL_Ts=   5.1020110945368359E-004 CPU=   734.28841092350604      NumThreads=                   16 Elapsed time=   2.1789803246216273E-002
 CFL_Limit=   1.0000000000000000E-003
 dt_init=   1.0000000000000001E-018 dt=   1.0000000000000001E-018
 Time=  -1.4700000000017684E-013 Intensity=   5.4169776937058010E-002
   4788.8000722114621      < Te <    5026.2376152849965     
   4788.7675513092609      < Th <    5015.1005844233759     
   80.000000000000000      < Ts <   80.000000000000000     
   939663677.22109902      < Ne <   940148887.99936056     
   939663677.22109902      < Nh <   940148887.99508488     
 CFL_Te=   1.8073716293911394E-003 maxCFL_Ne=   1.4044656115845162E-003 maxCFL_Ts=   5.1020110945368359E-004 CPU=   734.37642907867871      NumThreads=                   16 Elapsed time=   2.1787191645125381E-002
 CFL_Limit=   1.0000000000000000E-003
 dt_init=   1.0000000000000001E-018 dt=   1.0000000000000001E-018
 Time=  -1.4600000000018017E-013 Intensity=   9.0004251555476325E-002
   4788.6913088016645      < Te <    5013.4357811678874     
   4788.6938233867386      < Th <    5016.0258919144471     
   80.000000000000000      < Ts <   80.000000000000000     
   1571629642.5968108      < Ne <   1572435849.1038589     
   1571629642.5968108      < Nh <   1572435849.1036797     
 CFL_Te=   1.8072873112698587E-003 maxCFL_Ne=   1.4051045781678163E-003 maxCFL_Ts=   5.1020110945368359E-004 CPU=   734.49093271281913      NumThreads=                   16 Elapsed time=   2.1783795125835666E-002
 CFL_Limit=   1.0000000000000000E-003
 dt_init=   1.0000000000000001E-018 dt=   1.0000000000000001E-018
 Time=  -1.4500000000018351E-013 Intensity=  0.14902662029678132     
   4788.5559997386263      < Te <    5007.8447503870448     
   4788.5225317647819      < Th <    5023.0000444377010     
   80.000000000000000      < Ts <   80.000000000000000     
   2619686049.0848351      < Ne <   2621020945.2133346     
   2619686049.0848351      < Nh <   2621020945.1997242     
 CFL_Te=   1.8072154771190928E-003 maxCFL_Ne=   1.4066386219095280E-003 maxCFL_Ts=   5.1020110945368359E-004 CPU=   734.58404038471895      NumThreads=                   16 Elapsed time=   2.1781034055164638E-002
 CFL_Limit=   1.0000000000000000E-003
 dt_init=   1.0000000000000001E-018 dt=   1.0000000000000001E-018
 Time=  -1.4400000000018685E-013 Intensity=  0.24590056693320117     
   4788.3688220098093      < Te <    4998.8080667875165     
   4788.2719280346946      < Th <    5040.9636419063554     
   80.000000000000000      < Ts <   80.000000000000000     
   4351777839.9534502      < Ne <   4353980479.2170582     
   4351777839.9534502      < Nh <   4353980479.1549225     
 CFL_Te=   1.8072041310614084E-003 maxCFL_Ne=   1.4067910532670771E-003 maxCFL_Ts=   5.1020110945368359E-004 CPU=   734.63810730905993      NumThreads=                   16 Elapsed time=   2.1779431043411488E-002
 CFL_Limit=   1.0000000000000000E-003
 dt_init=   1.0000000000000001E-018 dt=   1.0000000000000001E-018
 Time=  -1.4300000000019018E-013 Intensity=  0.40434311979042498     
   4788.1419435124362      < Te <    5006.9671731361459     
   4787.9818235984458      < Th <    5062.1269631257828     
   80.000000000000000      < Ts <   80.000000000000000     
   7204453713.1548977      < Ne <   7208075603.8113127     
   7204453713.1548977      < Nh <   7208075603.6414928     
 CFL_Te=   1.8072442941408399E-003 maxCFL_Ne=   1.4052842765956816E-003 maxCFL_Ts=   5.1020110945368359E-004 CPU=   734.73960556842485      NumThreads=                   16 Elapsed time=   2.1776422393375322E-002
 CFL_Limit=   1.0000000000000000E-003
 dt_init=   1.0000000000000001E-018 dt=   1.0000000000000001E-018
 Time=  -1.4200000000019352E-013 Intensity=  0.66257559509688757     
   4787.8982931525488      < Te <    4988.7412093802959     
   4787.6846153685055      < Th <    5049.1722045986780     
   80.000000000000000      < Ts <   80.000000000000000     
   11886430262.115578      < Ne <   11892365273.175354     
   11886430262.115578      < Nh <   11892365272.799072     
 CFL_Te=   1.8072672058936062E-003 maxCFL_Ne=   1.4018242195916538E-003 maxCFL_Ts=   5.1020110945368359E-004 CPU=   734.53774397672305      NumThreads=                   16 Elapsed time=   2.1782406869083948E-002
 CFL_Limit=   1.0000000000000000E-003
 dt_init=   1.0000000000000001E-018 dt=   1.0000000000000001E-018
 Time=  -1.4100000000019685E-013 Intensity=   1.0819711056619992     
   4787.6893934500640      < Te <    4973.2196554663115     
   4787.4572580143586      < Th <    5017.7291561122729     
   80.000000000000000      < Ts <   80.000000000000000     
   19544182635.293037      < Ne <   19553874211.505123     
   19544182635.293037      < Nh <   19553874210.838894     
 CFL_Te=   1.8072753865645355E-003 maxCFL_Ne=   1.4042623792403844E-003 maxCFL_Ts=   5.1020110945368359E-004 CPU=   734.57870548589347      NumThreads=                   16 Elapsed time=   2.1781192240546452E-002
 CFL_Limit=   1.0000000000000000E-003
 dt_init=   1.0000000000000001E-018 dt=   1.0000000000000001E-018
 Time=  -1.4000000000020019E-013 Intensity=   1.7607217970199551     
   4787.4723697099089      < Te <    4984.8168058784495     
   4787.2535008937766      < Th <    5012.9750046021209     
   80.000000000000000      < Ts <   80.000000000000000     
   32025737284.697441      < Ne <   32041508372.166199     
   32025737284.697441      < Nh <   32041508371.159500     
 CFL_Te=   1.8069905933657034E-003 maxCFL_Ne=   1.4021312074566829E-003 maxCFL_Ts=   5.1020110945368359E-004 CPU=   734.65953308227506      NumThreads=                   16 Elapsed time=   2.1778795863264391E-002
 CFL_Limit=   1.0000000000000000E-003
 dt_init=   1.0000000000000001E-018 dt=   1.0000000000000001E-018
 Time=  -1.3900000000020353E-013 Intensity=   2.8553586656755012     
   4787.2274723801502      < Te <    4992.8320111383782     
   4787.0413101385066      < Th <    5034.9838518292618     
   80.000000000000000      < Ts <   80.000000000000000     
   52299358415.114815      < Ne <   52324934254.578827     
   52299358415.114815      < Nh <   52324934254.804459     
 CFL_Te=   1.8069119383131804E-003 maxCFL_Ne=   1.4032757390961498E-003 maxCFL_Ts=   5.1020110945368359E-004 CPU=   734.71570608143475      NumThreads=                   16 Elapsed time=   2.1777130756241905E-002
 CFL_Limit=   1.0000000000000000E-003
 dt_init=   1.0000000000000001E-018 dt=   1.0000000000000001E-018
 Time=  -1.3800000000020686E-013 Intensity=   4.6145084551220714     
   4786.9887772398370      < Te <    4981.0692720748784     
   4786.7834740728149      < Th <    5036.8925088382166     
   80.000000000000000      < Ts <   80.000000000000000     
   85115630929.910080      < Ne <   85156964082.615631     
   85115630929.910080      < Nh <   85156964083.376007     
 CFL_Te=   1.8068165578134204E-003 maxCFL_Ne=   1.4012042867303301E-003 maxCFL_Ts=   5.1020110945368359E-004 CPU=   734.79784659277198      NumThreads=                   16 Elapsed time=   2.1774696366070420E-002
 CFL_Limit=   1.0000000000000000E-003
 dt_init=   1.0000000000000001E-018 dt=   1.0000000000000001E-018
 Time=  -1.3700000000021020E-013 Intensity=   7.4316470194783788     
   4786.7218142471811      < Te <    4974.5056311050148     
   4786.5090041819212      < Th <    5052.1991325721183     
   80.000000000000000      < Ts <   80.000000000000000     
   138050574274.36871      < Ne <   138117141378.64221     
   138050574274.36871      < Nh <   138117141378.51181     
 CFL_Te=   1.8066871090707125E-003 maxCFL_Ne=   1.4014398426827335E-003 maxCFL_Ts=   5.1020110945368359E-004 CPU=   734.85836054260676      NumThreads=                   16 Elapsed time=   2.1772903268305846E-002
 CFL_Limit=   1.0000000000000000E-003
 dt_init=   1.0000000000000001E-018 dt=   1.0000000000000001E-018
 Time=  -1.3600000000021354E-013 Intensity=   11.927228832021447     
   4786.4311127086876      < Te <    4976.2467186973035     
   4786.2187959290513      < Th <    5065.2499537903241     
   80.000000000000000      < Ts <   80.000000000000000     
   223143006120.89911      < Ne <   223249842193.66486     
   223143006120.89905      < Nh <   223249842189.99393     
 CFL_Te=   1.8065966224579467E-003 maxCFL_Ne=   1.4009594524716582E-003 maxCFL_Ts=   5.1020110945368359E-004 CPU=   734.90486697319341      NumThreads=                   16 Elapsed time=   2.1771525430084843E-002
 CFL_Limit=   1.0000000000000000E-003
 dt_init=   1.0000000000000001E-018 dt=   1.0000000000000001E-018
 Time=  -1.3500000000021687E-013 Intensity=   19.076068766845733     
   4786.1474167099886      < Te <    4977.6051761071876     
   4785.9331396502730      < Th <    5062.5379892587598     
   80.000000000000000      < Ts <   80.000000000000000     
   359455197066.72400      < Ne <   359626068206.19861     
   359455197066.72394      < Nh <   359626068199.01117     
 CFL_Te=   1.8064001132584147E-003 maxCFL_Ne=   1.4024928487925226E-003 maxCFL_Ts=   5.1020110945368359E-004 CPU=   734.93073754592274      NumThreads=                   16 Elapsed time=   2.1770759042446807E-002
 CFL_Limit=   1.0000000000000000E-003
 dt_init=   1.0000000000000001E-018 dt=   1.0000000000000001E-018
 Time=  -1.3400000000022021E-013 Intensity=   30.404163347642267     
   4785.8729839886555      < Te <    4969.9189462538052     
   4785.6347266856383      < Th <    5055.4055043355966     
   80.000000000000000      < Ts <   80.000000000000000     
   577062637671.65918      < Ne <   577334977643.76868     
   577062637671.65906      < Nh <   577334977630.88452     
 CFL_Te=   1.8062372350025420E-003 maxCFL_Ne=   1.4005754614383984E-003 maxCFL_Ts=   5.1020110945368359E-004 CPU=   734.96212074506479      NumThreads=                   16 Elapsed time=   2.1769829421657901E-002
 CFL_Limit=   1.0000000000000000E-003
 dt_init=   1.0000000000000001E-018 dt=   1.0000000000000001E-018
 Time=  -1.3300000000022355E-013 Intensity=   48.291654511588462     
   4785.5746554819079      < Te <    4965.5342079447519     
   4785.3389969020673      < Th <    5049.6702100089751     
   80.000000000000000      < Ts <   80.000000000000000     
   923247492271.13525      < Ne <   923680057239.91626     
   923247492271.13525      < Nh <   923680057235.77539     
 CFL_Te=   1.8060964633807991E-003 maxCFL_Ne=   1.4021808082575007E-003 maxCFL_Ts=   5.1020110945368359E-004 CPU=   735.01201970342674      NumThreads=                   16 Elapsed time=   2.1768351497783549E-002
 CFL_Limit=   1.0000000000000000E-003
 dt_init=   1.0000000000000001E-018 dt=   1.0000000000000001E-018
 Time=  -1.3200000000022688E-013 Intensity=   76.437409953695052     
   4785.2923626896727      < Te <    4969.2377080028318     
   4785.0353692990793      < Th <    5042.6455252587357     
   80.000000000000000      < Ts <   80.000000000000000     
   1472077269933.1467      < Ne <   1472761951529.1538     
   1472077269933.1467      < Nh <   1472761951496.8535     
 CFL_Te=   1.8060577745199890E-003 maxCFL_Ne=   1.4032764810716673E-003 maxCFL_Ts=   5.1020110945368359E-004 CPU=   735.05083761683363      NumThreads=                   16 Elapsed time=   2.1767201914734038E-002
 CFL_Limit=   1.0000000000000000E-003
 dt_init=   1.0000000000000001E-018 dt=   1.0000000000000001E-018
 Time=  -1.3100000000023022E-013 Intensity=   120.56873118644961     
   4785.0199895571513      < Te <    4975.5670647501584     
   4784.7319356760345      < Th <    5049.4110660700417     
   80.000000000000000      < Ts <   80.000000000000000     
   2339164019876.7837      < Ne <   2340244017470.7095     
   2339164019876.7837      < Nh <   2340244017422.6260     
 CFL_Te=   1.8060670034913055E-003 maxCFL_Ne=   1.4035063836861719E-003 maxCFL_Ts=   5.1020110945368359E-004 CPU=   735.09505148819198      NumThreads=                   16 Elapsed time=   2.1765892679604052E-002
 CFL_Limit=   1.0000000000000000E-003
 dt_init=   1.0000000000000001E-018 dt=   1.0000000000000001E-018
 Time=  -1.3000000000023355E-013 Intensity=   189.52140549630647     
   4784.7163157459700      < Te <    4978.8267403957989     
   4784.3829817746218      < Th <    5059.8673187783270     
   80.000000000000000      < Ts <   80.000000000000000     
   3704321374318.4453      < Ne <   3706019032947.6079     
   3704321374318.4453      < Nh <   3706019032868.8672     
 CFL_Te=   1.8059372665145770E-003 maxCFL_Ne=   1.4003635400236481E-003 maxCFL_Ts=   5.1020110945368359E-004 CPU=   735.10861927490953      NumThreads=                   16 Elapsed time=   2.1765490949870715E-002
 CFL_Limit=   1.0000000000000000E-003
 dt_init=   1.0000000000000001E-018 dt=   1.0000000000000001E-018
 Time=  -1.2900000000023689E-013 Intensity=   296.87709817134032     
   4784.3752466576943      < Te <    4982.9474838654796     
   4784.0236367710386      < Th <    5047.5957190646832     
   80.000000000000000      < Ts <   80.000000000000000     
   5846216274097.1777      < Ne <   5848875603867.3340     
   5846216274097.1777      < Nh <   5848875603737.7256     
 CFL_Te=   1.8059418185743116E-003 maxCFL_Ne=   1.4008392667287535E-003 maxCFL_Ts=   5.1020110945368359E-004 CPU=   735.14221263667264      NumThreads=                   16 Elapsed time=   2.1764496345018945E-002
 CFL_Limit=   1.0000000000000000E-003
 dt_init=   1.0000000000000001E-018 dt=   1.0000000000000001E-018
 Time=  -1.2800000000024023E-013 Intensity=   463.43622111120186     
   4784.0371237686331      < Te <    4980.7191206146281     
   4783.6688420770397      < Th <    5060.2396924314526     
   80.000000000000000      < Ts <   80.000000000000000     
   9195167948716.0547      < Ne <   9199319304512.2852     
   9195167948716.0547      < Nh <   9199319304307.4355     
 CFL_Te=   1.8058149405716718E-003 maxCFL_Ne=   1.3995648038599567E-003 maxCFL_Ts=   5.1020110945368359E-004 CPU=   735.19290004910192      NumThreads=                   16 Elapsed time=   2.1762995805497298E-002
 CFL_Limit=   1.0000000000000000E-003
 dt_init=   1.0000000000000001E-018 dt=   1.0000000000000001E-018
 Time=  -1.2700000000024356E-013 Intensity=   720.93830669028659     
   4783.6965932827179      < Te <    4962.5827674634138     
   4783.3435777926125      < Th <    5043.5610725972474     
   80.000000000000000      < Ts <   80.000000000000000     
   14413297836151.436      < Ne <   14419755844792.830     
   14413297836151.436      < Nh <   14419755844450.990     
 CFL_Te=   1.8056077489915234E-003 maxCFL_Ne=   1.4000604256051304E-003 maxCFL_Ts=   5.1020110945368359E-004 CPU=   735.22036873146124      NumThreads=                   16 Elapsed time=   2.1762182714831709E-002
 CFL_Limit=   1.0000000000000000E-003
 dt_init=   1.0000000000000001E-018 dt=   1.0000000000000001E-018
 Time=  -1.2600000000024690E-013 Intensity=   1117.6377956527222     
   4783.3637031706176      < Te <    4959.6040340048439     
   4783.0122828988533      < Th <    5044.9433408636905     
   80.000000000000000      < Ts <   80.000000000000000     
   22515744299724.859      < Ne <   22525755770573.770     
   22515744299724.855      < Nh <   22525755770014.820     
 CFL_Te=   1.8056187960593824E-003 maxCFL_Ne=   1.4013295955611223E-003 maxCFL_Ts=   5.1020110945368359E-004 CPU=   735.25644656910492      NumThreads=                   16 Elapsed time=   2.1761114879930810E-002
 CFL_Limit=   1.0000000000000000E-003
 dt_init=   1.0000000000000001E-018 dt=   1.0000000000000001E-018
 Time=  -1.2500000000025024E-013 Intensity=   1726.6285113882675     
   4783.0448590446658      < Te <    4965.7818883268847     
   4782.6704164139392      < Th <    5033.6433095833218     
   80.000000000000000      < Ts <   80.000000000000000     
   35053295964967.047      < Ne <   35068762591517.582     
   35053295964967.043      < Nh <   35068762591163.617     
 CFL_Te=   1.8054793231102454E-003 maxCFL_Ne=   1.4002654406839385E-003 maxCFL_Ts=   5.1020110945368359E-004 CPU=   735.30167756823028      NumThreads=                   16 Elapsed time=   2.1759776277017025E-002
 CFL_Limit=   1.0000000000000000E-003
 dt_init=   1.0000000000000001E-018 dt=   1.0000000000000001E-018
 Time=  -1.2400000000025357E-013 Intensity=   2658.2240688393576     
   4782.7349983976846      < Te <    4980.7112355209219     
   4782.3539210533818      < Th <    5031.9430230480684     
   80.000000000000000      < Ts <   80.000000000000000     
   54386533278149.492      < Ne <   54410345289356.289     
   54386533278149.492      < Nh <   54410345288767.430     
 CFL_Te=   1.8051927007377299E-003 maxCFL_Ne=   1.4013718521456281E-003 maxCFL_Ts=   5.1020110945368359E-004 CPU=   735.33147075049305      NumThreads=                   16 Elapsed time=   2.1758894643350572E-002
 CFL_Limit=   1.0000000000000000E-003
 dt_init=   1.0000000000000001E-018 dt=   1.0000000000000001E-018
 Time=  -1.2300000000025691E-013 Intensity=   4078.2994800764554     
   4782.3954351373823      < Te <    4972.8096974789942     
   4782.0052327685225      < Th <    5038.1098220745444     
   80.000000000000000      < Ts <   80.000000000000000     
   84095784678835.266      < Ne <   84132317905155.234     
   84095784678835.234      < Nh <   84132317903330.312     
 CFL_Te=   1.8050585703222829E-003 maxCFL_Ne=   1.3987367289902900E-003 maxCFL_Ts=   5.1020110945368359E-004 CPU=   735.37360259763932      NumThreads=                   16 Elapsed time=   2.1757648008415693E-002
 CFL_Limit=   1.0000000000000000E-003
 dt_init=   1.0000000000000001E-018 dt=   1.0000000000000001E-018
 Time=  -1.2200000000026025E-013 Intensity=   6235.3594163176358     
   4782.0478696835708      < Te <    4979.9660779080377     
   4781.6692684579621      < Th <    5031.8816503775415     
   80.000000000000000      < Ts <   80.000000000000000     
   129591879091894.16      < Ne <   129647735839572.45     
   129591879091894.11      < Nh <   129647735836742.09     
 CFL_Te=   1.8048808272162385E-003 maxCFL_Ne=   1.3988078275562865E-003 maxCFL_Ts=   5.1020110945368359E-004 CPU=   735.39464297449945      NumThreads=                   16 Elapsed time=   2.1757025500326925E-002
 CFL_Limit=   1.0000000000000000E-003
 dt_init=   1.0000000000000001E-018 dt=   1.0000000000000001E-018
 Time=  -1.2100000000026358E-013 Intensity=   9500.3306333555556     
   4781.6880618356709      < Te <    4966.2227655479010     
   4781.3319347952574      < Th <    5035.9573022396817     
   80.000000000000000      < Ts <   80.000000000000000     
   199022620847852.88      < Ne <   199107726098869.34     
   199022620847852.84      < Nh <   199107726093756.41     
 CFL_Te=   1.8047971301476859E-003 maxCFL_Ne=   1.3990547336333011E-003 maxCFL_Ts=   5.1020110945368359E-004 CPU=   735.41269922662934      NumThreads=                   16 Elapsed time=   2.1756491310016581E-002
 CFL_Limit=   1.0000000000000000E-003
 dt_init=   1.0000000000000001E-018 dt=   1.0000000000000001E-018
 Time=  -1.2000000000026692E-013 Intensity=   14424.833136721963     
   4781.3115484895288      < Te <    4972.9882914339487     
   4780.9721239355440      < Th <    5051.5031501602325     
   80.000000000000000      < Ts <   80.000000000000000     
   304613103359678.56      < Ne <   304742324080222.75     
   304613103359678.56      < Nh <   304742324069973.00     
 CFL_Te=   1.8047962405600411E-003 maxCFL_Ne=   1.4003797022065177E-003 maxCFL_Ts=   5.1020110945368359E-004 CPU=   735.43660224286180      NumThreads=                   16 Elapsed time=   2.1755784184802309E-002
 CFL_Limit=   1.0000000000000000E-003
 dt_init=   1.0000000000000001E-018 dt=   1.0000000000000001E-018
 Time=  -1.1900000000027026E-013 Intensity=   21826.179677817076     
   4780.9224848264857      < Te <    4984.3721916497425     
   4780.6265455046869      < Th <    5056.8623280823849     
   80.000000000000000      < Ts <   80.000000000000000     
   464640015367688.75      < Ne <   464835543221912.69     
   464640015367688.75      < Nh <   464835543205475.56     
 CFL_Te=   1.8048827967420483E-003 maxCFL_Ne=   1.4002615346899233E-003 maxCFL_Ts=   5.1020110945368359E-004 CPU=   735.46180555974274      NumThreads=                   16 Elapsed time=   2.1755038642452377E-002
 CFL_Limit=   1.0000000000000000E-003
 dt_init=   1.0000000000000001E-018 dt=   1.0000000000000001E-018
 Time=  -1.1800000000027359E-013 Intensity=   32910.880694273634     
   4780.5090375683949      < Te <    4976.8340995619646     
   4780.2646442105779      < Th <    5060.0921113012719     
   80.000000000000000      < Ts <   80.000000000000000     
   706328832560705.62      < Ne <   706623666501105.00     
   706328832560705.62      < Nh <   706623666478683.88     
 CFL_Te=   1.8045658036875522E-003 maxCFL_Ne=   1.3999112080055056E-003 maxCFL_Ts=   5.1020110945368359E-004 CPU=   735.48654672328746      NumThreads=                   16 Elapsed time=   2.1754306820814886E-002
 CFL_Limit=   1.0000000000000000E-003
 dt_init=   1.0000000000000001E-018 dt=   1.0000000000000001E-018
 Time=  -1.1700000000027693E-013 Intensity=   49453.397363885415     
   4780.1038076212926      < Te <    4963.9712477388894     
   4779.9056240309264      < Th <    5032.6582373370193     
   80.000000000000000      < Ts <   80.000000000000000     
   1070089190755272.6      < Ne <   1070532222805664.9     
   1070089190755272.6      < Nh <   1070532222771467.1     
 CFL_Te=   1.8051510186485205E-003 maxCFL_Ne=   1.3994272188172562E-003 maxCFL_Ts=   5.1020110945368359E-004 CPU=   735.49385480252909      NumThreads=                   16 Elapsed time=   2.1754090663742936E-002
 CFL_Limit=   1.0000000000000000E-003
 dt_init=   1.0000000000000001E-018 dt=   1.0000000000000001E-018
 Time=  -1.1600000000028026E-013 Intensity=   74053.844592670546     
   4779.6775844315607      < Te <    4954.4767786025577     
   4779.4638116363858      < Th <    5038.3058340033449     
   80.000000000000000      < Ts <   80.000000000000000     
   1615683036091089.2      < Ne <   1616346447015927.0     
   1615683036091089.2      < Nh <   1616346446954642.0     
 CFL_Te=   1.8042627546618136E-003 maxCFL_Ne=   1.3998372175877045E-003 maxCFL_Ts=   5.1020110945368359E-004 CPU=   735.52511723017142      NumThreads=                   16 Elapsed time=   2.1753166037690924E-002
 CFL_Limit=   1.0000000000000000E-003
 dt_init=   1.0000000000000001E-018 dt=   1.0000000000000001E-018
 Time=  -1.1500000000028360E-013 Intensity=   110508.05584217943     
   4779.2545676017871      < Te <    4970.8874158290146     
   4779.0126289958744      < Th <    5031.9520240852353     
   80.000000000000000      < Ts <   80.000000000000000     
   2431173407161621.0      < Ne <   2432163393590125.5     
   2431173407161620.5      < Nh <   2432163393500173.0     
 CFL_Te=   1.8040344547124983E-003 maxCFL_Ne=   1.3999352274437157E-003 maxCFL_Ts=   5.1020110945368359E-004 CPU=   735.55747068128619      NumThreads=                   16 Elapsed time=   2.1752209225990894E-002
 CFL_Limit=   1.0000000000000000E-003
 dt_init=   1.0000000000000001E-018 dt=   1.0000000000000001E-018
 Time=  -1.1400000000028694E-013 Intensity=   164336.90995111573     
   4778.8528154913238      < Te <    4951.1125176960622     
   4778.5957106900323      < Th <    5018.8485483569084     
   80.000000000000000      < Ts <   80.000000000000000     
   3645857918227931.5      < Ne <   3647330131638764.5     
   3645857918227931.5      < Nh <   3647330131521631.5     
 CFL_Te=   1.8038221860781634E-003 maxCFL_Ne=   1.3996827149443116E-003 maxCFL_Ts=   5.1020110945368359E-004 CPU=   735.56854714913857      NumThreads=                   16 Elapsed time=   2.1751881673042709E-002
 CFL_Limit=   1.0000000000000000E-003
 dt_init=   1.0000000000000001E-018 dt=   1.0000000000000001E-018
 Time=  -1.1300000000029027E-013 Intensity=   243540.47277285621     
   4778.4695362380053      < Te <    4965.1118722905840     
   4778.1659490464672      < Th <    5008.1845788037881     
   80.000000000000000      < Ts <   80.000000000000000     
   5448889904119532.0      < Ne <   5451071656409912.0     
   5448889904119532.0      < Nh <   5451071656241648.0     
 CFL_Te=   1.8037025298541108E-003 maxCFL_Ne=   1.4007632954239832E-003 maxCFL_Ts=   5.1020110945368359E-004 CPU=   735.55499104818762      NumThreads=                   16 Elapsed time=   2.1752282554971896E-002
 CFL_Limit=   1.0000000000000000E-003
 dt_init=   1.0000000000000001E-018 dt=   1.0000000000000001E-018
 Time=  -1.1200000000029361E-013 Intensity=   359668.18468342372     
   4778.0708216996009      < Te <    4981.4550750422886     
   4777.7492995614557      < Th <    5014.4652796200780     
   80.000000000000000      < Ts <   80.000000000000000     
   8115985916945379.0      < Ne <   8119208047947893.0     
   8115985916945379.0      < Nh <   8119208047724744.0     
 CFL_Te=   1.8036957102485621E-003 maxCFL_Ne=   1.3995772928721167E-003 maxCFL_Ts=   5.1020110945368359E-004 CPU=   735.57370321252586      NumThreads=                   16 Elapsed time=   2.1751729201468197E-002
 CFL_Limit=   1.0000000000000000E-003
 dt_init=   1.0000000000000001E-018 dt=   1.0000000000000001E-018
 Time=  -1.1100000000029695E-013 Intensity=   529331.51455927780     
   4777.6642774859729      < Te <    4976.8444147806040     
   4777.3413335982123      < Th <    5010.0160861924014     
   80.000000000000000      < Ts <   80.000000000000000     
   12047584325057878.      < Ne <   12052326510677504.     
   12047584325057878.      < Nh <   12052326510425782.     
 CFL_Te=   1.8037200167350363E-003 maxCFL_Ne=   1.3981277317831745E-003 maxCFL_Ts=   5.1020110945368359E-004 CPU=   735.58023652076520      NumThreads=                   16 Elapsed time=   2.1751536006022539E-002
 CFL_Limit=   1.0000000000000000E-003
 dt_init=   1.0000000000000001E-018 dt=   1.0000000000000001E-018
 Time=  -1.1000000000030028E-013 Intensity=   776333.50412123953     
   4777.2575635965986      < Te <    4963.9240977669670     
   4776.9567080968982      < Th <    5015.0250392218522     
   80.000000000000114      < Ts <   80.000000000000114     
   17823155396986594.      < Ne <   17830110532595502.     
   17823155396986594.      < Nh <   17830110532199642.     
 CFL_Te=   1.8032504938164916E-003 maxCFL_Ne=   1.3988875958526876E-003 maxCFL_Ts=   5.1020110945368370E-004 CPU=   735.61291946661959      NumThreads=                   16 Elapsed time=   2.1750569595217723E-002
 CFL_Limit=   1.0000000000000000E-003
 dt_init=   1.0000000000000001E-018 dt=   1.0000000000000001E-018
 Time=  -1.0900000000030362E-013 Intensity=   1134654.8075546226     
   4776.8143525851119      < Te <    4958.8121179991886     
   4776.5435374595454      < Th <    5018.7963997521956     
   80.000000000000114      < Ts <   80.000000000000114     
   26278201810853184.      < Ne <   26288367159393080.     
   26278201810853184.      < Nh <   26288367158698068.     
 CFL_Te=   1.8030340511504374E-003 maxCFL_Ne=   1.3974601278086364E-003 maxCFL_Ts=   5.1020110945368370E-004 CPU=   735.63542270936841      NumThreads=                   16 Elapsed time=   2.1749904240705942E-002
 CFL_Limit=   1.0000000000000000E-003
 dt_init=   1.0000000000000001E-018 dt=   1.0000000000000001E-018
 Time=  -1.0800000000030696E-013 Intensity=   1652623.9253586698     
   4776.3667224238670      < Te <    4953.2915265234633     
   4776.1572966693857      < Th <    5013.0689694842004     
   80.000000000001322      < Ts <   80.000000000005755     
   38613008316029856.      < Ne <   38627814152929944.     
   38613008316029856.      < Nh <   38627814151671968.     
 CFL_Te=   1.8028038149130905E-003 maxCFL_Ne=   1.3997387409997403E-003 maxCFL_Ts=   5.1020110945368782E-004 CPU=   735.66695806091911      NumThreads=                   16 Elapsed time=   2.1748971901868499E-002
 CFL_Limit=   1.0000000000000000E-003
 dt_init=   1.0000000000000001E-018 dt=   1.0000000000000001E-018
 Time=  -1.0700000000031029E-013 Intensity=   2398717.8343097451     
   4775.9010734014901      < Te <    4954.7569223649061     
   4775.7614878703089      < Th <    5016.9406975294778     
   80.000000000039748      < Ts <   80.000000000044764     
   56545637495358240.      < Ne <   56567127579971832.     
   56545637495358240.      < Nh <   56567127577639176.     
 CFL_Te=   1.8026399129900906E-003 maxCFL_Ne=   1.3979240843051677E-003 maxCFL_Ts=   5.1020110945379699E-004 CPU=   735.68065297280430      NumThreads=                   16 Elapsed time=   2.1748567038355253E-002
 CFL_Limit=   1.0000000000000000E-003
 dt_init=   1.0000000000000001E-018 dt=   1.0000000000000001E-018
 Time=  -1.0600000000031363E-013 Intensity=   3469597.8688117159     
   4775.4380884044558      < Te <    4958.4167783981602     
   4775.3218857830643      < Th <    5001.1202261333538     
   80.000000000089969      < Ts <   80.000000000097060     
   82526339199276320.      < Ne <   82557423547967152.     
   82526339199276320.      < Nh <   82557423544447680.     
 CFL_Te=   1.8028445535297694E-003 maxCFL_Ne=   1.3974853321400854E-003 maxCFL_Ts=   5.1020110945394011E-004 CPU=   735.69511250813753      NumThreads=                   16 Elapsed time=   2.1748139586591348E-002
 CFL_Limit=   1.0000000000000000E-003
 dt_init=   1.0000000000000001E-018 dt=   1.0000000000000001E-018
 Time=  -1.0500000000031696E-013 Intensity=   5001197.1000020979     
   4774.9990599171579      < Te <    4963.2189096999855     
   4774.8659118366313      < Th <    5003.5229578577828     
   80.000000000163396      < Ts <   80.000000000174609     
   1.2003685767132264E+017 < Ne <   1.2008166444100642E+017
   1.2003685767132264E+017 < Nh <   1.2008166443569352E+017
 CFL_Te=   1.8024282652754466E-003 maxCFL_Ne=   1.3983767154321809E-003 maxCFL_Ts=   5.1020110945414817E-004 CPU=   735.71267359112096      NumThreads=                   16 Elapsed time=   2.1747620469689158E-002
 CFL_Limit=   1.0000000000000000E-003
 dt_init=   1.0000000000000001E-018 dt=   1.0000000000000001E-018
 Time=  -1.0400000000032030E-013 Intensity=   7183955.7564026807     
   4774.5499962707099      < Te <    4966.7839290173479     
   4774.3946011701837      < Th <    5000.3793479551068     
   80.000000000267022      < Ts <   80.000000000282100     
   1.7400662419965274E+017 < Ne <   1.7407098821199178E+017
   1.7400662419965274E+017 < Nh <   1.7407098820448384E+017
 CFL_Te=   1.8021811843434814E-003 maxCFL_Ne=   1.3984346692634834E-003 maxCFL_Ts=   5.1020110945444058E-004 CPU=   735.71795866296850      NumThreads=                   16 Elapsed time=   2.1747464244419215E-002
 CFL_Limit=   1.0000000000000000E-003
 dt_init=   1.0000000000000001E-018 dt=   1.0000000000000001E-018
 Time=  -1.0300000000032364E-013 Intensity=   10283671.077769637     
   4774.0697649119893      < Te <    4973.7386538546671     
   4773.8942505563964      < Th <    4999.1581538425271     
   80.000000000416406      < Ts <   80.000000000438732     
   2.5138921991111622E+017 < Ne <   2.5148135789598960E+017
   2.5138921991111622E+017 < Nh <   2.5148135788675558E+017
 CFL_Te=   1.8019486381393561E-003 maxCFL_Ne=   1.3985946194399676E-003 maxCFL_Ts=   5.1020110945486439E-004 CPU=   735.72958717493816      NumThreads=                   16 Elapsed time=   2.1747120516706360E-002
 CFL_Limit=   1.0000000000000000E-003
 dt_init=   1.0000000000000001E-018 dt=   1.0000000000000001E-018
 Time=  -1.0200000000032697E-013 Intensity=   14669913.588145595     
   4773.5896409351244      < Te <    4971.8679953715191     
   4773.4003469005838      < Th <    5005.5422290697352     
   80.000000000629797      < Ts <   80.000000000661871     
   3.6195769747311565E+017 < Ne <   3.6208913719714438E+017
   3.6195769747311565E+017 < Nh <   3.6208913718494522E+017
 CFL_Te=   1.8016724668139480E-003 maxCFL_Ne=   1.3956818719292774E-003 maxCFL_Ts=   5.1020110945546927E-004 CPU=   735.75079442869207      NumThreads=                   16 Elapsed time=   2.1746493678506923E-002
 CFL_Limit=   1.0000000000000000E-003
 dt_init=   1.0000000000000001E-018 dt=   1.0000000000000001E-018
 Time=  -1.0100000000033031E-013 Intensity=   20854596.145682670     
   4773.0958870551531      < Te <    4961.2835126259333     
   4772.8665063889548      < Th <    5006.4088434524820     
   80.000000000934136      < Ts <   80.000000000981458     
   5.1939754047030112E+017 < Ne <   5.1958439583779149E+017
   5.1939754047030112E+017 < Nh <   5.1958439581926246E+017
 CFL_Te=   1.8014927475861488E-003 maxCFL_Ne=   1.3982328226523559E-003 maxCFL_Ts=   5.1020110945633435E-004 CPU=   735.76485151848692      NumThreads=                   16 Elapsed time=   2.1746078202810132E-002
 CFL_Limit=   1.0000000000000000E-003
 dt_init=   1.0000000000000001E-018 dt=   1.0000000000000001E-018
 Time=  -1.0000000000033365E-013 Intensity=   29544106.652997654     
   4772.5711082531589      < Te <    4975.1018406922776     
   4772.2986765221285      < Th <    5008.8688045622730     
   80.000000001370097      < Ts <   80.000000001440242     
   7.4280272543180634E+017 < Ne <   7.4306744048987776E+017
   7.4280272543180634E+017 < Nh <   7.4306744046071539E+017
 CFL_Te=   1.8014684546231844E-003 maxCFL_Ne=   1.3981012505410925E-003 maxCFL_Ts=   5.1020110945757436E-004 CPU=   735.76532121315597      NumThreads=                   16 Elapsed time=   2.1746064320643209E-002
 CFL_Limit=   1.0000000000000000E-003
 dt_init=   1.0000000000000001E-018 dt=   1.0000000000000001E-018
 Time=  -9.9000000000336983E-014 Intensity=   41709481.477622546     
   4772.0679886449625      < Te <    4969.3953971299979     
   4771.7581416702706      < Th <    5025.1301405075401     
   80.000000001993044      < Ts <   80.000000002094666     
   1.0587154585404520E+018 < Ne <   1.0590891841403683E+018
   1.0587154585404517E+018 < Nh <   1.0590891840914959E+018
 CFL_Te=   1.8012258716427209E-003 maxCFL_Ne=   1.3990627491016563E-003 maxCFL_Ts=   5.1020110945934020E-004 CPU=   735.77318815109118      NumThreads=                   16 Elapsed time=   2.1745831810215943E-002
 CFL_Limit=   1.0000000000000000E-003
 dt_init=   1.0000000000000001E-018 dt=   1.0000000000000001E-018
 Time=  -9.8000000000340320E-014 Intensity=   58680468.053666398     
   4771.5580517854432      < Te <    4957.9086729922483     
   4771.2274293697319      < Th <    5017.9218268618879     
   80.000000002876448      < Ts <   80.000000003021611     
   1.5038961252390403E+018 < Ne <   1.5044219148236460E+018
   1.5038961252390400E+018 < Nh <   1.5044219147407652E+018
 CFL_Te=   1.8010777854022492E-003 maxCFL_Ne=   1.3965697075498315E-003 maxCFL_Ts=   5.1020110946184633E-004 CPU=   735.77785210479328      NumThreads=                   16 Elapsed time=   2.1745693967587919E-002
 CFL_Limit=   1.0000000000000000E-003
 dt_init=   1.0000000000000001E-018 dt=   1.0000000000000001E-018
 Time=  -9.7000000000343656E-014 Intensity=   82271079.851560473     
   4771.0246458089923      < Te <    4944.9090093820778     
   4770.7085728714346      < Th <    5008.7498995120150     
   80.000000004127855      < Ts <   80.000000004333828     
   2.1290698868523855E+018 < Ne <   2.1298070522544540E+018
   2.1290698868523850E+018 < Nh <   2.1298070521237714E+018
 CFL_Te=   1.8009888752282372E-003 maxCFL_Ne=   1.3961918746108141E-003 maxCFL_Ts=   5.1020110946540045E-004 CPU=   735.75761320170272      NumThreads=                   16 Elapsed time=   2.1746292138758630E-002
 CFL_Limit=   1.0000000000000000E-003
 dt_init=   1.0000000000000001E-018 dt=   1.0000000000000001E-018
 Time=  -9.6000000000346993E-014 Intensity=   114946479.92309830     
   4770.4624554747443      < Te <    4954.4759239567311     
   4770.2043345889570      < Th <    5004.8556754687706     
   80.000000005897661      < Ts <   80.000000006185417     
   3.0039740272241951E+018 < Ne <   3.0050039678292884E+018
   3.0039740272241946E+018 < Nh <   3.0050039676479145E+018
 CFL_Te=   1.8007739950964975E-003 maxCFL_Ne=   1.3955020953256340E-003 maxCFL_Ts=   5.1020110947041489E-004 CPU=   735.72574492348838      NumThreads=                   16 Elapsed time=   2.1747234088789317E-002
 CFL_Limit=   1.0000000000000000E-003
 dt_init=   1.0000000000000001E-018 dt=   1.0000000000000001E-018
 Time=  -9.5000000000350329E-014 Intensity=   160043855.31729019     
   4769.8879366399533      < Te <    4941.8913066452942     
   4769.6884057926682      < Th <    5014.7530287471200     
   80.000000008384660      < Ts <   80.000000008797045     
   4.2241303743951764E+018 < Ne <   4.2255644049814625E+018
   4.2241303743951764E+018 < Nh <   4.2255644047344968E+018
 CFL_Te=   1.8005105070905761E-003 maxCFL_Ne=   1.3962242428104715E-003 maxCFL_Ts=   5.1020110947747749E-004 CPU=   735.72689617774540      NumThreads=                   16 Elapsed time=   2.1747200059048181E-002
 CFL_Limit=   1.0000000000000000E-003
 dt_init=   1.0000000000000001E-018 dt=   1.0000000000000001E-018
 Time=  -9.4000000000353665E-014 Intensity=   222063501.29492137     
   4769.3082501885956      < Te <    4950.5155729363069     
   4769.1649159413837      < Th <    5007.8847065188384     
   80.000000011866717      < Ts <   80.000000012451451     
   5.9198958046028278E+018 < Ne <   5.9218855578954056E+018
   5.9198958046028278E+018 < Nh <   5.9218855575517164E+018
 CFL_Te=   1.8003748659578373E-003 maxCFL_Ne=   1.3967448718609702E-003 maxCFL_Ts=   5.1020110948736021E-004 CPU=   735.73015421924492      NumThreads=                   16 Elapsed time=   2.1747103755695812E-002
 CFL_Limit=   1.0000000000000000E-003
 dt_init=   1.0000000000000001E-018 dt=   1.0000000000000001E-018
 Time=  -9.3000000000357002E-014 Intensity=   307050784.68967545     
   4768.7506862114524      < Te <    4942.9734323416415     
   4768.6343138791681      < Th <    5012.4496268668872     
   80.000000016756104      < Ts <   80.000000017570173     
   8.2685082293557780E+018 < Ne <   8.2712595226886666E+018
   8.2685082293557780E+018 < Nh <   8.2712595225388759E+018
 CFL_Te=   1.8002067609948738E-003 maxCFL_Ne=   1.3954180201786862E-003 maxCFL_Ts=   5.1020110950122152E-004 CPU=   735.73501800486758      NumThreads=                   16 Elapsed time=   2.1746959990280285E-002
 CFL_Limit=   1.0000000000000000E-003
 dt_init=   1.0000000000000001E-018 dt=   1.0000000000000001E-018
 Time=  -9.2000000000360338E-014 Intensity=   423095192.00701851     
   4768.1787133395810      < Te <    4956.4101460566917     
   4768.0554382067803      < Th <    5010.0694664665834     
   80.000000023541688      < Ts <   80.000000024693364     
   1.1510054410258039E+019 < Ne <   1.1513845621685393E+019
   1.1510054410258039E+019 < Nh <   1.1513845621471939E+019
 CFL_Te=   1.8002360475018653E-003 maxCFL_Ne=   1.3949280686288354E-003 maxCFL_Ts=   5.1020110952052129E-004 CPU=   735.74119551520096      NumThreads=                   16 Elapsed time=   2.1746777396087002E-002
 CFL_Limit=   1.0000000000000000E-003
 dt_init=   1.0000000000000001E-018 dt=   1.0000000000000001E-018
 Time=  -9.1000000000363675E-014 Intensity=   580979513.56964755     
   4767.6077258966443      < Te <    4958.9639798970957     
   4767.4624628205547      < Th <    4998.4477482708753     
   80.000000032998372      < Ts <   80.000000034589419     
   1.5968550138760253E+019 < Ne <   1.5973756255229338E+019
   1.5968550138760253E+019 < Nh <   1.5973756254932650E+019
 CFL_Te=   1.7997595150037210E-003 maxCFL_Ne=   1.3949481196271715E-003 maxCFL_Ts=   5.1020110954732591E-004 CPU=   735.74219540553054      NumThreads=                   16 Elapsed time=   2.1746747841723323E-002
 CFL_Limit=   1.0000000000000000E-003
 dt_init=   1.0000000000000001E-018 dt=   1.0000000000000001E-018
 Time=  -9.0000000000367011E-014 Intensity=   795020627.86572671     
   4767.0472306099937      < Te <    4951.0070401132862     
   4766.8784199005795      < Th <    4990.6270986220043     
   80.000000046095778      < Ts <   80.000000048318043     
   2.2079655610317935E+019 < Ne <   2.2086779922333737E+019
   2.2079655610317935E+019 < Nh <   2.2086779921962525E+019
 CFL_Te=   1.7994293056136329E-003 maxCFL_Ne=   1.3950193448602876E-003 maxCFL_Ts=   5.1020110958451773E-004 CPU=   735.74854179103215      NumThreads=                   16 Elapsed time=   2.1746560259638725E-002
 CFL_Limit=   1.0000000000000000E-003
 dt_init=   1.0000000000000001E-018 dt=   1.0000000000000001E-018
 Time=  -8.9000000000370348E-014 Intensity=   1084153623.5544016     
   4766.4646827199467      < Te <    4956.0051052702156     
   4766.2865593140441      < Th <    5002.3608565697577     
   80.000000064164155      < Ts <   80.000000067208603     
   3.0426964531433767E+019 < Ne <   3.0436679931854782E+019
   3.0426964531433767E+019 < Nh <   3.0436679931358372E+019
 CFL_Te=   1.7991849087152221E-003 maxCFL_Ne=   1.3954811527503819E-003 maxCFL_Ts=   5.1020110963568806E-004 CPU=   735.75041306284777      NumThreads=                   16 Elapsed time=   2.1746504950495054E-002
 CFL_Limit=   1.0000000000000000E-003
 dt_init=   1.0000000000000001E-018 dt=   1.0000000000000001E-018
 Time=  -8.8000000000373684E-014 Intensity=   1473323459.8778813     
   4765.8550399469559      < Te <    4940.9141104980545     
   4765.6607316742993      < Th <    4990.5485382753395     
   80.000000088975881      < Ts <   80.000000093247323     
   4.1789322729141633E+019 < Ne <   4.1802525673888743E+019
   4.1789322729141633E+019 < Nh <   4.1802525673164956E+019
 CFL_Te=   1.7990539023276006E-003 maxCFL_Ne=   1.3944546674629829E-003 maxCFL_Ts=   5.1020110970615611E-004 CPU=   735.74621109140264      NumThreads=                   16 Elapsed time=   2.1746629148474542E-002
 CFL_Limit=   1.0000000000000000E-003
 dt_init=   1.0000000000000001E-018 dt=   1.0000000000000001E-018
 Time=  -8.7000000000377020E-014 Intensity=   1995263384.2989130     
   4765.2203867524195      < Te <    4949.6183051034423     
   4765.0344101842920      < Th <    4982.9344887737234     
   80.000000123053510      < Ts <   80.000000128913285     
   5.7202272000818897E+019 < Ne <   5.7220152316760097E+019
   5.7202272000818889E+019 < Nh <   5.7220152315783758E+019
 CFL_Te=   1.7988703622156238E-003 maxCFL_Ne=   1.3955946803891140E-003 maxCFL_Ts=   5.1020110980274139E-004 CPU=   735.74719558633853      NumThreads=                   16 Elapsed time=   2.1746600049557960E-002
 CFL_Limit=   1.0000000000000000E-003
 dt_init=   1.0000000000000001E-018 dt=   1.0000000000000001E-018
 Time=  -8.6000000000380357E-014 Intensity=   2692757295.9581451     
   4764.5810462687923      < Te <    4948.3573503368525     
   4764.3941871290372      < Th <    4984.3773859734583     
   80.000000169441080      < Ts <   80.000000177518700     
   7.8037502276198367E+019 < Ne <   7.8061633312068108E+019
   7.8037502276198351E+019 < Nh <   7.8061633310896030E+019
 CFL_Te=   1.7987336510878645E-003 maxCFL_Ne=   1.3935501134468603E-003 maxCFL_Ts=   5.1020110993439021E-004 CPU=   735.74982331008630      NumThreads=                   16 Elapsed time=   2.1746522381775282E-002
 CFL_Limit=   1.0000000000000000E-003
 dt_init=   1.0000000000000001E-018 dt=   1.0000000000000001E-018
 Time=  -8.5000000000383693E-014 Intensity=   3621504588.3236284     
   4763.9171936891444      < Te <    4946.0361413634000     
   4763.7477473749586      < Th <    5003.6376295554664     
   80.000000232581471      < Ts <   80.000000243807790     
   1.0610515816906641E+020 < Ne <   1.0613761223307769E+020
   1.0610515816906639E+020 < Nh <   1.0613761223158841E+020
 CFL_Te=   1.7985452104942825E-003 maxCFL_Ne=   1.3931169292908140E-003 maxCFL_Ts=   5.1020111011382328E-004 CPU=   735.74475258390828      NumThreads=                   16 Elapsed time=   2.1746672258019639E-002
 CFL_Limit=   1.0000000000000000E-003
 dt_init=   1.0000000000000001E-018 dt=   1.0000000000000001E-018
 Time=  -8.4000000000387030E-014 Intensity=   4853731164.6627903     
   4763.2526728894209      < Te <    4947.9025299425430     
   4763.0887817501934      < Th <    5012.7613599596989     
   80.000000318593422      < Ts <   80.000000334004909     
   1.4378501685470585E+020 < Ne <   1.4382851443465147E+020
   1.4378501685470583E+020 < Nh <   1.4382851442620457E+020
 CFL_Te=   1.7983137727534423E-003 maxCFL_Ne=   1.3926249156341974E-003 maxCFL_Ts=   5.1020111035783350E-004 CPU=   735.75255324689294      NumThreads=                   16 Elapsed time=   2.1746441693462879E-002
 CFL_Limit=   1.0000000000000000E-003
 dt_init=   1.0000000000000001E-018 dt=   1.0000000000000001E-018
 Time=  -8.3000000000390366E-014 Intensity=   6482719740.0118294     
   4762.5748990501725      < Te <    4934.5073373289824     
   4762.4162678844850      < Th <    5004.6837450946687     
   80.000000434719965      < Ts <   80.000000456088742     
   1.9419396907497338E+020 < Ne <   1.9425206625382600E+020
   1.9419396907497334E+020 < Nh <   1.9425206624840437E+020
 CFL_Te=   1.7981307135561024E-003 maxCFL_Ne=   1.3929869621555372E-003 maxCFL_Ts=   5.1020111068732438E-004 CPU=   735.75245512778486      NumThreads=                   16 Elapsed time=   2.1746444593543537E-002
 CFL_Limit=   1.0000000000000000E-003
 dt_init=   1.0000000000000001E-018 dt=   1.0000000000000001E-018
 Time=  -8.2000000000393702E-014 Intensity=   8628466652.9902210     
   4761.8837955745630      < Te <    4932.4002413653361     
   4761.7208272148409      < Th <    5011.3141749843917     
   80.000000591164408      < Ts <   80.000000620377847     
   2.6139893402971770E+020 < Ne <   2.6147626090239567E+020
   2.6139893402971767E+020 < Nh <   2.6147626089472859E+020
 CFL_Te=   1.7978294467308499E-003 maxCFL_Ne=   1.3933775079347098E-003 maxCFL_Ts=   5.1020111113146260E-004 CPU=   735.75382928537147      NumThreads=                   16 Elapsed time=   2.1746403977999818E-002
 CFL_Limit=   1.0000000000000000E-003
 dt_init=   1.0000000000000001E-018 dt=   1.0000000000000001E-018
 Time=  -8.1000000000397039E-014 Intensity=   11444711601.408194     
   4761.1959403680230      < Te <    4945.8140617308372     
   4761.0183788835366      < Th <    5018.8137531576695     
   80.000000801843854      < Ts <   80.000000842062931     
   3.5068636574176032E+020 < Ne <   3.5078893372077467E+020
   3.5068636574176025E+020 < Nh <   3.5078893370708623E+020
 CFL_Te=   1.7975121118794510E-003 maxCFL_Ne=   1.3917738925964727E-003 maxCFL_Ts=   5.1020111172983920E-004 CPU=   735.73660125165850      NumThreads=                   16 Elapsed time=   2.1746913192547838E-002
 CFL_Limit=   1.0000000000000000E-003
 dt_init=   1.0000000000000001E-018 dt=   1.0000000000000001E-018
 Time=  -8.0000000000400375E-014 Intensity=   15127631309.328072     
   4760.4927403754536      < Te <    4944.8274931700835     
   4760.2977958975944      < Th <    5018.6698310192496     
   80.000001083389463      < Ts <   80.000001138475810     
   4.6890191018389379E+020 < Ne <   4.6903748951680444E+020
   4.6890191018389366E+020 < Nh <   4.6903748949797955E+020
 CFL_Te=   1.7972693295831999E-003 maxCFL_Ne=   1.3921141461516145E-003 maxCFL_Ts=   5.1020111252843574E-004 CPU=   735.74100316438592      NumThreads=                   16 Elapsed time=   2.1746783081525681E-002
 CFL_Limit=   1.0000000000000000E-003
 dt_init=   1.0000000000000001E-018 dt=   1.0000000000000001E-018
 Time=  -7.9000000000403712E-014 Intensity=   19926538345.339001     
   4759.7864357865683      < Te <    4935.0903774387498     
   4759.5617658016963      < Th <    5010.7638956468218     
   80.000001458504713      < Ts <   80.000001533198557     
   6.2487659846964137E+020 < Ne <   6.2505519260382331E+020
   6.2487659846964124E+020 < Nh <   6.2505519257810200E+020
 CFL_Te=   1.7970377811331803E-003 maxCFL_Ne=   1.3917239131904504E-003 maxCFL_Ts=   5.1020111359248671E-004 CPU=   735.74531782925999      NumThreads=                   16 Elapsed time=   2.1746655550872324E-002
 CFL_Limit=   1.0000000000000000E-003
 dt_init=   1.0000000000000001E-018 dt=   1.0000000000000001E-018
 Time=  -7.8000000000407048E-014 Intensity=   26156982205.223495     
   4759.0531907057648      < Te <    4938.5884543967695     
   4758.8229640071431      < Th <    5001.3667854928381     
   80.000001958403956      < Ts <   80.000002059043652     
   8.2995926245817175E+020 < Ne <   8.3019370117390021E+020
   8.2995926245817162E+020 < Nh <   8.3019370113763534E+020
 CFL_Te=   1.7966992868137062E-003 maxCFL_Ne=   1.3919236678692553E-003 maxCFL_Ts=   5.1020111501238379E-004 CPU=   735.75533486073425      NumThreads=                   16 Elapsed time=   2.1746359478356382E-002
 CFL_Limit=   1.0000000000000000E-003
 dt_init=   1.0000000000000001E-018 dt=   1.0000000000000001E-018
 Time=  -7.7000000000410384E-014 Intensity=   34216711204.134335     
   4758.2873158128805      < Te <    4931.6437249054643     
   4758.0788296835999      < Th <    5019.2523638472758     
   80.000002620171628      < Ts <   80.000002754456247     
   1.0986786856184173E+021 < Ne <   1.0989853652964883E+021
   1.0986786856184172E+021 < Nh <   1.0989853652449666E+021
 CFL_Te=   1.7964642593421231E-003 maxCFL_Ne=   1.3936588373418479E-003 maxCFL_Ts=   5.1020111689116651E-004 CPU=   735.75783429861815      NumThreads=                   16 Elapsed time=   2.1746285603948000E-002
 CFL_Limit=   1.0000000000000000E-003
 dt_init=   1.0000000000000001E-018 dt=   1.0000000000000001E-018
 Time=  -7.6000000000413721E-014 Intensity=   44605020284.252617     
   4757.5037559215734      < Te <    4929.8651941894441     
   4757.3303333975800      < Th <    5021.7254034389862     
   80.000003495744863      < Ts <   80.000003676225333     
   1.4495634022777529E+021 < Ne <   1.4499631970475636E+021
   1.4495634022777527E+021 < Nh <   1.4499631969741452E+021
 CFL_Te=   1.7962125667853942E-003 maxCFL_Ne=   1.3925268850997542E-003 maxCFL_Ts=   5.1020111937719157E-004 CPU=   735.74748167876737      NumThreads=                   16 Elapsed time=   2.1746591593480594E-002
 CFL_Limit=   1.0000000000000000E-003
 dt_init=   1.0000000000000001E-018 dt=   1.0000000000000001E-018
 Time=  -7.5000000000417057E-014 Intensity=   57946080788.916252     
   4756.6953005638679      < Te <    4931.3803156649374     
   4756.5171651507162      < Th <    5022.6302817570231     
   80.000004648011071      < Ts <   80.000004888828997     
   1.9061520724350610E+021 < Ne <   1.9066714503808473E+021
   1.9061520724350610E+021 < Nh <   1.9066714502776202E+021
 CFL_Te=   1.7957797903098275E-003 maxCFL_Ne=   1.3909139880607436E-003 maxCFL_Ts=   5.1020112264796508E-004 CPU=   735.75629044526522      NumThreads=                   16 Elapsed time=   2.1746331234649880E-002
 CFL_Limit=   1.0000000000000000E-003
 dt_init=   1.0000000000000001E-018 dt=   1.0000000000000001E-018
 Time=  -7.4000000000420394E-014 Intensity=   75016922429.376862     
   4755.8791390188244      < Te <    4937.2460173161417     
   4755.6569783020614      < Th <    5011.0389346178581     
   80.000006161401586      < Ts <   80.000006478664375     
   2.4982330318411410E+021 < Ne <   2.4989054247635350E+021
   2.4982330318411410E+021 < Nh <   2.4989054245866533E+021
 CFL_Te=   1.7955045638700145E-003 maxCFL_Ne=   1.3917811000223955E-003 maxCFL_Ts=   5.1020112694138823E-004 CPU=   735.75975607761745      NumThreads=                   16 Elapsed time=   2.1746228803403201E-002
 CFL_Limit=   1.0000000000000000E-003
 dt_init=   1.0000000000000001E-018 dt=   1.0000000000000001E-018
 Time=  -7.3000000000423730E-014 Intensity=   96780813434.073257     
   4755.0664857802531      < Te <    4928.1082017009603     
   4754.7918541107019      < Th <    5006.9354188145053     
   80.000008142148175      < Ts <   80.000008555678718     
   3.2633579497642383E+021 < Ne <   3.2642254435461633E+021
   3.2633579497642383E+021 < Nh <   3.2642254433204395E+021
 CFL_Te=   1.7951386398849664E-003 maxCFL_Ne=   1.3911292292879901E-003 maxCFL_Ts=   5.1020113255312533E-004 CPU=   735.75421472299570      NumThreads=                   16 Elapsed time=   2.1746392585768392E-002
 CFL_Limit=   1.0000000000000000E-003
 dt_init=   1.0000000000000001E-018 dt=   1.0000000000000001E-018
 Time=  -7.2000000000427066E-014 Intensity=   124426860014.13100     
   4754.2347805977097      < Te <    4938.4574120685365     
   4755.3943803345719      < Th <    5003.0297543880579     
   80.000010723861521      < Ts <   80.000011264892848     
   4.2486815491987603E+021 < Ne <   4.2497968906972331E+021
   4.2486815491987603E+021 < Nh <   4.2497968904139860E+021
 CFL_Te=   1.7948574092966950E-003 maxCFL_Ne=   1.3903998867527102E-003 maxCFL_Ts=   5.1020113988720528E-004 CPU=   735.75907717636608      NumThreads=                   16 Elapsed time=   2.1746248869131790E-002
 CFL_Limit=   1.0000000000000000E-003
 dt_init=   1.0000000000000001E-018 dt=   1.0000000000000001E-018
 Time=  -7.1000000000430403E-014 Intensity=   159416717950.19135     
   4753.4041986138691      < Te <    4930.5967228740365     
   4754.1158464103910      < Th <    5005.3699832240081     
   80.000014077168572      < Ts <   80.000014780759571     
   5.5131870174765688E+021 < Ne <   5.5146160473535781E+021
   5.5131870174765688E+021 < Nh <   5.5146160469736098E+021
 CFL_Te=   1.7946127232130241E-003 maxCFL_Ne=   1.3907590797855730E-003 maxCFL_Ts=   5.1020114939925561E-004 CPU=   735.76648793392440      NumThreads=                   16 Elapsed time=   2.1746029837440603E-002
 CFL_Limit=   1.0000000000000000E-003
 dt_init=   1.0000000000000001E-018 dt=   1.0000000000000001E-018
 Time=  -7.0000000000433739E-014 Intensity=   203539373738.42972     
   4752.5796863231390      < Te <    4926.1733751400079     
   4752.1915977864955      < Th <    5023.9660417998548     
   80.000018421409209      < Ts <   80.000019347359654     
   7.1303650323123793E+021 < Ne <   7.1321896217523960E+021
   7.1303650323123793E+021 < Nh <   7.1321896212223303E+021
 CFL_Te=   1.7943455105161833E-003 maxCFL_Ne=   1.3904356451005099E-003 maxCFL_Ts=   5.1020116171505904E-004 CPU=   735.77077244085444      NumThreads=                   16 Elapsed time=   2.1745903206947748E-002
 CFL_Limit=   1.0000000000000000E-003
 dt_init=   1.0000000000000001E-018 dt=   1.0000000000000001E-018
 Time=  -6.9000000000437076E-014 Intensity=   258975005990.62750     
   4751.7364692935316      < Te <    4917.2748667967662     
   4751.2989399392309      < Th <    4988.7400669000672     
   80.000024028940160      < Ts <   80.000025245227732     
   9.1914231423929617E+021 < Ne <   9.1937447229244582E+021
   9.1914231423929617E+021 < Nh <   9.1937447227670397E+021
 CFL_Te=   1.7939912793493110E-003 maxCFL_Ne=   1.3914363212040059E-003 maxCFL_Ts=   5.1020117763673502E-004 CPU=   735.73979808519459      NumThreads=                   16 Elapsed time=   2.1746818700906115E-002
 CFL_Limit=   1.0000000000000000E-003
 dt_init=   1.0000000000000001E-018 dt=   1.0000000000000001E-018
 Time=  -6.8000000000440412E-014 Intensity=   328368974519.18756     
   4749.5590952400453      < Te <    4919.3909993648849     
   4750.4068389173563      < Th <    4980.8972499521487     
   80.000031238752214      < Ts <   80.000032808513112     
   1.1809111473302662E+022 < Ne <   1.1812055166455923E+022
   1.1809111473302660E+022 < Nh <   1.1812055166243228E+022
 CFL_Te=   1.7927358134683345E-003 maxCFL_Ne=   1.3923099115217435E-003 maxCFL_Ts=   5.1020119811020744E-004 CPU=   735.72996011094835      NumThreads=                   16 Elapsed time=   2.1747109493253741E-002
 CFL_Limit=   1.0000000000000000E-003
 dt_init=   1.0000000000000001E-018 dt=   1.0000000000000001E-018
 Time=  -6.7000000000443749E-014 Intensity=   414916998789.12958     
   4749.8607683620276      < Te <    4931.7352609620903     
   4749.5018556570649      < Th <    4969.7762572517040     
   80.000040501678953      < Ts <   80.000042501369350     
   1.5122260210072659E+022 < Ne <   1.5125979788805929E+022
   1.5122260210072657E+022 < Nh <   1.5125979788524911E+022
 CFL_Te=   1.7933094647703787E-003 maxCFL_Ne=   1.3931980231593900E-003 maxCFL_Ts=   5.1020122438302524E-004 CPU=   735.73085079226951      NumThreads=                   16 Elapsed time=   2.1747083166038843E-002
 CFL_Limit=   1.0000000000000000E-003
 dt_init=   1.0000000000000001E-018 dt=   1.0000000000000001E-018
 Time=  -6.6000000000447085E-014 Intensity=   522462572428.35266     
   4748.9462747762927      < Te <    4918.5425631358803     
   4748.5797288374588      < Th <    4966.4456420485249     
   80.000052316519188      < Ts <   80.000054865415038     
   1.9301133729776066E+022 < Ne <   1.9305817468690462E+022
   1.9301133729776066E+022 < Nh <   1.9305817468502343E+022
 CFL_Te=   1.7928235088425107E-003 maxCFL_Ne=   1.3934592026815533E-003 maxCFL_Ts=   5.1020125796672443E-004 CPU=   735.72168715763564      NumThreads=                   16 Elapsed time=   2.1747354032492779E-002
 CFL_Limit=   1.0000000000000000E-003
 dt_init=   1.0000000000000001E-018 dt=   1.0000000000000001E-018
 Time=  -6.5000000000450421E-014 Intensity=   655607608773.53748     
   4747.3988208590972      < Te <    4930.1853562745982     
   4747.6442266847544      < Th <    4961.3064184426676     
   80.000067349939428      < Ts <   80.000070603508576     
   2.4553715496526625E+022 < Ne <   2.4559593124472524E+022
   2.4553715496526625E+022 < Nh <   2.4559593124231570E+022
 CFL_Te=   1.7921628225465325E-003 maxCFL_Ne=   1.3939096391957265E-003 maxCFL_Ts=   5.1020130076470291E-004 CPU=   735.72389969698497      NumThreads=                   16 Elapsed time=   2.1747288631767645E-002
 CFL_Limit=   1.0000000000000000E-003
 dt_init=   1.0000000000000001E-018 dt=   1.0000000000000001E-018
 Time=  -6.4000000000453758E-014 Intensity=   819837215909.35083     
   4746.5139460123237      < Te <    4922.2878222890313     
   4746.6798844723044      < Th <    4970.7217555327406     
   80.000086505884127      < Ts <   80.000090586347739     
   3.1133046263205037E+022 < Ne <   3.1140396652207349E+022
   3.1133046263205037E+022 < Nh <   3.1140396651911399E+022
 CFL_Te=   1.7917638808200036E-003 maxCFL_Ne=   1.3952473917329417E-003 maxCFL_Ts=   5.1020135514909552E-004 CPU=   735.71826954788230      NumThreads=                   16 Elapsed time=   2.1747455054816581E-002
 CFL_Limit=   1.0000000000000000E-003
 dt_init=   1.0000000000000001E-018 dt=   1.0000000000000001E-018
 Time=  -6.3000000000457094E-014 Intensity=   1021659349832.0927     
   4749.2073040295008      < Te <    4917.8163953721505     
   4744.3932681578226      < Th <    4962.5099860416840     
   80.000110708102440      < Ts <   80.000115875919519     
   3.9345745676424805E+022 < Ne <   3.9354905994995236E+022
   3.9345745676424805E+022 < Nh <   3.9354905994591736E+022
 CFL_Te=   1.7941035134356135E-003 maxCFL_Ne=   1.3945182953350030E-003 maxCFL_Ts=   5.1020142386222695E-004 CPU=   735.72066905349834      NumThreads=                   16 Elapsed time=   2.1747384126891440E-002
 CFL_Limit=   1.0000000000000000E-003
 dt_init=   1.0000000000000001E-018 dt=   1.0000000000000001E-018
 Time=  -6.2000000000460431E-014 Intensity=   1268759882568.7104     
   4742.3607466829008      < Te <    4925.8175093240197     
   4744.6110191468679      < Th <    4950.4230858083329     
   80.000141273600065      < Ts <   80.000147714941406     
   4.9561853108980489E+022 < Ne <   4.9573229600826263E+022
   4.9561853108980489E+022 < Nh <   4.9573229600350268E+022
 CFL_Te=   1.7893655778170731E-003 maxCFL_Ne=   1.3930759596610242E-003 maxCFL_Ts=   5.1020151050254871E-004 CPU=   735.72323261584143      NumThreads=                   16 Elapsed time=   2.1747308350060512E-002
 CFL_Limit=   1.0000000000000000E-003
 dt_init=   1.0000000000000001E-018 dt=   1.0000000000000001E-018
 Time=  -6.1000000000463767E-014 Intensity=   1570173339800.8547     
   4743.8517158885106      < Te <    4920.1728498962912     
   4742.0356512109865      < Th <    4946.4520182873803     
   80.000179606847382      < Ts <   80.000187740820579     
   6.2226126847721079E+022 < Ne <   6.2240206786392117E+022
   6.2226126847721079E+022 < Nh <   6.2240206785788724E+022
 CFL_Te=   1.7910621457873752E-003 maxCFL_Ne=   1.3934745085254446E-003 maxCFL_Ts=   5.1020161933315188E-004 CPU=   735.71441611455498      NumThreads=                   16 Elapsed time=   2.1747568960927777E-002
 CFL_Limit=   1.0000000000000000E-003
 dt_init=   1.0000000000000001E-018 dt=   1.0000000000000001E-018
 Time=  -6.0000000000467103E-014 Intensity=   1936469201836.5425     
   4742.6819858160998      < Te <    4919.3113379645583     
   4741.9489292238904      < Th <    4947.3269111500285     
   80.000227735730320      < Ts <   80.000238061673102     
   7.7870942726570736E+022 < Ne <   7.7888308235924503E+022
   7.7870942726570736E+022 < Nh <   7.7888308235099701E+022
 CFL_Te=   1.7911736074421698E-003 maxCFL_Ne=   1.3939152288495586E-003 maxCFL_Ts=   5.1020175599570544E-004 CPU=   735.70220658719063      NumThreads=                   16 Elapsed time=   2.1747929878070556E-002
 CFL_Limit=   1.0000000000000000E-003
 dt_init=   1.0000000000000001E-018 dt=   1.0000000000000001E-018
 Time=  -5.9000000000470440E-014 Intensity=   2379953215735.2744     
   4738.0702852446320      < Te <    4919.5503989057224     
   4741.0724107262158      < Th <    4951.8923209808272     
   80.000287777409724      < Ts <   80.000300936294749     
   9.7130928227904303E+022 < Ne <   9.7152272031532192E+022
   9.7130928227904303E+022 < Nh <   9.7152272030390435E+022
 CFL_Te=   1.7875070998084998E-003 maxCFL_Ne=   1.3932378775856299E-003 maxCFL_Ts=   5.1020192642634303E-004 CPU=   735.70331427445149      NumThreads=                   16 Elapsed time=   2.1747897134022229E-002
 CFL_Limit=   1.0000000000000000E-003
 dt_init=   1.0000000000000001E-018 dt=   1.0000000000000001E-018
 Time=  -5.8000000000473776E-014 Intensity=   2914882629713.4248     
   4739.5875725293690      < Te <    4918.9657295199504     
   4740.6168178710177      < Th <    4940.8135151518836     
   80.000362674136980      < Ts <   80.000379241703897     
   1.2075946340734613E+023 < Ne <   1.2078560599349879E+023
   1.2075946340734613E+023 < Nh <   1.2078560599200318E+023
 CFL_Te=   1.7890923858638738E-003 maxCFL_Ne=   1.3933993009929988E-003 maxCFL_Ts=   5.1020213866130788E-004 CPU=   735.69911453784925      NumThreads=                   16 Elapsed time=   2.1748021281840012E-002
 CFL_Limit=   1.0000000000000000E-003
 dt_init=   1.0000000000000001E-018 dt=   1.0000000000000001E-018
 Time=  -5.7000000000477113E-014 Intensity=   3557693630525.7944     
   4737.1047869956628      < Te <    4911.0312213597999     
   4742.3025461633333      < Th <    4954.9317382587733     
   80.000455460022593      < Ts <   80.000476200648365     
   1.4964716541401314E+023 < Ne <   1.4967907477674024E+023
   1.4964716541401314E+023 < Nh <   1.4967907477476954E+023
 CFL_Te=   1.7874265190996413E-003 maxCFL_Ne=   1.3913858681357930E-003 maxCFL_Ts=   5.1020240219247764E-004 CPU=   735.70025247605338      NumThreads=                   16 Elapsed time=   2.1747987643270232E-002
 CFL_Limit=   1.0000000000000000E-003
 dt_init=   1.0000000000000001E-018 dt=   1.0000000000000001E-018
 Time=  -5.6000000000475123E-014 Intensity=   4327238540091.4380     
   4734.6133176282228      < Te <    4908.1692659504142     
   4736.0116177887467      < Th <    4955.3971953890232     
   80.000570275517234      < Ts <   80.000596097077889     
   1.8484245605504632E+023 < Ne <   1.8488126924556662E+023
   1.8484245605504632E+023 < Nh <   1.8488126924316671E+023
 CFL_Te=   1.7859951490549122E-003 maxCFL_Ne=   1.3903932706615350E-003 maxCFL_Ts=   5.1020272800964288E-004 CPU=   735.70484771603469      NumThreads=                   16 Elapsed time=   2.1747851804526420E-002
 CFL_Limit=   1.0000000000000000E-003
 dt_init=   1.0000000000000001E-018 dt=   1.0000000000000001E-018
 Time=  -5.5000000000472148E-014 Intensity=   5245029512467.1377     
   4733.1864341850596      < Te <    4911.2689445588303     
   4737.1911716858431      < Th <    4956.0057451939583     
   80.000712128281052      < Ts <   80.000744060684383     
   2.2757428629396283E+023 < Ne <   2.2762133443447274E+023
   2.2757428629396283E+023 < Nh <   2.2762133443189962E+023
 CFL_Te=   1.7853419654002473E-003 maxCFL_Ne=   1.3893965668791372E-003 maxCFL_Ts=   5.1020313032066234E-004 CPU=   735.70186932320621      NumThreads=                   16 Elapsed time=   2.1747939847861022E-002
 CFL_Limit=   1.0000000000000000E-003
 dt_init=   1.0000000000000001E-018 dt=   1.0000000000000001E-018
 Time=  -5.4000000000469174E-014 Intensity=   6335484573989.2178     
   4730.5528699982597      < Te <    4902.4509773807422     
   4735.9932624273724      < Th <    4954.7691963305479     
   80.000886293266021      < Ts <   80.000925866805161     
   2.7927705794893736E+023 < Ne <   2.7933389048463892E+023
   2.7927705794893739E+023 < Nh <   2.7933389048183011E+023
 CFL_Te=   1.7838030158229554E-003 maxCFL_Ne=   1.3898023559969471E-003 maxCFL_Ts=   5.1020362437739872E-004 CPU=   735.70090331452684      NumThreads=                   16 Elapsed time=   2.1747968403893179E-002
 CFL_Limit=   1.0000000000000000E-003
 dt_init=   1.0000000000000001E-018 dt=   1.0000000000000001E-018
 Time=  -5.3000000000466199E-014 Intensity=   7626170880184.8320     
   4731.5739169265798      < Te <    4911.5814203550144     
   4731.3863373597233      < Th <    4944.0188447797018     
   80.001099052985140      < Ts <   80.001149107986464     
   3.4161774238417921E+023 < Ne <   3.4168615704309263E+023
   3.4161774238417921E+023 < Nh <   3.4168615704017179E+023
 CFL_Te=   1.7848917567549008E-003 maxCFL_Ne=   1.3893768805802015E-003 maxCFL_Ts=   5.1020422930262083E-004 CPU=   735.68306551930164      NumThreads=                   16 Elapsed time=   2.1748495717657943E-002
 CFL_Limit=   1.0000000000000000E-003
 dt_init=   1.0000000000000001E-018 dt=   1.0000000000000001E-018
 Time=  -5.2000000000463225E-014 Intensity=   9148039040900.5273     
   4723.6561736629474      < Te <    4907.0442904385209     
   4732.9268612118758      < Th <    4941.3683842509436     
   80.001359549518071      < Ts <   80.001421630980957     
   4.1652514391697500E+023 < Ne <   4.1660721867475468E+023
   4.1652514391697500E+023 < Nh <   4.1660721867214689E+023
 CFL_Te=   1.7797049275035323E-003 maxCFL_Ne=   1.3879137977493880E-003 maxCFL_Ts=   5.1020496886567627E-004 CPU=   735.68218000924185      NumThreads=                   16 Elapsed time=   2.1748521895418212E-002
 CFL_Limit=   1.0000000000000000E-003
 dt_init=   1.0000000000000001E-018 dt=   1.0000000000000001E-018
 Time=  -5.1000000000460250E-014 Intensity=   10935641313518.219     
   4724.2750840945528      < Te <    4918.0650448965080     
   4730.5091159556205      < Th <    4941.7952550951568     
   80.001676212819405      < Ts <   80.001753694908047     
   5.0622119962851867E+023 < Ne <   5.0631932153646009E+023
   5.0622119962851867E+023 < Nh <   5.0631932153409095E+023
 CFL_Te=   1.7804582497357477E-003 maxCFL_Ne=   1.3888219753836310E-003 maxCFL_Ts=   5.1020586872880711E-004 CPU=   735.66732819176707      NumThreads=                   16 Elapsed time=   2.1748960959469529E-002
 CFL_Limit=   1.0000000000000000E-003
 dt_init=   1.0000000000000001E-018 dt=   1.0000000000000001E-018
 Time=  -5.0000000000457276E-014 Intensity=   13027325412947.795     
   4719.5723609426886      < Te <    4916.9201083174439     
   4728.1282509676403      < Th <    4949.5286257812359     
   80.002059542586565      < Ts <   80.002155851729228     
   6.1325413306999808E+023 < Ne <   6.1337103504281099E+023
   6.1325413306999808E+023 < Nh <   6.1337103504099006E+023
 CFL_Te=   1.7786340047808754E-003 maxCFL_Ne=   1.3879315925584726E-003 maxCFL_Ts=   5.1020695786745552E-004 CPU=   735.66763216238405      NumThreads=                   16 Elapsed time=   2.1748951973013155E-002
 CFL_Limit=   1.0000000000000000E-003
 dt_init=   1.0000000000000001E-018 dt=   1.0000000000000001E-018
 Time=  -4.9000000000454301E-014 Intensity=   15465394672231.150     
   4718.3835738975695      < Te <    4927.3567473075937     
   4726.8644678541732      < Th <    4959.0295516083843     
   80.002523245119477      < Ts <   80.002642343350473     
   7.4053320593578283E+023 < Ne <   7.4067200385471642E+023
   7.4053320593578283E+023 < Nh <   7.4067200385356819E+023
 CFL_Te=   1.7767663217291263E-003 maxCFL_Ne=   1.3853601897119694E-003 maxCFL_Ts=   5.1020827507277744E-004 CPU=   735.67165317482454      NumThreads=                   16 Elapsed time=   2.1748833098232442E-002
 CFL_Limit=   1.0000000000000000E-003
 dt_init=   1.0000000000000001E-018 dt=   1.0000000000000001E-018
 Time=  -4.8000000000451327E-014 Intensity=   18296224350930.977     
   4715.5418302198286      < Te <    4919.2312940371812     
   4725.1152941118471      < Th <    4954.8728388416357     
   80.003081764228142      < Ts <   80.003228758784971     
   8.9136472237859330E+023 < Ne <   8.9152894676877320E+023
   8.9136472237859330E+023 < Nh <   8.9152894676912807E+023
 CFL_Te=   1.7749012990355645E-003 maxCFL_Ne=   1.3855057509531430E-003 maxCFL_Ts=   5.1020986353060105E-004 CPU=   735.67063863998271      NumThreads=                   16 Elapsed time=   2.1748863091204551E-002
 CFL_Limit=   1.0000000000000000E-003
 dt_init=   1.0000000000000001E-018 dt=   1.0000000000000001E-018
 Time=  -4.7000000000448352E-014 Intensity=   21570323077270.426     
   4712.1232560180115      < Te <    4900.2926013356091     
   4725.7477966687702      < Th <    4955.1024150393241     
   80.003752751109090      < Ts <   80.003934009089392     
   1.0694888443269647E+024 < Ne <   1.0696824757306608E+024
   1.0694888443269645E+024 < Nh <   1.0696824757318203E+024
 CFL_Te=   1.7728349582909985E-003 maxCFL_Ne=   1.3846509267806998E-003 maxCFL_Ts=   5.1021176823835303E-004 CPU=   735.66927832980912      NumThreads=                   16 Elapsed time=   2.1748903306557561E-002
 CFL_Limit=   1.0000000000000000E-003
 dt_init=   1.0000000000000001E-018 dt=   1.0000000000000001E-018
 Time=  -4.6000000000445378E-014 Intensity=   25342327775993.938     
   4707.1366622696942      < Te <    4890.0794887413540     
   4725.0939573595206      < Th <    4953.3227010759338     
   80.004558944208370      < Ts <   80.004780646984273     
   1.2791166794251670E+024 < Ne <   1.2793441868394029E+024
   1.2791166794251668E+024 < Nh <   1.2793441868371792E+024
 CFL_Te=   1.7693096447599299E-003 maxCFL_Ne=   1.3825714869134796E-003 maxCFL_Ts=   5.1021405780814861E-004 CPU=   735.66237294683845      NumThreads=                   16 Elapsed time=   2.1749107455243215E-002
 CFL_Limit=   1.0000000000000000E-003
 dt_init=   1.0000000000000001E-018 dt=   1.0000000000000001E-018
 Time=  -4.5000000000442403E-014 Intensity=   29670920032114.766     
   4702.7431387683764      < Te <    4894.3295130483912     
   4720.7567683102807      < Th <    4950.9219113304380     
   80.005519938516230      < Ts <   80.005789493331264     
   1.5249669924752397E+024 < Ne <   1.5252333805026996E+024
   1.5249669924752394E+024 < Nh <   1.5252333804975671E+024
 CFL_Te=   1.7676984160453037E-003 maxCFL_Ne=   1.3803085966803696E-003 maxCFL_Ts=   5.1021678549508604E-004 CPU=   735.64518459075191      NumThreads=                   16 Elapsed time=   2.1749615623326602E-002
 CFL_Limit=   1.0000000000000000E-003
 dt_init=   1.0000000000000001E-018 dt=   1.0000000000000001E-018
 Time=  -4.4000000000439429E-014 Intensity=   34618651727643.855     
   4700.3003167766901      < Te <    4878.4534729643601     
   4717.6915548747766      < Th <    4951.0772472311319     
   80.006664635004839      < Ts <   80.006989504763823     
   1.8123017848380833E+024 < Ne <   1.8126126202104190E+024
   1.8123017848380831E+024 < Nh <   1.8126126201975062E+024
 CFL_Te=   1.7643797774863556E-003 maxCFL_Ne=   1.3780636082911185E-003 maxCFL_Ts=   5.1022002984554274E-004 CPU=   735.64595247864202      NumThreads=                   16 Elapsed time=   2.1749592920467440E-002
 CFL_Limit=   1.0000000000000000E-003
 dt_init=   1.0000000000000001E-018 dt=   1.0000000000000001E-018
 Time=  -4.3000000000436454E-014 Intensity=   40251668020119.102     
   4694.3186149855246      < Te <    4867.3790914098763     
   4714.7338184716255      < Th <    4950.3116455319723     
   80.008022941606200      < Ts <   80.008415328934618     
   2.1469598790931815E+024 < Ne <   2.1473213187028242E+024
   2.1469598790931810E+024 < Nh <   2.1473213186733495E+024
 CFL_Te=   1.7599324708481613E-003 maxCFL_Ne=   1.3775376207168430E-003 maxCFL_Ts=   5.1022388494154200E-004 CPU=   735.63906973610153      NumThreads=                   16 Elapsed time=   2.1749796412716006E-002
 CFL_Limit=   1.0000000000000000E-003
 dt_init=   1.0000000000000001E-018 dt=   1.0000000000000001E-018
 Time=  -4.2000000000433480E-014 Intensity=   46639316361462.930     
   4688.8060085501365      < Te <    4870.7150751049112     
   4714.3169623825315      < Th <    4945.1646945732446     
   80.009628693416460      < Ts <   80.010100453295038     
   2.5353875378418621E+024 < Ne <   2.5358063676124951E+024
   2.5353875378418616E+024 < Nh <   2.5358063675622901E+024
 CFL_Te=   1.7558125545749537E-003 maxCFL_Ne=   1.3792767139697562E-003 maxCFL_Ts=   5.1022844217045243E-004 CPU=   735.61493725156572      NumThreads=                   16 Elapsed time=   2.1750509933607175E-002
 CFL_Limit=   1.0000000000000000E-003
 dt_init=   1.0000000000000001E-018 dt=   1.0000000000000001E-018
 Time=  -4.1000000000430505E-014 Intensity=   53853631331000.812     
   4685.3175154354913      < Te <    4865.8424186768407     
   4712.3748289692585      < Th <    4952.8735949595812     
   80.011520925480923      < Ts <   80.012087245662940     
   2.9846650582728974E+024 < Ne <   2.9851487265161776E+024
   2.9846650582728968E+024 < Nh <   2.9851487264410361E+024
 CFL_Te=   1.7531220713173095E-003 maxCFL_Ne=   1.3775553704037755E-003 maxCFL_Ts=   5.1023381299195351E-004 CPU=   735.61341934622510      NumThreads=                   16 Elapsed time=   2.1750554814810159E-002
 CFL_Limit=   1.0000000000000000E-003
 dt_init=   1.0000000000000001E-018 dt=   1.0000000000000001E-018
 Time=  -4.0000000000427531E-014 Intensity=   61968686616517.875     
   4677.5689588858622      < Te <    4865.3443073575163     
   4710.0348675901896      < Th <    4952.7608678703082     
   80.013747970962100      < Ts <   80.014421718112004     
   3.5025281853584971E+024 < Ne <   3.5030848000319039E+024
   3.5025281853584966E+024 < Nh <   3.5030847999266751E+024
 CFL_Te=   1.7475315803586182E-003 maxCFL_Ne=   1.3754369821378206E-003 maxCFL_Ts=   5.1024012392845584E-004 CPU=   735.61063207288623      NumThreads=                   16 Elapsed time=   2.1750637228982683E-002
 CFL_Limit=   1.0000000000000000E-003
 dt_init=   1.0000000000000001E-018 dt=   1.0000000000000001E-018
 Time=  -3.9000000000424557E-014 Intensity=   71059807549599.203     
   4676.4246099259972      < Te <    4850.8533362377639     
   4708.4847361890688      < Th <    4949.9352123751387     
   80.016352726537406      < Ts <   80.017159140976531     
   4.0973831277590488E+024 < Ne <   4.0980214719806060E+024
   4.0973831277590483E+024 < Nh <   4.0980214718321187E+024
 CFL_Te=   1.7462980546982989E-003 maxCFL_Ne=   1.3758784973515775E-003 maxCFL_Ts=   5.1024752185476092E-004 CPU=   735.60761686633748      NumThreads=                   16 Elapsed time=   2.1750726383393686E-002
 CFL_Limit=   1.0000000000000000E-003
 dt_init=   1.0000000000000001E-018 dt=   1.0000000000000001E-018
 Time=  -3.8000000000421582E-014 Intensity=   81202640199250.766     
   4664.8854998742081      < Te <    4843.8804601591855     
   4705.4933627321298      < Th <    4936.5857997230805     
   80.019390530153899      < Ts <   80.020351376607920     
   4.7783139066733080E+024 < Ne <   4.7790434564042506E+024
   4.7783139066733080E+024 < Nh <   4.7790434561922773E+024
 CFL_Te=   1.7369716997503002E-003 maxCFL_Ne=   1.3725062097488686E-003 maxCFL_Ts=   5.1025614579738258E-004 CPU=   735.60676580769655      NumThreads=                   16 Elapsed time=   2.1750751547849063E-002
 CFL_Limit=   1.0000000000000000E-003
 dt_init=   1.0000000000000001E-018 dt=   1.0000000000000001E-018
 Time=  -3.7000000000418608E-014 Intensity=   92472076146496.750     
   4657.2520636099589      < Te <    4842.5820008110832     
   4704.5353818868798      < Th <    4937.9777254217315     
   80.022935039509122      < Ts <   80.024064521541021     
   5.5550807681267244E+024 < Ne <   5.5559116842197843E+024
   5.5550807681267244E+024 < Nh <   5.5559116839356357E+024
 CFL_Te=   1.7309960967346800E-003 maxCFL_Ne=   1.3723669728171856E-003 maxCFL_Ts=   5.1026618742885618E-004 CPU=   735.60719562285760      NumThreads=                   16 Elapsed time=   2.1750738838888582E-002
 CFL_Limit=   1.0000000000000000E-003
 dt_init=   1.0000000000000001E-018 dt=   1.0000000000000001E-018
 Time=  -3.6000000000415633E-014 Intensity=   104941035677997.53     
   4651.6778376285765      < Te <    4839.5420832631316     
   4701.9070187253201      < Th <    4937.0525812869082     
   80.027036517640298      < Ts <   80.028375096511439     
   6.4381083247906054E+024 < Ne <   6.4390514398531590E+024
   6.4381083247906054E+024 < Nh <   6.4390514394852445E+024
 CFL_Te=   1.7261231473256482E-003 maxCFL_Ne=   1.3693000590725647E-003 maxCFL_Ts=   5.1027783241986671E-004 CPU=   735.60991605376182      NumThreads=                   16 Elapsed time=   2.1750658400356102E-002
 CFL_Limit=   1.0000000000000000E-003
 dt_init=   1.0000000000000001E-018 dt=   1.0000000000000001E-018
 Time=  -3.5000000000412659E-014 Intensity=   118679116201979.36     
   4641.0604649045272      < Te <    4831.3160570479567     
   4700.3392356800414      < Th <    4932.9422719300037     
   80.031813295836400      < Ts <   80.033387872578501     
   7.4384622465445354E+024 < Ne <   7.4395290060137066E+024
   7.4384622465445354E+024 < Nh <   7.4395290055238484E+024
 CFL_Te=   1.7175217233614396E-003 maxCFL_Ne=   1.3691800508988578E-003 maxCFL_Ts=   5.1029135565248192E-004 CPU=   735.61255044125471      NumThreads=                   16 Elapsed time=   2.1750580506548527E-002
 CFL_Limit=   1.0000000000000000E-003
 dt_init=   1.0000000000000001E-018 dt=   1.0000000000000001E-018
 Time=  -3.4000000000409684E-014 Intensity=   133751117135265.58     
   4635.3103222890713      < Te <    4814.6012722508822     
   4697.3447136874429      < Th <    4934.3798288544995     
   80.037301333867447      < Ts <   80.039160720290155     
   8.5678132890758804E+024 < Ne <   8.5690157365130816E+024
   8.5678132890758804E+024 < Nh <   8.5690157358639574E+024
 CFL_Te=   1.7120879693811699E-003 maxCFL_Ne=   1.3680474402961772E-003 maxCFL_Ts=   5.1030692417036261E-004 CPU=   735.61287856336401      NumThreads=                   16 Elapsed time=   2.1750570804643404E-002
 CFL_Limit=   1.0000000000000000E-003
 dt_init=   1.0000000000000001E-018 dt=   1.0000000000000001E-018
 Time=  -3.3000000000406710E-014 Intensity=   150215457241480.31     
   4631.1290011097208      < Te <    4814.8786558742759     
   4696.6768267797588      < Th <    4934.1676908684003     
   80.043612770092722      < Ts <   80.045795711401595     
   9.8383876509286843E+024 < Ne <   9.8397383534242996E+024
   9.8383876509286843E+024 < Nh <   9.8397383525693177E+024
 CFL_Te=   1.7077731672161549E-003 maxCFL_Ne=   1.3674645419132013E-003 maxCFL_Ts=   5.1032480403078969E-004 CPU=   735.61663283171458      NumThreads=                   16 Elapsed time=   2.1750459799160474E-002
 CFL_Limit=   1.0000000000000000E-003
 dt_init=   1.0000000000000001E-018 dt=   1.0000000000000001E-018
 Time=  -3.2000000000403735E-014 Intensity=   168122505300198.00     
   4616.8342696943082      < Te <    4805.6011087373781     
   4697.8373024165348      < Th <    4927.9778747549517     
   80.050851263081668      < Ts <   80.053407133280672     
   1.1262902710832631E+025 < Ne <   1.1264414729292004E+025
   1.1262902710832631E+025 < Nh <   1.1264414728166530E+025
 CFL_Te=   1.6956162376034363E-003 maxCFL_Ne=   1.3643861073877541E-003 maxCFL_Ts=   5.1034530345667065E-004 CPU=   735.61431968778902      NumThreads=                   16 Elapsed time=   2.1750528193620201E-002
 CFL_Limit=   1.0000000000000000E-003
 dt_init=   1.0000000000000001E-018 dt=   1.0000000000000001E-018
 Time=  -3.1000000000400761E-014 Intensity=   187512849914193.53     
   4612.0394625865711      < Te <    4786.4205831176751     
   4694.3586905937118      < Th <    4923.8885047519043     
   80.059126623405064      < Ts <   80.062106888268644     
   1.2854487615266604E+025 < Ne <   1.2856174329906940E+025
   1.2854487615266604E+025 < Nh <   1.2856174328432465E+025
 CFL_Te=   1.6906169386191692E-003 maxCFL_Ne=   1.3645124212845049E-003 maxCFL_Ts=   5.1036874895950149E-004 CPU=   735.61168952403125      NumThreads=                   16 Elapsed time=   2.1750605962165458E-002
 CFL_Limit=   1.0000000000000000E-003
 dt_init=   1.0000000000000001E-018 dt=   1.0000000000000001E-018
 Time=  -3.0000000000397786E-014 Intensity=   208415539059104.16     
   4595.7439546818869      < Te <    4786.0757671424426     
   4692.7427729816918      < Th <    4924.7639252543131     
   80.068578041917675      < Ts <   80.072031265485407     
   1.4626588068526937E+025 < Ne <   1.4628463195764398E+025
   1.4626588068526937E+025 < Nh <   1.4628463193837167E+025
 CFL_Te=   1.6767192597218438E-003 maxCFL_Ne=   1.3630153363018672E-003 maxCFL_Ts=   5.1039551307987478E-004 CPU=   735.60984570792641      NumThreads=                   16 Elapsed time=   2.1750660480355767E-002
 CFL_Limit=   1.0000000000000000E-003
 dt_init=   1.0000000000000001E-018 dt=   1.0000000000000001E-018
 Time=  -2.9000000000394812E-014 Intensity=   230846324469058.75     
   4589.5647439277982      < Te <    4785.4106348502937     
   4691.9770270108647      < Th <    4916.5623136284494     
   80.079312171282709      < Ts <   80.083285798390463     
   1.6592855442120343E+025 < Ne <   1.6594932882586419E+025
   1.6592855442120343E+025 < Nh <   1.6594932880144122E+025
 CFL_Te=   1.6702861390695577E-003 maxCFL_Ne=   1.3621470531621975E-003 maxCFL_Ts=   5.1042586389002463E-004 CPU=   735.60670191170584      NumThreads=                   16 Elapsed time=   2.1750753437154605E-002
 CFL_Limit=   1.0000000000000000E-003
 dt_init=   1.0000000000000001E-018 dt=   1.0000000000000001E-018
 Time=  -2.8000000000393169E-014 Intensity=   254805949950995.38     
   4584.0714034606890      < Te <    4772.9181139442599     
   4694.6680715646307      < Th <    4920.3621409342904     
   80.091495976652013      < Ts <   80.096062203607133     
   1.8767020174770878E+025 < Ne <   1.8769313864752651E+025
   1.8767020174770878E+025 < Nh <   1.8769313861696807E+025
 CFL_Te=   1.6639046843298011E-003 maxCFL_Ne=   1.3610212407334213E-003 maxCFL_Ts=   5.1046026677382494E-004 CPU=   735.60360256292768      NumThreads=                   16 Elapsed time=   2.1750845080494654E-002
 CFL_Limit=   1.0000000000000000E-003
 dt_init=   1.0000000000000001E-018 dt=   1.0000000000000001E-018
 Time=  -2.7000000000393350E-014 Intensity=   280278526036165.84     
   4578.0674714812203      < Te <    4771.8059907452871     
   4688.9941110259342      < Th <    4918.1168386844192     
   80.105276634695372      < Ts <   80.110508591733293     
   2.1162750185320265E+025 < Ne <   2.1165273892630049E+025
   2.1162750185320265E+025 < Nh <   2.1165273888825481E+025
 CFL_Te=   1.6569347374179677E-003 maxCFL_Ne=   1.3626196056386031E-003 maxCFL_Ts=   5.1049911177669671E-004 CPU=   735.60755853168826      NumThreads=                   16 Elapsed time=   2.1750728108254961E-002
 CFL_Limit=   1.0000000000000000E-003
 dt_init=   1.0000000000000001E-018 dt=   1.0000000000000001E-018
 Time=  -2.6000000000393531E-014 Intensity=   307230035825304.94     
   4558.9982727112383      < Te <    4763.7392728955128     
   4690.5253040625030      < Th <    4922.9042276452956     
   80.120816184703415      < Ts <   80.126810133233036     
   2.3793495179654699E+025 < Ne <   2.3796262433693553E+025
   2.3793495179654699E+025 < Nh <   2.3796262429021496E+025
 CFL_Te=   1.6401151473451113E-003 maxCFL_Ne=   1.3636060746008668E-003 maxCFL_Ts=   5.1054290752945003E-004 CPU=   735.60489435489478      NumThreads=                   16 Elapsed time=   2.1750806883947611E-002
 CFL_Limit=   1.0000000000000000E-003
 dt_init=   1.0000000000000001E-018 dt=   1.0000000000000001E-018
 Time=  -2.5000000000393712E-014 Intensity=   335607018286696.19     
   4553.0256557790008      < Te <    4752.5822858801203     
   4692.7217816955772      < Th <    4917.8404881215201     
   80.138254390837702      < Ts <   80.145100050664439     
   2.6672318129014819E+025 < Ne <   2.6675341955020938E+025
   2.6672318129014819E+025 < Nh <   2.6675341949307339E+025
 CFL_Te=   1.6324031201750721E-003 maxCFL_Ne=   1.3615443036776131E-003 maxCFL_Ts=   5.1059206691945428E-004 CPU=   735.55888597623004      NumThreads=                   16 Elapsed time=   2.1752167372384987E-002
 CFL_Limit=   1.0000000000000000E-003
 dt_init=   1.0000000000000001E-018 dt=   1.0000000000000001E-018
 Time=  -2.4000000000393893E-014 Intensity=   365335475465723.00     
   4547.4992137068039      < Te <    4733.6156315539465     
   4694.0448453524796      < Th <    4905.9272528050651     
   80.157844899089710      < Ts <   80.165580307086444     
   2.9811715967856436E+025 < Ne <   2.9815008708912599E+025
   2.9811715967856436E+025 < Nh <   2.9815008701938277E+025
 CFL_Te=   1.6246997486097060E-003 maxCFL_Ne=   1.3614599214453859E-003 maxCFL_Ts=   5.1064714076477769E-004 CPU=   735.54521095714665      NumThreads=                   16 Elapsed time=   2.1752571781657851E-002
 CFL_Limit=   1.0000000000000000E-003
 dt_init=   1.0000000000000001E-018 dt=   1.0000000000000001E-018
 Time=  -2.3000000000394074E-014 Intensity=   396320048934197.12     
   4541.9877870807168      < Te <    4741.8039704823468     
   4697.3923172562900      < Th <    4914.7182069633554     
   80.179723389985895      < Ts <   80.188504895072768     
   3.3223431377593748E+025 < Ne <   3.3227004560571943E+025
   3.3223431377593748E+025 < Nh <   3.3227004552182635E+025
 CFL_Te=   1.6165330167111065E-003 maxCFL_Ne=   1.3630372873208588E-003 maxCFL_Ts=   5.1070873522028647E-004 CPU=   735.53381565151881      NumThreads=                   16 Elapsed time=   2.1752908784795397E-002
 CFL_Limit=   1.0000000000000000E-003
 dt_init=   1.0000000000000001E-018 dt=   1.0000000000000001E-018
 Time=  -2.2000000000394255E-014 Intensity=   428443508248522.69     
   4537.3911394595889      < Te <    4731.1580806940765     
   4700.9758561215303      < Th <    4911.0134725055968     
   80.204038752436659      < Ts <   80.214020511412556     
   3.6918258264843611E+025 < Ne <   3.6922122432039238E+025
   3.6918258264843611E+025 < Nh <   3.6922122421996552E+025
 CFL_Te=   1.6094718858985079E-003 maxCFL_Ne=   1.3636013998865493E-003 maxCFL_Ts=   5.1077714246127316E-004 CPU=   735.52348692784983      NumThreads=                   16 Elapsed time=   2.1753214254012665E-002
 CFL_Limit=   1.0000000000000000E-003
 dt_init=   1.0000000000000001E-018 dt=   1.0000000000000001E-018
 Time=  -2.1000000000394436E-014 Intensity=   461566590146842.62     
   4515.2342274193543      < Te <    4728.1432668806165     
   4703.4625634640543      < Th <    4912.4095852626124     
   80.231151975587125      < Ts <   80.242411513412648     
   4.0905844267620576E+025 < Ne <   4.0910008945434822E+025
   4.0905844267620576E+025 < Nh <   4.0910008933602557E+025
 CFL_Te=   1.5885313242829013E-003 maxCFL_Ne=   1.3646159388782276E-003 maxCFL_Ts=   5.1085308112269463E-004 CPU=   735.51481297896419      NumThreads=                   16 Elapsed time=   2.1753470790339610E-002
 CFL_Limit=   1.0000000000000000E-003
 dt_init=   1.0000000000000001E-018 dt=   1.0000000000000001E-018
 Time=  -2.0000000000394617E-014 Intensity=   495528221700865.88     
   4528.3388944472781      < Te <    4722.0816891474715     
   4708.1001460855487      < Th <    4914.6697287540837     
   80.261111933852035      < Ts <   80.273873218925957     
   4.5194493215818244E+025 < Ne <   4.5198966254665399E+025
   4.5194493215818244E+025 < Nh <   4.5198966240703096E+025
 CFL_Te=   1.5931845750219642E-003 maxCFL_Ne=   1.3664137303478704E-003 maxCFL_Ts=   5.1093689417754801E-004 CPU=   735.50336921765927      NumThreads=                   16 Elapsed time=   2.1753809254495857E-002
 CFL_Limit=   1.0000000000000000E-003
 dt_init=   1.0000000000000001E-018 dt=   1.0000000000000001E-018
 Time=  -1.9000000000394798E-014 Intensity=   530146153688799.69     
   4525.7603727858823      < Te <    4715.2601047016369     
   4712.0867095478197      < Th <    4926.6064504421274     
   80.294331834102621      < Ts <   80.308654653818436     
   4.9790971153547620E+025 < Ne <   4.9795758783715259E+025
   4.9790971153547620E+025 < Nh <   4.9795758767338652E+025
 CFL_Te=   1.5858387406009306E-003 maxCFL_Ne=   1.3693062173545157E-003 maxCFL_Ts=   5.1102965583419281E-004 CPU=   735.48779621150834      NumThreads=                   16 Elapsed time=   2.1754269863369410E-002
 CFL_Limit=   1.0000000000000000E-003
 dt_init=   1.0000000000000001E-018 dt=   1.0000000000000001E-018
 Time=  -1.8000000000394979E-014 Intensity=   565218022186472.75     
   4504.6044842897054      < Te <    4712.0613422459528     
   4717.1685051168897      < Th <    4932.3396525817925     
   80.330920364518306      < Ts <   80.347080369451248     
   5.4700319572477736E+025 < Ne <   5.4705426332289746E+025
   5.4700319572477736E+025 < Nh <   5.4705426313232272E+025
 CFL_Te=   1.5645435065912495E-003 maxCFL_Ne=   1.3764539250201782E-003 maxCFL_Ts=   5.1113175072971001E-004 CPU=   735.48393862755199      NumThreads=                   16 Elapsed time=   2.1754383963648153E-002
 CFL_Limit=   1.0000000000000000E-003
 dt_init=   1.0000000000000001E-018 dt=   1.0000000000000001E-018
 Time=  -1.7000000000395159E-014 Intensity=   600522846939103.12     
   4502.8005709464423      < Te <    4709.3858400045956     
   4722.2500475656052      < Th <    4943.2459427583944     
   80.371021019881852      < Ts <   80.389241385845750     
   5.9925680399143894E+025 < Ne <   5.9931108860617612E+025
   5.9925680399143894E+025 < Nh <   5.9931108838602220E+025
 CFL_Te=   1.5571882870414196E-003 maxCFL_Ne=   1.3786774578029390E-003 maxCFL_Ts=   5.1124343681587751E-004 CPU=   735.46847339476597      NumThreads=                   16 Elapsed time=   2.1754841408969449E-002
 CFL_Limit=   1.0000000000000000E-003
 dt_init=   1.0000000000000001E-018 dt=   1.0000000000000001E-018
 Time=  -1.6000000000395340E-014 Intensity=   635822964715934.88     
   4501.7207818544121      < Te <    4709.3103306895837     
   4728.3471438004935      < Th <    4945.3373789418829     
   80.414977231432459      < Ts <   80.435341047827336     
   6.5468135870865805E+025 < Ne <   6.5473886387948395E+025
   6.5468135870865805E+025 < Nh <   6.5473886362796001E+025
 CFL_Te=   1.5500793814186237E-003 maxCFL_Ne=   1.3823140069025477E-003 maxCFL_Ts=   5.1136545465783813E-004 CPU=   735.44630702149709      NumThreads=                   16 Elapsed time=   2.1755497100527720E-002
 CFL_Limit=   1.0000000000000000E-003
 dt_init=   1.0000000000000001E-018 dt=   1.0000000000000001E-018
 Time=  -1.5000000000395521E-014 Intensity=   670866384802205.62     
   4519.8611654500692      < Te <    4708.1575936987192     
   4734.1309389046592      < Th <    4949.3463033601747     
   80.462993065178367      < Ts <   80.485687258277139     
   7.1326567572843252E+025 < Ne <   7.1332638351617997E+025
   7.1326567572843252E+025 < Nh <   7.1332638323265457E+025
 CFL_Te=   1.5563750005057491E-003 maxCFL_Ne=   1.3868360009161083E-003 maxCFL_Ts=   5.1149849073066442E-004 CPU=   735.44008710696869      NumThreads=                   16 Elapsed time=   2.1755681095573493E-002
 CFL_Limit=   1.0000000000000000E-003
 dt_init=   1.0000000000000001E-018 dt=   1.0000000000000001E-018
 Time=  -1.4000000000395702E-014 Intensity=   705389542384174.25     
   4520.8626196010646      < Te <    4727.4869438173973     
   4740.9173891784212      < Th <    4954.4978221459878     
   80.515285737083900      < Ts <   80.540585914029819     
   7.7497538429202763E+025 < Ne <   7.7503925340193804E+025
   7.7497538429202763E+025 < Nh <   7.7503925308534208E+025
 CFL_Te=   1.5496795480101334E-003 maxCFL_Ne=   1.3933531093170241E-003 maxCFL_Ts=   5.1164276247373083E-004 CPU=   735.42937392006013      NumThreads=                   16 Elapsed time=   2.1755998016118366E-002
 CFL_Limit=   1.0000000000000000E-003
 dt_init=   1.0000000000000001E-018 dt=   1.0000000000000001E-018
 Time=  -1.3000000000395883E-014 Intensity=   739120414174029.75     
   4523.1369944262842      < Te <    4726.3003123432673     
   4762.0140929932822      < Th <    4956.7439613852148     
   80.572215990594955      < Ts <   80.600256914032926     
   8.3975200619731496E+025 < Ne <   8.3981897040149720E+025
   8.3975200619731496E+025 < Nh <   8.3981897005096465E+025
 CFL_Te=   1.5435550778864565E-003 maxCFL_Ne=   1.3999091854636811E-003 maxCFL_Ts=   5.1179939122821948E-004 CPU=   735.41666376935029      NumThreads=                   16 Elapsed time=   2.1756374023390500E-002
 CFL_Limit=   1.0000000000000000E-003
 dt_init=   1.0000000000000001E-018 dt=   1.0000000000000001E-018
 Time=  -1.2000000000396064E-014 Intensity=   771781949547485.12     
   4526.6146567228643      < Te <    4728.7731590272742     
   4769.6884203565623      < Th <    4968.7443649954976     
   80.633866240019387      < Ts <   80.664934172465323     
   9.0751233614552602E+025 < Ne <   9.0758230424373812E+025
   9.0751233614552602E+025 < Nh <   9.0758230386159478E+025
 CFL_Te=   1.5382674049607267E-003 maxCFL_Ne=   1.4075755499086547E-003 maxCFL_Ts=   5.1196872383670717E-004 CPU=   735.40338015698535      NumThreads=                   16 Elapsed time=   2.1756767009398988E-002
 CFL_Limit=   1.0000000000000000E-003
 dt_init=   1.0000000000000001E-018 dt=   1.0000000000000001E-018
 Time=  -1.1000000000396245E-014 Intensity=   803095760155613.38     
   4531.5077263900976      < Te <    4729.7668982252308     
   4777.6649205046751      < Th <    4985.4854184451833     
   80.700412761494178      < Ts <   80.734598244038523     
   9.7814813782667001E+025 < Ne <   9.7822099307731295E+025
   9.7814813782667001E+025 < Nh <   9.7822099266684498E+025
 CFL_Te=   1.5329056865573505E-003 maxCFL_Ne=   1.4158285520017343E-003 maxCFL_Ts=   5.1215066634161823E-004 CPU=   735.39374011506516      NumThreads=                   16 Elapsed time=   2.1757052211916466E-002
 CFL_Limit=   1.0000000000000000E-003
 dt_init=   1.0000000000000001E-018 dt=   1.0000000000000001E-018
 Time=  -1.0000000000396426E-014 Intensity=   832786001727590.00     
   4554.2940166896897      < Te <    4735.3693605598855     
   4786.0382930909254      < Th <    4992.9804292458211     
   80.772216612442875      < Ts <   80.809649151937094     
   1.0515261827555202E+026 < Ne <   1.0516017852927674E+026
   1.0515261827555202E+026 < Nh <   1.0516017848592707E+026
 CFL_Te=   1.5406141465850441E-003 maxCFL_Ne=   1.4229962005266657E-003 maxCFL_Ts=   5.1234600351736490E-004 CPU=   735.38324117907564      NumThreads=                   16 Elapsed time=   2.1757362833488596E-002
 CFL_Limit=   1.0000000000000000E-003
 dt_init=   1.0000000000000001E-018 dt=   1.0000000000000001E-018
 Time=  -9.0000000003966072E-015 Intensity=   860583374007766.25     
   4561.4919755560768      < Te <    4742.0920355198223     
   4810.8541019509903      < Th <    5003.5648104093880     
   80.849577926829198      < Ts <   80.890375572540961     
   1.1274886445355701E+026 < Ne <   1.1275668328933410E+026
   1.1274886445355701E+026 < Nh <   1.1275668324433210E+026
 CFL_Te=   1.5368068793123605E-003 maxCFL_Ne=   1.4326193826954036E-003 maxCFL_Ts=   5.1255502376446624E-004 CPU=   735.35715685579771      NumThreads=                   16 Elapsed time=   2.1758134602798969E-002
 CFL_Limit=   1.0000000000000000E-003
 dt_init=   1.0000000000000001E-018 dt=   1.0000000000000001E-018
 Time=  -8.0000000003967882E-015 Intensity=   886229158745762.38     
   4570.3587726405040      < Te <    4762.9168583833452     
   4819.8092980477741      < Th <    5029.1097092346417     
   80.932005282869440      < Ts <   80.976776225226232     
   1.2058538635520854E+026 < Ne <   1.2059344471992273E+026
   1.2058538635520854E+026 < Nh <   1.2059344467406825E+026
 CFL_Te=   1.5334389463251530E-003 maxCFL_Ne=   1.4440534052475196E-003 maxCFL_Ts=   5.1277758065622749E-004 CPU=   735.33920746448018      NumThreads=                   16 Elapsed time=   2.1758665711800584E-002
 CFL_Limit=   1.0000000000000000E-003
 dt_init=   1.0000000000000001E-018 dt=   1.0000000000000001E-018
 Time=  -7.0000000003969692E-015 Intensity=   909479211697414.50     
   4580.9406322987697      < Te <    4769.9006801625192     
   4829.3275201112119      < Th <    5039.4398156128764     
   81.020083799522240      < Ts <   81.068831317632018     
   1.2864174658155860E+026 < Ne <   1.2865002329910719E+026
   1.2864174658155860E+026 < Nh <   1.2865002325317637E+026
 CFL_Te=   1.5312754679560122E-003 maxCFL_Ne=   1.4518235624985136E-003 maxCFL_Ts=   5.1301350894154504E-004 CPU=   735.33084813571134      NumThreads=                   16 Elapsed time=   2.1758913066907085E-002
 CFL_Limit=   1.0000000000000000E-003
 dt_init=   1.0000000000000001E-018 dt=   1.0000000000000001E-018
 Time=  -6.0000000003971501E-015 Intensity=   930107822811052.88     
   4606.4627911878015      < Te <    4779.8831522173687     
   4856.1763636786327      < Th <    5051.0077257947505     
   81.113947712513237      < Ts <   81.166832235695267     
   1.3689538417600760E+026 < Ne <   1.3690385656154135E+026
   1.3689538417600760E+026 < Nh <   1.3690385651700814E+026
 CFL_Te=   1.5398821199377182E-003 maxCFL_Ne=   1.4641839534257942E-003 maxCFL_Ts=   5.1326347394004500E-004 CPU=   735.31251832175963      NumThreads=                   16 Elapsed time=   2.1759455471419956E-002
 CFL_Limit=   1.0000000000000000E-003
 dt_init=   1.0000000000000001E-018 dt=   1.0000000000000001E-018
 Time=  -5.0000000003973311E-015 Intensity=   947911359388373.25     
   4619.2641401109786      < Te <    4802.9885226090746     
   4865.7991707670380      < Th <    5078.4953950962381     
   81.213576408059708      < Ts <   81.270824738002673     
   1.4532179761832845E+026 < Ne <   1.4533044048039516E+026
   1.4532179761832845E+026 < Nh <   1.4533044043905023E+026
 CFL_Te=   1.5383359042815867E-003 maxCFL_Ne=   1.4784189084290397E-003 maxCFL_Ts=   5.1352737505334705E-004 CPU=   735.30823642780899      NumThreads=                   16 Elapsed time=   2.1759582182472734E-002
 CFL_Limit=   1.0000000000000000E-003
 dt_init=   1.0000000000000001E-018 dt=   1.0000000000000001E-018
 Time=  -4.0000000003975121E-015 Intensity=   962711610070056.00     
   4645.7088785533879      < Te <    4815.9260729681109     
   4874.4911375466208      < Th <    5092.0109026844393     
   81.319192935272625      < Ts <   81.381048240038240     
   1.5389475824674234E+026 < Ne <   1.5390354513163906E+026
   1.5389475824674234E+026 < Nh <   1.5390354509522174E+026
 CFL_Te=   1.5471586983403492E-003 maxCFL_Ne=   1.4867431971360820E-003 maxCFL_Ts=   5.1380518239273838E-004 CPU=   735.29739179359535      NumThreads=                   16 Elapsed time=   2.1759903106648507E-002
 CFL_Limit=   1.0000000000000000E-003
 dt_init=   1.0000000000000001E-018 dt=   1.0000000000000001E-018
 Time=  -3.0000000003976930E-015 Intensity=   974358752858021.62     
   4660.6776100410088      < Te <    4843.1686089809209     
   4902.5415375554521      < Th <    5118.0562159374731     
   81.430372829301916      < Ts <   81.497238362716203     
   1.6258655275122355E+026 < Ne <   1.6259545636042658E+026
   1.6258655275122355E+026 < Nh <   1.6259545633183327E+026
 CFL_Te=   1.5468279187336497E-003 maxCFL_Ne=   1.5014644131129068E-003 maxCFL_Ts=   5.1409619434677209E-004 CPU=   735.28459360902889      NumThreads=                   16 Elapsed time=   2.1760281854222612E-002
 CFL_Limit=   1.0000000000000000E-003
 dt_init=   1.0000000000000001E-018 dt=   1.0000000000000001E-018
 Time=  -2.0000000003978740E-015 Intensity=   982733878060359.88     
   4687.6442754563132      < Te <    4857.8308828748759     
   4930.8687578522595      < Th <    5125.0330039613837     
   81.547718586791007      < Ts <   81.619439337756134     
   1.7136825237894973E+026 < Ne <   1.7137724350607889E+026
   1.7136825237894973E+026 < Nh <   1.7137724348769667E+026
 CFL_Te=   1.5557429732741669E-003 maxCFL_Ne=   1.5095887647111185E-003 maxCFL_Ts=   5.1440048212609592E-004 CPU=   735.28074627880073      NumThreads=                   16 Elapsed time=   2.1760395714119769E-002
 CFL_Limit=   1.0000000000000000E-003
 dt_init=   1.0000000000000001E-018 dt=   1.0000000000000001E-018
 Time=  -1.0000000003979017E-015 Intensity=   987751006861425.62     
   4704.5994702922071      < Te <    4887.2151460654195     
   4941.0461894377913      < Th <    5155.0147907603850     
   81.670957138965704      < Ts <   81.747977341382395     
   1.8020999947756919E+026 < Ne <   1.8021904928980918E+026
   1.8020999947756919E+026 < Nh <   1.8021904928519223E+026
 CFL_Te=   1.5566630336687015E-003 maxCFL_Ne=   1.5263008928372895E-003 maxCFL_Ts=   5.1471805745062179E-004 CPU=   735.27089342703027      NumThreads=                   16 Elapsed time=   2.1760687309986482E-002
 CFL_Limit=   1.0000000000000000E-003
 dt_init=   1.0000000000000001E-018 dt=   1.0000000000000001E-018
 Time=  -3.9788984726558512E-025 Intensity=   989358557592328.25     
   4731.6420121565970      < Te <    4904.7280050897698     
   4969.3822650560978      < Th <    5161.1247775195461     
   81.799648897575395      < Ts <   81.882300616919153     
   1.8908131461693169E+026 < Ne <   1.8909039276043135E+026
   1.8908131461693169E+026 < Nh <   1.8909039277284421E+026
 CFL_Te=   1.5656023591665025E-003 maxCFL_Ne=   1.5346741250190485E-003 maxCFL_Ts=   5.1504733823895608E-004 CPU=   735.26476080447901      NumThreads=                   16 Elapsed time=   2.1760868809344049E-002
 CFL_Limit=   1.0000000000000000E-003
 dt_init=   1.0000000000000001E-018 dt=   1.0000000000000001E-018
