 Hello from thread =                    0
 Hello from thread =                    1
 Hello from thread =                    3
 Hello from thread =                    2
OpenMP TEST
Number of Threads = 4
*******************************
 Pi =    3.1415926535897931     
 Read PolarizationSource TM:                     0
 Read phiMie0:    270.00000000000000      deg -> rad
 Importing data on Polarization.
 Loading GMSH mesh...
 MESH INFORMATIONS
 [GMSH] Quadrangles number
               120000
 [GMSH] Node number
               120704
 Latest running index while remeshing                 2604
 [Mesh] Building...

 [Mesh] Convergence (                  500 )=   1.0817200796192992E-005
 [Mesh] Convergence (                 1000 )=   1.8112629213610488E-006
 [Mesh] Convergence (                 1500 )=   2.5792603657464494E-007
 [Mesh] Convergence (                 2000 )=   3.5914706339099211E-008
 [Mesh] Convergence (                 2500 )=   4.9850516661535945E-009
 [Mesh] Convergence (                 3000 )=   6.9162929503363552E-010
 [Mesh] Convergence is reached. The show can go on.
 [Mesh) ITERATIONS=                 3490
 Vessel cells:                   51 *                   51 =                 2601
 Matter cells:                   51 *                   51 =                 2601
  -73.799999999999997       -74.200000000000003     
 Done.
 [Mesh] Calculation of normales and distances.
 NEEDLE CHECK
 North  -3.7660326630786244E-002  0.99929059827362665     
 South  -4.4254985284557589E-002 -0.99902026820153322     
 East  0.99776387854434379        6.6837434661633735E-002
 West -0.98355051411920225      -0.18063329199196024     
   1.0084235919080716E-007   1.0080401314662160E-007   6.2261963353734495E-009   6.0517118214716542E-009
 VESSEL CHECK
 North  -3.7660326630786486E-002  0.99929059827362954     
 South  -4.4254985284557596E-002 -0.99902026820153644     
 East  0.99776387854570758        6.6837434661703207E-002
 West -0.98355051411899175      -0.18063329199185602     
   1.0084235919080652E-007   1.0080401314662204E-007   6.2261963353814905E-009   6.0517118214533355E-009
 epsilon(   515.00000000000000      nm)= (  17.825399999999998     , 0.50668999999999997     )
 Re(sqrt(epsilon))=   4.2224400481392985     
 [Poisson eq.] Filling matrix
 Starting time loop.
 Time=  -1.9900000000000334E-013 Intensity=   1.5608081973338662E-015
   80.000000477192344      < Te <    80.000000477938414     
   80.000000477192344      < Th <    80.000000478012666     
   80.000000000000000      < Ts <   80.000000000000000     
   100000.00001007428      < Ne <   100000.00001008825     
   100000.00001007428      < Nh <   100000.00001008825     
 CFL_Te=   3.0172996512481956E-005 maxCFL_Ne=   2.3291356418542616E-005 maxCFL_Ts=   5.1020110945368359E-004 CPU=   658.79280669475929      NumThreads=                    4 Elapsed time=   6.0717117117117117E-003
 CFL_Limit=   1.0000000000000000E-003
 dt_init=   1.0000000000000001E-018 dt=   1.0000000000000001E-018
 Time=  -1.9800000000000668E-013 Intensity=   3.1054412247246876E-015
   80.000001427414261      < Te <    80.000001428950682     
   80.000001427414261      < Th <    80.000001429186426     
   80.000000000000000      < Ts <   80.000000000000000     
   100000.00003017709      < Ne <   100000.00003020490     
   100000.00003017709      < Nh <   100000.00003020490     
 CFL_Te=   3.0172996870869982E-005 maxCFL_Ne=   2.3291356695192078E-005 maxCFL_Ts=   5.1020110945368359E-004 CPU=   664.24356771566920      NumThreads=                    4 Elapsed time=   6.0218874437218614E-003
 CFL_Limit=   1.0000000000000000E-003
 dt_init=   1.0000000000000001E-018 dt=   1.0000000000000001E-018
 Time=  -1.9700000000001002E-013 Intensity=   6.1573230609639201E-015
   80.000003312372158      < Te <    80.000003315394537     
   80.000003312372158      < Th <    80.000003316121507     
   80.000000000000000      < Ts <   80.000000000000000     
   100000.00007009716      < Ne <   100000.00007015229     
   100000.00007009716      < Nh <   100000.00007015229     
 CFL_Te=   3.0172997581805335E-005 maxCFL_Ne=   2.3291357243982404E-005 maxCFL_Ts=   5.1020110945368359E-004 CPU=   666.20442579437349      NumThreads=                    4 Elapsed time=   6.0041630543514512E-003
 CFL_Limit=   1.0000000000000000E-003
 dt_init=   1.0000000000000001E-018 dt=   1.0000000000000001E-018
 Time=  -1.9600000000001335E-013 Intensity=   1.2166213048899516E-014
   80.000007040551225      < Te <    80.000007046888314     
   80.000007040551225      < Th <    80.000007048566673     
   80.000000000000000      < Ts <   80.000000000000000     
   100000.00014909677      < Ne <   100000.00014920571     
   100000.00014909677      < Nh <   100000.00014920571     
 CFL_Te=   3.0172998987934498E-005 maxCFL_Ne=   2.3291358329411744E-005 maxCFL_Ts=   5.1020110945368359E-004 CPU=   666.86986269759859      NumThreads=                    4 Elapsed time=   5.9981717929482375E-003
 CFL_Limit=   1.0000000000000000E-003
 dt_init=   1.0000000000000001E-018 dt=   1.0000000000000001E-018
 Time=  -1.9500000000001669E-013 Intensity=   2.3955969091122017E-014
   80.000014390740063      < Te <    80.000014403058472     
   80.000014390740063      < Th <    80.000014408425869     
   80.000000000000000      < Ts <   80.000000000000000     
   100000.00030489115      < Ne <   100000.00030510564     
   100000.00030489115      < Nh <   100000.00030510564     
 CFL_Te=   3.0173001760149759E-005 maxCFL_Ne=   2.3291360469360078E-005 maxCFL_Ts=   5.1020110945368359E-004 CPU=   667.46678563304113      NumThreads=                    4 Elapsed time=   5.9928075615123030E-003
 CFL_Limit=   1.0000000000000000E-003
 dt_init=   1.0000000000000001E-018 dt=   1.0000000000000001E-018
 Time=  -1.9400000000002002E-013 Intensity=   4.7007474681725239E-014
   80.000028833529129      < Te <    80.000028858270070     
   80.000028833529129      < Th <    80.000028867182039     
   80.000000000000000      < Ts <   80.000000000000000     
   100000.00061106883      < Ne <   100000.00061148973     
   100000.00061106883      < Nh <   100000.00061148973     
 CFL_Te=   3.0173007207427523E-005 maxCFL_Ne=   2.3291364674261902E-005 maxCFL_Ts=   5.1020110945368359E-004 CPU=   667.85423521895177      NumThreads=                    4 Elapsed time=   5.9893308884814136E-003
 CFL_Limit=   1.0000000000000000E-003
 dt_init=   1.0000000000000001E-018 dt=   1.0000000000000001E-018
 Time=  -1.9300000000002336E-013 Intensity=   9.1921043856280728E-014
   80.000057116609241      < Te <    80.000057165141698     
   80.000057116609241      < Th <    80.000057178981507     
   80.000000000000000      < Ts <   80.000000000000000     
   100000.00121070982      < Ne <   100000.00121153287     
   100000.00121070982      < Nh <   100000.00121153287     
 CFL_Te=   3.0173017874743431E-005 maxCFL_Ne=   2.3291372908653099E-005 maxCFL_Ts=   5.1020110945368359E-004 CPU=   668.12789613670725      NumThreads=                    4 Elapsed time=   5.9868776968138313E-003
 CFL_Limit=   1.0000000000000000E-003
 dt_init=   1.0000000000000001E-018 dt=   1.0000000000000001E-018
 Time=  -1.9200000000002670E-013 Intensity=   1.7912566855350728E-013
   80.000112313108744      < Te <    80.000112413051269     
   80.000112313108744      < Th <    80.000112446473906     
   80.000000000000000      < Ts <   80.000000000000000     
   100000.00238102887      < Ne <   100000.00238263275     
   100000.00238102887      < Nh <   100000.00238263275     
 CFL_Te=   3.0173038692790644E-005 maxCFL_Ne=   2.3291388978669788E-005 maxCFL_Ts=   5.1020110945368359E-004 CPU=   668.30973052158379      NumThreads=                    4 Elapsed time=   5.9852487810976374E-003
 CFL_Limit=   1.0000000000000000E-003
 dt_init=   1.0000000000000001E-018 dt=   1.0000000000000001E-018
 Time=  -1.9100000000003003E-013 Intensity=   3.4785283813530712E-013
   80.000219662256029      < Te <    80.000219846195591     
   80.000219662256029      < Th <    80.000219906102657     
   80.000000000000000      < Ts <   80.000000000000000     
   100000.00465723996      < Ne <   100000.00466035461     
   100000.00465723996      < Nh <   100000.00466035461     
 CFL_Te=   3.0173079180858492E-005 maxCFL_Ne=   2.3291420232510239E-005 maxCFL_Ts=   5.1020110945368359E-004 CPU=   668.44769587122869      NumThreads=                    4 Elapsed time=   5.9840134459384379E-003
 CFL_Limit=   1.0000000000000000E-003
 dt_init=   1.0000000000000001E-018 dt=   1.0000000000000001E-018
 Time=  -1.9000000000003337E-013 Intensity=   6.7317523082182542E-013
   80.000427720236658      < Te <    80.000428082071181     
   80.000427720236658      < Th <    80.000428171709672     
   80.000000000000000      < Ts <   80.000000000000000     
   100000.00906904222      < Ne <   100000.00907506979     
   100000.00906904222      < Nh <   100000.00907506979     
 CFL_Te=   3.0173157652517076E-005 maxCFL_Ne=   2.3291480806917156E-005 maxCFL_Ts=   5.1020110945368359E-004 CPU=   668.59219301432154      NumThreads=                    4 Elapsed time=   5.9827201720172012E-003
 CFL_Limit=   1.0000000000000000E-003
 dt_init=   1.0000000000000001E-018 dt=   1.0000000000000001E-018
 Time=  -1.8900000000003671E-013 Intensity=   1.2982417001071079E-012
   80.000829573122843      < Te <    80.000830244745600     
   80.000829573122843      < Th <    80.000830454650171     
   80.000000000000000      < Ts <   80.000000000000000     
   100000.01759051721      < Ne <   100000.01760214157     
   100000.01759051721      < Nh <   100000.01760214157     
 CFL_Te=   3.0173309216337835E-005 maxCFL_Ne=   2.3291597803151458E-005 maxCFL_Ts=   5.1020110945368359E-004 CPU=   668.72713134771516      NumThreads=                    4 Elapsed time=   5.9815129557232475E-003
 CFL_Limit=   1.0000000000000000E-003
 dt_init=   1.0000000000000001E-018 dt=   1.0000000000000001E-018
 Time=  -1.8800000000004004E-013 Intensity=   2.4950418329827070E-012
   80.001603047293969      < Te <    80.001604383586042     
   80.001603047293969      < Th <    80.001604766264975     
   80.000000000000000      < Ts <   80.000000000000000     
   100000.03399297041      < Ne <   100000.03401531083     
   100000.03399297041      < Nh <   100000.03401531083     
 CFL_Te=   3.0173600941754438E-005 maxCFL_Ne=   2.3291822993932617E-005 maxCFL_Ts=   5.1020110945368359E-004 CPU=   668.78212651201943      NumThreads=                    4 Elapsed time=   5.9810210850904238E-003
 CFL_Limit=   1.0000000000000000E-003
 dt_init=   1.0000000000000001E-018 dt=   1.0000000000000001E-018
 Time=  -1.8700000000004338E-013 Intensity=   4.7785370591305342E-012
   80.003086658295800      < Te <    80.003089150980742     
   80.003086658295800      < Th <    80.003090069145784     
   80.000000000000000      < Ts <   80.000000000000000     
   100000.06545582501      < Ne <   100000.06549861169     
   100000.06545582501      < Nh <   100000.06549861169     
 CFL_Te=   3.0174160504120915E-005 maxCFL_Ne=   2.3292254935337916E-005 maxCFL_Ts=   5.1020110945368359E-004 CPU=   668.83012123967319      NumThreads=                    4 Elapsed time=   5.9805918916839762E-003
 CFL_Limit=   1.0000000000000000E-003
 dt_init=   1.0000000000000001E-018 dt=   1.0000000000000001E-018
 Time=  -1.8600000000004672E-013 Intensity=   9.1202540354820250E-012
   80.005922548784412      < Te <    80.005927651555865     
   80.005922548784412      < Th <    80.005928590855660     
   80.000000000000000      < Ts <   80.000000000000000     
   100000.12559849530      < Ne <   100000.12568015739     
   100000.12559849530      < Nh <   100000.12568015739     
 CFL_Te=   3.0175230095537314E-005 maxCFL_Ne=   2.3293080582034669E-005 maxCFL_Ts=   5.1020110945368359E-004 CPU=   668.85995939897259      NumThreads=                    4 Elapsed time=   5.9803250946496179E-003
 CFL_Limit=   1.0000000000000000E-003
 dt_init=   1.0000000000000001E-018 dt=   1.0000000000000001E-018
 Time=  -1.8500000000005005E-013 Intensity=   1.7346575960485076E-011
   80.011324538537721      < Te <    80.011333470915474     
   80.011324538537721      < Th <    80.011335802108007     
   80.000000000000000      < Ts <   80.000000000000000     
   100000.24016629423      < Ne <   100000.24032161421     
   100000.24016629423      < Nh <   100000.24032161421     
 CFL_Te=   3.0177267523249992E-005 maxCFL_Ne=   2.3294653327884208E-005 maxCFL_Ts=   5.1020110945368359E-004 CPU=   668.85302542281408      NumThreads=                    4 Elapsed time=   5.9803870924728317E-003
 CFL_Limit=   1.0000000000000000E-003
 dt_init=   1.0000000000000001E-018 dt=   1.0000000000000001E-018
 Time=  -1.8400000000005339E-013 Intensity=   3.2878760687561038E-011
   80.021578992977467      < Te <    80.021596334140881     
   80.021578992977467      < Th <    80.021601205183842     
   80.000000000000000      < Ts <   80.000000000000000     
   100000.45765550045      < Ne <   100000.45794989449     
   100000.45765550045      < Nh <   100000.45794989449     
 CFL_Te=   3.0181135118452527E-005 maxCFL_Ne=   2.3297638829781820E-005 maxCFL_Ts=   5.1020110945368359E-004 CPU=   668.86237250529575      NumThreads=                    4 Elapsed time=   5.9803035189699358E-003
 CFL_Limit=   1.0000000000000000E-003
 dt_init=   1.0000000000000001E-018 dt=   1.0000000000000001E-018
 Time=  -1.8300000000005673E-013 Intensity=   6.2102912198057113E-011
   80.040977362502034      < Te <    80.041012566043705     
   80.040977362502034      < Th <    80.041019564038365     
   80.000000000000000      < Ts <   80.000000000000000     
   100000.86909702668      < Ne <   100000.86965309166     
   100000.86909702668      < Nh <   100000.86965309166     
 CFL_Te=   3.0188451455109034E-005 maxCFL_Ne=   2.3303286508979824E-005 maxCFL_Ts=   5.1020110945368359E-004 CPU=   668.81798067901354      NumThreads=                    4 Elapsed time=   5.9807004529678215E-003
 CFL_Limit=   1.0000000000000000E-003
 dt_init=   1.0000000000000001E-018 dt=   1.0000000000000001E-018
 Time=  -1.8200000000006006E-013 Intensity=   1.1689699388427008E-010
   80.077546153964363      < Te <    80.077612379789258     
   80.077546153964363      < Th <    80.077626207321615     
   80.000000000000000      < Ts <   80.000000000000000     
   100001.64476134343      < Ne <   100001.64580803066     
   100001.64476134343      < Nh <   100001.64580803066     
 CFL_Te=   3.0202243830242499E-005 maxCFL_Ne=   2.3313933218363126E-005 maxCFL_Ts=   5.1020110945368359E-004 CPU=   668.83374025611863      NumThreads=                    4 Elapsed time=   5.9805595310850604E-003
 CFL_Limit=   1.0000000000000000E-003
 dt_init=   1.0000000000000001E-018 dt=   1.0000000000000001E-018
 Time=  -1.8100000000006340E-013 Intensity=   2.1927522735647163E-010
   80.146244545999835      < Te <    80.146364291320936     
   80.146244545999835      < Th <    80.146396230596011     
   80.000000000000000      < Ts <   80.000000000000000     
   100003.10201374321      < Ne <   100003.10397711775     
   100003.10201374321      < Nh <   100003.10397711775     
 CFL_Te=   3.0228154284379190E-005 maxCFL_Ne=   2.3333934202422311E-005 maxCFL_Ts=   5.1020110945368359E-004 CPU=   668.86814494424448      NumThreads=                    4 Elapsed time=   5.9802519079951580E-003
 CFL_Limit=   1.0000000000000000E-003
 dt_init=   1.0000000000000001E-018 dt=   1.0000000000000001E-018
 Time=  -1.8000000000006673E-013 Intensity=   4.0989313713879761E-010
   80.274852899429192      < Te <    80.275063202588939     
   80.274852899429192      < Th <    80.275152113759063     
   80.000000000000000      < Ts <   80.000000000000000     
   100005.83030682562      < Ne <   100005.83397697915     
   100005.83030682562      < Nh <   100005.83397697915     
 CFL_Te=   3.0276660526583607E-005 maxCFL_Ne=   2.3371377489675532E-005 maxCFL_Ts=   5.1020110945368359E-004 CPU=   668.73262436049765      NumThreads=                    4 Elapsed time=   5.9814638231911596E-003
 CFL_Limit=   1.0000000000000000E-003
 dt_init=   1.0000000000000001E-018 dt=   1.0000000000000001E-018
 Time=  -1.7900000000007007E-013 Intensity=   7.6356598600097579E-010
   80.514775482500667      < Te <    80.515185593561483     
   80.514775482500667      < Th <    80.515324804631376     
   80.000000000000000      < Ts <   80.000000000000000     
   100010.92059700783      < Ne <   100010.92743392248     
   100010.92059700783      < Nh <   100010.92743392248     
 CFL_Te=   3.0367150316822356E-005 maxCFL_Ne=   2.3441229019198552E-005 maxCFL_Ts=   5.1020110945368359E-004 CPU=   668.76210959938999      NumThreads=                    4 Elapsed time=   5.9812001047668938E-003
 CFL_Limit=   1.0000000000000000E-003
 dt_init=   1.0000000000000001E-018 dt=   1.0000000000000001E-018
 Time=  -1.7800000000007341E-013 Intensity=   1.4174813416816798E-009
   80.960779689844912      < Te <    80.961538232958929     
   80.960779689844912      < Th <    80.961807331802447     
   80.000000000000000      < Ts <   80.000000000000000     
   100020.38491527138      < Ne <   100020.39760729687     
   100020.38491527138      < Nh <   100020.39760729687     
 CFL_Te=   3.0535366358228346E-005 maxCFL_Ne=   2.3571079555391817E-005 maxCFL_Ts=   5.1020110945368359E-004 CPU=   668.70063743822152      NumThreads=                    4 Elapsed time=   5.9817499431792350E-003
 CFL_Limit=   1.0000000000000000E-003
 dt_init=   1.0000000000000001E-018 dt=   1.0000000000000001E-018
 Time=  -1.7700000000007674E-013 Intensity=   2.6223036413214384E-009
   81.786908727878796      < Te <    81.788319776315603     
   81.786908727878796      < Th <    81.788702354332329     
   80.000000000000000      < Ts <   80.000000000000000     
   100037.92095044946      < Ne <   100037.94443036673     
   100037.92095044946      < Nh <   100037.94443036673     
 CFL_Te=   3.0846951213662981E-005 maxCFL_Ne=   2.3811600377364068E-005 maxCFL_Ts=   5.1020110945368359E-004 CPU=   668.66999701578504      NumThreads=                    4 Elapsed time=   5.9820240445236745E-003
 CFL_Limit=   1.0000000000000000E-003
 dt_init=   1.0000000000000001E-018 dt=   1.0000000000000001E-018
 Time=  -1.7600000000008008E-013 Intensity=   4.8344097271306617E-009
   83.311496839812222      < Te <    83.313991694743038     
   83.311496839812222      < Th <    83.314929885698859     
   80.000000000000000      < Ts <   80.000000000000000     
   100070.30034743261      < Ne <   100070.34363438787     
   100070.30034743261      < Nh <   100070.34363438787     
 CFL_Te=   3.1421968607537299E-005 maxCFL_Ne=   2.4255471938547843E-005 maxCFL_Ts=   5.1020110945368359E-004 CPU=   668.66716535991475      NumThreads=                    4 Elapsed time=   5.9820493770573772E-003
 CFL_Limit=   1.0000000000000000E-003
 dt_init=   1.0000000000000001E-018 dt=   1.0000000000000001E-018
 Time=  -1.7500000000008342E-013 Intensity=   8.8817548566826219E-009
   86.114154251527864      < Te <    86.118634226460088     
   86.114154251527864      < Th <    86.120663889992656     
   80.000000000000000      < Ts <   80.000000000000000     
   100129.88046851470      < Ne <   100129.95999510572     
   100129.88046851470      < Nh <   100129.95999510572     
 CFL_Te=   3.2479025755099271E-005 maxCFL_Ne=   2.5071443092372395E-005 maxCFL_Ts=   5.1020110945368359E-004 CPU=   668.46842156540265      NumThreads=                    4 Elapsed time=   5.9838279131165240E-003
 CFL_Limit=   1.0000000000000000E-003
 dt_init=   1.0000000000000001E-018 dt=   1.0000000000000001E-018
 Time=  -1.7400000000008675E-013 Intensity=   1.6261064004507730E-008
   91.244536539257197      < Te <    91.253327802011853     
   91.244536539257197      < Th <    91.256328685445922     
   80.000000000000000      < Ts <   80.000000000000000     
   100239.13244014983      < Ne <   100239.27804054158     
   100239.13244014983      < Nh <   100239.27804054158     
 CFL_Te=   3.4414013329499200E-005 maxCFL_Ne=   2.6565112613798827E-005 maxCFL_Ts=   5.1020110945368359E-004 CPU=   668.42650853452483      NumThreads=                    4 Elapsed time=   5.9842031231970459E-003
 CFL_Limit=   1.0000000000000000E-003
 dt_init=   1.0000000000000001E-018 dt=   1.0000000000000001E-018
 Time=  -1.7300000000009009E-013 Intensity=   2.9668390479681111E-008
   100.59039631092435      < Te <    100.60825183472727     
   100.59039631092435      < Th <    100.61145025054726     
   80.000000000000000      < Ts <   80.000000000000000     
   100438.77469297295      < Ne <   100439.04034159688     
   100438.77469297295      < Nh <   100439.04034159688     
 CFL_Te=   3.7938920737181690E-005 maxCFL_Ne=   2.9286084484813724E-005 maxCFL_Ts=   5.1020110945368359E-004 CPU=   668.44089417109899      NumThreads=                    4 Elapsed time=   5.9840743360865213E-003
 CFL_Limit=   1.0000000000000000E-003
 dt_init=   1.0000000000000001E-018 dt=   1.0000000000000001E-018
 Time=  -1.7200000000009343E-013 Intensity=   5.3942846938300164E-008
   117.51384716589304      < Te <    117.54679842997288     
   117.51384716589304      < Th <    117.55086889587946     
   80.000000000000000      < Ts <   80.000000000000000     
   100802.33035897999      < Ne <   100802.81335933249     
   100802.33035897999      < Nh <   100802.81335933249     
 CFL_Te=   4.4321810994434970E-005 maxCFL_Ne=   3.4213211026608459E-005 maxCFL_Ts=   5.1020110945368359E-004 CPU=   668.26933321063791      NumThreads=                    4 Elapsed time=   5.9856105932354717E-003
 CFL_Limit=   1.0000000000000000E-003
 dt_init=   1.0000000000000001E-018 dt=   1.0000000000000001E-018
 Time=  -1.7100000000009676E-013 Intensity=   9.7739157377142928E-008
   147.91469049726021      < Te <    147.97331543764628     
   147.91469049726021      < Th <    147.98789568359541     
   80.000000000000000      < Ts <   80.000000000000000     
   101462.08833628001      < Ne <   101462.96348563059     
   101462.08833628001      < Nh <   101462.96348563059     
 CFL_Te=   5.5787867673714216E-005 maxCFL_Ne=   4.3064171942002662E-005 maxCFL_Ts=   5.1020110945368359E-004 CPU=   668.24187076614930      NumThreads=                    4 Elapsed time=   5.9858565812614230E-003
 CFL_Limit=   1.0000000000000000E-003
 dt_init=   1.0000000000000001E-018 dt=   1.0000000000000001E-018
 Time=  -1.7000000000010010E-013 Intensity=   1.7648108606485697E-007
   201.89944842506964      < Te <    202.00603966859867     
   201.89944842506964      < Th <    202.03617045188273     
   80.000000000000000      < Ts <   80.000000000000000     
   102655.23452902456      < Ne <   102656.81472791315     
   102655.23452902456      < Nh <   102656.81472791315     
 CFL_Te=   7.6148891460799836E-005 maxCFL_Ne=   5.8781399824067814E-005 maxCFL_Ts=   5.1020110945368359E-004 CPU=   668.22191964248861      NumThreads=                    4 Elapsed time=   5.9860353011767049E-003
 CFL_Limit=   1.0000000000000000E-003
 dt_init=   1.0000000000000001E-018 dt=   1.0000000000000001E-018
 Time=  -1.6900000000010343E-013 Intensity=   3.1755766135123548E-007
   296.08517307479542      < Te <    296.28444688736744     
   296.08517307479542      < Th <    296.38621076422692     
   80.000000000000000      < Ts <   80.000000000000000     
   104805.52904171725      < Ne <   104808.37243006397     
   104805.52904171725      < Nh <   104808.37243006397     
 CFL_Te=   1.1167221051617866E-004 maxCFL_Ne=   8.6202815689945180E-005 maxCFL_Ts=   5.1020110945368359E-004 CPU=   668.05964829371715      NumThreads=                    4 Elapsed time=   5.9874893061066482E-003
 CFL_Limit=   1.0000000000000000E-003
 dt_init=   1.0000000000000001E-018 dt=   1.0000000000000001E-018
 Time=  -1.6800000000010677E-013 Intensity=   5.6943200375045409E-007
   455.87956315522638      < Te <    456.33376084412419     
   455.87956315522638      < Th <    456.69573485568014     
   80.000000000000000      < Ts <   80.000000000000000     
   108667.39780146530      < Ne <   108672.49645446842     
   108667.39780146530      < Nh <   108672.49645446842     
 CFL_Te=   1.7194065483932099E-004 maxCFL_Ne=   1.3272566657552767E-004 maxCFL_Ts=   5.1020110945368359E-004 CPU=   667.89879756300331      NumThreads=                    4 Elapsed time=   5.9889312791024715E-003
 CFL_Limit=   1.0000000000000000E-003
 dt_init=   1.0000000000000001E-018 dt=   1.0000000000000001E-018
 Time=  -1.6700000000011011E-013 Intensity=   1.0175505639765076E-006
   715.21605091348454      < Te <    716.14164425007539     
   715.21605091348454      < Th <    716.62123769243419     
   80.000000000000000      < Ts <   80.000000000000000     
   115579.21673096764      < Ne <   115588.32780516909     
   115579.21673096764      < Nh <   115588.32780516909     
 CFL_Te=   2.6975264101449734E-004 maxCFL_Ne=   2.0822939823403772E-004 maxCFL_Ts=   5.1020110945368359E-004 CPU=   667.80860339104777      NumThreads=                    4 Elapsed time=   5.9897401436407160E-003
 CFL_Limit=   1.0000000000000000E-003
 dt_init=   1.0000000000000001E-018 dt=   1.0000000000000001E-018
 Time=  -1.6600000000011344E-013 Intensity=   1.8120283017422144E-006
   1108.1977868702265      < Te <    1110.3677650793995     
   1108.1977868702265      < Th <    1111.6790080480494     
   80.000000000000000      < Ts <   80.000000000000000     
   127906.92848748119      < Ne <   127923.15325792201     
   127906.92848748119      < Nh <   127923.15325792201     
 CFL_Te=   4.1797059698653989E-004 maxCFL_Ne=   3.2264286852839834E-004 maxCFL_Ts=   5.1020110945368359E-004 CPU=   667.65698164746482      NumThreads=                    4 Elapsed time=   5.9911003853054499E-003
 CFL_Limit=   1.0000000000000000E-003
 dt_init=   1.0000000000000001E-018 dt=   1.0000000000000001E-018
 Time=  -1.6500000000011678E-013 Intensity=   3.2156502290740630E-006
   1647.0852286035954      < Te <    1651.0451965641305     
   1647.0852286035954      < Th <    1653.6112884195338     
   80.000000000000000      < Ts <   80.000000000000000     
   149818.21450097521      < Ne <   149847.00720085096     
   149818.21450097521      < Nh <   149847.00720085096     
 CFL_Te=   6.2121870702470038E-004 maxCFL_Ne=   4.7953561102865460E-004 maxCFL_Ts=   5.1020110945368359E-004 CPU=   667.41003012832175      NumThreads=                    4 Elapsed time=   5.9933171804908703E-003
 CFL_Limit=   1.0000000000000000E-003
 dt_init=   1.0000000000000001E-018 dt=   1.0000000000000001E-018
 Time=  -1.6400000000012012E-013 Intensity=   5.6867937975120608E-006
   2294.3745581941444      < Te <    2302.6313782709644     
   2294.3745581941444      < Th <    2306.2205869908526     
   80.000000000000000      < Ts <   80.000000000000000     
   188628.65260999257      < Ne <   188679.57176044548     
   188628.65260999257      < Nh <   188679.57176044545     
 CFL_Te=   8.6535193912225315E-004 maxCFL_Ne=   6.6798869092221202E-004 maxCFL_Ts=   5.1020110945368359E-004 CPU=   667.30404314577845      NumThreads=                    4 Elapsed time=   5.9942690908080781E-003
 CFL_Limit=   1.0000000000000000E-003
 dt_init=   1.0000000000000001E-018 dt=   1.0000000000000001E-018
 Time=  -1.6300000000012345E-013 Intensity=   1.0022152535589665E-005
   2960.1233031556517      < Te <    2973.5807249485329     
   2960.1233031556517      < Th <    2987.3014618883071     
   80.000000000000000      < Ts <   80.000000000000000     
   257134.00754132075      < Ne <   257223.74531040847     
   257134.00754132075      < Nh <   257223.74531040824     
 CFL_Te=   1.1164473696234736E-003 maxCFL_Ne=   8.6181608106724900E-004 maxCFL_Ts=   5.1020110945368359E-004 CPU=   667.16734120385172      NumThreads=                    4 Elapsed time=   5.9954973107381277E-003
 CFL_Limit=   1.0000000000000000E-003
 dt_init=   1.0000000000000001E-018 dt=   1.0000000000000001E-018
 Time=  -1.6200000000012679E-013 Intensity=   1.7601488071436876E-005
   3545.0847960846704      < Te <    3561.9901667281456     
   3545.0847960846695      < Th <    3598.5326449446638     
   80.000000000000000      < Ts <   80.000000000000000     
   377636.43954808038      < Ne <   377794.04290393204     
   377636.43954808038      < Nh <   377794.04290392686     
 CFL_Te=   1.3370728818840414E-003 maxCFL_Ne=   1.0321229128380423E-003 maxCFL_Ts=   5.1020110945368359E-004 CPU=   667.09234715482944      NumThreads=                    4 Elapsed time=   5.9961713202979026E-003
 CFL_Limit=   1.0000000000000000E-003
 dt_init=   1.0000000000000001E-018 dt=   1.0000000000000001E-018
 Time=  -1.6100000000013013E-013 Intensity=   3.0805808613878608E-005
   3992.8061216086940      < Te <    4012.3881071381329     
   3992.8061216086940      < Th <    4075.6191515400706     
   80.000000000000000      < Ts <   80.000000000000000     
   588869.74948411307      < Ne <   589145.58575292700     
   588869.74948411307      < Nh <   589145.58575287892     
 CFL_Te=   1.5059365557985602E-003 maxCFL_Ne=   1.1624733741725447E-003 maxCFL_Ts=   5.1020110945368359E-004 CPU=   666.88764013731304      NumThreads=                    4 Elapsed time=   5.9980118977409676E-003
 CFL_Limit=   1.0000000000000000E-003
 dt_init=   1.0000000000000001E-018 dt=   1.0000000000000001E-018
 Time=  -1.6000000000013346E-013 Intensity=   5.3729239106903670E-005
   4301.0901197548419      < Te <    4323.3493332939433     
   4301.0901197548446      < Th <    4394.4751963118961     
   80.000000000000000      < Ts <   80.000000000000000     
   957867.96813317935      < Ne <   958349.06502202258     
   957867.96813317935      < Nh <   958349.06502179673     
 CFL_Te=   1.6222097051193473E-003 maxCFL_Ne=   1.2522277796241119E-003 maxCFL_Ts=   5.1020110945368359E-004 CPU=   666.73378899087402      NumThreads=                    4 Elapsed time=   5.9993959598989973E-003
 CFL_Limit=   1.0000000000000000E-003
 dt_init=   1.0000000000000001E-018 dt=   1.0000000000000001E-018
 Time=  -1.5900000000013680E-013 Intensity=   9.3386396508871733E-005
   4498.4978838946254      < Te <    4539.3870351942060     
   4498.4978838946327      < Th <    4594.2655679882264     
   80.000000000000000      < Ts <   80.000000000000000     
   1600232.2641484782      < Ne <   1601068.4636082086     
   1600232.2641484782      < Nh <   1601068.4636074819     
 CFL_Te=   1.6966645019143591E-003 maxCFL_Ne=   1.3097014617108817E-003 maxCFL_Ts=   5.1020110945368359E-004 CPU=   666.43223122056361      NumThreads=                    4 Elapsed time=   6.0021106612356398E-003
 CFL_Limit=   1.0000000000000000E-003
 dt_init=   1.0000000000000001E-018 dt=   1.0000000000000001E-018
 Time=  -1.5800000000014014E-013 Intensity=   1.6175264648251087E-004
   4619.2470502383030      < Te <    4659.7470874353048     
   4619.1880346585458      < Th <    4719.3292175856195     
   80.000000000000000      < Ts <   80.000000000000000     
   2714613.4648008035      < Ne <   2716061.8438578099     
   2714613.4648008035      < Nh <   2716061.8438558397     
 CFL_Te=   1.7422065538309094E-003 maxCFL_Ne=   1.3448566098830934E-003 maxCFL_Ts=   5.1020110945368359E-004 CPU=   666.26516096197452      NumThreads=                    4 Elapsed time=   6.0036157289459265E-003
 CFL_Limit=   1.0000000000000000E-003
 dt_init=   1.0000000000000001E-018 dt=   1.0000000000000001E-018
 Time=  -1.5700000000014347E-013 Intensity=   2.7919910540149856E-004
   4691.1265314061184      < Te <    4732.5800175326021     
   4691.0239687248022      < Th <    4814.3497269698855     
   80.000000000000000      < Ts <   80.000000000000000     
   4641168.5173142357      < Ne <   4643668.5677917600     
   4641168.5173142357      < Nh <   4643668.5677869525     
 CFL_Te=   1.7693167953511822E-003 maxCFL_Ne=   1.3657837424465168E-003 maxCFL_Ts=   5.1020110945368359E-004 CPU=   666.03334973917470      NumThreads=                    4 Elapsed time=   6.0057052722156329E-003
 CFL_Limit=   1.0000000000000000E-003
 dt_init=   1.0000000000000001E-018 dt=   1.0000000000000001E-018
 Time=  -1.5600000000014681E-013 Intensity=   4.8025456292409118E-004
   4733.2386580861457      < Te <    4768.9899899913826     
   4733.1231291503700      < Th <    4853.2563078210933     
   80.000000000000000      < Ts <   80.000000000000000     
   7960299.1013220949      < Ne <   7964599.4960074928     
   7960299.1013220949      < Nh <   7964599.4959959816     
 CFL_Te=   1.7852072907461524E-003 maxCFL_Ne=   1.3781514141263968E-003 maxCFL_Ts=   5.1020110945368359E-004 CPU=   665.83772525717063      NumThreads=                    4 Elapsed time=   6.0074697606763800E-003
 CFL_Limit=   1.0000000000000000E-003
 dt_init=   1.0000000000000001E-018 dt=   1.0000000000000001E-018
 Time=  -1.5500000000015014E-013 Intensity=   8.2323500183163778E-004
   4757.6956614191804      < Te <    4805.9887448596264     
   4757.5793595894202      < Th <    4875.6143276737102     
   80.000000000000000      < Ts <   80.000000000000000     
   13658825.005917948      < Ne <   13666196.637287762     
   13658825.005917948      < Nh <   13666196.637264637     
 CFL_Te=   1.7944397039069972E-003 maxCFL_Ne=   1.3852030752939523E-003 maxCFL_Ts=   5.1020110945368359E-004 CPU=   665.76572014413898      NumThreads=                    4 Elapsed time=   6.0081194915442568E-003
 CFL_Limit=   1.0000000000000000E-003
 dt_init=   1.0000000000000001E-018 dt=   1.0000000000000001E-018
 Time=  -1.5400000000015348E-013 Intensity=   1.4062774236661619E-003
   4771.8282099479093      < Te <    4839.0197475670720     
   4771.6900034678865      < Th <    4891.9000739750973     
   80.000000000000000      < Ts <   80.000000000000000     
   23408631.346135695      < Ne <   23421223.978047639     
   23408631.346135695      < Nh <   23421223.978006277     
 CFL_Te=   1.7997731114493135E-003 maxCFL_Ne=   1.3892952012697986E-003 maxCFL_Ts=   5.1020110945368359E-004 CPU=   665.68662440723745      NumThreads=                    4 Elapsed time=   6.0088333659427378E-003
 CFL_Limit=   1.0000000000000000E-003
 dt_init=   1.0000000000000001E-018 dt=   1.0000000000000001E-018
 Time=  -1.5300000000015682E-013 Intensity=   2.3939387363958401E-003
   4779.9337878783299      < Te <    4838.0982370461206     
   4779.8011493944014      < Th <    4900.2576219292860     
   80.000000000000000      < Ts <   80.000000000000000     
   40032217.877309702      < Ne <   40053654.818535075     
   40032217.877309702      < Nh <   40053654.818451315     
 CFL_Te=   1.8028373056200551E-003 maxCFL_Ne=   1.3916591151745855E-003 maxCFL_Ts=   5.1020110945368359E-004 CPU=   665.60187926917445      NumThreads=                    4 Elapsed time=   6.0095984169875960E-003
 CFL_Limit=   1.0000000000000000E-003
 dt_init=   1.0000000000000001E-018 dt=   1.0000000000000001E-018
 Time=  -1.5200000000016015E-013 Intensity=   4.0611582196023030E-003
   4784.5613067615814      < Te <    4837.7997115192084     
   4784.4293359862340      < Th <    4904.6980480904276     
   80.000000000000000      < Ts <   80.000000000000000     
   68277683.910450026      < Ne <   68314050.426381379     
   68277683.910450026      < Nh <   68314050.426222444     
 CFL_Te=   1.8045835138887100E-003 maxCFL_Ne=   1.3930070465936455E-003 maxCFL_Ts=   5.1020110945368359E-004 CPU=   665.52835606589269      NumThreads=                    4 Elapsed time=   6.0102623179649579E-003
 CFL_Limit=   1.0000000000000000E-003
 dt_init=   1.0000000000000001E-018 dt=   1.0000000000000001E-018
 Time=  -1.5100000000016349E-013 Intensity=   6.8656496377184186E-003
   4787.1519172099306      < Te <    4838.9102518096615     
   4787.0373645071450      < Th <    4881.0664492336782     
   80.000000000000000      < Ts <   80.000000000000000     
   116104122.15020396      < Ne <   116165602.22852661     
   116104122.15020396      < Nh <   116165602.22826411     
 CFL_Te=   1.8055639077285527E-003 maxCFL_Ne=   1.3937638320651049E-003 maxCFL_Ts=   5.1020110945368359E-004 CPU=   665.46453703437680      NumThreads=                    4 Elapsed time=   6.0108387109941014E-003
 CFL_Limit=   1.0000000000000000E-003
 dt_init=   1.0000000000000001E-018 dt=   1.0000000000000001E-018
 Time=  -1.5000000000016683E-013 Intensity=   1.1566666520934519E-002
   4788.5665463890700      < Te <    4830.7647888565489     
   4788.4568449212720      < Th <    4903.4518889835254     
   80.000000000000000      < Ts <   80.000000000000000     
   196805808.83454195      < Ne <   196909384.80587894     
   196805808.83454195      < Nh <   196909384.80539533     
 CFL_Te=   1.8060984655245585E-003 maxCFL_Ne=   1.3941764721801895E-003 maxCFL_Ts=   5.1020110945368359E-004 CPU=   665.40962950302185      NumThreads=                    4 Elapsed time=   6.0113347066941339E-003
 CFL_Limit=   1.0000000000000000E-003
 dt_init=   1.0000000000000001E-018 dt=   1.0000000000000001E-018
 Time=  -1.4900000000017016E-013 Intensity=   1.9419124322407912E-002
   4789.2961923102393      < Te <    4828.4251920587312     
   4789.1652572272160      < Th <    4906.3353717639820     
   80.000000000000000      < Ts <   80.000000000000000     
   332509750.66761112      < Ne <   332683642.29376382     
   332509750.66761112      < Nh <   332683642.29288125     
 CFL_Te=   1.8063726848832663E-003 maxCFL_Ne=   1.3943881548143687E-003 maxCFL_Ts=   5.1020110945368359E-004 CPU=   665.36010428719555      NumThreads=                    4 Elapsed time=   6.0117821525912272E-003
 CFL_Limit=   1.0000000000000000E-003
 dt_init=   1.0000000000000001E-018 dt=   1.0000000000000001E-018
 Time=  -1.4800000000017350E-013 Intensity=   3.2489716342295395E-002
   4789.6279587969329      < Te <    4840.0621664514465     
   4789.4735049393121      < Th <    4889.3716362674604     
   80.000000000000000      < Ts <   80.000000000000000     
   559913485.38854301      < Ne <   560204418.58035529     
   559913485.38854301      < Nh <   560204418.57889259     
 CFL_Te=   1.8064942730574597E-003 maxCFL_Ne=   1.3944820191863917E-003 maxCFL_Ts=   5.1020110945368359E-004 CPU=   665.29912228661408      NumThreads=                    4 Elapsed time=   6.0123331987153601E-003
 CFL_Limit=   1.0000000000000000E-003
 dt_init=   1.0000000000000001E-018 dt=   1.0000000000000001E-018
 Time=  -1.4700000000017684E-013 Intensity=   5.4169776937058010E-002
   4789.7058228928800      < Te <    4853.3328145527867     
   4789.5617308184728      < Th <    4901.6607737431586     
   80.000000000000000      < Ts <   80.000000000000000     
   939663677.22109902      < Ne <   940148753.58762443     
   939663677.22109902      < Nh <   940148753.58538687     
 CFL_Te=   1.8065259105593703E-003 maxCFL_Ne=   1.3945064481286464E-003 maxCFL_Ts=   5.1020110945368359E-004 CPU=   665.10753107717881      NumThreads=                    4 Elapsed time=   6.0140651144361219E-003
 CFL_Limit=   1.0000000000000000E-003
 dt_init=   1.0000000000000001E-018 dt=   1.0000000000000001E-018
 Time=  -1.4600000000018017E-013 Intensity=   9.0004251555476325E-002
   4789.6452912533941      < Te <    4853.7210250140879     
   4789.4989618494437      < Th <    4899.4611606931649     
   80.000000000000000      < Ts <   80.000000000000000     
   1571629642.5968106      < Ne <   1572435614.0355535     
   1571629642.5968106      < Nh <   1572435614.0319192     
 CFL_Te=   1.8065041701591134E-003 maxCFL_Ne=   1.3944896721965084E-003 maxCFL_Ts=   5.1020110945368359E-004 CPU=   664.86642335326712      NumThreads=                    4 Elapsed time=   6.0162460601122254E-003
 CFL_Limit=   1.0000000000000000E-003
 dt_init=   1.0000000000000001E-018 dt=   1.0000000000000001E-018
 Time=  -1.4500000000018351E-013 Intensity=  0.14902662029678132     
   4789.5037496448795      < Te <    4838.0837395961853     
   4789.3463589251351      < Th <    4897.9542105504506     
   80.000000000000000      < Ts <   80.000000000000000     
   2619686049.0848351      < Ne <   2621020558.5937152     
   2619686049.0848351      < Nh <   2621020558.5872278     
 CFL_Te=   1.8064504506969613E-003 maxCFL_Ne=   1.3944482094517040E-003 maxCFL_Ts=   5.1020110945368359E-004 CPU=   664.81141021338965      NumThreads=                    4 Elapsed time=   6.0167439044346259E-003
 CFL_Limit=   1.0000000000000000E-003
 dt_init=   1.0000000000000001E-018 dt=   1.0000000000000001E-018
 Time=  -1.4400000000018685E-013 Intensity=  0.24590056693320117     
   4789.3121637213417      < Te <    4832.8031699434123     
   4789.1689023150529      < Th <    4880.0874355013411     
   80.000000000000000      < Ts <   80.000000000000000     
   4351777839.9534502      < Ne <   4353979820.8254051     
   4351777839.9534502      < Nh <   4353979820.8142481     
 CFL_Te=   1.8063773076207941E-003 maxCFL_Ne=   1.3943917518587352E-003 maxCFL_Ts=   5.1020110945368359E-004 CPU=   664.76457111464083      NumThreads=                    4 Elapsed time=   6.0171678422828983E-003
 CFL_Limit=   1.0000000000000000E-003
 dt_init=   1.0000000000000001E-018 dt=   1.0000000000000001E-018
 Time=  -1.4300000000019018E-013 Intensity=  0.40434311979042498     
   4789.0909337331623      < Te <    4831.4127303741134     
   4788.9388447164965      < Th <    4888.5864073652465     
   80.000000000000000      < Ts <   80.000000000000000     
   7204453713.1548977      < Ne <   7208074497.6813259     
   7204453713.1548977      < Nh <   7208074497.6635847     
 CFL_Te=   1.8062921271094752E-003 maxCFL_Ne=   1.3943260012257866E-003 maxCFL_Ts=   5.1020110945368359E-004 CPU=   664.71688373042036      NumThreads=                    4 Elapsed time=   6.0175995192898128E-003
 CFL_Limit=   1.0000000000000000E-003
 dt_init=   1.0000000000000001E-018 dt=   1.0000000000000001E-018
 Time=  -1.4200000000019352E-013 Intensity=  0.66257559509688757     
   4788.8502075502765      < Te <    4834.6962593278104     
   4788.6976865170718      < Th <    4889.6887800719624     
   80.000000000000000      < Ts <   80.000000000000000     
   11886430262.115578      < Ne <   11892363441.995115     
   11886430262.115578      < Nh <   11892363441.966850     
 CFL_Te=   1.8061992643126482E-003 maxCFL_Ne=   1.3942543196521868E-003 maxCFL_Ts=   5.1020110945368359E-004 CPU=   664.70026791521377      NumThreads=                    4 Elapsed time=   6.0177499439645517E-003
 CFL_Limit=   1.0000000000000000E-003
 dt_init=   1.0000000000000001E-018 dt=   1.0000000000000001E-018
 Time=  -1.4100000000019685E-013 Intensity=   1.0819711056619992     
   4788.5886679033965      < Te <    4831.3782528596557     
   4788.4371696747066      < Th <    4898.8254404179334     
   80.000000000000000      < Ts <   80.000000000000000     
   19544182635.293037      < Ne <   19553871372.428066     
   19544182635.293037      < Nh <   19553871372.381287     
 CFL_Te=   1.8061012914059415E-003 maxCFL_Ne=   1.3941786928832053E-003 maxCFL_Ts=   5.1020110945368359E-004 CPU=   664.69340822204140      NumThreads=                    4 Elapsed time=   6.0178120476618250E-003
 CFL_Limit=   1.0000000000000000E-003
 dt_init=   1.0000000000000001E-018 dt=   1.0000000000000001E-018
 Time=  -1.4000000000020019E-013 Intensity=   1.7607217970199551     
   4788.3150534817696      < Te <    4844.4882609707211     
   4788.1627672306549      < Th <    4897.9392160915895     
   80.000000000000000      < Ts <   80.000000000000000     
   32025737284.697441      < Ne <   32041504101.553459     
   32025737284.697441      < Nh <   32041504101.474010     
 CFL_Te=   1.8059997282850811E-003 maxCFL_Ne=   1.3941002943362159E-003 maxCFL_Ts=   5.1020110945368359E-004 CPU=   664.66970157879655      NumThreads=                    4 Elapsed time=   6.0180266837780629E-003
 CFL_Limit=   1.0000000000000000E-003
 dt_init=   1.0000000000000001E-018 dt=   1.0000000000000001E-018
 Time=  -1.3900000000020353E-013 Intensity=   2.8553586656755012     
   4788.0354414508392      < Te <    4850.7522620956588     
   4787.8960471386599      < Th <    4914.9301270212127     
   80.000000000000000      < Ts <   80.000000000000000     
   52299358415.114815      < Ne <   52324927671.607742     
   52299358415.114815      < Nh <   52324927671.470345     
 CFL_Te=   1.8058954716971371E-003 maxCFL_Ne=   1.3940198163596138E-003 maxCFL_Ts=   5.1020110945368359E-004 CPU=   664.65645110000924      NumThreads=                    4 Elapsed time=   6.0181466581419370E-003
 CFL_Limit=   1.0000000000000000E-003
 dt_init=   1.0000000000000001E-018 dt=   1.0000000000000001E-018
 Time=  -1.3800000000020686E-013 Intensity=   4.6145084551220714     
   4787.7533450694345      < Te <    4837.6925175833412     
   4787.6119950024804      < Th <    4906.3658886756566     
   80.000000000000000      < Ts <   80.000000000000000     
   85115630929.910080      < Ne <   85156953197.096878     
   85115630929.910080      < Nh <   85156953196.855667     
 CFL_Te=   1.8057890480611372E-003 maxCFL_Ne=   1.3939376653993043E-003 maxCFL_Ts=   5.1020110945368359E-004 CPU=   664.64474721377030      NumThreads=                    4 Elapsed time=   6.0182526331069861E-003
 CFL_Limit=   1.0000000000000000E-003
 dt_init=   1.0000000000000001E-018 dt=   1.0000000000000001E-018
 Time=  -1.3700000000021020E-013 Intensity=   7.4316470194783788     
   4787.4676324291740      < Te <    4830.1997682692099     
   4787.3148245731754      < Th <    4922.2418335909515     
   80.000000000000000      < Ts <   80.000000000000000     
   138050574274.36871      < Ne <   138117123450.41898     
   138050574274.36871      < Nh <   138117123449.95654     
 CFL_Te=   1.8056807628877662E-003 maxCFL_Ne=   1.3938540773484739E-003 maxCFL_Ts=   5.1020110945368359E-004 CPU=   664.61773371524350      NumThreads=                    4 Elapsed time=   6.0184972459880314E-003
 CFL_Limit=   1.0000000000000000E-003
 dt_init=   1.0000000000000001E-018 dt=   1.0000000000000001E-018
 Time=  -1.3600000000021354E-013 Intensity=   11.927228832021447     
   4787.1662010777172      < Te <    4827.1126916360599     
   4787.0241673055507      < Th <    4930.1747222286122     
   80.000000000000000      < Ts <   80.000000000000000     
   223143006120.89902      < Ne <   223249812053.64981     
   223143006120.89905      < Nh <   223249812052.80521     
 CFL_Te=   1.8055707893673927E-003 maxCFL_Ne=   1.3937691859387425E-003 maxCFL_Ts=   5.1020110945368359E-004 CPU=   664.54965183206514      NumThreads=                    4 Elapsed time=   6.0191138299035924E-003
 CFL_Limit=   1.0000000000000000E-003
 dt_init=   1.0000000000000001E-018 dt=   1.0000000000000001E-018
 Time=  -1.3500000000021687E-013 Intensity=   19.076068766845733     
   4786.8611515482653      < Te <    4835.7800397990077     
   4786.7241711899633      < Th <    4914.0911321611475     
   80.000000000000000      < Ts <   80.000000000000000     
   359455197066.72394      < Ne <   359626019715.92059     
   359455197066.72394      < Nh <   359626019714.53802     
 CFL_Te=   1.8054592210570534E-003 maxCFL_Ne=   1.3936830634167267E-003 maxCFL_Ts=   5.1020110945368359E-004 CPU=   664.45809664460671      NumThreads=                    4 Elapsed time=   6.0199431991261407E-003
 CFL_Limit=   1.0000000000000000E-003
 dt_init=   1.0000000000000001E-018 dt=   1.0000000000000001E-018
 Time=  -1.3400000000022021E-013 Intensity=   30.404163347642267     
   4786.5538369377391      < Te <    4836.4845057834655     
   4786.4242587568115      < Th <    4889.9905823687559     
   80.000000000000000      < Ts <   80.000000000000000     
   577062637671.65869      < Ne <   577334902144.73242     
   577062637671.65869      < Nh <   577334902142.66418     
 CFL_Te=   1.8053461033124350E-003 maxCFL_Ne=   1.3935957448116872E-003 maxCFL_Ts=   5.1020110945368359E-004 CPU=   664.32078860018112      NumThreads=                    4 Elapsed time=   6.0211874573857186E-003
 CFL_Limit=   1.0000000000000000E-003
 dt_init=   1.0000000000000001E-018 dt=   1.0000000000000001E-018
 Time=  -1.3300000000022355E-013 Intensity=   48.291654511588462     
   4786.2425748096002      < Te <    4844.0235640003239     
   4786.1269370219134      < Th <    4908.8890647212365     
   80.000000000000000      < Ts <   80.000000000000000     
   923247492271.12451      < Ne <   923679937540.95679     
   923247492271.12451      < Nh <   923679937537.71301     
 CFL_Te=   1.8052314520959529E-003 maxCFL_Ne=   1.3935072424571242E-003 maxCFL_Ts=   5.1020110945368359E-004 CPU=   663.93854047209879      NumThreads=                    4 Elapsed time=   6.0246540246869356E-003
 CFL_Limit=   1.0000000000000000E-003
 dt_init=   1.0000000000000001E-018 dt=   1.0000000000000001E-018
 Time=  -1.3200000000022688E-013 Intensity=   76.437409953695052     
   4785.9335953912032      < Te <    4848.6789480527323     
   4785.8197243648901      < Th <    4912.9666376821697     
   80.000000000000000      < Ts <   80.000000000000000     
   1472077269933.1152      < Ne <   1472761764221.2212     
   1472077269933.1152      < Nh <   1472761764216.2305     
 CFL_Te=   1.8051152652630137E-003 maxCFL_Ne=   1.3934175547050955E-003 maxCFL_Ts=   5.1020110945368359E-004 CPU=   663.86227267795050      NumThreads=                    4 Elapsed time=   6.0253461668553950E-003
 CFL_Limit=   1.0000000000000000E-003
 dt_init=   1.0000000000000001E-018 dt=   1.0000000000000001E-018
 Time=  -1.3100000000023022E-013 Intensity=   120.56873118644961     
   4785.6239070628635      < Te <    4852.1846032526191     
   4785.4903161071743      < Th <    4907.1521038417677     
   80.000000000000000      < Ts <   80.000000000000000     
   2339164019876.7227      < Ne <   2340243718769.6089     
   2339164019876.7227      < Nh <   2340243718761.6440     
 CFL_Te=   1.8049975293523528E-003 maxCFL_Ne=   1.3933266711693352E-003 maxCFL_Ts=   5.1020110945368359E-004 CPU=   663.73258144167903      NumThreads=                    4 Elapsed time=   6.0265235003405847E-003
 CFL_Limit=   1.0000000000000000E-003
 dt_init=   1.0000000000000001E-018 dt=   1.0000000000000001E-018
 Time=  -1.3000000000023355E-013 Intensity=   189.52140549630647     
   4785.3043144280482      < Te <    4839.7076253942096     
   4785.1821401285124      < Th <    4879.5065818672047     
   80.000000000000000      < Ts <   80.000000000000000     
   3704321374318.3398      < Ne <   3706018552302.0122     
   3704321374318.3398      < Nh <   3706018552290.1313     
 CFL_Te=   1.8048782236801237E-003 maxCFL_Ne=   1.3932345758865079E-003 maxCFL_Ts=   5.1020110945368359E-004 CPU=   663.53143741572478      NumThreads=                    4 Elapsed time=   6.0283503907198671E-003
 CFL_Limit=   1.0000000000000000E-003
 dt_init=   1.0000000000000001E-018 dt=   1.0000000000000001E-018
 Time=  -1.2900000000023689E-013 Intensity=   296.87709817134032     
   4784.9812469206772      < Te <    4837.3062123746149     
   4784.8694120079517      < Th <    4888.4404465374228     
   80.000000000000000      < Ts <   80.000000000000000     
   5846216274097.0205      < Ne <   5848874821589.5088     
   5846216274097.0205      < Nh <   5848874821571.4033     
 CFL_Te=   1.8047573228118870E-003 maxCFL_Ne=   1.3931412492250554E-003 maxCFL_Ts=   5.1020110945368359E-004 CPU=   663.47790954229708      NumThreads=                    4 Elapsed time=   6.0288367441794959E-003
 CFL_Limit=   1.0000000000000000E-003
 dt_init=   1.0000000000000001E-018 dt=   1.0000000000000001E-018
 Time=  -1.2800000000024023E-013 Intensity=   463.43622111120186     
   4784.6622089769371      < Te <    4833.3160625802857     
   4784.5596659650846      < Th <    4891.4503138071250     
   80.000000000000000      < Ts <   80.000000000000000     
   9195167948715.8145      < Ne <   9199318030608.9844     
   9195167948715.8125      < Nh <   9199318030579.5801     
 CFL_Te=   1.8046347980554703E-003 maxCFL_Ne=   1.3930466690379633E-003 maxCFL_Ts=   5.1020110945368359E-004 CPU=   663.42830374601260      NumThreads=                    4 Elapsed time=   6.0292875317712749E-003
 CFL_Limit=   1.0000000000000000E-003
 dt_init=   1.0000000000000001E-018 dt=   1.0000000000000001E-018
 Time=  -1.2700000000024356E-013 Intensity=   720.93830669028659     
   4784.3384266071980      < Te <    4832.0077175393581     
   4784.2443876458174      < Th <    4882.6715240922376     
   80.000000000000000      < Ts <   80.000000000000000     
   14413297836151.133      < Ne <   14419753843413.906     
   14413297836151.131      < Nh <   14419753843367.975     
 CFL_Te=   1.8045106183605807E-003 maxCFL_Ne=   1.3929508113574686E-003 maxCFL_Ts=   5.1020110945368359E-004 CPU=   663.37466568525849      NumThreads=                    4 Elapsed time=   6.0297750380142196E-003
 CFL_Limit=   1.0000000000000000E-003
 dt_init=   1.0000000000000001E-018 dt=   1.0000000000000001E-018
 Time=  -1.2600000000024690E-013 Intensity=   1117.6377956527222     
   4784.0186174116170      < Te <    4847.2663140033228     
   4783.9254845274017      < Th <    4879.4358345703877     
   80.000000000000000      < Ts <   80.000000000000000     
   22515744299724.465      < Ne <   22525752809548.902     
   22515744299724.465      < Nh <   22525752809483.879     
 CFL_Te=   1.8043847508579180E-003 maxCFL_Ne=   1.3928536508113717E-003 maxCFL_Ts=   5.1020110945368359E-004 CPU=   663.33413848843429      NumThreads=                    4 Elapsed time=   6.0301434343707347E-003
 CFL_Limit=   1.0000000000000000E-003
 dt_init=   1.0000000000000001E-018 dt=   1.0000000000000001E-018
 Time=  -1.2500000000025024E-013 Intensity=   1726.6285113882675     
   4783.6894323772676      < Te <    4846.3546190925072     
   4783.5957294097088      < Th <    4887.5882023527338     
   80.000000000000000      < Ts <   80.000000000000000     
   35053295964966.539      < Ne <   35068758173679.211     
   35053295964966.539      < Nh <   35068758173583.727     
 CFL_Te=   1.8042571611781031E-003 maxCFL_Ne=   1.3927551608693433E-003 maxCFL_Ts=   5.1020110945368359E-004 CPU=   663.28715732627870      NumThreads=                    4 Elapsed time=   6.0305705542740571E-003
 CFL_Limit=   1.0000000000000000E-003
 dt_init=   1.0000000000000001E-018 dt=   1.0000000000000001E-018
 Time=  -1.2400000000025357E-013 Intensity=   2658.2240688393576     
   4783.3506708539626      < Te <    4842.8631535119030     
   4783.2519802173720      < Th <    4906.0326703644241     
   80.000000000000000      < Ts <   80.000000000000000     
   54386533278148.875      < Ne <   54410338253643.883     
   54386533278148.875      < Nh <   54410338253478.156     
 CFL_Te=   1.8041278136356306E-003 maxCFL_Ne=   1.3926553139849709E-003 maxCFL_Ts=   5.1020110945368359E-004 CPU=   663.23739622156279      NumThreads=                    4 Elapsed time=   6.0310230134607038E-003
 CFL_Limit=   1.0000000000000000E-003
 dt_init=   1.0000000000000001E-018 dt=   1.0000000000000001E-018
 Time=  -1.2300000000025691E-013 Intensity=   4078.2994800764554     
   4783.0060402213849      < Te <    4836.1241923813641     
   4782.9113495263309      < Th <    4904.1229120954931     
   80.000000000000000      < Ts <   80.000000000000000     
   84095784678834.500      < Ne <   84132306730088.172     
   84095784678834.500      < Nh <   84132306729796.234     
 CFL_Te=   1.8039966713296329E-003 maxCFL_Ne=   1.3925540816735991E-003 maxCFL_Ts=   5.1020110945368359E-004 CPU=   663.19100113573359      NumThreads=                    4 Elapsed time=   6.0314449278562063E-003
 CFL_Limit=   1.0000000000000000E-003
 dt_init=   1.0000000000000001E-018 dt=   1.0000000000000001E-018
 Time=  -1.2200000000026025E-013 Intensity=   6235.3594163176358     
   4782.6506191259714      < Te <    4837.7918055787559     
   4782.5577114411890      < Th <    4893.6415473422985     
   80.000000000000000      < Ts <   80.000000000000000     
   129591879091893.34      < Ne <   129647718131777.50     
   129591879091893.34      < Nh <   129647718131307.94     
 CFL_Te=   1.8038636961928913E-003 maxCFL_Ne=   1.3924514345501897E-003 maxCFL_Ts=   5.1020110945368359E-004 CPU=   663.13565640780382      NumThreads=                    4 Elapsed time=   6.0319483070295776E-003
 CFL_Limit=   1.0000000000000000E-003
 dt_init=   1.0000000000000001E-018 dt=   1.0000000000000001E-018
 Time=  -1.2100000000026358E-013 Intensity=   9500.3306333555556     
   4782.2933031906960      < Te <    4832.9837699306681     
   4782.1865394242268      < Th <    4889.6895600432617     
   80.000000000000000      < Ts <   80.000000000000000     
   199022620847852.00      < Ne <   199107698201491.56     
   199022620847852.00      < Nh <   199107698200753.50     
 CFL_Te=   1.8037288490084799E-003 maxCFL_Ne=   1.3923473423421869E-003 maxCFL_Ts=   5.1020110945368359E-004 CPU=   663.09336517251393      NumThreads=                    4 Elapsed time=   6.0323330168736318E-003
 CFL_Limit=   1.0000000000000000E-003
 dt_init=   1.0000000000000001E-018 dt=   1.0000000000000001E-018
 Time=  -1.2000000000026692E-013 Intensity=   14424.833136721963     
   4781.9230910888928      < Te <    4840.6688383070741     
   4781.8048115438942      < Th <    4885.9591696549824     
   80.000000000000000      < Ts <   80.000000000000000     
   304613103359677.62      < Ne <   304742281038585.81     
   304613103359677.62      < Nh <   304742281037514.75     
 CFL_Te=   1.8035920894057475E-003 maxCFL_Ne=   1.3922417738864224E-003 maxCFL_Ts=   5.1020110945368359E-004 CPU=   663.05157313169218      NumThreads=                    4 Elapsed time=   6.0327132339154247E-003
 CFL_Limit=   1.0000000000000000E-003
 dt_init=   1.0000000000000001E-018 dt=   1.0000000000000001E-018
 Time=  -1.1900000000027026E-013 Intensity=   21826.179677817076     
   4781.5516705989749      < Te <    4837.3447467911346     
   4781.4088375147239      < Th <    4895.9027828264216     
   80.000000000000000      < Ts <   80.000000000000000     
   464640015367687.81      < Ne <   464835474668121.94     
   464640015367687.81      < Nh <   464835474666462.56     
 CFL_Te=   1.8034533758429763E-003 maxCFL_Ne=   1.3921346971157401E-003 maxCFL_Ts=   5.1020110945368359E-004 CPU=   662.99332046650670      NumThreads=                    4 Elapsed time=   6.0332432869541607E-003
 CFL_Limit=   1.0000000000000000E-003
 dt_init=   1.0000000000000001E-018 dt=   1.0000000000000001E-018
 Time=  -1.1800000000027359E-013 Intensity=   32910.880694273634     
   4781.1778573950605      < Te <    4837.1540901107219     
   4781.0317216618841      < Th <    4911.2135689741508     
   80.000000000000000      < Ts <   80.000000000000000     
   706328832560704.62      < Ne <   706623558769008.50     
   706328832560704.62      < Nh <   706623558766206.00     
 CFL_Te=   1.8033126655810803E-003 maxCFL_Ne=   1.3920260790386857E-003 maxCFL_Ts=   5.1020110945368359E-004 CPU=   662.95053164298747      NumThreads=                    4 Elapsed time=   6.0336326906425689E-003
 CFL_Limit=   1.0000000000000000E-003
 dt_init=   1.0000000000000001E-018 dt=   1.0000000000000001E-018
 Time=  -1.1700000000027693E-013 Intensity=   49453.397363885415     
   4780.7971719651377      < Te <    4844.2038123299908     
   4780.6391314124212      < Th <    4912.3350750559257     
   80.000000000000000      < Ts <   80.000000000000000     
   1070089190755271.6      < Ne <   1070532061544068.5     
   1070089190755271.5      < Nh <   1070532061539204.6     
 CFL_Te=   1.8031699146511310E-003 maxCFL_Ne=   1.3919158857144628E-003 maxCFL_Ts=   5.1020110945368359E-004 CPU=   662.90204187889776      NumThreads=                    4 Elapsed time=   6.0340740370365912E-003
 CFL_Limit=   1.0000000000000000E-003
 dt_init=   1.0000000000000001E-018 dt=   1.0000000000000001E-018
 Time=  -1.1600000000028026E-013 Intensity=   74053.844592670546     
   4780.4134032265401      < Te <    4841.4683827388144     
   4780.2536265917424      < Th <    4901.1569493846227     
   80.000000000000000      < Ts <   80.000000000000000     
   1615683036091088.0      < Ne <   1616346216286419.8     
   1615683036091088.0      < Nh <   1616346216278907.2     
 CFL_Te=   1.8030250778173389E-003 maxCFL_Ne=   1.3918040822243352E-003 maxCFL_Ts=   5.1020110945368359E-004 CPU=   662.87057998997716      NumThreads=                    4 Elapsed time=   6.0343604328622963E-003
 CFL_Limit=   1.0000000000000000E-003
 dt_init=   1.0000000000000001E-018 dt=   1.0000000000000001E-018
 Time=  -1.1500000000028360E-013 Intensity=   110508.05584217943     
   4780.0165071793945      < Te <    4837.5049846505408     
   4779.8550660246583      < Th <    4885.1571634230204     
   80.000000000000000      < Ts <   80.000000000000000     
   2431173407161619.0      < Ne <   2432163047828578.5     
   2431173407161619.0      < Nh <   2432163047817427.5     
 CFL_Te=   1.8028781085366278E-003 maxCFL_Ne=   1.3918079885600774E-003 maxCFL_Ts=   5.1020110945368359E-004 CPU=   662.83912857152154      NumThreads=                    4 Elapsed time=   6.0346467605501240E-003
 CFL_Limit=   1.0000000000000000E-003
 dt_init=   1.0000000000000001E-018 dt=   1.0000000000000001E-018
 Time=  -1.1400000000028694E-013 Intensity=   164336.90995111573     
   4779.6207024583873      < Te <    4845.2757735863634     
   4779.4555445633487      < Th <    4904.7992331261876     
   80.000000000000000      < Ts <   80.000000000000000     
   3645857918227929.5      < Ne <   3647329623978093.5     
   3645857918227929.5      < Nh <   3647329623962228.5     
 CFL_Te=   1.8027289592008049E-003 maxCFL_Ne=   1.3916096043533593E-003 maxCFL_Ts=   5.1020110945368359E-004 CPU=   662.79052753887925      NumThreads=                    4 Elapsed time=   6.0350892684798664E-003
 CFL_Limit=   1.0000000000000000E-003
 dt_init=   1.0000000000000001E-018 dt=   1.0000000000000001E-018
 Time=  -1.1300000000029027E-013 Intensity=   243540.47277285621     
   4779.2176627753006      < Te <    4832.7377360318724     
   4779.0711584597548      < Th <    4917.5887702097907     
   80.000000000000000      < Ts <   80.000000000000000     
   5448889904119529.0      < Ne <   5451070913692185.0     
   5448889904119529.0      < Nh <   5451070913665522.0     
 CFL_Te=   1.8025775861639749E-003 maxCFL_Ne=   1.3914675982911479E-003 maxCFL_Ts=   5.1020110945368359E-004 CPU=   662.75052907859072      NumThreads=                    4 Elapsed time=   6.0354534994655120E-003
 CFL_Limit=   1.0000000000000000E-003
 dt_init=   1.0000000000000001E-018 dt=   1.0000000000000001E-018
 Time=  -1.1200000000029361E-013 Intensity=   359668.18468342372     
   4778.8050086142375      < Te <    4826.7763512085094     
   4778.6625675392106      < Th <    4899.3978070299190     
   80.000000000000000      < Ts <   80.000000000000000     
   8115985916945374.0      < Ne <   8119206886095106.0     
   8115985916945375.0      < Nh <   8119206886051857.0     
 CFL_Te=   1.8024239489552610E-003 maxCFL_Ne=   1.3913400321957665E-003 maxCFL_Ts=   5.1020110945368359E-004 CPU=   662.70337679937450      NumThreads=                    4 Elapsed time=   6.0358829304878467E-003
 CFL_Limit=   1.0000000000000000E-003
 dt_init=   1.0000000000000001E-018 dt=   1.0000000000000001E-018
 Time=  -1.1100000000029695E-013 Intensity=   529331.51455927780     
   4778.3963619103070      < Te <    4826.3908662159738     
   4778.2448654032114      < Th <    4911.5312652812208     
   80.000000000000000      < Ts <   80.000000000000000     
   12047584325057872.      < Ne <   12052324666635442.     
   12047584325057874.      < Nh <   12052324666568096.     
 CFL_Te=   1.8022679898601944E-003 maxCFL_Ne=   1.3912196175785002E-003 maxCFL_Ts=   5.1020110945368359E-004 CPU=   662.66589796806977      NumThreads=                    4 Elapsed time=   6.0362243058910778E-003
 CFL_Limit=   1.0000000000000000E-003
 dt_init=   1.0000000000000001E-018 dt=   1.0000000000000001E-018
 Time=  -1.1000000000030028E-013 Intensity=   776333.50412123953     
   4777.9796970951920      < Te <    4824.2911572149014     
   4777.8275829634767      < Th <    4892.3971172296115     
   80.000000000000114      < Ts <   80.000000000000114     
   17823155396986588.      < Ne <   17830107697518906.     
   17823155396986590.      < Nh <   17830107697419126.     
 CFL_Te=   1.8021096400190268E-003 maxCFL_Ne=   1.3910973608770591E-003 maxCFL_Ts=   5.1020110945368370E-004 CPU=   662.62578737476065      NumThreads=                    4 Elapsed time=   6.0365896954410608E-003
 CFL_Limit=   1.0000000000000000E-003
 dt_init=   1.0000000000000001E-018 dt=   1.0000000000000001E-018
 Time=  -1.0900000000030362E-013 Intensity=   1134654.8075546226     
   4777.5534909411845      < Te <    4837.2672719901057     
   4777.3913169406969      < Th <    4891.7056827901688     
   80.000000000000114      < Ts <   80.000000000000114     
   26278201810853176.      < Ne <   26288363021648668.     
   26278201810853176.      < Nh <   26288363021509592.     
 CFL_Te=   1.8019488354320047E-003 maxCFL_Ne=   1.3909732193441084E-003 maxCFL_Ts=   5.1020110945368370E-004 CPU=   662.59461274697401      NumThreads=                    4 Elapsed time=   6.0368737128979437E-003
 CFL_Limit=   1.0000000000000000E-003
 dt_init=   1.0000000000000001E-018 dt=   1.0000000000000001E-018
 Time=  -1.0800000000030696E-013 Intensity=   1652623.9253586698     
   4777.1189606229173      < Te <    4823.6034765441800     
   4776.9661300444559      < Th <    4896.8692665613844     
   80.000000000001208      < Ts <   80.000000000002757     
   38613008316029848.      < Ne <   38627808165992936.     
   38613008316029848.      < Nh <   38627808165794992.     
 CFL_Te=   1.8017855187516553E-003 maxCFL_Ne=   1.3908471489371540E-003 maxCFL_Ts=   5.1020110945368695E-004 CPU=   662.56243069114294      NumThreads=                    4 Elapsed time=   6.0371669365971367E-003
 CFL_Limit=   1.0000000000000000E-003
 dt_init=   1.0000000000000001E-018 dt=   1.0000000000000001E-018
 Time=  -1.0700000000031029E-013 Intensity=   2398717.8343097451     
   4776.6725465640202      < Te <    4822.5149289112760     
   4776.5336112207215      < Th <    4886.2521739818103     
   80.000000000035854      < Ts <   80.000000000038497     
   56545637495358224.      < Ne <   56567118887555088.     
   56545637495358216.      < Nh <   56567118887271000.     
 CFL_Te=   1.8016196348806023E-003 maxCFL_Ne=   1.3907191042751533E-003 maxCFL_Ts=   5.1020110945378843E-004 CPU=   662.51429231894235      NumThreads=                    4 Elapsed time=   6.0376055979096555E-003
 CFL_Limit=   1.0000000000000000E-003
 dt_init=   1.0000000000000001E-018 dt=   1.0000000000000001E-018
 Time=  -1.0600000000031363E-013 Intensity=   3469597.8688117159     
   4776.2170305458876      < Te <    4824.7644438334282     
   4776.0922426904617      < Th <    4875.8012118040106     
   80.000000000080902      < Ts <   80.000000000086402     
   82526339199276304.      < Ne <   82557410609803648.     
   82526339199276288.      < Nh <   82557410609398240.     
 CFL_Te=   1.8014511275417444E-003 maxCFL_Ne=   1.3905890385974087E-003 maxCFL_Ts=   5.1020110945392103E-004 CPU=   662.45986668399530      NumThreads=                    4 Elapsed time=   6.0381016287407311E-003
 CFL_Limit=   1.0000000000000000E-003
 dt_init=   1.0000000000000001E-018 dt=   1.0000000000000001E-018
 Time=  -1.0500000000031696E-013 Intensity=   5001197.1000020979     
   4775.7593817128918      < Te <    4832.9850625979570     
   4775.6392328647726      < Th <    4886.6960914754773     
   80.000000000146699      < Ts <   80.000000000156206     
   1.2003685767132264E+017 < Ne <   1.2008164563098726E+017
   1.2003685767132261E+017 < Nh <   1.2008164563043406E+017
 CFL_Te=   1.8012799377319770E-003 maxCFL_Ne=   1.3904569037196360E-003 maxCFL_Ts=   5.1020110945411358E-004 CPU=   662.40856429935661      NumThreads=                    4 Elapsed time=   6.0385692691502018E-003
 CFL_Limit=   1.0000000000000000E-003
 dt_init=   1.0000000000000001E-018 dt=   1.0000000000000001E-018
 Time=  -1.0400000000032030E-013 Intensity=   7183955.7564026807     
   4775.2924147662297      < Te <    4832.9261657914221     
   4775.1836647271466      < Th <    4881.2859605792482     
   80.000000000240320      < Ts <   80.000000000256065     
   1.7400662419965274E+017 < Ne <   1.7407096018382736E+017
   1.7400662419965270E+017 < Nh <   1.7407096018303830E+017
 CFL_Te=   1.8011060033343690E-003 maxCFL_Ne=   1.3903226499848240E-003 maxCFL_Ts=   5.1020110945439049E-004 CPU=   662.35999735032544      NumThreads=                    4 Elapsed time=   6.0390120417921017E-003
 CFL_Limit=   1.0000000000000000E-003
 dt_init=   1.0000000000000001E-018 dt=   1.0000000000000001E-018
 Time=  -1.0300000000032364E-013 Intensity=   10283671.077769637     
   4774.8188192412854      < Te <    4821.1904210965949     
   4774.7131009137247      < Th <    4892.7084353878663     
   80.000000000373262      < Ts <   80.000000000398074     
   2.5138921991111622E+017 < Ne <   2.5148131574051216E+017
   2.5138921991111619E+017 < Nh <   2.5148131573933258E+017
 CFL_Te=   1.8009292592287391E-003 maxCFL_Ne=   1.3901862262089533E-003 maxCFL_Ts=   5.1020110945478524E-004 CPU=   662.30412456569604      NumThreads=                    4 Elapsed time=   6.0395215002216514E-003
 CFL_Limit=   1.0000000000000000E-003
 dt_init=   1.0000000000000001E-018 dt=   1.0000000000000001E-018
 Time=  -1.0200000000032697E-013 Intensity=   14669913.588145595     
   4774.3472382669052      < Te <    4824.9016854572237     
   4774.2206125894827      < Th <    4883.6790286235009     
   80.000000000565180      < Ts <   80.000000000601645     
   3.6195769747311565E+017 < Ne <   3.6208907447409862E+017
   3.6195769747311565E+017 < Nh <   3.6208907447231930E+017
 CFL_Te=   1.8007496375289597E-003 maxCFL_Ne=   1.3900475796229605E-003 maxCFL_Ts=   5.1020110945535109E-004 CPU=   662.25288634546644      NumThreads=                    4 Elapsed time=   6.0399887753956674E-003
 CFL_Limit=   1.0000000000000000E-003
 dt_init=   1.0000000000000001E-018 dt=   1.0000000000000001E-018
 Time=  -1.0100000000033031E-013 Intensity=   20854596.145682670     
   4773.8656430317578      < Te <    4836.5790894895954     
   4773.7238075319219      < Th <    4883.7824040839059     
   80.000000000838710      < Ts <   80.000000000893507     
   5.1939754047030112E+017 < Ne <   5.1958430629948141E+017
   5.1939754047030112E+017 < Nh <   5.1958430629700493E+017
 CFL_Te=   1.8005670677870942E-003 maxCFL_Ne=   1.3899066558120986E-003 maxCFL_Ts=   5.1020110945615828E-004 CPU=   662.19323195694676      NumThreads=                    4 Elapsed time=   6.0405328942716588E-003
 CFL_Limit=   1.0000000000000000E-003
 dt_init=   1.0000000000000001E-018 dt=   1.0000000000000001E-018
 Time=  -1.0000000000033365E-013 Intensity=   29544106.652997654     
   4773.3675146222313      < Te <    4829.5718339226551     
   4773.2356836791778      < Th <    4874.9964363391255     
   80.000000001230930      < Ts <   80.000000001309616     
   7.4280272543180634E+017 < Ne <   7.4306731402273536E+017
   7.4280272543180634E+017 < Nh <   7.4306731401926272E+017
 CFL_Te=   1.8003814771185417E-003 maxCFL_Ne=   1.3897633986535163E-003 maxCFL_Ts=   5.1020110945731133E-004 CPU=   662.13369708541438      NumThreads=                    4 Elapsed time=   6.0410760207602080E-003
 CFL_Limit=   1.0000000000000000E-003
 dt_init=   1.0000000000000001E-018 dt=   1.0000000000000001E-018
 Time=  -9.9000000000336983E-014 Intensity=   41709481.477622546     
   4772.8669426067536      < Te <    4821.9804603724278     
   4772.7423355880601      < Th <    4876.0274790747217     
   80.000000001789729      < Ts <   80.000000001903103     
   1.0587154585404517E+018 < Ne <   1.0590889967027713E+018
   1.0587154585404517E+018 < Nh <   1.0590889966978486E+018
 CFL_Te=   1.8001927902512296E-003 maxCFL_Ne=   1.3896177502524226E-003 maxCFL_Ts=   5.1020110945895997E-004 CPU=   662.06716840186687      NumThreads=                    4 Elapsed time=   6.0416830661689713E-003
 CFL_Limit=   1.0000000000000000E-003
 dt_init=   1.0000000000000001E-018 dt=   1.0000000000000001E-018
 Time=  -9.8000000000340320E-014 Intensity=   58680468.053666398     
   4772.3676383487718      < Te <    4824.3649750336017     
   4772.2343979374600      < Th <    4876.3714727825472     
   80.000000002581402      < Ts <   80.000000002742425     
   1.5038961252390397E+018 < Ne <   1.5044216518483960E+018
   1.5038961252390397E+018 < Nh <   1.5044216518413972E+018
 CFL_Te=   1.8000009295170785E-003 maxCFL_Ne=   1.3894696508769404E-003 maxCFL_Ts=   5.1020110946128417E-004 CPU=   662.01205645136645      NumThreads=                    4 Elapsed time=   6.0421860312355998E-003
 CFL_Limit=   1.0000000000000000E-003
 dt_init=   1.0000000000000001E-018 dt=   1.0000000000000001E-018
 Time=  -9.7000000000343656E-014 Intensity=   82271079.851560473     
   4771.8531878141857      < Te <    4816.5122645447218     
   4771.7287281767140      < Th <    4881.1623405781484     
   80.000000003707598      < Ts <   80.000000003937316     
   2.1290698868523850E+018 < Ne <   2.1298066826728602E+018
   2.1290698868523850E+018 < Nh <   2.1298066826625388E+018
 CFL_Te=   1.7998058148045129E-003 maxCFL_Ne=   1.3893190388916446E-003 maxCFL_Ts=   5.1020110946459955E-004 CPU=   661.95477647834809      NumThreads=                    4 Elapsed time=   6.0427088709599118E-003
 CFL_Limit=   1.0000000000000000E-003
 dt_init=   1.0000000000000001E-018 dt=   1.0000000000000001E-018
 Time=  -9.6000000000346993E-014 Intensity=   114946479.92309830     
   4771.3300035064749      < Te <    4808.5861609515869     
   4771.2066331402702      < Th <    4880.3472443307264     
   80.000000005298716      < Ts <   80.000000005625523     
   3.0039740272241946E+018 < Ne <   3.0050034426613704E+018
   3.0039740272241946E+018 < Nh <   3.0050034426453524E+018
 CFL_Te=   1.7996073634867255E-003 maxCFL_Ne=   1.3891658506899403E-003 maxCFL_Ts=   5.1020110946928103E-004 CPU=   661.89492480599279      NumThreads=                    4 Elapsed time=   6.0432552813007821E-003
 CFL_Limit=   1.0000000000000000E-003
 dt_init=   1.0000000000000001E-018 dt=   1.0000000000000001E-018
 Time=  -9.5000000000350329E-014 Intensity=   160043855.31729019     
   4770.7953539304726      < Te <    4809.5499980637824     
   4770.6694828031159      < Th <    4863.7390990756694     
   80.000000007540535      < Ts <   80.000000007984454     
   4.2241303743951764E+018 < Ne <   4.2255636513473772E+018
   4.2241303743951764E+018 < Nh <   4.2255636513250519E+018
 CFL_Te=   1.7994054903361580E-003 maxCFL_Ne=   1.3890100206254284E-003 maxCFL_Ts=   5.1020110947583720E-004 CPU=   661.83218756983138      NumThreads=                    4 Elapsed time=   6.0438281412203924E-003
 CFL_Limit=   1.0000000000000000E-003
 dt_init=   1.0000000000000001E-018 dt=   1.0000000000000001E-018
 Time=  -9.4000000000353665E-014 Intensity=   222063501.29492137     
   4770.2390604379470      < Te <    4810.5924764485162     
   4770.1151841781775      < Th <    4876.9542877513995     
   80.000000010694336      < Ts <   80.000000011319500     
   5.9198958046028278E+018 < Ne <   5.9218844997202289E+018
   5.9198958046028278E+018 < Nh <   5.9218844996891699E+018
 CFL_Te=   1.7992001074319430E-003 maxCFL_Ne=   1.3888514809427715E-003 maxCFL_Ts=   5.1020110948509498E-004 CPU=   661.77684507567687      NumThreads=                    4 Elapsed time=   6.0443335691846151E-003
 CFL_Limit=   1.0000000000000000E-003
 dt_init=   1.0000000000000001E-018 dt=   1.0000000000000001E-018
 Time=  -9.3000000000357002E-014 Intensity=   307050784.68967545     
   4769.6786284153968      < Te <    4809.3555596960587     
   4769.5513670467344      < Th <    4876.7744194033094     
   80.000000015072843      < Ts <   80.000000015971636     
   8.2685082293557780E+018 < Ne <   8.2712580230654413E+018
   8.2685082293557780E+018 < Nh <   8.2712580230208676E+018
 CFL_Te=   1.7989911240649614E-003 maxCFL_Ne=   1.3886901617086590E-003 maxCFL_Ts=   5.1020110949797704E-004 CPU=   661.71650680549328      NumThreads=                    4 Elapsed time=   6.0448847185487712E-003
 CFL_Limit=   1.0000000000000000E-003
 dt_init=   1.0000000000000001E-018 dt=   1.0000000000000001E-018
 Time=  -9.2000000000360338E-014 Intensity=   423095192.00701851     
   4769.1165111658865      < Te <    4809.5788373904479     
   4768.9919321800435      < Th <    4871.8895463480967     
   80.000000021192847      < Ts <   80.000000022462018     
   1.1510054410258039E+019 < Ne <   1.1513843438251594E+019
   1.1510054410258039E+019 < Nh <   1.1513843438190103E+019
 CFL_Te=   1.7987784466436708E-003 maxCFL_Ne=   1.3885259907438238E-003 maxCFL_Ts=   5.1020110951593967E-004 CPU=   661.66422641006727      NumThreads=                    4 Elapsed time=   6.0453623459476476E-003
 CFL_Limit=   1.0000000000000000E-003
 dt_init=   1.0000000000000001E-018 dt=   1.0000000000000001E-018
 Time=  -9.1000000000363675E-014 Intensity=   580979513.56964755     
   4768.5466127671443      < Te <    4815.1448937941577     
   4768.4256386027728      < Th <    4878.6418543497030     
   80.000000029701795      < Ts <   80.000000031452842     
   1.5968550138760253E+019 < Ne <   1.5973753120927920E+019
   1.5968550138760253E+019 < Nh <   1.5973753120842465E+019
 CFL_Te=   1.7985619786033580E-003 maxCFL_Ne=   1.3883588935573675E-003 maxCFL_Ts=   5.1020110954092966E-004 CPU=   661.60233053804848      NumThreads=                    4 Elapsed time=   6.0459279167698783E-003
 CFL_Limit=   1.0000000000000000E-003
 dt_init=   1.0000000000000001E-018 dt=   1.0000000000000001E-018
 Time=  -9.0000000000367011E-014 Intensity=   795020627.86572671     
   4767.9655640190722      < Te <    4809.4911641210529     
   4767.8393310051169      < Th <    4881.1608231123510     
   80.000000041432358      < Ts <   80.000000043902403     
   2.2079655610317935E+019 < Ne <   2.2086775477975175E+019
   2.2079655610317935E+019 < Nh <   2.2086775477854675E+019
 CFL_Te=   1.7983416203214140E-003 maxCFL_Ne=   1.3881887932851308E-003 maxCFL_Ts=   5.1020110957548481E-004 CPU=   661.52493441022136      NumThreads=                    4 Elapsed time=   6.0466352694115398E-003
 CFL_Limit=   1.0000000000000000E-003
 dt_init=   1.0000000000000001E-018 dt=   1.0000000000000001E-018
 Time=  -8.9000000000370348E-014 Intensity=   1084153623.5544016     
   4767.3780983672768      < Te <    4802.2088102799671     
   4767.2408862198445      < Th <    4885.8129553369536     
   80.000000057616930      < Ts <   80.000000061015285     
   3.0426964531433767E+019 < Ne <   3.0436673743230661E+019
   3.0426964531433767E+019 < Nh <   3.0436673743056658E+019
 CFL_Te=   1.7981172690415118E-003 maxCFL_Ne=   1.3880156106342544E-003 maxCFL_Ts=   5.1020110962303673E-004 CPU=   661.47369481866508      NumThreads=                    4 Elapsed time=   6.0471036585915197E-003
 CFL_Limit=   1.0000000000000000E-003
 dt_init=   1.0000000000000001E-018 dt=   1.0000000000000001E-018
 Time=  -8.8000000000373684E-014 Intensity=   1473323459.8778813     
   4766.7806387250685      < Te <    4807.5334726231431     
   4766.6287154131205      < Th <    4871.6865306165773     
   80.000000079949089      < Ts <   80.000000084655156     
   4.1789322729141633E+019 < Ne <   4.1802517170866438E+019
   4.1789322729141633E+019 < Nh <   4.1802517170620064E+019
 CFL_Te=   1.7978888188102961E-003 maxCFL_Ne=   1.3878392638367097E-003 maxCFL_Ts=   5.1020110968864061E-004 CPU=   661.42122276226098      NumThreads=                    4 Elapsed time=   6.0475833891374033E-003
 CFL_Limit=   1.0000000000000000E-003
 dt_init=   1.0000000000000001E-018 dt=   1.0000000000000001E-018
 Time=  -8.7000000000377020E-014 Intensity=   1995263384.2989130     
   4766.1685492790939      < Te <    4808.5616170943676     
   4766.0033469636101      < Th <    4863.9803096764063     
   80.000000110418810      < Ts <   80.000000117054995     
   5.7202272000818889E+019 < Ne <   5.7220140804143735E+019
   5.7202272000818889E+019 < Nh <   5.7220140803815834E+019
 CFL_Te=   1.7976561604310824E-003 maxCFL_Ne=   1.3876596686154302E-003 maxCFL_Ts=   5.1020110977842838E-004 CPU=   661.36595211271595      NumThreads=                    4 Elapsed time=   6.0480887883963578E-003
 CFL_Limit=   1.0000000000000000E-003
 dt_init=   1.0000000000000001E-018 dt=   1.0000000000000001E-018
 Time=  -8.6000000000380357E-014 Intensity=   2692757295.9581451     
   4765.5384852167190      < Te <    4812.7392670249492     
   4765.3698540251535      < Th <    4868.3762123097322     
   80.000000152164802      < Ts <   80.000000161342300     
   7.8037502276198351E+019 < Ne <   7.8061617816295145E+019
   7.8037502276198351E+019 < Nh <   7.8061617815859331E+019
 CFL_Te=   1.7974191814403432E-003 maxCFL_Ne=   1.3876008482711440E-003 maxCFL_Ts=   5.1020110990112721E-004 CPU=   661.31421030996478      NumThreads=                    4 Elapsed time=   6.0485619961578611E-003
 CFL_Limit=   1.0000000000000000E-003
 dt_init=   1.0000000000000001E-018 dt=   1.0000000000000001E-018
 Time=  -8.5000000000383693E-014 Intensity=   3621504588.3236284     
   4764.8955107003239      < Te <    4814.6224098093553     
   4764.7289322621309      < Th <    4862.5076645946929     
   80.000000209064851      < Ts <   80.000000221702905     
   1.0610515816906639E+020 < Ne <   1.0613759168319914E+020
   1.0610515816906639E+020 < Nh <   1.0613759168261785E+020
 CFL_Te=   1.7971777662073838E-003 maxCFL_Ne=   1.3873252296742113E-003 maxCFL_Ts=   5.1020111006825285E-004 CPU=   661.25705011803336      NumThreads=                    4 Elapsed time=   6.0490848442160371E-003
 CFL_Limit=   1.0000000000000000E-003
 dt_init=   1.0000000000000001E-018 dt=   1.0000000000000001E-018
 Time=  -8.4000000000387030E-014 Intensity=   4853731164.6627903     
   4764.2444027301908      < Te <    4817.2471124249460     
   4764.0760804086976      < Th <    4873.6224254405752     
   80.000000286391327      < Ts <   80.000000303442874     
   1.4378501685470583E+020 < Ne <   1.4382848652776138E+020
   1.4378501685470583E+020 < Nh <   1.4382848652696950E+020
 CFL_Te=   1.7969317995494792E-003 maxCFL_Ne=   1.3871117954732221E-003 maxCFL_Ts=   5.1020111029589682E-004 CPU=   661.13729130488946      NumThreads=                    4 Elapsed time=   6.0501805791429233E-003
 CFL_Limit=   1.0000000000000000E-003
 dt_init=   1.0000000000000001E-018 dt=   1.0000000000000001E-018
 Time=  -8.3000000000390366E-014 Intensity=   6482719740.0118294     
   4763.5840872435992      < Te <    4820.6158057995744     
   4763.4170486786688      < Th <    4871.1669258906013     
   80.000000390605635      < Ts <   80.000000413980914     
   1.9419396907497334E+020 < Ne <   1.9425202904875732E+020
   1.9419396907497334E+020 < Nh <   1.9425202904766942E+020
 CFL_Te=   1.7966811721253869E-003 maxCFL_Ne=   1.3869077190202335E-003 maxCFL_Ts=   5.1020111060331834E-004 CPU=   661.08475267394613      NumThreads=                    4 Elapsed time=   6.0506614073624560E-003
 CFL_Limit=   1.0000000000000000E-003
 dt_init=   1.0000000000000001E-018 dt=   1.0000000000000001E-018
 Time=  -8.2000000000393702E-014 Intensity=   8628466652.9902210     
   4762.9039951703298      < Te <    4815.8020197418709     
   4762.7246857880891      < Th <    4868.5616056088038     
   80.000000531123945      < Ts <   80.000000563491639     
   2.6139893402971767E+020 < Ne <   2.6147621266442440E+020
   2.6139893402971767E+020 < Nh <   2.6147621266293182E+020
 CFL_Te=   1.7964257619070318E-003 maxCFL_Ne=   1.3867098409211002E-003 maxCFL_Ts=   5.1020111101710160E-004 CPU=   661.03031775422460      NumThreads=                    4 Elapsed time=   6.0511596708446684E-003
 CFL_Limit=   1.0000000000000000E-003
 dt_init=   1.0000000000000001E-018 dt=   1.0000000000000001E-018
 Time=  -8.1000000000397039E-014 Intensity=   11444711601.408194     
   4762.2147127350509      < Te <    4811.6513468958365     
   4762.0231939959776      < Th <    4858.6530125626568     
   80.000000720434556      < Ts <   80.000000763798155     
   3.5068636574176025E+020 < Ne <   3.5078886832559712E+020
   3.5068636574176025E+020 < Nh <   3.5078886832357009E+020
 CFL_Te=   1.7961654274163744E-003 maxCFL_Ne=   1.3865088463092593E-003 maxCFL_Ts=   5.1020111157293985E-004 CPU=   660.97470551437425      NumThreads=                    4 Elapsed time=   6.0516687955360976E-003
 CFL_Limit=   1.0000000000000000E-003
 dt_init=   1.0000000000000001E-018 dt=   1.0000000000000001E-018
 Time=  -8.0000000000400375E-014 Intensity=   15127631309.328072     
   4761.5106559982933      < Te <    4813.6906944267066     
   4761.3080012802893      < Th <    4860.5658783104418     
   80.000000972392471      < Ts <   80.000001031839844     
   4.6890191018389366E+020 < Ne <   4.6903739906299422E+020
   4.6890191018389366E+020 < Nh <   4.6903739906023463E+020
 CFL_Te=   1.7959000238284993E-003 maxCFL_Ne=   1.3863039456530168E-003 maxCFL_Ts=   5.1020111231497606E-004 CPU=   660.92337823886135      NumThreads=                    4 Elapsed time=   6.0521387678230650E-003
 CFL_Limit=   1.0000000000000000E-003
 dt_init=   1.0000000000000001E-018 dt=   1.0000000000000001E-018
 Time=  -7.9000000000403712E-014 Intensity=   19926538345.339001     
   4760.7878830354975      < Te <    4814.4179787277062     
   4760.5939823891094      < Th <    4864.3921091030561     
   80.000001309599526      < Ts <   80.000001389394896     
   6.2487659846964124E+020 < Ne <   6.2505506918434131E+020
   6.2487659846964124E+020 < Nh <   6.2505506918051624E+020
 CFL_Te=   1.7956294124097890E-003 maxCFL_Ne=   1.3860950370626769E-003 maxCFL_Ts=   5.1020111330660146E-004 CPU=   660.87265355805448      NumThreads=                    4 Elapsed time=   6.0526032942421013E-003
 CFL_Limit=   1.0000000000000000E-003
 dt_init=   1.0000000000000001E-018 dt=   1.0000000000000001E-018
 Time=  -7.8000000000407048E-014 Intensity=   26156982205.223495     
   4760.0459825553808      < Te <    4817.9178034007846     
   4759.8708447736753      < Th <    4863.7146502647547     
   80.000001758446615      < Ts <   80.000001866596136     
   8.2995926245817162E+020 < Ne <   8.3019353870121671E+020
   8.2995926245817162E+020 < Nh <   8.3019353869606008E+020
 CFL_Te=   1.7953534601468982E-003 maxCFL_Ne=   1.3858820176490243E-003 maxCFL_Ts=   5.1020111463067491E-004 CPU=   660.82510540653072      NumThreads=                    4 Elapsed time=   6.0530387953999631E-003
 CFL_Limit=   1.0000000000000000E-003
 dt_init=   1.0000000000000001E-018 dt=   1.0000000000000001E-018
 Time=  -7.7000000000410384E-014 Intensity=   34216711204.134335     
   4759.2954065876729      < Te <    4809.7707091084903     
   4759.1269683283545      < Th <    4862.7638631641530     
   80.000002354070332      < Ts <   80.000002497186017     
   1.0986786856184172E+021 < Ne <   1.0989851516445613E+021
   1.0986786856184172E+021 < Nh <   1.0989851516374660E+021
 CFL_Te=   1.7950720369224920E-003 maxCFL_Ne=   1.3856647841619253E-003 maxCFL_Ts=   5.1020111637914119E-004 CPU=   660.77537829066728      NumThreads=                    4 Elapsed time=   6.0534943210920414E-003
 CFL_Limit=   1.0000000000000000E-003
 dt_init=   1.0000000000000001E-018 dt=   1.0000000000000001E-018
 Time=  -7.6000000000413721E-014 Intensity=   44605020284.252617     
   4758.5267053510706      < Te <    4811.4899433572155     
   4758.3668974878055      < Th <    4862.6366152279497     
   80.000003141159965      < Ts <   80.000003332688948     
   1.4495634022777527E+021 < Ne <   1.4499629147717333E+021
   1.4495634022777527E+021 < Nh <   1.4499629147619480E+021
 CFL_Te=   1.7947849986173978E-003 maxCFL_Ne=   1.3854432220233195E-003 maxCFL_Ts=   5.1020111869280824E-004 CPU=   660.73256103065046      NumThreads=                    4 Elapsed time=   6.0538866039242254E-003
 CFL_Limit=   1.0000000000000000E-003
 dt_init=   1.0000000000000001E-018 dt=   1.0000000000000001E-018
 Time=  -7.5000000000417057E-014 Intensity=   57946080788.916252     
   4757.7404875525990      < Te <    4807.8028576573342     
   4757.5978936388346      < Th <    4857.5068760863460     
   80.000004174055945      < Ts <   80.000004427184280     
   1.9061520724350607E+021 < Ne <   1.9066710797955598E+021
   1.9061520724350607E+021 < Nh <   1.9066710797826093E+021
 CFL_Te=   1.7944922432664827E-003 maxCFL_Ne=   1.3852172497011233E-003 maxCFL_Ts=   5.1020112172830013E-004 CPU=   660.68392326977516      NumThreads=                    4 Elapsed time=   6.0543322746581972E-003
 CFL_Limit=   1.0000000000000000E-003
 dt_init=   1.0000000000000001E-018 dt=   1.0000000000000001E-018
 Time=  -7.4000000000420394E-014 Intensity=   75016922429.376862     
   4756.9425983050778      < Te <    4812.8366085465268     
   4756.7997754575890      < Th <    4863.1393792048784     
   80.000005527611023      < Ts <   80.000005863454035     
   2.4982330318411410E+021 < Ne <   2.4989049443997518E+021
   2.4982330318411404E+021 < Nh <   2.4989049443823093E+021
 CFL_Te=   1.7942653702734102E-003 maxCFL_Ne=   1.3849867684113694E-003 maxCFL_Ts=   5.1020112570687411E-004 CPU=   660.63704826471292      NumThreads=                    4 Elapsed time=   6.0547618552528196E-003
 CFL_Limit=   1.0000000000000000E-003
 dt_init=   1.0000000000000001E-018 dt=   1.0000000000000001E-018
 Time=  -7.3000000000423730E-014 Intensity=   96780813434.073257     
   4756.1344194323810      < Te <    4811.5233356679037     
   4755.9866830745550      < Th <    4859.2851037266018     
   80.000007310807462      < Ts <   80.000007748117966     
   3.2633579497642383E+021 < Ne <   3.2642248109327610E+021
   3.2633579497642378E+021 < Nh <   3.2642248109096341E+021
 CFL_Te=   1.7938890797326902E-003 maxCFL_Ne=   1.3847516797467405E-003 maxCFL_Ts=   5.1020113092296654E-004 CPU=   660.59197454951072      NumThreads=                    4 Elapsed time=   6.0551749856298078E-003
 CFL_Limit=   1.0000000000000000E-003
 dt_init=   1.0000000000000001E-018 dt=   1.0000000000000001E-018
 Time=  -7.2000000000427066E-014 Intensity=   124426860014.13100     
   4755.3145864152584      < Te <    4811.9132572433800     
   4756.6163578836758      < Th <    4868.7286786668828     
   80.000009626582852      < Ts <   80.000010210149696     
   4.2486815491987603E+021 < Ne <   4.2497960472965389E+021
   4.2486815491987598E+021 < Nh <   4.2497960472646926E+021
 CFL_Te=   1.7935784218035644E-003 maxCFL_Ne=   1.3845118872618841E-003 maxCFL_Ts=   5.1020113775466201E-004 CPU=   660.54318738120219      NumThreads=                    4 Elapsed time=   6.0556222157985614E-003
 CFL_Limit=   1.0000000000000000E-003
 dt_init=   1.0000000000000001E-018 dt=   1.0000000000000001E-018
 Time=  -7.1000000000430403E-014 Intensity=   159416717950.19135     
   4754.4760997613548      < Te <    4810.1484301830842     
   4755.3551996928900      < Th <    4873.1551148683375     
   80.000012624325137      < Ts <   80.000013401899466     
   5.5131870174765688E+021 < Ne <   5.5146149335723556E+021
   5.5131870174765688E+021 < Nh <   5.5146149335272868E+021
 CFL_Te=   1.7932615775519401E-003 maxCFL_Ne=   1.3842673178791631E-003 maxCFL_Ts=   5.1020114661250410E-004 CPU=   660.50393794604440      NumThreads=                    4 Elapsed time=   6.0559820618764490E-003
 CFL_Limit=   1.0000000000000000E-003
 dt_init=   1.0000000000000001E-018 dt=   1.0000000000000001E-018
 Time=  -7.0000000000433739E-014 Intensity=   203539373738.42972     
   4753.6129317909827      < Te <    4805.0714301762491     
   4753.4318566603242      < Th <    4863.4743023129095     
   80.000016536120029      < Ts <   80.000017551531855     
   7.1303650323123793E+021 < Ne <   7.1321881718406964E+021
   7.1303650323123793E+021 < Nh <   7.1321881717788576E+021
 CFL_Te=   1.7929384608832027E-003 maxCFL_Ne=   1.3840179050510707E-003 maxCFL_Ts=   5.1020115809728228E-004 CPU=   660.46146073263810      NumThreads=                    4 Elapsed time=   6.0563715490119163E-003
 CFL_Limit=   1.0000000000000000E-003
 dt_init=   1.0000000000000001E-018 dt=   1.0000000000000001E-018
 Time=  -6.9000000000437076E-014 Intensity=   258975005990.62750     
   4752.7370941122745      < Te <    4804.1841144434284     
   4752.5540700928032      < Th <    4856.4624559505810     
   80.000021578522293      < Ts <   80.000022878387995     
   9.1914231423929617E+021 < Ne <   9.1937428386171983E+021
   9.1914231423929617E+021 < Nh <   9.1937428385351063E+021
 CFL_Te=   1.7926090056486846E-003 maxCFL_Ne=   1.3837635977779102E-003 maxCFL_Ts=   5.1020117286602060E-004 CPU=   660.42223434798063      NumThreads=                    4 Elapsed time=   6.0567312727578078E-003
 CFL_Limit=   1.0000000000000000E-003
 dt_init=   1.0000000000000001E-018 dt=   1.0000000000000001E-018
 Time=  -6.8000000000440412E-014 Intensity=   328368974519.18756     
   4750.5372835586413      < Te <    4796.7127558372358     
   4751.6615742863278      < Th <    4846.5221590823567     
   80.000028089115389      < Ts <   80.000029771162460     
   1.1809111473302662E+022 < Ne <   1.1812052747529432E+022
   1.1809111473302660E+022 < Nh <   1.1812052747423106E+022
 CFL_Te=   1.7912899401180502E-003 maxCFL_Ne=   1.3831620396850526E-003 maxCFL_Ts=   5.1020119198923468E-004 CPU=   660.38387529976876      NumThreads=                    4 Elapsed time=   6.0570830839627573E-003
 CFL_Limit=   1.0000000000000000E-003
 dt_init=   1.0000000000000001E-018 dt=   1.0000000000000001E-018
 Time=  -6.7000000000443749E-014 Intensity=   414916998789.12958     
   4750.8214657984436      < Te <    4791.5225108654813     
   4750.7479811599042      < Th <    4853.9816109276999     
   80.000036394166756      < Ts <   80.000038570457150     
   1.5122260210072657E+022 < Ne <   1.5125976701299314E+022
   1.5122260210072657E+022 < Nh <   1.5125976701161102E+022
 CFL_Te=   1.7919704376354142E-003 maxCFL_Ne=   1.3832402230010722E-003 maxCFL_Ts=   5.1020121640413707E-004 CPU=   660.33766978107337      NumThreads=                    4 Elapsed time=   6.0575069135858171E-003
 CFL_Limit=   1.0000000000000000E-003
 dt_init=   1.0000000000000001E-018 dt=   1.0000000000000001E-018
 Time=  -6.6000000000447085E-014 Intensity=   522462572428.35266     
   4749.9157855849380      < Te <    4789.8902209443440     
   4749.8066445287050      < Th <    4856.1723525495418     
   80.000046982509531      < Ts <   80.000049824162147     
   1.9301133729776062E+022 < Ne <   1.9305813488038486E+022
   1.9301133729776066E+022 < Nh <   1.9305813487852821E+022
 CFL_Te=   1.7914947181538630E-003 maxCFL_Ne=   1.3829711706799964E-003 maxCFL_Ts=   5.1020124755952003E-004 CPU=   660.29593285122633      NumThreads=                    4 Elapsed time=   6.0578898051477995E-003
 CFL_Limit=   1.0000000000000000E-003
 dt_init=   1.0000000000000001E-018 dt=   1.0000000000000001E-018
 Time=  -6.5000000000450421E-014 Intensity=   655607608773.53748     
   4748.3825129577090      < Te <    4791.2685355667827     
   4748.8493903274439      < Th <    4849.1647038846195     
   80.000060457700769      < Ts <   80.000064152457099     
   2.4553715496526620E+022 < Ne <   2.4559587865648314E+022
   2.4553715496526625E+022 < Nh <   2.4559587865409276E+022
 CFL_Te=   1.7907490524092912E-003 maxCFL_Ne=   1.3825217892571601E-003 maxCFL_Ts=   5.1020128716478636E-004 CPU=   660.25716057557202      NumThreads=                    4 Elapsed time=   6.0582455425595740E-003
 CFL_Limit=   1.0000000000000000E-003
 dt_init=   1.0000000000000001E-018 dt=   1.0000000000000001E-018
 Time=  -6.4000000000453758E-014 Intensity=   819837215909.35083     
   4747.5003306604203      < Te <    4794.1575706422509     
   4747.8791530635945      < Th <    4854.4010873720099     
   80.000077718208132      < Ts <   80.000082474703447     
   3.1133046263205029E+022 < Ne <   3.1140389702705388E+022
   3.1133046263205033E+022 < Nh <   3.1140389702396520E+022
 CFL_Te=   1.7904239566930720E-003 maxCFL_Ne=   1.3822780035054267E-003 maxCFL_Ts=   5.1020133793221796E-004 CPU=   660.20121362477562      NumThreads=                    4 Elapsed time=   6.0587589320509703E-003
 CFL_Limit=   1.0000000000000000E-003
 dt_init=   1.0000000000000001E-018 dt=   1.0000000000000001E-018
 Time=  -6.3000000000457094E-014 Intensity=   1021659349832.0927     
   4750.1934519633642      < Te <    4805.0792023195545     
   4745.5943000670777      < Th <    4863.3243020163291     
   80.000099540553236      < Ts <   80.000105684534475     
   3.9345745676424796E+022 < Ne <   3.9354897011106791E+022
   3.9345745676424796E+022 < Nh <   3.9354897010698635E+022
 CFL_Te=   1.7926782541081521E-003 maxCFL_Ne=   1.3830320475555090E-003 maxCFL_Ts=   5.1020140223133651E-004 CPU=   660.16125047750904      NumThreads=                    4 Elapsed time=   6.0591257016474574E-003
 CFL_Limit=   1.0000000000000000E-003
 dt_init=   1.0000000000000001E-018 dt=   1.0000000000000001E-018
 Time=  -6.2000000000460431E-014 Intensity=   1268759882568.7104     
   4743.3549275978348      < Te <    4794.1788652635878     
   4745.8004259980507      < Th <    4866.7708034843054     
   80.000126961089549      < Ts <   80.000134741498456     
   4.9561853108980480E+022 < Ne <   4.9573218067268491E+022
   4.9561853108980480E+022 < Nh <   4.9573218066749312E+022
 CFL_Te=   1.7878015040636696E-003 maxCFL_Ne=   1.3810938551200042E-003 maxCFL_Ts=   5.1020148274021667E-004 CPU=   660.10907723825460      NumThreads=                    4 Elapsed time=   6.0596045985840475E-003
 CFL_Limit=   1.0000000000000000E-003
 dt_init=   1.0000000000000001E-018 dt=   1.0000000000000001E-018
 Time=  -6.1000000000463767E-014 Intensity=   1570173339800.8547     
   4744.8649007798440      < Te <    4793.5031523516800     
   4743.2257200901959      < Th <    4857.8909480042730     
   80.000161552489701      < Ts <   80.000171268684383     
   6.2226126847721062E+022 < Ne <   6.2240191941127048E+022
   6.2226126847721062E+022 < Nh <   6.2240191940436355E+022
 CFL_Te=   1.7894577900796245E-003 maxCFL_Ne=   1.3815739506060263E-003 maxCFL_Ts=   5.1020158423379627E-004 CPU=   659.91278342379360      NumThreads=                    4 Elapsed time=   6.0614070532881538E-003
 CFL_Limit=   1.0000000000000000E-003
 dt_init=   1.0000000000000001E-018 dt=   1.0000000000000001E-018
 Time=  -6.0000000000467103E-014 Intensity=   1936469201836.5425     
   4743.7258548045684      < Te <    4790.6065430391182     
   4743.1440708305718      < Th <    4859.3032545659607     
   80.000204586572025      < Ts <   80.000217110003220     
   7.7870942726570719E+022 < Ne <   7.7888289184625040E+022
   7.7870942726570719E+022 < Nh <   7.7888289183727610E+022
 CFL_Te=   1.7892229905350611E-003 maxCFL_Ne=   1.3812656172456671E-003 maxCFL_Ts=   5.1020171099873217E-004 CPU=   659.81197406527349      NumThreads=                    4 Elapsed time=   6.0623331452367519E-003
 CFL_Limit=   1.0000000000000000E-003
 dt_init=   1.0000000000000001E-018 dt=   1.0000000000000001E-018
 Time=  -5.9000000000470440E-014 Intensity=   2379953215735.2744     
   4739.1282491471738      < Te <    4782.0193672446558     
   4742.2737161227678      < Th <    4850.8751674441373     
   80.000258333967722      < Ts <   80.000274416615056     
   9.7130928227904286E+022 < Ne <   9.7152247419507046E+022
   9.7130928227904286E+022 < Nh <   9.7152247418331383E+022
 CFL_Te=   1.7858842865175978E-003 maxCFL_Ne=   1.3799036935892429E-003 maxCFL_Ts=   5.1020186946977640E-004 CPU=   659.77477504167325      NumThreads=                    4 Elapsed time=   6.0626749480492768E-003
 CFL_Limit=   1.0000000000000000E-003
 dt_init=   1.0000000000000001E-018 dt=   1.0000000000000001E-018
 Time=  -5.8000000000473776E-014 Intensity=   2914882629713.4248     
   4740.6516894111910      < Te <    4786.1506902122183     
   4741.8265746412308      < Th <    4847.7087999276819     
   80.000325609570837      < Ts <   80.000345998915520     
   1.2075946340734612E+023 < Ne <   1.2078557451039295E+023
   1.2075946340734612E+023 < Nh <   1.2078557450890855E+023
 CFL_Te=   1.7875398925486876E-003 maxCFL_Ne=   1.3803309214418769E-003 maxCFL_Ts=   5.1020206734432344E-004 CPU=   659.73669100664631      NumThreads=                    4 Elapsed time=   6.0630249227107231E-003
 CFL_Limit=   1.0000000000000000E-003
 dt_init=   1.0000000000000001E-018 dt=   1.0000000000000001E-018
 Time=  -5.7000000000477113E-014 Intensity=   3557693630525.7944     
   4738.1673171457342      < Te <    4789.1890753912539     
   4743.5304482782931      < Th <    4854.5682932962964     
   80.000409245012250      < Ts <   80.000434585927508     
   1.4964716541401309E+023 < Ne <   1.4967903527085264E+023
   1.4964716541401309E+023 < Nh <   1.4967903526896784E+023
 CFL_Te=   1.7859425711838515E-003 maxCFL_Ne=   1.3796562097887614E-003 maxCFL_Ts=   5.1020231292383145E-004 CPU=   659.70221853156488      NumThreads=                    4 Elapsed time=   6.0633417436485575E-003
 CFL_Limit=   1.0000000000000000E-003
 dt_init=   1.0000000000000001E-018 dt=   1.0000000000000001E-018
 Time=  -5.6000000000475123E-014 Intensity=   4327238540091.4380     
   4735.6804356035755      < Te <    4785.4526968519031     
   4737.2617245430592      < Th <    4840.3927240574576     
   80.000512176913318      < Ts <   80.000543739556392     
   1.8484245605504626E+023 < Ne <   1.8488122038122155E+023
   1.8484245605504622E+023 < Nh <   1.8488122037890133E+023
 CFL_Te=   1.7845464398579670E-003 maxCFL_Ne=   1.3789601354385035E-003 maxCFL_Ts=   5.1020261493160137E-004 CPU=   659.66696896382678      NumThreads=                    4 Elapsed time=   6.0636657407343100E-003
 CFL_Limit=   1.0000000000000000E-003
 dt_init=   1.0000000000000001E-018 dt=   1.0000000000000001E-018
 Time=  -5.5000000000472148E-014 Intensity=   5245029512467.1377     
   4734.2750227583338      < Te <    4788.6139932986262     
   4738.4615629327436      < Th <    4841.1865996836059     
   80.000639210805403      < Ts <   80.000678394011118     
   2.2757428629396276E+023 < Ne <   2.2762127350128890E+023
   2.2757428629396273E+023 < Nh <   2.2762127349840647E+023
 CFL_Te=   1.7839062273367064E-003 maxCFL_Ne=   1.3785834596825037E-003 maxCFL_Ts=   5.1020298756696567E-004 CPU=   659.62671710022323      NumThreads=                    4 Elapsed time=   6.0640357588673029E-003
 CFL_Limit=   1.0000000000000000E-003
 dt_init=   1.0000000000000001E-018 dt=   1.0000000000000001E-018
 Time=  -5.4000000000469174E-014 Intensity=   6335484573989.2178     
   4731.6727021965789      < Te <    4784.9684080728020     
   4737.2782605168322      < Th <    4846.5761137146856     
   80.000796157494705      < Ts <   80.000844688767273     
   2.7927705794893723E+023 < Ne <   2.7933381539548694E+023
   2.7927705794893716E+023 < Nh <   2.7933381539183538E+023
 CFL_Te=   1.7823501057129684E-003 maxCFL_Ne=   1.3779130972240094E-003 maxCFL_Ts=   5.1020344900081264E-004 CPU=   659.58712201717071      NumThreads=                    4 Elapsed time=   6.0643997835601610E-003
 CFL_Limit=   1.0000000000000000E-003
 dt_init=   1.0000000000000001E-018 dt=   1.0000000000000001E-018
 Time=  -5.3000000000466199E-014 Intensity=   7626170880184.8320     
   4732.7152910061968      < Te <    4784.9514809043512     
   4732.6964351903343      < Th <    4842.1804981734958     
   80.000987583952181      < Ts <   80.001047559536659     
   3.4161774238417901E+023 < Ne <   3.4168606417145733E+023
   3.4161774238417894E+023 < Nh <   3.4168606416686292E+023
 CFL_Te=   1.7833394377596555E-003 maxCFL_Ne=   1.3783160971072535E-003 maxCFL_Ts=   5.1020401221449048E-004 CPU=   659.55265491996147      NumThreads=                    4 Elapsed time=   6.0647166987530532E-003
 CFL_Limit=   1.0000000000000000E-003
 dt_init=   1.0000000000000001E-018 dt=   1.0000000000000001E-018
 Time=  -5.2000000000463225E-014 Intensity=   9148039040900.5273     
   4724.8276429931466      < Te <    4775.7620538037081     
   4734.2546831687387      < Th <    4849.3911810000991     
   80.001220217689877      < Ts <   80.001295063022880     
   4.1652514391697480E+023 < Ne <   4.1660710178451905E+023
   4.1652514391697473E+023 < Nh <   4.1660710177863374E+023
 CFL_Te=   1.7780762800824281E-003 maxCFL_Ne=   1.3760944654757101E-003 maxCFL_Ts=   5.1020469821999256E-004 CPU=   659.43476971044993      NumThreads=                    4 Elapsed time=   6.0658008702761512E-003
 CFL_Limit=   1.0000000000000000E-003
 dt_init=   1.0000000000000001E-018 dt=   1.0000000000000001E-018
 Time=  -5.1000000000460250E-014 Intensity=   10935641313518.219     
   4725.4807197868822      < Te <    4773.6339512630411     
   4731.8449734705555      < Th <    4840.7882065549375     
   80.001503974152612      < Ts <   80.001596189290993     
   5.0622119962851813E+023 < Ne <   5.0631917460939901E+023
   5.0622119962851813E+023 < Nh <   5.0631917460177148E+023
 CFL_Te=   1.7787867787408262E-003 maxCFL_Ne=   1.3762948849966874E-003 maxCFL_Ts=   5.1020553399368956E-004 CPU=   659.26961416341953      NumThreads=                    4 Elapsed time=   6.0673204316807495E-003
 CFL_Limit=   1.0000000000000000E-003
 dt_init=   1.0000000000000001E-018 dt=   1.0000000000000001E-018
 Time=  -5.0000000000457276E-014 Intensity=   13027325412947.795     
   4720.8051152946209      < Te <    4767.5792375933133     
   4729.4644352165560      < Th <    4837.8635674702591     
   80.001848540826273      < Ts <   80.001961717575767     
   6.1325413306999687E+023 < Ne <   6.1337084989503840E+023
   6.1325413306999687E+023 < Nh <   6.1337084988530010E+023
 CFL_Te=   1.7755290364354279E-003 maxCFL_Ne=   1.3750851811905177E-003 maxCFL_Ts=   5.1020654591320920E-004 CPU=   659.19565730256102      NumThreads=                    4 Elapsed time=   6.0680011400076001E-003
 CFL_Limit=   1.0000000000000000E-003
 dt_init=   1.0000000000000001E-018 dt=   1.0000000000000001E-018
 Time=  -4.9000000000454301E-014 Intensity=   15465394672231.150     
   4719.6389360884832      < Te <    4764.8021061941581     
   4728.2122859120864      < Th <    4840.3679521742133     
   80.002266049603989      < Ts <   80.002403717124821     
   7.4053320593578122E+023 < Ne <   7.4067176760204724E+023
   7.4053320593578122E+023 < Nh <   7.4067176758947560E+023
 CFL_Te=   1.7749895973517653E-003 maxCFL_Ne=   1.3748090878220706E-003 maxCFL_Ts=   5.1020777412159044E-004 CPU=   659.16263819771814      NumThreads=                    4 Elapsed time=   6.0683051013582867E-003
 CFL_Limit=   1.0000000000000000E-003
 dt_init=   1.0000000000000001E-018 dt=   1.0000000000000001E-018
 Time=  -4.8000000000451327E-014 Intensity=   18296224350930.977     
   4716.8101905708600      < Te <    4760.2817658765307     
   4726.4684635299081      < Th <    4842.1005675666993     
   80.002768853630045      < Ts <   80.002938529935150     
   8.9136472237859061E+023 < Ne <   8.9152864930173259E+023
   8.9136472237859061E+023 < Nh <   8.9152864928553345E+023
 CFL_Te=   1.7730532865584997E-003 maxCFL_Ne=   1.3740626812481270E-003 maxCFL_Ts=   5.1020925904541226E-004 CPU=   659.12727215376515      NumThreads=                    4 Elapsed time=   6.0686307015177729E-003
 CFL_Limit=   1.0000000000000000E-003
 dt_init=   1.0000000000000001E-018 dt=   1.0000000000000001E-018
 Time=  -4.7000000000448352E-014 Intensity=   21570323077270.426     
   4713.4162364176573      < Te <    4758.0589223397828     
   4727.1037425040467      < Th <    4830.8226783782102     
   80.003372798763479      < Ts <   80.003580071667216     
   1.0694888443269606E+024 < Ne <   1.0696821088470919E+024
   1.0694888443269606E+024 < Nh <   1.0696821088266176E+024
 CFL_Te=   1.7708711530348205E-003 maxCFL_Ne=   1.3732663772250328E-003 maxCFL_Ts=   5.1021103671464239E-004 CPU=   659.09405581565011      NumThreads=                    4 Elapsed time=   6.0689365420689024E-003
 CFL_Limit=   1.0000000000000000E-003
 dt_init=   1.0000000000000001E-018 dt=   1.0000000000000001E-018
 Time=  -4.6000000000445378E-014 Intensity=   25342327775993.938     
   4708.4536986066814      < Te <    4753.9701792647766     
   4726.4473443847028      < Th <    4829.0117699327866     
   80.004097149976744      < Ts <   80.004348871313539     
   1.2791166794251609E+024 < Ne <   1.2793437451991504E+024
   1.2791166794251609E+024 < Nh <   1.2793437451735430E+024
 CFL_Te=   1.7673251442384345E-003 maxCFL_Ne=   1.3720204235112292E-003 maxCFL_Ts=   5.1021317149571154E-004 CPU=   659.06537524820897      NumThreads=                    4 Elapsed time=   6.0692006441600277E-003
 CFL_Limit=   1.0000000000000000E-003
 dt_init=   1.0000000000000001E-018 dt=   1.0000000000000001E-018
 Time=  -4.5000000000442403E-014 Intensity=   29670920032114.766     
   4704.0948932309939      < Te <    4744.8371063408249     
   4722.1314746560429      < Th <    4817.8692364368162     
   80.004960734326616      < Ts <   80.005266479534797     
   1.5249669924752300E+024 < Ne <   1.5252328466429707E+024
   1.5249669924752300E+024 < Nh <   1.5252328466115245E+024
 CFL_Te=   1.7642588584717330E-003 maxCFL_Ne=   1.3710403722392035E-003 maxCFL_Ts=   5.1021571330030202E-004 CPU=   659.02999886493046      NumThreads=                    4 Elapsed time=   6.0695264356544236E-003
 CFL_Limit=   1.0000000000000000E-003
 dt_init=   1.0000000000000001E-018 dt=   1.0000000000000001E-018
 Time=  -4.4000000000439429E-014 Intensity=   34618651727643.855     
   4701.6793919507882      < Te <    4743.4874641895258     
   4719.0965641499988      < Th <    4814.8844806636416     
   80.005986585069010      < Ts <   80.006357787505635     
   1.8123017848380699E+024 < Ne <   1.8126119770889890E+024
   1.8123017848380699E+024 < Nh <   1.8126119770506100E+024
 CFL_Te=   1.7625920706763063E-003 maxCFL_Ne=   1.3704750254624298E-003 maxCFL_Ts=   5.1021873331601024E-004 CPU=   658.99126801719149      NumThreads=                    4 Elapsed time=   6.0698831595074332E-003
 CFL_Limit=   1.0000000000000000E-003
 dt_init=   1.0000000000000001E-018 dt=   1.0000000000000001E-018
 Time=  -4.3000000000436454E-014 Intensity=   40251668020119.102     
   4695.7117950453985      < Te <    4737.1996290311854     
   4716.1545581373621      < Th <    4817.4146873836635     
   80.007200457447951      < Ts <   80.007650407367890     
   2.1469598790931608E+024 < Ne <   2.1473205541861080E+024
   2.1469598790931608E+024 < Nh <   2.1473205541392024E+024
 CFL_Te=   1.7581806155256504E-003 maxCFL_Ne=   1.3690651946148124E-003 maxCFL_Ts=   5.1022230552843009E-004 CPU=   658.95864261915108      NumThreads=                    4 Elapsed time=   6.0701836826986162E-003
 CFL_Limit=   1.0000000000000000E-003
 dt_init=   1.0000000000000001E-018 dt=   1.0000000000000001E-018
 Time=  -4.2000000000433480E-014 Intensity=   46639316361462.930     
   4690.2095539232132      < Te <    4732.6688151066492     
   4715.7556656719617      < Th <    4818.9910766245303     
   80.008641568468889      < Ts <   80.009175354427455     
   2.5353875378418326E+024 < Ne <   2.5358054611007251E+024
   2.5353875378418326E+024 < Nh <   2.5358054610423233E+024
 CFL_Te=   1.7540343715806408E-003 maxCFL_Ne=   1.3679892066320043E-003 maxCFL_Ts=   5.1022653463363382E-004 CPU=   658.93175426484390      NumThreads=                    4 Elapsed time=   6.0704313824771041E-003
 CFL_Limit=   1.0000000000000000E-003
 dt_init=   1.0000000000000001E-018 dt=   1.0000000000000001E-018
 Time=  -4.1000000000430505E-014 Intensity=   53853631331000.812     
   4686.7347131683346      < Te <    4727.9277635542567     
   4713.8389988408062      < Th <    4821.8196583467152     
   80.010338334587416      < Ts <   80.010974718022155     
   2.9846650582728587E+024 < Ne <   2.9851476413788159E+024
   2.9846650582728587E+024 < Nh <   2.9851476413058128E+024
 CFL_Te=   1.7513876489321893E-003 maxCFL_Ne=   1.3671440319938291E-003 maxCFL_Ts=   5.1023151958642335E-004 CPU=   658.89976091267761      NumThreads=                    4 Elapsed time=   6.0707261366423687E-003
 CFL_Limit=   1.0000000000000000E-003
 dt_init=   1.0000000000000001E-018 dt=   1.0000000000000001E-018
 Time=  -4.0000000000427531E-014 Intensity=   61968686616517.875     
   4679.0022715303840      < Te <    4720.6544508460229     
   4711.5174353696275      < Th <    4823.6470233328373     
   80.012342390352984      < Ts <   80.013102859593843     
   3.5025281853584434E+024 < Ne <   3.5030835081913867E+024
   3.5025281853584434E+024 < Nh <   3.5030835080997563E+024
 CFL_Te=   1.7457938350333554E-003 maxCFL_Ne=   1.3654002979091337E-003 maxCFL_Ts=   5.1023741434623611E-004 CPU=   658.86931278239012      NumThreads=                    4 Elapsed time=   6.0710066812917586E-003
 CFL_Limit=   1.0000000000000000E-003
 dt_init=   1.0000000000000001E-018 dt=   1.0000000000000001E-018
 Time=  -3.9000000000424557E-014 Intensity=   71059807549599.203     
   4677.8619973048708      < Te <    4717.2910071688839     
   4709.9886959610658      < Th <    4819.8729178672920     
   80.014681439954245      < Ts <   80.015578461540926     
   4.0973831277589774E+024 < Ne <   4.0980199416048395E+024
   4.0973831277589774E+024 < Nh <   4.0980199414896817E+024
 CFL_Te=   1.7445777472998429E-003 maxCFL_Ne=   1.3654406840186491E-003 maxCFL_Ts=   5.1024428087464958E-004 CPU=   658.79475831564196      NumThreads=                    4 Elapsed time=   6.0716937248057436E-003
 CFL_Limit=   1.0000000000000000E-003
 dt_init=   1.0000000000000001E-018 dt=   1.0000000000000001E-018
 Time=  -3.8000000000421582E-014 Intensity=   81202640199250.766     
   4666.3365825984511      < Te <    4703.7665077458068     
   4707.0136211986701      < Th <    4815.6930506911058     
   80.017421435352489      < Ts <   80.018478037793656     
   4.7783139066732033E+024 < Ne <   4.7790416440752756E+024
   4.7783139066732027E+024 < Nh <   4.7790416439310356E+024
 CFL_Te=   1.7352129194008034E-003 maxCFL_Ne=   1.3628289070485285E-003 maxCFL_Ts=   5.1025230755024676E-004 CPU=   658.64741614596426      NumThreads=                    4 Elapsed time=   6.0730519879752341E-003
 CFL_Limit=   1.0000000000000000E-003
 dt_init=   1.0000000000000001E-018 dt=   1.0000000000000001E-018
 Time=  -3.7000000000418608E-014 Intensity=   92472076146496.750     
   4658.7131863850600      < Te <    4703.3703473848745     
   4706.0879088244264      < Th <    4818.5641791780827     
   80.020602231784650      < Ts <   80.021845481220012     
   5.5550807681265698E+024 < Ne <   5.5559095328275690E+024
   5.5550807681265687E+024 < Nh <   5.5559095326471728E+024
 CFL_Te=   1.7292865151540566E-003 maxCFL_Ne=   1.3615002163280116E-003 maxCFL_Ts=   5.1026164416755569E-004 CPU=   658.61951915974828      NumThreads=                    4 Elapsed time=   6.0733092227559680E-003
 CFL_Limit=   1.0000000000000000E-003
 dt_init=   1.0000000000000001E-018 dt=   1.0000000000000001E-018
 Time=  -3.6000000000415633E-014 Intensity=   104941035677997.53     
   4653.1573302919041      < Te <    4698.8415942695019     
   4703.5010870087999      < Th <    4816.8767379503497     
   80.024298808530432      < Ts <   80.025759465807099     
   6.4381083247903681E+024 < Ne <   6.4390488955721906E+024
   6.4381083247903670E+024 < Nh <   6.4390488953483809E+024
 CFL_Te=   1.7244389531694531E-003 maxCFL_Ne=   1.3604180404780785E-003 maxCFL_Ts=   5.1027248336187026E-004 CPU=   658.58477557317940      NumThreads=                    4 Elapsed time=   6.0736296196928037E-003
 CFL_Limit=   1.0000000000000000E-003
 dt_init=   1.0000000000000001E-018 dt=   1.0000000000000001E-018
 Time=  -3.5000000000412659E-014 Intensity=   118679116201979.36     
   4642.5515990040731      < Te <    4698.1130524326836     
   4701.9729209869174      < Th <    4811.8384547146270     
   80.028588633539087      < Ts <   80.030315513450603     
   7.4384622465442047E+024 < Ne <   7.4395260321590160E+024
   7.4384622465442036E+024 < Nh <   7.4395260318824641E+024
 CFL_Te=   1.7157744140149224E-003 maxCFL_Ne=   1.3585391619260082E-003 maxCFL_Ts=   5.1028510598871918E-004 CPU=   658.55292417266014      NumThreads=                    4 Elapsed time=   6.0739233752931839E-003
 CFL_Limit=   1.0000000000000000E-003
 dt_init=   1.0000000000000001E-018 dt=   1.0000000000000001E-018
 Time=  -3.4000000000409684E-014 Intensity=   133751117135265.58     
   4636.8146633790884      < Te <    4685.1072325477608     
   4699.0133156551192      < Th <    4815.2670998095400     
   80.033499519346833      < Ts <   80.035513111924189     
   8.5678132890754444E+024 < Ne <   8.5690122741128532E+024
   8.5678132890754434E+024 < Nh <   8.5690122737708310E+024
 CFL_Te=   1.7103534252262088E-003 maxCFL_Ne=   1.3575807443026978E-003 maxCFL_Ts=   5.1029949296047667E-004 CPU=   658.52215509532448      NumThreads=                    4 Elapsed time=   6.0742071759468429E-003
 CFL_Limit=   1.0000000000000000E-003
 dt_init=   1.0000000000000001E-018 dt=   1.0000000000000001E-018
 Time=  -3.3000000000406710E-014 Intensity=   150215457241480.31     
   4632.6344175332924      < Te <    4680.8146079915823     
   4698.3778649042933      < Th <    4806.6210213550376     
   80.039170284499079      < Ts <   80.041547638204932     
   9.8383876509280787E+024 < Ne <   9.8397343415205320E+024
   9.8383876509280766E+024 < Nh <   9.8397343410966273E+024
 CFL_Te=   1.7060710447112791E-003 maxCFL_Ne=   1.3571113221978476E-003 maxCFL_Ts=   5.1031617528876270E-004 CPU=   658.49464659376326      NumThreads=                    4 Elapsed time=   6.0744609249157181E-003
 CFL_Limit=   1.0000000000000000E-003
 dt_init=   1.0000000000000001E-018 dt=   1.0000000000000001E-018
 Time=  -3.2000000000403735E-014 Intensity=   168122505300198.00     
   4618.3470712663384      < Te <    4668.1898570752701     
   4699.5704138410829      < Th <    4808.2675374805494     
   80.045707562306490      < Ts <   80.048453376116541     
   1.1262902710831785E+025 < Ne <   1.1264410076154507E+025
   1.1262902710831785E+025 < Nh <   1.1264410075627489E+025
 CFL_Te=   1.6939548573269556E-003 maxCFL_Ne=   1.3547482284760328E-003 maxCFL_Ts=   5.1033533911116569E-004 CPU=   658.46387918793414      NumThreads=                    4 Elapsed time=   6.0747447603854785E-003
 CFL_Limit=   1.0000000000000000E-003
 dt_init=   1.0000000000000001E-018 dt=   1.0000000000000001E-018
 Time=  -3.1000000000400761E-014 Intensity=   187512849914193.53     
   4613.5629217882715      < Te <    4661.2657866876052     
   4696.1485543461886      < Th <    4804.5041216245600     
   80.053117684523343      < Ts <   80.056340592701076     
   1.2854487615265476E+025 < Ne <   1.2856168992019418E+025
   1.2854487615265476E+025 < Nh <   1.2856168991368720E+025
 CFL_Te=   1.6889807139439778E-003 maxCFL_Ne=   1.3543739834372980E-003 maxCFL_Ts=   5.1035718408321430E-004 CPU=   658.43337546607859      NumThreads=                    4 Elapsed time=   6.0750261895040790E-003
 CFL_Limit=   1.0000000000000000E-003
 dt_init=   1.0000000000000001E-018 dt=   1.0000000000000001E-018
 Time=  -3.0000000000397786E-014 Intensity=   208415539059104.16     
   4597.2916389108987      < Te <    4644.7975464516394     
   4694.5734546657077      < Th <    4802.7013022612073     
   80.061602897442185      < Ts <   80.065339635340450     
   1.4626588068525378E+025 < Ne <   1.4628457056828236E+025
   1.4626588068525378E+025 < Nh <   1.4628457056019442E+025
 CFL_Te=   1.6750188681115327E-003 maxCFL_Ne=   1.3519852811377760E-003 maxCFL_Ts=   5.1038207540098318E-004 CPU=   658.40118065891352      NumThreads=                    4 Elapsed time=   6.0753232489602878E-003
 CFL_Limit=   1.0000000000000000E-003
 dt_init=   1.0000000000000001E-018 dt=   1.0000000000000001E-018
 Time=  -2.9000000000394812E-014 Intensity=   230846324469058.75     
   4591.1312533387336      < Te <    4640.1788730486996     
   4693.8422046094629      < Th <    4799.4559961811774     
   80.071241313930514      < Ts <   80.075565399075586     
   1.6592855442118200E+025 < Ne <   1.6594925791251257E+025
   1.6592855442118200E+025 < Nh <   1.6594925790258207E+025
 CFL_Te=   1.6685277084786336E-003 maxCFL_Ne=   1.3515869350826026E-003 maxCFL_Ts=   5.1041036014072745E-004 CPU=   658.37217027543988      NumThreads=                    4 Elapsed time=   6.0755909508242723E-003
 CFL_Limit=   1.0000000000000000E-003
 dt_init=   1.0000000000000001E-018 dt=   1.0000000000000001E-018
 Time=  -2.8000000000393169E-014 Intensity=   254805949950995.38     
   4585.6523263685949      < Te <    4634.3819679802436     
   4696.5704724273046      < Th <    4803.9777907829630     
   80.082229900094219      < Ts <   80.087209308458114     
   1.8767020174768009E+025 < Ne <   1.8769305653577665E+025
   1.8767020174768009E+025 < Nh <   1.8769305652359832E+025
 CFL_Te=   1.6620990217542919E-003 maxCFL_Ne=   1.3514755846053836E-003 maxCFL_Ts=   5.1044259520969300E-004 CPU=   658.34454359625988      NumThreads=                    4 Elapsed time=   6.0758459060808482E-003
 CFL_Limit=   1.0000000000000000E-003
 dt_init=   1.0000000000000001E-018 dt=   1.0000000000000001E-018
 Time=  -2.7000000000393350E-014 Intensity=   280278526036165.84     
   4579.6543364928157      < Te <    4628.1473971863261     
   4690.9218502748472      < Th <    4800.8957377440802     
   80.094599485827885      < Ts <   80.100273261092440     
   2.1162750185316481E+025 < Ne <   2.1165264417573981E+025
   2.1162750185316481E+025 < Nh <   2.1165264416083326E+025
 CFL_Te=   1.6550984156962611E-003 maxCFL_Ne=   1.3513978456898784E-003 maxCFL_Ts=   5.1047878986338745E-004 CPU=   658.31517500271366      NumThreads=                    4 Elapsed time=   6.0761169602136424E-003
 CFL_Limit=   1.0000000000000000E-003
 dt_init=   1.0000000000000001E-018 dt=   1.0000000000000001E-018
 Time=  -2.6000000000393531E-014 Intensity=   307230035825304.94     
   4560.5906854697059      < Te <    4621.5780450959628     
   4692.4746104685128      < Th <    4793.7854169307748     
   80.108564749658953      < Ts <   80.115075272141070     
   2.3793495179649640E+025 < Ne <   2.3796251518099372E+025
   2.3793495179649631E+025 < Nh <   2.3796251516298092E+025
 CFL_Te=   1.6381796323094262E-003 maxCFL_Ne=   1.3495786880402705E-003 maxCFL_Ts=   5.1051962310362878E-004 CPU=   658.28738059035732      NumThreads=                    4 Elapsed time=   6.0763735078937231E-003
 CFL_Limit=   1.0000000000000000E-003
 dt_init=   1.0000000000000001E-018 dt=   1.0000000000000001E-018
 Time=  -2.5000000000393712E-014 Intensity=   335607018286696.19     
   4554.6306652091562      < Te <    4612.8328255394945     
   4694.6870442662866      < Th <    4797.5724285933256     
   80.124313120555286      < Ts <   80.131716854252716     
   2.6672318129008145E+025 < Ne <   2.6675329555311313E+025
   2.6672318129008136E+025 < Nh <   2.6675329553149545E+025
 CFL_Te=   1.6305786771095942E-003 maxCFL_Ne=   1.3500116928771228E-003 maxCFL_Ts=   5.1056548060861837E-004 CPU=   658.25468357207637      NumThreads=                    4 Elapsed time=   6.0766753352876294E-003
 CFL_Limit=   1.0000000000000000E-003
 dt_init=   1.0000000000000001E-018 dt=   1.0000000000000001E-018
 Time=  -2.4000000000393893E-014 Intensity=   365335475465723.00     
   4549.1195286934335      < Te <    4609.6109239110865     
   4696.0376375348751      < Th <    4798.5217900451298     
   80.141883678339255      < Ts <   80.150361087284281     
   2.9811715967847700E+025 < Ne <   2.9814994716938013E+025
   2.9811715967847692E+025 < Nh <   2.9814994714336340E+025
 CFL_Te=   1.6229357371046625E-003 maxCFL_Ne=   1.3507642945114824E-003 maxCFL_Ts=   5.1061682415344729E-004 CPU=   658.22540459599429      NumThreads=                    4 Elapsed time=   6.0769456360547499E-003
 CFL_Limit=   1.0000000000000000E-003
 dt_init=   1.0000000000000001E-018 dt=   1.0000000000000001E-018
 Time=  -2.3000000000394074E-014 Intensity=   396320048934197.19     
   4543.6291473423207      < Te <    4604.2422798900534     
   4699.4195139870108      < Th <    4800.1104384268483     
   80.161601038957926      < Ts <   80.171298421228769     
   3.3223431377582367E+025 < Ne <   3.3226988839703355E+025
   3.3223431377582358E+025 < Nh <   3.3226988836582404E+025
 CFL_Te=   1.6148307376996304E-003 maxCFL_Ne=   1.3517133315322978E-003 maxCFL_Ts=   5.1067430749534421E-004 CPU=   658.19681024886359      NumThreads=                    4 Elapsed time=   6.0772096396024830E-003
 CFL_Limit=   1.0000000000000000E-003
 dt_init=   1.0000000000000001E-018 dt=   1.0000000000000001E-018
 Time=  -2.2000000000394255E-014 Intensity=   428443508248522.81     
   4539.0581265787450      < Te <    4597.8955803275903     
   4703.0397158175401      < Th <    4800.7862993577210     
   80.183636235166873      < Ts <   80.194482756686895     
   3.6918258264828772E+025 < Ne <   3.6922104771030642E+025
   3.6918258264828763E+025 < Nh <   3.6922104767301553E+025
 CFL_Te=   1.6075857269980793E-003 maxCFL_Ne=   1.3533155109654955E-003 maxCFL_Ts=   5.1073798280738424E-004 CPU=   658.17017625913923      NumThreads=                    4 Elapsed time=   6.0774555643571017E-003
 CFL_Limit=   1.0000000000000000E-003
 dt_init=   1.0000000000000001E-018 dt=   1.0000000000000001E-018
 Time=  -2.1000000000394436E-014 Intensity=   461566590146842.69     
   4516.9186481987144      < Te <    4592.8124723822930     
   4705.5590784895221      < Th <    4803.0180784753529     
   80.207948372719741      < Ts <   80.220157599575614     
   4.0905844267601489E+025 < Ne <   4.0909988912760382E+025
   4.0905844267601481E+025 < Nh <   4.0909988908328904E+025
 CFL_Te=   1.5867816716039992E-003 maxCFL_Ne=   1.3532765787739177E-003 maxCFL_Ts=   5.1080842597708267E-004 CPU=   658.14683233805329      NumThreads=                    4 Elapsed time=   6.0776711266543378E-003
 CFL_Limit=   1.0000000000000000E-003
 dt_init=   1.0000000000000001E-018 dt=   1.0000000000000001E-018
 Time=  -2.0000000000394617E-014 Intensity=   495528221700866.06     
   4530.0525396240791      < Te <    4587.1743547751603     
   4710.2345081193444      < Th <    4810.5892825403662     
   80.234906845661115      < Ts <   80.248749806049346     
   4.5194493215793496E+025 < Ne <   4.5198943619658154E+025
   4.5194493215793488E+025 < Nh <   4.5198943614398718E+025
 CFL_Te=   1.5913956540816920E-003 maxCFL_Ne=   1.3572116225334084E-003 maxCFL_Ts=   5.1088667274615848E-004 CPU=   658.11953606530597      NumThreads=                    4 Elapsed time=   6.0779232051289163E-003
 CFL_Limit=   1.0000000000000000E-003
 dt_init=   1.0000000000000001E-018 dt=   1.0000000000000001E-018
 Time=  -1.9000000000394798E-014 Intensity=   530146153688800.00     
   4527.4952137139662      < Te <    4583.7107545610497     
   4714.2592861715248      < Th <    4815.8141793722998     
   80.264736629116697      < Ts <   80.280346960356482     
   4.9790971153515820E+025 < Ne <   4.9795733347057991E+025
   4.9790971153515812E+025 < Nh <   4.9795733340875472E+025
 CFL_Te=   1.5841103724796560E-003 maxCFL_Ne=   1.3601676663013557E-003 maxCFL_Ts=   5.1097311760402056E-004 CPU=   658.09013952799705      NumThreads=                    4 Elapsed time=   6.0781947027331636E-003
 CFL_Limit=   1.0000000000000000E-003
 dt_init=   1.0000000000000001E-018 dt=   1.0000000000000001E-018
 Time=  -1.8000000000394979E-014 Intensity=   565218022186473.12     
   4506.3766477960189      < Te <    4578.2946441522881     
   4719.3803933455620      < Th <    4820.6465524949481     
   80.297500653723674      < Ts <   80.315156930881400     
   5.4700319572437002E+025 < Ne <   5.4705397758353852E+025
   5.4700319572436985E+025 < Nh <   5.4705397751135712E+025
 CFL_Te=   1.5628727468314822E-003 maxCFL_Ne=   1.3622771170000310E-003 maxCFL_Ts=   5.1106794176636035E-004 CPU=   658.06007403583510      NumThreads=                    4 Elapsed time=   6.0784724036945254E-003
 CFL_Limit=   1.0000000000000000E-003
 dt_init=   1.0000000000000001E-018 dt=   1.0000000000000001E-018
 Time=  -1.7000000000395159E-014 Intensity=   600522846939103.50     
   4504.6356702864550      < Te <    4573.8168048608186     
   4724.5012961616767      < Th <    4825.0528929855236     
   80.333747034290880      < Ts <   80.353520945386038     
   5.9925680399091754E+025 < Ne <   5.9931076764307201E+025
   5.9925680399091736E+025 < Nh <   5.9931076755923949E+025
 CFL_Te=   1.5555395634283815E-003 maxCFL_Ne=   1.3665022019390635E-003 maxCFL_Ts=   5.1117235983127801E-004 CPU=   658.02677819727762      NumThreads=                    4 Elapsed time=   6.0787799714752530E-003
 CFL_Limit=   1.0000000000000000E-003
 dt_init=   1.0000000000000001E-018 dt=   1.0000000000000001E-018
 Time=  -1.6000000000395340E-014 Intensity=   635822964715935.38     
   4503.6057965261789      < Te <    4571.6423611658038     
   4730.6421152209186      < Th <    4843.6491285522388     
   80.373199653949669      < Ts <   80.395247190022388     
   6.5468135870799645E+025 < Ne <   6.5473850461492003E+025
   6.5468135870799628E+025 < Nh <   6.5473850451840223E+025
 CFL_Te=   1.5483937953692016E-003 maxCFL_Ne=   1.3714760535875120E-003 maxCFL_Ts=   5.1128575638569420E-004 CPU=   657.93782191151740      NumThreads=                    4 Elapsed time=   6.0796018510970162E-003
 CFL_Limit=   1.0000000000000000E-003
 dt_init=   1.0000000000000001E-018 dt=   1.0000000000000001E-018
 Time=  -1.5000000000395521E-014 Intensity=   670866384802206.25     
   4521.8106182761267      < Te <    4571.0484881870561     
   4736.5064225636870      < Th <    4874.1385357130630     
   80.416509431581005      < Ts <   80.441037270783823     
   7.1326567572759612E+025 < Ne <   7.1332598180266437E+025
   7.1326567572759595E+025 < Nh <   7.1332598169204053E+025
 CFL_Te=   1.5546518482374293E-003 maxCFL_Ne=   1.3770190719259638E-003 maxCFL_Ts=   5.1140980041989789E-004 CPU=   657.83784537490317      NumThreads=                    4 Elapsed time=   6.0805258136530467E-003
 CFL_Limit=   1.0000000000000000E-003
 dt_init=   1.0000000000000001E-018 dt=   1.0000000000000001E-018
 Time=  -1.4000000000395702E-014 Intensity=   705389542384175.38     
   4522.8696414768565      < Te <    4572.9759422802263     
   4743.3617254273695      < Th <    4889.8709075196439     
   80.463670158839946      < Ts <   80.490904319690912     
   7.7497538429097450E+025 < Ne <   7.7503880645211560E+025
   7.7497538429097433E+025 < Nh <   7.7503880632531940E+025
 CFL_Te=   1.5479422511683522E-003 maxCFL_Ne=   1.3830181327843815E-003 maxCFL_Ts=   5.1154503238270619E-004 CPU=   657.81209049402298      NumThreads=                    4 Elapsed time=   6.0807638804509703E-003
 CFL_Limit=   1.0000000000000000E-003
 dt_init=   1.0000000000000001E-018 dt=   1.0000000000000001E-018
 Time=  -1.3000000000395883E-014 Intensity=   739120414174031.12     
   4525.1965064418955      < Te <    4572.6034828657193     
   4764.5476265608031      < Th <    4894.9313762063848     
   80.514645264670904      < Ts <   80.545118692910279     
   8.3975200619600190E+025 < Ne <   8.3981847435872161E+025
   8.3975200619600173E+025 < Nh <   8.3981847421528362E+025
 CFL_Te=   1.5417615410188621E-003 maxCFL_Ne=   1.3898538045120960E-003 maxCFL_Ts=   5.1169082705165045E-004 CPU=   657.78566554166400      NumThreads=                    4 Elapsed time=   6.0810081604714458E-003
 CFL_Limit=   1.0000000000000000E-003
 dt_init=   1.0000000000000001E-018 dt=   1.0000000000000001E-018
 Time=  -1.2000000000396064E-014 Intensity=   771781949547486.75     
   4528.7120173631611      < Te <    4576.0685342837742     
   4772.2996983530702      < Th <    4901.5757723469733     
   80.570136586705473      < Ts <   80.603937965006082     
   9.0751233614388706E+025 < Ne <   9.0758175579229223E+025
   9.0751233614388689E+025 < Nh <   9.0758175563236758E+025
 CFL_Te=   1.5363927132547844E-003 maxCFL_Ne=   1.3976448275665775E-003 maxCFL_Ts=   5.1184868530758571E-004 CPU=   657.75859981412361      NumThreads=                    4 Elapsed time=   6.0812583843531083E-003
 CFL_Limit=   1.0000000000000000E-003
 dt_init=   1.0000000000000001E-018 dt=   1.0000000000000001E-018
 Time=  -1.1000000000396245E-014 Intensity=   803095760155615.62     
   4533.6412918785863      < Te <    4598.5570588466953     
   4780.3682984648549      < Th <    4907.9389642506112     
   80.629932114090096      < Ts <   80.667656101811389     
   9.7814813782462955E+025 < Ne <   9.7822038956165318E+025
   9.7814813782462938E+025 < Nh <   9.7822038938575537E+025
 CFL_Te=   1.5310981252887085E-003 maxCFL_Ne=   1.4063187454164960E-003 maxCFL_Ts=   5.1201890832356289E-004 CPU=   657.73030969084903      NumThreads=                    4 Elapsed time=   6.0815199498410041E-003
 CFL_Limit=   1.0000000000000000E-003
 dt_init=   1.0000000000000001E-018 dt=   1.0000000000000001E-018
 Time=  -1.0000000000396426E-014 Intensity=   832786001727592.62     
   4556.4857965297797      < Te <    4604.5684194612977     
   4788.8106791796863      < Th <    4929.0936778958039     
   80.694447872129032      < Ts <   80.735982707436733     
   1.0515261827529925E+026 < Ne <   1.0516011209751607E+026
   1.0515261827529924E+026 < Nh <   1.0516011207844231E+026
 CFL_Te=   1.5388119876180561E-003 maxCFL_Ne=   1.4134039425653395E-003 maxCFL_Ts=   5.1220053863024228E-004 CPU=   657.70024511094050      NumThreads=                    4 Elapsed time=   6.0817979463049796E-003
 CFL_Limit=   1.0000000000000000E-003
 dt_init=   1.0000000000000001E-018 dt=   1.0000000000000001E-018
 Time=  -9.0000000003966072E-015 Intensity=   860583374007769.62     
   4563.7304927784080      < Te <    4610.4602793479226     
   4813.6924846265356      < Th <    4934.0797437852952     
   80.763516364044492      < Ts <   80.808910696536429     
   1.1274886445324535E+026 < Ne <   1.1275661024385079E+026
   1.1274886445324533E+026 < Nh <   1.1275661022349779E+026
 CFL_Te=   1.5348377152631391E-003 maxCFL_Ne=   1.4234650777659756E-003 maxCFL_Ts=   5.1239455440003380E-004 CPU=   657.63819895157621      NumThreads=                    4 Elapsed time=   6.0823717454018085E-003
 CFL_Limit=   1.0000000000000000E-003
 dt_init=   1.0000000000000001E-018 dt=   1.0000000000000001E-018
 Time=  -8.0000000003967882E-015 Intensity=   886229158745766.62     
   4572.6336612028463      < Te <    4618.4680893838040     
   4822.6908521233163      < Th <    4941.0784650688711     
   80.837826994811067      < Ts <   80.887494611761383     
   1.2058538635482470E+026 < Ne <   1.2059336488982778E+026
   1.2058538635482469E+026 < Nh <   1.2059336486836412E+026
 CFL_Te=   1.5315079218072504E-003 maxCFL_Ne=   1.4346367498157494E-003 maxCFL_Ts=   5.1260267550931875E-004 CPU=   657.61043669641401      NumThreads=                    4 Elapsed time=   6.0826285241068955E-003
 CFL_Limit=   1.0000000000000000E-003
 dt_init=   1.0000000000000001E-018 dt=   1.0000000000000001E-018
 Time=  -7.0000000003969692E-015 Intensity=   909479211697419.62     
   4583.2398517599277      < Te <    4641.6702850204929     
   4832.2604602554129      < Th <    4966.0379520717734     
   80.916924635564612      < Ts <   80.970992198486897     
   1.2864174658108773E+026 < Ne <   1.2864993635733084E+026
   1.2864174658108772E+026 < Nh <   1.2864993633502187E+026
 CFL_Te=   1.5292248077580152E-003 maxCFL_Ne=   1.4470107518876824E-003 maxCFL_Ts=   5.1282321521277754E-004 CPU=   657.58591800194688      NumThreads=                    4 Elapsed time=   6.0828553204938882E-003
 CFL_Limit=   1.0000000000000000E-003
 dt_init=   1.0000000000000001E-018 dt=   1.0000000000000001E-018
 Time=  -6.0000000003971501E-015 Intensity=   930107822811059.25     
   4608.8117787842812      < Te <    4652.7237028934906     
   4859.1959957574727      < Th <    4977.1961744558175     
   81.001257784506734      < Ts <   81.060374774485169     
   1.3689538417543037E+026 < Ne <   1.3690376172121334E+026
   1.3689538417543192E+026 < Nh <   1.3690376169852349E+026
 CFL_Te=   1.5377557148953710E-003 maxCFL_Ne=   1.4550829992085723E-003 maxCFL_Ts=   5.1305717034464836E-004 CPU=   657.56143378379568      NumThreads=                    4 Elapsed time=   6.0830818148547147E-003
 CFL_Limit=   1.0000000000000000E-003
 dt_init=   1.0000000000000001E-018 dt=   1.0000000000000001E-018
 Time=  -5.0000000003973311E-015 Intensity=   947911359388381.62     
   4621.6420287197670      < Te <    4665.7108729083166     
   4868.8627701556434      < Th <    5005.9269413660531     
   81.090603870384655      < Ts <   81.154806839148677     
   1.4532179761761025E+026 < Ne <   1.4533033786338652E+026
   1.4532179761761178E+026 < Nh <   1.4533033784066795E+026
 CFL_Te=   1.5362880867482625E-003 maxCFL_Ne=   1.4688948886919719E-003 maxCFL_Ts=   5.1330358990044154E-004 CPU=   657.54076889586929      NumThreads=                    4 Elapsed time=   6.0832729911435438E-003
 CFL_Limit=   1.0000000000000000E-003
 dt_init=   1.0000000000000001E-018 dt=   1.0000000000000001E-018
 Time=  -4.0000000003975121E-015 Intensity=   962711610070066.50     
   4648.1194247261001      < Te <    4692.7282738763615     
   4896.7269845680330      < Th <    5014.5041529853843     
   81.185246972706622      < Ts <   81.254846129817764     
   1.5389475824585490E+026 < Ne <   1.5390343413330163E+026
   1.5389475824585632E+026 < Nh <   1.5390343411110677E+026
 CFL_Te=   1.5450884314527709E-003 maxCFL_Ne=   1.4773091562316084E-003 maxCFL_Ts=   5.1356314837697247E-004 CPU=   657.51667165509673      NumThreads=                    4 Elapsed time=   6.0834959362037555E-003
 CFL_Limit=   1.0000000000000000E-003
 dt_init=   1.0000000000000001E-018 dt=   1.0000000000000001E-018
 Time=  -3.0000000003976930E-015 Intensity=   974358752858034.88     
   4663.1159960105160      < Te <    4706.5989796597933     
   4905.7004646456489      < Th <    5021.7648045627338     
   81.285239980582674      < Ts <   81.361002035225809     
   1.6258655275013449E+026 < Ne <   1.6259533627538306E+026
   1.6258655275013559E+026 < Nh <   1.6259533625453955E+026
 CFL_Te=   1.5447475858168451E-003 maxCFL_Ne=   1.4925883469127674E-003 maxCFL_Ts=   5.1383613001589556E-004 CPU=   657.49346869748535      NumThreads=                    4 Elapsed time=   6.0837106228965616E-003
 CFL_Limit=   1.0000000000000000E-003
 dt_init=   1.0000000000000001E-018 dt=   1.0000000000000001E-018
 Time=  -2.0000000003978740E-015 Intensity=   982733878060376.25     
   4690.0986521700324      < Te <    4734.6134124111441     
   4934.0577932610167      < Th <    5049.0502938558420     
   81.390718806689435      < Ts <   81.472525222745745     
   1.7136825237761908E+026 < Ne <   1.7137711402763210E+026
   1.7136825237761994E+026 < Nh <   1.7137711400863072E+026
 CFL_Te=   1.5536863474575225E-003 maxCFL_Ne=   1.5012252526237072E-003 maxCFL_Ts=   5.1412139515294648E-004 CPU=   657.47087996334551      NumThreads=                    4 Elapsed time=   6.0839196410082882E-003
 CFL_Limit=   1.0000000000000000E-003
 dt_init=   1.0000000000000001E-018 dt=   1.0000000000000001E-018
 Time=  -1.0000000003979017E-015 Intensity=   987751006861445.50     
   4707.0758582688886      < Te <    4751.7073581634904     
   4944.2418061648832      < Th <    5075.7753558169270     
   81.501509005751771      < Ts <   81.589702516587096     
   1.8020999947595425E+026 < Ne <   1.8021890955069408E+026
   1.8020999947595452E+026 < Nh <   1.8021890953475082E+026
 CFL_Te=   1.5545968946880583E-003 maxCFL_Ne=   1.5179486966014264E-003 maxCFL_Ts=   5.1441868870844725E-004 CPU=   657.44558316417908      NumThreads=                    4 Elapsed time=   6.0841537344408763E-003
 CFL_Limit=   1.0000000000000000E-003
 dt_init=   1.0000000000000001E-018 dt=   1.0000000000000001E-018
 Time=  -3.9788984726558512E-025 Intensity=   989358557592352.25     
   4734.1342917918882      < Te <    4778.9724015655265     
   4972.6303937708608      < Th <    5101.9175097282396     
   81.617434561270045      < Ts <   81.712666086032812     
   1.8908131461498074E+026 < Ne <   1.8909024238774997E+026
   1.8908131461498074E+026 < Nh <   1.8909024237520372E+026
 CFL_Te=   1.5635344497781087E-003 maxCFL_Ne=   1.5266755170087870E-003 maxCFL_Ts=   5.1472831429035632E-004 CPU=   657.41587726416788      NumThreads=                    4 Elapsed time=   6.0844286521432598E-003
 CFL_Limit=   1.0000000000000000E-003
 dt_init=   1.0000000000000001E-018 dt=   1.0000000000000001E-018
