 Hello from thread =           0
 Hello from thread =           1
 Hello from thread =           3
 Hello from thread =           2
OpenMP TEST
Number of Threads = 4
*******************************
 Pi =    3.14159265358979     
 Read PolarizationSource TM:                      0
 Read phiMie0:    270.000000000000      deg -> rad
 Importing data on Polarization.
 Loading GMSH mesh...
 MESH INFORMATIONS
 [GMSH] Quadrangles number
      120000
 [GMSH] Node number
      120704
 Latest running index while remeshing                  2604
 [Mesh] Building...
 
 [Mesh] Convergence (                   500 )=  1.081720079616934E-005
 [Mesh] Convergence (                  1000 )=  1.811262921339221E-006
 [Mesh] Convergence (                  1500 )=  2.579260365273512E-007
 [Mesh] Convergence (                  2000 )=  3.591470637911698E-008
 [Mesh] Convergence (                  2500 )=  4.985051651601679E-009
 [Mesh] Convergence (                  3000 )=  6.916293277754448E-010
 [Mesh] Convergence is reached. The show can go on.
 [Mesh) ITERATIONS=                  3490
 Vessel cells:                    51 *                    51 =
                  2601
 Matter cells:                    51 *                    51 =
                  2601
  -73.8000000000000       -74.2000000000000     
 Done.
 [Mesh] Calculation of normales and distances.
 NEEDLE CHECK
 North -3.766032663078631E-002  0.999290598273626     
 South -4.425498528455761E-002 -0.999020268201533     
 East  0.997763878544350       6.683743466154690E-002
 West -0.983550514119218      -0.180633291991876     
  1.008423591908063E-007  1.008040131466220E-007  6.226196335372929E-009
  6.051711821471932E-009
 VESSEL CHECK
 North -3.766032663078620E-002  0.999290598273619     
 South -4.425498528455753E-002 -0.999020268201532     
 East  0.997763878550900       6.683743466200739E-002
 West -0.983550514120851      -0.180633291992154     
  1.008423591908069E-007  1.008040131466208E-007  6.226196335372337E-009
  6.051711821474587E-009
 epsilon(   515.000000000000      nm)= (17.8254000000000,0.506690000000000)
 Re(sqrt(epsilon))=   4.22244004813930     
 [Poisson eq.] Filling matrix
 Starting time loop.
 Time= -1.990000000000033E-013 Intensity=  1.560808197333866E-015
   80.0000004771923      < Te <    80.0000004779024     
   80.0000004771923      < Th <    80.0000004779876     
   80.0000000000000      < Ts <   80.0000000000000     
   100000.000010074      < Ne <   100000.000010088     
   100000.000010074      < Nh <   100000.000010088     
 CFL_Te=  3.017299651248141E-005 maxCFL_Ne=  2.329135641854283E-005 maxCFL_Ts=
  5.102011094536748E-004 CPU=   1008.15556476138      NumThreads=           4 
 Elapsed time=  3.967641641641642E-003
 CFL_Limit=  1.000000000000000E-003
 dt_init=  1.000000000000000E-018 dt=  1.000000000000000E-018
 Time= -1.980000000000067E-013 Intensity=  3.105441224724688E-015
   80.0000014274143      < Te <    80.0000014288832     
   80.0000014274143      < Th <    80.0000014292415     
   80.0000000000000      < Ts <   80.0000000000000     
   100000.000030177      < Ne <   100000.000030205     
   100000.000030177      < Nh <   100000.000030205     
 CFL_Te=  3.017299687086950E-005 maxCFL_Ne=  2.329135669519234E-005 maxCFL_Ts=
  5.102011094536748E-004 CPU=   1024.46177960645      NumThreads=           4 
 Elapsed time=  3.904489244622311E-003
 CFL_Limit=  1.000000000000000E-003
 dt_init=  1.000000000000000E-018 dt=  1.000000000000000E-018
 Time= -1.970000000000100E-013 Intensity=  6.157323060963920E-015
   80.0000033123723      < Te <    80.0000033152132     
   80.0000033123723      < Th <    80.0000033164867     
   80.0000000000000      < Ts <   80.0000000000000     
   100000.000070097      < Ne <   100000.000070152     
   100000.000070097      < Nh <   100000.000070152     
 CFL_Te=  3.017299758180487E-005 maxCFL_Ne=  2.329135724398268E-005 maxCFL_Ts=
  5.102011094536748E-004 CPU=   1029.80007576705      NumThreads=           4 
 Elapsed time=  3.884249083027675E-003
 CFL_Limit=  1.000000000000000E-003
 dt_init=  1.000000000000000E-018 dt=  1.000000000000000E-018
 Time= -1.960000000000134E-013 Intensity=  1.216621304889952E-014
   80.0000070405513      < Te <    80.0000070463909     
   80.0000070405513      < Th <    80.0000070491273     
   80.0000000000000      < Ts <   80.0000000000000     
   100000.000149097      < Ne <   100000.000149206     
   100000.000149097      < Nh <   100000.000149206     
 CFL_Te=  3.017299898793401E-005 maxCFL_Ne=  2.329135832941200E-005 maxCFL_Ts=
  5.102011094536748E-004 CPU=   1031.71637783961      NumThreads=           4 
 Elapsed time=  3.877034508627157E-003
 CFL_Limit=  1.000000000000000E-003
 dt_init=  1.000000000000000E-018 dt=  1.000000000000000E-018
 Time= -1.950000000000167E-013 Intensity=  2.395596909112202E-014
   80.0000143907402      < Te <    80.0000144025010     
   80.0000143907402      < Th <    80.0000144079911     
   80.0000000000000      < Ts <   80.0000000000000     
   100000.000304891      < Ne <   100000.000305106     
   100000.000304891      < Nh <   100000.000305106     
 CFL_Te=  3.017300176014928E-005 maxCFL_Ne=  2.329136046936035E-005 maxCFL_Ts=
  5.102011094536748E-004 CPU=   1034.05343360969      NumThreads=           4 
 Elapsed time=  3.868272054410882E-003
 CFL_Limit=  1.000000000000000E-003
 dt_init=  1.000000000000000E-018 dt=  1.000000000000000E-018
 Time= -1.940000000000200E-013 Intensity=  4.700747468172524E-014
   80.0000288335292      < Te <    80.0000288568825     
   80.0000288335292      < Th <    80.0000288650925     
   80.0000000000000      < Ts <   80.0000000000000     
   100000.000611069      < Ne <   100000.000611490     
   100000.000611069      < Nh <   100000.000611490     
 CFL_Te=  3.017300720742703E-005 maxCFL_Ne=  2.329136467426216E-005 maxCFL_Ts=
  5.102011094536748E-004 CPU=   1033.86440167812      NumThreads=           4 
 Elapsed time=  3.868979329888315E-003
 CFL_Limit=  1.000000000000000E-003
 dt_init=  1.000000000000000E-018 dt=  1.000000000000000E-018
 Time= -1.930000000000234E-013 Intensity=  9.192104385628073E-014
   80.0000571166093      < Te <    80.0000571609652     
   80.0000571166093      < Th <    80.0000571787152     
   80.0000000000000      < Ts <   80.0000000000000     
   100000.001210710      < Ne <   100000.001211533     
   100000.001210710      < Nh <   100000.001211533     
 CFL_Te=  3.017301787474292E-005 maxCFL_Ne=  2.329137290865334E-005 maxCFL_Ts=
  5.102011094536748E-004 CPU=   1035.33029499369      NumThreads=           4 
 Elapsed time=  3.863501357336763E-003
 CFL_Limit=  1.000000000000000E-003
 dt_init=  1.000000000000000E-018 dt=  1.000000000000000E-018
 Time= -1.920000000000267E-013 Intensity=  1.791256685535073E-013
   80.0001123131088      < Te <    80.0001124030110     
   80.0001123131088      < Th <    80.0001124342100     
   80.0000000000000      < Ts <   80.0000000000000     
   100000.002381029      < Ne <   100000.002382633     
   100000.002381029      < Nh <   100000.002382633     
 CFL_Te=  3.017303869279016E-005 maxCFL_Ne=  2.329138897867005E-005 maxCFL_Ts=
  5.102011094536748E-004 CPU=   1036.05340201845      NumThreads=           4 
 Elapsed time=  3.860804850606326E-003
 CFL_Limit=  1.000000000000000E-003
 dt_init=  1.000000000000000E-018 dt=  1.000000000000000E-018
 Time= -1.910000000000300E-013 Intensity=  3.478528381353071E-013
   80.0002196622561      < Te <    80.0002198410898     
   80.0002196622561      < Th <    80.0002198881270     
   80.0000000000000      < Ts <   80.0000000000000     
   100000.004657240      < Ne <   100000.004660355     
   100000.004657240      < Nh <   100000.004660355     
 CFL_Te=  3.017307918085799E-005 maxCFL_Ne=  2.329142023251049E-005 maxCFL_Ts=
  5.102011094536748E-004 CPU=   1035.62917075870      NumThreads=           4 
 Elapsed time=  3.862386376264029E-003
 CFL_Limit=  1.000000000000000E-003
 dt_init=  1.000000000000000E-018 dt=  1.000000000000000E-018
 Time= -1.900000000000334E-013 Intensity=  6.731752308218254E-013
   80.0004277202368      < Te <    80.0004280625225     
   80.0004277202368      < Th <    80.0004281496613     
   80.0000000000000      < Ts <   80.0000000000000     
   100000.009069042      < Ne <   100000.009075070     
   100000.009069042      < Nh <   100000.009075070     
 CFL_Te=  3.017315765251660E-005 maxCFL_Ne=  2.329148080691742E-005 maxCFL_Ts=
  5.102011094536748E-004 CPU=   1036.23356097171      NumThreads=           4 
 Elapsed time=  3.860133613361336E-003
 CFL_Limit=  1.000000000000000E-003
 dt_init=  1.000000000000000E-018 dt=  1.000000000000000E-018
 Time= -1.890000000000367E-013 Intensity=  1.298241700107108E-012
   80.0008295731229      < Te <    80.0008302289308     
   80.0008295731229      < Th <    80.0008304198434     
   80.0000000000000      < Ts <   80.0000000000000     
   100000.017590517      < Ne <   100000.017602142     
   100000.017590517      < Nh <   100000.017602142     
 CFL_Te=  3.017330921633736E-005 maxCFL_Ne=  2.329159780315173E-005 maxCFL_Ts=
  5.102011094536748E-004 CPU=   1035.10596366763      NumThreads=           4 
 Elapsed time=  3.864338667151559E-003
 CFL_Limit=  1.000000000000000E-003
 dt_init=  1.000000000000000E-018 dt=  1.000000000000000E-018
 Time= -1.880000000000400E-013 Intensity=  2.495041832982707E-012
   80.0016030472941      < Te <    80.0016043123449     
   80.0016030472941      < Th <    80.0016046546558     
   80.0000000000000      < Ts <   80.0000000000000     
   100000.033992970      < Ne <   100000.034015311     
   100000.033992970      < Nh <   100000.034015311     
 CFL_Te=  3.017360094175397E-005 maxCFL_Ne=  2.329182299393289E-005 maxCFL_Ts=
  5.102011094536748E-004 CPU=   1035.11868085559      NumThreads=           4 
 Elapsed time=  3.864291190932578E-003
 CFL_Limit=  1.000000000000000E-003
 dt_init=  1.000000000000000E-018 dt=  1.000000000000000E-018
 Time= -1.870000000000434E-013 Intensity=  4.778537059130534E-012
   80.0030866582960      < Te <    80.0030891765556     
   80.0030866582960      < Th <    80.0030895757316     
   80.0000000000000      < Ts <   80.0000000000000     
   100000.065455825      < Ne <   100000.065498612     
   100000.065455825      < Nh <   100000.065498612     
 CFL_Te=  3.017416050412047E-005 maxCFL_Ne=  2.329225493533821E-005 maxCFL_Ts=
  5.102011094536748E-004 CPU=   1035.22222366235      NumThreads=           4 
 Elapsed time=  3.863904684975767E-003
 CFL_Limit=  1.000000000000000E-003
 dt_init=  1.000000000000000E-018 dt=  1.000000000000000E-018
 Time= -1.860000000000467E-013 Intensity=  9.120254035482025E-012
   80.0059225487846      < Te <    80.0059273037379     
   80.0059225487846      < Th <    80.0059282185591     
   80.0000000000000      < Ts <   80.0000000000000     
   100000.125598495      < Ne <   100000.125680157     
   100000.125598495      < Nh <   100000.125680157     
 CFL_Te=  3.017523009553685E-005 maxCFL_Ne=  2.329308058203496E-005 maxCFL_Ts=
  5.102011094536748E-004 CPU=   1035.60741039650      NumThreads=           4 
 Elapsed time=  3.862467533395242E-003
 CFL_Limit=  1.000000000000000E-003
 dt_init=  1.000000000000000E-018 dt=  1.000000000000000E-018
 Time= -1.850000000000501E-013 Intensity=  1.734657596048508E-011
   80.0113245385380      < Te <    80.0113333889042     
   80.0113245385380      < Th <    80.0113352619244     
   80.0000000000000      < Ts <   80.0000000000000     
   100000.240166294      < Ne <   100000.240321614     
   100000.240166294      < Nh <   100000.240321614     
 CFL_Te=  3.017726752324958E-005 maxCFL_Ne=  2.329465332788453E-005 maxCFL_Ts=
  5.102011094536748E-004 CPU=   1035.90487100268      NumThreads=           4 
 Elapsed time=  3.861358423894926E-003
 CFL_Limit=  1.000000000000000E-003
 dt_init=  1.000000000000000E-018 dt=  1.000000000000000E-018
 Time= -1.840000000000534E-013 Intensity=  3.287876068756104E-011
   80.0215789929777      < Te <    80.0215954805396     
   80.0215789929777      < Th <    80.0216001231898     
   80.0000000000000      < Ts <   80.0000000000000     
   100000.457655500      < Ne <   100000.457949894     
   100000.457655500      < Nh <   100000.457949894     
 CFL_Te=  3.018113511845211E-005 maxCFL_Ne=  2.329763882978214E-005 maxCFL_Ts=
  5.102011094536748E-004 CPU=   1035.53262333103      NumThreads=           4 
 Elapsed time=  3.862746484155260E-003
 CFL_Limit=  1.000000000000000E-003
 dt_init=  1.000000000000000E-018 dt=  1.000000000000000E-018
 Time= -1.830000000000567E-013 Intensity=  6.210291219805711E-011
   80.0409773625022      < Te <    80.0410076568849     
   80.0409773625022      < Th <    80.0410167217179     
   80.0000000000000      < Ts <   80.0000000000000     
   100000.869097027      < Ne <   100000.869653092     
   100000.869097027      < Nh <   100000.869653092     
 CFL_Te=  3.018845145510860E-005 maxCFL_Ne=  2.330328650898011E-005 maxCFL_Ts=
  5.102011094536748E-004 CPU=   1035.91195467472      NumThreads=           4 
 Elapsed time=  3.861332019530561E-003
 CFL_Limit=  1.000000000000000E-003
 dt_init=  1.000000000000000E-018 dt=  1.000000000000000E-018
 Time= -1.820000000000601E-013 Intensity=  1.168969938842701E-010
   80.0775461539646      < Te <    80.0776031875116     
   80.0775461539646      < Th <    80.0776165390821     
   80.0000000000000      < Ts <   80.0000000000000     
   100001.644761343      < Ne <   100001.645808031     
   100001.644761343      < Nh <   100001.645808031     
 CFL_Te=  3.020224383024209E-005 maxCFL_Ne=  2.331393321836344E-005 maxCFL_Ts=
  5.102011094536748E-004 CPU=   1036.43286973803      NumThreads=           4 
 Elapsed time=  3.859391299516640E-003
 CFL_Limit=  1.000000000000000E-003
 dt_init=  1.000000000000000E-018 dt=  1.000000000000000E-018
 Time= -1.810000000000634E-013 Intensity=  2.192752273564716E-010
   80.1462445460000      < Te <    80.1463523209477     
   80.1462445460000      < Th <    80.1463772731198     
   80.0000000000000      < Ts <   80.0000000000000     
   100003.102013743      < Ne <   100003.103977118     
   100003.102013743      < Nh <   100003.103977118     
 CFL_Te=  3.022815428437876E-005 maxCFL_Ne=  2.333393420242261E-005 maxCFL_Ts=
  5.102011094536748E-004 CPU=   1036.19242506196      NumThreads=           4 
 Elapsed time=  3.860286857203010E-003
 CFL_Limit=  1.000000000000000E-003
 dt_init=  1.000000000000000E-018 dt=  1.000000000000000E-018
 Time= -1.800000000000667E-013 Intensity=  4.098931371387976E-010
   80.2748528994295      < Te <    80.2750591247754     
   80.2748528994295      < Th <    80.2751071523020     
   80.0000000000000      < Ts <   80.0000000000000     
   100005.830306826      < Ne <   100005.833976979     
   100005.830306826      < Nh <   100005.833976979     
 CFL_Te=  3.027666052658321E-005 maxCFL_Ne=  2.337137748967586E-005 maxCFL_Ts=
  5.102011094536748E-004 CPU=   1036.18121601739      NumThreads=           4 
 Elapsed time=  3.860328616430821E-003
 CFL_Limit=  1.000000000000000E-003
 dt_init=  1.000000000000000E-018 dt=  1.000000000000000E-018
 Time= -1.790000000000701E-013 Intensity=  7.635659860009758E-010
   80.5147754825009      < Te <    80.5151507388589     
   80.5147754825009      < Th <    80.5152610199924     
   80.0000000000000      < Ts <   80.0000000000000     
   100010.920597008      < Ne <   100010.927433922     
   100010.920597008      < Nh <   100010.927433922     
 CFL_Te=  3.036715031682194E-005 maxCFL_Ne=  2.344122901919887E-005 maxCFL_Ts=
  5.102011094536748E-004 CPU=   1035.75699599002      NumThreads=           4 
 Elapsed time=  3.861909709986190E-003
 CFL_Limit=  1.000000000000000E-003
 dt_init=  1.000000000000000E-018 dt=  1.000000000000000E-018
 Time= -1.780000000000734E-013 Intensity=  1.417481341681680E-009
   80.9607796898452      < Te <    80.9614722709979     
   80.9607796898452      < Th <    80.9617573184903     
   80.0000000000000      < Ts <   80.0000000000000     
   100020.384915271      < Ne <   100020.397607297     
   100020.384915271      < Nh <   100020.397607297     
 CFL_Te=  3.053536635822793E-005 maxCFL_Ne=  2.357107955539214E-005 maxCFL_Ts=
  5.102011094536748E-004 CPU=   1035.92684620739      NumThreads=           4 
 Elapsed time=  3.861276512568753E-003
 CFL_Limit=  1.000000000000000E-003
 dt_init=  1.000000000000000E-018 dt=  1.000000000000000E-018
 Time= -1.770000000000767E-013 Intensity=  2.622303641321438E-009
   81.7869087278791      < Te <    81.7881768957737     
   81.7869087278791      < Th <    81.7887547663338     
   80.0000000000000      < Ts <   80.0000000000000     
   100037.920950449      < Ne <   100037.944430367     
   100037.920950449      < Nh <   100037.944430367     
 CFL_Te=  3.084695121366255E-005 maxCFL_Ne=  2.381160037736439E-005 maxCFL_Ts=
  5.102011094536748E-004 CPU=   1035.93716425590      NumThreads=           4 
 Elapsed time=  3.861238053828427E-003
 CFL_Limit=  1.000000000000000E-003
 dt_init=  1.000000000000000E-018 dt=  1.000000000000000E-018
 Time= -1.760000000000801E-013 Intensity=  4.834409727130662E-009
   83.3114968398126      < Te <    83.3138923978978     
   83.3114968398126      < Th <    83.3148484375995     
   80.0000000000000      < Ts <   80.0000000000000     
   100070.300347433      < Ne <   100070.343634388     
   100070.300347433      < Nh <   100070.343634388     
 CFL_Te=  3.142196860753691E-005 maxCFL_Ne=  2.425547193854821E-005 maxCFL_Ts=
  5.102011094536748E-004 CPU=   1035.87109954810      NumThreads=           4 
 Elapsed time=  3.861484311846327E-003
 CFL_Limit=  1.000000000000000E-003
 dt_init=  1.000000000000000E-018 dt=  1.000000000000000E-018
 Time= -1.750000000000834E-013 Intensity=  8.881754856682622E-009
   86.1141542515284      < Te <    86.1186521786230     
   86.1141542515284      < Th <    86.1200401365673     
   80.0000000000000      < Ts <   80.0000000000000     
   100129.880468515      < Ne <   100129.959995106     
   100129.880468515      < Nh <   100129.959995106     
 CFL_Te=  3.247902575509891E-005 maxCFL_Ne=  2.507144309237280E-005 maxCFL_Ts=
  5.102011094536748E-004 CPU=   1036.08930435798      NumThreads=           4 
 Elapsed time=  3.860671066842674E-003
 CFL_Limit=  1.000000000000000E-003
 dt_init=  1.000000000000000E-018 dt=  1.000000000000000E-018
 Time= -1.740000000000868E-013 Intensity=  1.626106400450773E-008
   91.2445365392578      < Te <    91.2531905577084     
   91.2445365392578      < Th <    91.2552957165675     
   80.0000000000000      < Ts <   80.0000000000000     
   100239.132440150      < Ne <   100239.278040542     
   100239.132440150      < Nh <   100239.278040542     
 CFL_Te=  3.441401332949885E-005 maxCFL_Ne=  2.656511261379928E-005 maxCFL_Ts=
  5.102011094536748E-004 CPU=   1035.54222155153      NumThreads=           4 
 Elapsed time=  3.862710681180045E-003
 CFL_Limit=  1.000000000000000E-003
 dt_init=  1.000000000000000E-018 dt=  1.000000000000000E-018
 Time= -1.730000000000901E-013 Intensity=  2.966839047968111E-008
   100.590396310925      < Te <    100.605363188299     
   100.590396310925      < Th <    100.610318840518     
   80.0000000000000      < Ts <   80.0000000000000     
   100438.774692973      < Ne <   100439.040341597     
   100438.774692973      < Nh <   100439.040341597     
 CFL_Te=  3.793892073718131E-005 maxCFL_Ne=  2.928608448481423E-005 maxCFL_Ts=
  5.102011094536748E-004 CPU=   1035.83118825210      NumThreads=           4 
 Elapsed time=  3.861633097522131E-003
 CFL_Limit=  1.000000000000000E-003
 dt_init=  1.000000000000000E-018 dt=  1.000000000000000E-018
 Time= -1.720000000000934E-013 Intensity=  5.394284693830016E-008
   117.513847165894      < Te <    117.542872118789     
   117.513847165894      < Th <    117.552463683321     
   80.0000000000000      < Ts <   80.0000000000000     
   100802.330358980      < Ne <   100802.813359332     
   100802.330358980      < Nh <   100802.813359332     
 CFL_Te=  4.432181099443447E-005 maxCFL_Ne=  3.421321102660899E-005 maxCFL_Ts=
  5.102011094536748E-004 CPU=   1036.07289702924      NumThreads=           4 
 Elapsed time=  3.860732204721597E-003
 CFL_Limit=  1.000000000000000E-003
 dt_init=  1.000000000000000E-018 dt=  1.000000000000000E-018
 Time= -1.710000000000968E-013 Intensity=  9.773915737714293E-008
   147.914690497261      < Te <    147.964573715221     
   147.914690497261      < Th <    147.988294136010     
   80.0000000000000      < Ts <   80.0000000000000     
   101462.088336280      < Ne <   101462.963485631     
   101462.088336280      < Nh <   101462.963485631     
 CFL_Te=  5.578786767371357E-005 maxCFL_Ne=  4.306417194200334E-005 maxCFL_Ts=
  5.102011094536748E-004 CPU=   1036.20401938462      NumThreads=           4 
 Elapsed time=  3.860243663574606E-003
 CFL_Limit=  1.000000000000000E-003
 dt_init=  1.000000000000000E-018 dt=  1.000000000000000E-018
 Time= -1.700000000001001E-013 Intensity=  1.764810860648570E-007
   201.899448425070      < Te <    201.995184674345     
   201.899448425070      < Th <    202.043710921269     
   80.0000000000000      < Ts <   80.0000000000000     
   102655.234529025      < Ne <   102656.814727913     
   102655.234529025      < Nh <   102656.814727913     
 CFL_Te=  7.614889146079881E-005 maxCFL_Ne=  5.878139982406862E-005 maxCFL_Ts=
  5.102011094536748E-004 CPU=   1036.33623927383      NumThreads=           4 
 Elapsed time=  3.859751158371946E-003
 CFL_Limit=  1.000000000000000E-003
 dt_init=  1.000000000000000E-018 dt=  1.000000000000000E-018
 Time= -1.690000000001034E-013 Intensity=  3.175576613512355E-007
   296.085173074796      < Te <    296.269329212301     
   296.085173074796      < Th <    296.355462116599     
   80.0000000000000      < Ts <   80.0000000000000     
   104805.529041717      < Ne <   104808.372430064     
   104805.529041717      < Nh <   104808.372430064     
 CFL_Te=  1.116722105161770E-004 maxCFL_Ne=  8.620281568994621E-005 maxCFL_Ts=
  5.102011094536748E-004 CPU=   1036.52553790828      NumThreads=           4 
 Elapsed time=  3.859046259556760E-003
 CFL_Limit=  1.000000000000000E-003
 dt_init=  1.000000000000000E-018 dt=  1.000000000000000E-018
 Time= -1.680000000001068E-013 Intensity=  5.694320037504541E-007
   455.879563155227      < Te <    456.232783284425     
   455.879563155227      < Th <    456.464726372302     
   80.0000000000000      < Ts <   80.0000000000000     
   108667.397801465      < Ne <   108672.496454468     
   108667.397801465      < Nh <   108672.496454468     
 CFL_Te=  1.719406548393182E-004 maxCFL_Ne=  1.327256665755292E-004 maxCFL_Ts=
  5.102011094536748E-004 CPU=   1036.47533862262      NumThreads=           4 
 Elapsed time=  3.859233163536360E-003
 CFL_Limit=  1.000000000000000E-003
 dt_init=  1.000000000000000E-018 dt=  1.000000000000000E-018
 Time= -1.670000000001101E-013 Intensity=  1.017550563976508E-006
   715.216050913485      < Te <    715.850207573030     
   715.216050913485      < Th <    716.589850424930     
   80.0000000000000      < Ts <   80.0000000000000     
   115579.216730968      < Ne <   115588.327805169     
   115579.216730968      < Nh <   115588.327805169     
 CFL_Te=  2.697526410144930E-004 maxCFL_Ne=  2.082293982340400E-004 maxCFL_Ts=
  5.102011094536748E-004 CPU=   1036.31775721480      NumThreads=           4 
 Elapsed time=  3.859819994545289E-003
 CFL_Limit=  1.000000000000000E-003
 dt_init=  1.000000000000000E-018 dt=  1.000000000000000E-018
 Time= -1.660000000001134E-013 Intensity=  1.812028301742214E-006
   1108.19778687023      < Te <    1109.28486489452     
   1108.19778687023      < Th <    1110.75048735125     
   80.0000000000000      < Ts <   80.0000000000000     
   127906.928487481      < Ne <   127923.153257922     
   127906.928487481      < Nh <   127923.153257922     
 CFL_Te=  4.179705969865323E-004 maxCFL_Ne=  3.226428685284014E-004 maxCFL_Ts=
  5.102011094536748E-004 CPU=   1036.39650370806      NumThreads=           4 
 Elapsed time=  3.859526721374158E-003
 CFL_Limit=  1.000000000000000E-003
 dt_init=  1.000000000000000E-018 dt=  1.000000000000000E-018
 Time= -1.650000000001168E-013 Intensity=  3.215650229074063E-006
   1647.08522860360      < Te <    1649.20015831708     
   1647.08522860360      < Th <    1653.23374674761     
   80.0000000000000      < Ts <   80.0000000000000     
   149818.214500975      < Ne <   149847.007200788     
   149818.214500975      < Nh <   149847.007200789     
 CFL_Te=  6.212187070246904E-004 maxCFL_Ne=  4.795356110286598E-004 maxCFL_Ts=
  5.102011094536748E-004 CPU=   1036.61019373836      NumThreads=           4 
 Elapsed time=  3.858731106603046E-003
 CFL_Limit=  1.000000000000000E-003
 dt_init=  1.000000000000000E-018 dt=  1.000000000000000E-018
 Time= -1.640000000001201E-013 Intensity=  5.686793797512061E-006
   2294.37455819415      < Te <    2298.98115183996     
   2294.37455819415      < Th <    2306.55477231666     
   80.0000000000000      < Ts <   80.0000000000000     
   188628.652609993      < Ne <   188679.571756396     
   188628.652609993      < Nh <   188679.571756396     
 CFL_Te=  8.653519391222347E-004 maxCFL_Ne=  6.679886909222192E-004 maxCFL_Ts=
  5.102011094536748E-004 CPU=   1036.73611602045      NumThreads=           4 
 Elapsed time=  3.858262423956221E-003
 CFL_Limit=  1.000000000000000E-003
 dt_init=  1.000000000000000E-018 dt=  1.000000000000000E-018
 Time= -1.630000000001235E-013 Intensity=  1.002215253558967E-005
   2960.12330315565      < Te <    2968.27856606043     
   2960.12330315565      < Th <    2988.82528865453     
   80.0000000000000      < Ts <   80.0000000000000     
   257134.007541321      < Ne <   257223.745259780     
   257134.007541321      < Nh <   257223.745259779     
 CFL_Te=  1.116447369623381E-003 maxCFL_Ne=  8.618160810672580E-004 maxCFL_Ts=
  5.102011094536748E-004 CPU=   1036.79365586189      NumThreads=           4 
 Elapsed time=  3.858048298602665E-003
 CFL_Limit=  1.000000000000000E-003
 dt_init=  1.000000000000000E-018 dt=  1.000000000000000E-018
 Time= -1.620000000001268E-013 Intensity=  1.760148807143688E-005
   3545.08479608467      < Te <    3557.42055795744     
   3545.08479608467      < Th <    3590.90778098400     
   80.0000000000000      < Ts <   80.0000000000000     
   377636.439548080      < Ne <   377794.042514820     
   377636.439548080      < Nh <   377794.042514801     
 CFL_Te=  1.337072881883410E-003 maxCFL_Ne=  1.032122912838052E-003 maxCFL_Ts=
  5.102011094536748E-004 CPU=   1036.77625366294      NumThreads=           4 
 Elapsed time=  3.858113055606726E-003
 CFL_Limit=  1.000000000000000E-003
 dt_init=  1.000000000000000E-018 dt=  1.000000000000000E-018
 Time= -1.610000000001301E-013 Intensity=  3.080580861387861E-005
   3992.80612160870      < Te <    4014.45144643370     
   3992.80612160870      < Th <    4034.58473705058     
   80.0000000000000      < Ts <   80.0000000000000     
   588869.749484113      < Ne <   589145.585018256     
   588869.749484113      < Nh <   589145.585018166     
 CFL_Te=  1.505936555796155E-003 maxCFL_Ne=  1.162473374172557E-003 maxCFL_Ts=
  5.102011094536748E-004 CPU=   1036.38907154976      NumThreads=           4 
 Elapsed time=  3.859554398830740E-003
 CFL_Limit=  1.000000000000000E-003
 dt_init=  1.000000000000000E-018 dt=  1.000000000000000E-018
 Time= -1.600000000001335E-013 Intensity=  5.372923910690367E-005
   4301.09011975485      < Te <    4321.06677580994     
   4301.09011975485      < Th <    4356.58690055350     
   80.0000000000000      < Ts <   80.0000000000000     
   957867.968133179      < Ne <   958349.063850120     
   957867.968133179      < Nh <   958349.063849541     
 CFL_Te=  1.622209705114069E-003 maxCFL_Ne=  1.252227779624124E-003 maxCFL_Ts=
  5.102011094536748E-004 CPU=   1036.22704703756      NumThreads=           4 
 Elapsed time=  3.860157878946974E-003
 CFL_Limit=  1.000000000000000E-003
 dt_init=  1.000000000000000E-018 dt=  1.000000000000000E-018
 Time= -1.590000000001368E-013 Intensity=  9.338639650887173E-005
   4498.49788389463      < Te <    4524.38750476334     
   4498.49788389464      < Th <    4556.13708766643     
   80.0000000000000      < Ts <   80.0000000000000     
   1600232.26414848      < Ne <   1601068.45809883     
   1600232.26414848      < Nh <   1601068.45809687     
 CFL_Te=  1.696664501906534E-003 maxCFL_Ne=  1.309701461710890E-003 maxCFL_Ts=
  5.102011094536748E-004 CPU=   1036.10652048919      NumThreads=           4 
 Elapsed time=  3.860606917241884E-003
 CFL_Limit=  1.000000000000000E-003
 dt_init=  1.000000000000000E-018 dt=  1.000000000000000E-018
 Time= -1.580000000001401E-013 Intensity=  1.617526464825109E-004
   4619.24705023830      < Te <    4642.20103429522     
   4619.17645233053      < Th <    4688.70041256136     
   80.0000000000000      < Ts <   80.0000000000000     
   2714613.46480080      < Ne <   2716061.82798849     
   2714613.46480080      < Nh <   2716061.82798287     
 CFL_Te=  1.742206553822039E-003 maxCFL_Ne=  1.344856609883097E-003 maxCFL_Ts=
  5.102011094536748E-004 CPU=   1035.73824697942      NumThreads=           4 
 Elapsed time=  3.861979618562347E-003
 CFL_Limit=  1.000000000000000E-003
 dt_init=  1.000000000000000E-018 dt=  1.000000000000000E-018
 Time= -1.570000000001435E-013 Intensity=  2.791991054014986E-004
   4691.10875877537      < Te <    4716.30796578853     
   4691.00316150273      < Th <    4761.05938845647     
   80.0000000000000      < Ts <   80.0000000000000     
   4641168.51731424      < Ne <   4643668.52900708     
   4641168.51731423      < Nh <   4643668.52899445     
 CFL_Te=  1.769316795342771E-003 maxCFL_Ne=  1.365783742446514E-003 maxCFL_Ts=
  5.102011094536748E-004 CPU=   1035.51161980933      NumThreads=           4 
 Elapsed time=  3.862824833135654E-003
 CFL_Limit=  1.000000000000000E-003
 dt_init=  1.000000000000000E-018 dt=  1.000000000000000E-018
 Time= -1.560000000001468E-013 Intensity=  4.802545629240912E-004
   4733.21257932962      < Te <    4760.38866630575     
   4733.09837057603      < Th <    4811.96219539534     
   80.0000000000000      < Ts <   80.0000000000000     
   7960299.10132209      < Ne <   7964599.42356811     
   7960299.10132209      < Nh <   7964599.42354079     
 CFL_Te=  1.785207290737866E-003 maxCFL_Ne=  1.378050047908130E-003 maxCFL_Ts=
  5.102011094536748E-004 CPU=   1035.45093942539      NumThreads=           4 
 Elapsed time=  3.863051205709221E-003
 CFL_Limit=  1.000000000000000E-003
 dt_init=  1.000000000000000E-018 dt=  1.000000000000000E-018
 Time= -1.550000000001501E-013 Intensity=  8.232350018316378E-004
   4757.67679457231      < Te <    4782.55140858372     
   4757.56111404116      < Th <    4822.30059898769     
   80.0000000000000      < Ts <   80.0000000000000     
   13658825.0059179      < Ne <   13666196.4727526     
   13658825.0059179      < Nh <   13666196.4727004     
 CFL_Te=  1.794439703208766E-003 maxCFL_Ne=  1.385176798125789E-003 maxCFL_Ts=
  5.102011094536748E-004 CPU=   1035.13129071819      NumThreads=           4 
 Elapsed time=  3.864244116535923E-003
 CFL_Limit=  1.000000000000000E-003
 dt_init=  1.000000000000000E-018 dt=  1.000000000000000E-018
 Time= -1.540000000001535E-013 Intensity=  1.406277423666162E-003
   4771.81249515572      < Te <    4795.89544679140     
   4771.69804710849      < Th <    4849.10759977896     
   80.0000000000000      < Ts <   80.0000000000000     
   23408631.3461357      < Ne <   23421223.5241817     
   23408631.3461357      < Nh <   23421223.5240890     
 CFL_Te=  1.799773103038160E-003 maxCFL_Ne=  1.389293794470437E-003 maxCFL_Ts=
  5.102011094536748E-004 CPU=   1034.61551260426      NumThreads=           4 
 Elapsed time=  3.866170525446206E-003
 CFL_Limit=  1.000000000000000E-003
 dt_init=  1.000000000000000E-018 dt=  1.000000000000000E-018
 Time= -1.530000000001568E-013 Intensity=  2.393938736395840E-003
   4779.92761473698      < Te <    4808.78578700712     
   4779.80162976357      < Th <    4856.85484294937     
   80.0000000000000      < Ts <   80.0000000000000     
   40032217.8773097      < Ne <   40053653.8925050     
   40032217.8773097      < Nh <   40053653.8923254     
 CFL_Te=  1.802837278945481E-003 maxCFL_Ne=  1.391659115168931E-003 maxCFL_Ts=
  5.102011094536748E-004 CPU=   1034.42161791737      NumThreads=           4 
 Elapsed time=  3.866895210536394E-003
 CFL_Limit=  1.000000000000000E-003
 dt_init=  1.000000000000000E-018 dt=  1.000000000000000E-018
 Time= -1.520000000001602E-013 Intensity=  4.061158219602303E-003
   4784.55081828104      < Te <    4809.64764223515     
   4784.40897783877      < Th <    4859.14185068203     
   80.0000000000000      < Ts <   80.0000000000000     
   68277683.9104500      < Ne <   68314048.7752262     
   68277683.9104500      < Nh <   68314048.7748609     
 CFL_Te=  1.804583468768862E-003 maxCFL_Ne=  1.393007046572892E-003 maxCFL_Ts=
  5.102011094536748E-004 CPU=   1034.25724757802      NumThreads=           4 
 Elapsed time=  3.867509760620013E-003
 CFL_Limit=  1.000000000000000E-003
 dt_init=  1.000000000000000E-018 dt=  1.000000000000000E-018
 Time= -1.510000000001635E-013 Intensity=  6.865649637718419E-003
   4787.15418385428      < Te <    4806.57685771609     
   4787.01073110734      < Th <    4860.47858599735     
   80.0000000000000      < Ts <   80.0000000000000     
   116104122.150204      < Ne <   116165599.163771     
   116104122.150204      < Nh <   116165599.163130     
 CFL_Te=  1.805563853257205E-003 maxCFL_Ne=  1.393763832016318E-003 maxCFL_Ts=
  5.102011094536748E-004 CPU=   1034.10062298817      NumThreads=           4 
 Elapsed time=  3.868095532561889E-003
 CFL_Limit=  1.000000000000000E-003
 dt_init=  1.000000000000000E-018 dt=  1.000000000000000E-018
 Time= -1.500000000001668E-013 Intensity=  1.156666652093452E-002
   4788.57588038128      < Te <    4808.56123870495     
   4788.42257121703      < Th <    4863.28386080012     
   80.0000000000000      < Ts <   80.0000000000000     
   196805808.834542      < Ne <   196909379.884252     
   196805808.834542      < Nh <   196909379.883120     
 CFL_Te=  1.806098411546702E-003 maxCFL_Ne=  1.394176472094742E-003 maxCFL_Ts=
  5.102011094536748E-004 CPU=   1034.08754206978      NumThreads=           4 
 Elapsed time=  3.868144462889258E-003
 CFL_Limit=  1.000000000000000E-003
 dt_init=  1.000000000000000E-018 dt=  1.000000000000000E-018
 Time= -1.490000000001702E-013 Intensity=  1.941912432240791E-002
   4789.30906987243      < Te <    4806.29670489971     
   4789.15727400741      < Th <    4851.46686162630     
   80.0000000000000      < Ts <   80.0000000000000     
   332509750.667611      < Ne <   332683634.224244     
   332509750.667611      < Nh <   332683634.222426     
 CFL_Te=  1.806372637666142E-003 maxCFL_Ne=  1.394388154692607E-003 maxCFL_Ts=
  5.102011094536748E-004 CPU=   1033.96562060763      NumThreads=           4 
 Elapsed time=  3.868600580403537E-003
 CFL_Limit=  1.000000000000000E-003
 dt_init=  1.000000000000000E-018 dt=  1.000000000000000E-018
 Time= -1.480000000001735E-013 Intensity=  3.248971634229540E-002
   4789.62789787885      < Te <    4813.65001486810     
   4789.48730531716      < Th <    4856.23601932822     
   80.0000000000000      < Ts <   80.0000000000000     
   559913485.388543      < Ne <   560204406.711458     
   559913485.388543      < Nh <   560204406.708697     
 CFL_Te=  1.806494235072967E-003 maxCFL_Ne=  1.394482019037197E-003 maxCFL_Ts=
  5.102011094536748E-004 CPU=   1033.84445365931      NumThreads=           4 
 Elapsed time=  3.869053981807342E-003
 CFL_Limit=  1.000000000000000E-003
 dt_init=  1.000000000000000E-018 dt=  1.000000000000000E-018
 Time= -1.470000000001768E-013 Intensity=  5.416977693705801E-002
   4789.70987273296      < Te <    4813.10784922163     
   4789.57010019404      < Th <    4868.32395786785     
   80.0000000000000      < Ts <   80.0000000000000     
   939663677.221099      < Ne <   940148727.956102     
   939663677.221099      < Nh <   940148727.951503     
 CFL_Te=  1.806525881747206E-003 maxCFL_Ne=  1.394506447965522E-003 maxCFL_Ts=
  5.102011094536748E-004 CPU=   1033.72631326886      NumThreads=           4 
 Elapsed time=  3.869496160304912E-003
 CFL_Limit=  1.000000000000000E-003
 dt_init=  1.000000000000000E-018 dt=  1.000000000000000E-018
 Time= -1.460000000001802E-013 Intensity=  9.000425155547633E-002
   4789.65393308586      < Te <    4814.06566060701     
   4789.49936296047      < Th <    4859.04392473466     
   80.0000000000000      < Ts <   80.0000000000000     
   1571629642.59681      < Ne <   1572435564.36211     
   1571629642.59681      < Nh <   1572435564.35366     
 CFL_Te=  1.806504149215252E-003 maxCFL_Ne=  1.394489672033194E-003 maxCFL_Ts=
  5.102011094536748E-004 CPU=   1033.64544739899      NumThreads=           4 
 Elapsed time=  3.869798885164540E-003
 CFL_Limit=  1.000000000000000E-003
 dt_init=  1.000000000000000E-018 dt=  1.000000000000000E-018
 Time= -1.450000000001835E-013 Intensity=  0.149026620296781     
   4789.51338078399      < Te <    4815.02642742174     
   4789.35804875040      < Th <    4864.72210581422     
   80.0000000000000      < Ts <   80.0000000000000     
   2619686049.08483      < Ne <   2621020475.77744     
   2619686049.08483      < Nh <   2621020475.77277     
 CFL_Te=  1.806450435944686E-003 maxCFL_Ne=  1.394448209299167E-003 maxCFL_Ts=
  5.102011094536748E-004 CPU=   1033.53481662276      NumThreads=           4 
 Elapsed time=  3.870213112965691E-003
 CFL_Limit=  1.000000000000000E-003
 dt_init=  1.000000000000000E-018 dt=  1.000000000000000E-018
 Time= -1.440000000001868E-013 Intensity=  0.245900566933201     
   4789.31676790397      < Te <    4811.56842360097     
   4789.15675107514      < Th <    4882.02131387183     
   80.0000000000000      < Ts <   80.0000000000000     
   4351777839.95345      < Ne <   4353979704.69065     
   4351777839.95345      < Nh <   4353979704.68155     
 CFL_Te=  1.806377297472670E-003 maxCFL_Ne=  1.394391751723969E-003 maxCFL_Ts=
  5.102011094536748E-004 CPU=   1033.43969293965      NumThreads=           4 
 Elapsed time=  3.870569349452669E-003
 CFL_Limit=  1.000000000000000E-003
 dt_init=  1.000000000000000E-018 dt=  1.000000000000000E-018
 Time= -1.430000000001902E-013 Intensity=  0.404343119790425     
   4789.08090308741      < Te <    4817.74744552152     
   4788.93755038888      < Th <    4879.51866264520     
   80.0000000000000      < Ts <   80.0000000000000     
   7204453713.15490      < Ne <   7208074330.26326     
   7204453713.15490      < Nh <   7208074330.22682     
 CFL_Te=  1.806292120252803E-003 maxCFL_Ne=  1.394326001111965E-003 maxCFL_Ts=
  5.102011094536748E-004 CPU=   1033.29850149873      NumThreads=           4 
 Elapsed time=  3.871098229793505E-003
 CFL_Limit=  1.000000000000000E-003
 dt_init=  1.000000000000000E-018 dt=  1.000000000000000E-018
 Time= -1.420000000001935E-013 Intensity=  0.662575595096888     
   4788.83093270512      < Te <    4819.67597787218     
   4788.70389440662      < Th <    4873.45687538358     
   80.0000000000000      < Ts <   80.0000000000000     
   11886430262.1156      < Ne <   11892363188.9355     
   11886430262.1156      < Nh <   11892363188.8791     
 CFL_Te=  1.806199259742983E-003 maxCFL_Ne=  1.394254319559537E-003 maxCFL_Ts=
  5.102011094536748E-004 CPU=   1033.13140773230      NumThreads=           4 
 Elapsed time=  3.871724322833152E-003
 CFL_Limit=  1.000000000000000E-003
 dt_init=  1.000000000000000E-018 dt=  1.000000000000000E-018
 Time= -1.410000000001969E-013 Intensity=   1.08197110566200     
   4788.56875207926      < Te <    4814.22363868064     
   4788.45856781793      < Th <    4892.40051657736     
   80.0000000000000      < Ts <   80.0000000000000     
   19544182635.2930      < Ne <   19553870988.2963     
   19544182635.2930      < Nh <   19553870988.2115     
 CFL_Te=  1.806101288392273E-003 maxCFL_Ne=  1.394178692810058E-003 maxCFL_Ts=
  5.102011094536748E-004 CPU=   1032.83685599692      NumThreads=           4 
 Elapsed time=  3.872828488618451E-003
 CFL_Limit=  1.000000000000000E-003
 dt_init=  1.000000000000000E-018 dt=  1.000000000000000E-018
 Time= -1.400000000002002E-013 Intensity=   1.76072179701996     
   4788.29712655271      < Te <    4815.71834985792     
   4788.21156368996      < Th <    4889.64110486397     
   80.0000000000000      < Ts <   80.0000000000000     
   32025737284.6974      < Ne <   32041503438.1638     
   32025737284.6974      < Nh <   32041503438.0511     
 CFL_Te=  1.805999726313448E-003 maxCFL_Ne=  1.394100294279917E-003 maxCFL_Ts=
  5.102011094536748E-004 CPU=   1032.57025234613      NumThreads=           4 
 Elapsed time=  3.873828430473841E-003
 CFL_Limit=  1.000000000000000E-003
 dt_init=  1.000000000000000E-018 dt=  1.000000000000000E-018
 Time= -1.390000000002035E-013 Intensity=   2.85535866567550     
   4788.01821437219      < Te <    4814.36602584623     
   4787.95918185338      < Th <    4889.80186977883     
   80.0000000000000      < Ts <   80.0000000000000     
   52299358415.1148      < Ne <   52324926396.2900     
   52299358415.1148      < Nh <   52324926396.1577     
 CFL_Te=  1.805895470415047E-003 maxCFL_Ne=  1.394019816317200E-003 maxCFL_Ts=
  5.102011094536748E-004 CPU=   1031.86983936094      NumThreads=           4 
 Elapsed time=  3.876457909146052E-003
 CFL_Limit=  1.000000000000000E-003
 dt_init=  1.000000000000000E-018 dt=  1.000000000000000E-018
 Time= -1.380000000002069E-013 Intensity=   4.61450845512207     
   4787.73513186347      < Te <    4813.42147987257     
   4787.68693498102      < Th <    4888.63148013408     
   80.0000000000000      < Ts <   80.0000000000000     
   85115630929.9101      < Ne <   85156951054.1579     
   85115630929.9101      < Nh <   85156951053.9770     
 CFL_Te=  1.805789047231206E-003 maxCFL_Ne=  1.393937665367922E-003 maxCFL_Ts=
  5.102011094536748E-004 CPU=   1031.18171663373      NumThreads=           4 
 Elapsed time=  3.879044726527847E-003
 CFL_Limit=  1.000000000000000E-003
 dt_init=  1.000000000000000E-018 dt=  1.000000000000000E-018
 Time= -1.370000000002102E-013 Intensity=   7.43164701947838     
   4787.44466409813      < Te <    4816.12487509939     
   4787.38230180376      < Th <    4885.71890292750     
   80.0000000000000      < Ts <   80.0000000000000     
   138050574274.369      < Ne <   138117120313.560     
   138050574274.369      < Nh <   138117120313.173     
 CFL_Te=  1.805680762352297E-003 maxCFL_Ne=  1.393854077325604E-003 maxCFL_Ts=
  5.102011094536748E-004 CPU=   1030.49627521413      NumThreads=           4 
 Elapsed time=  3.881624898807918E-003
 CFL_Limit=  1.000000000000000E-003
 dt_init=  1.000000000000000E-018 dt=  1.000000000000000E-018
 Time= -1.360000000002135E-013 Intensity=   11.9272288320214     
   4787.15277879800      < Te <    4814.85830242057     
   4787.07604750389      < Th <    4899.15310510108     
   80.0000000000000      < Ts <   80.0000000000000     
   223143006120.899      < Ne <   223249807526.231     
   223143006120.899      < Nh <   223249807525.450     
 CFL_Te=  1.805570789022701E-003 maxCFL_Ne=  1.393769185922290E-003 maxCFL_Ts=
  5.102011094536748E-004 CPU=   1029.71889168208      NumThreads=           4 
 Elapsed time=  3.884555321176893E-003
 CFL_Limit=  1.000000000000000E-003
 dt_init=  1.000000000000000E-018 dt=  1.000000000000000E-018
 Time= -1.350000000002169E-013 Intensity=   19.0760687668457     
   4786.85647839374      < Te <    4816.03751651802     
   4786.76172577830      < Th <    4893.68114135044     
   80.0000000000000      < Ts <   80.0000000000000     
   359455197066.724      < Ne <   359626012301.356     
   359455197066.724      < Nh <   359626012299.796     
 CFL_Te=  1.805459220835498E-003 maxCFL_Ne=  1.393683063405024E-003 maxCFL_Ts=
  5.102011094536748E-004 CPU=   1028.80191494954      NumThreads=           4 
 Elapsed time=  3.888017646425329E-003
 CFL_Limit=  1.000000000000000E-003
 dt_init=  1.000000000000000E-018 dt=  1.000000000000000E-018
 Time= -1.340000000002202E-013 Intensity=   30.4041633476423     
   4786.56336303062      < Te <    4805.77235642152     
   4786.45085475417      < Th <    4889.38588880149     
   80.0000000000000      < Ts <   80.0000000000000     
   577062637671.659      < Ne <   577334888618.396     
   577062637671.659      < Nh <   577334888615.439     
 CFL_Te=  1.805346103170135E-003 maxCFL_Ne=  1.393595744803435E-003 maxCFL_Ts=
  5.102011094536748E-004 CPU=   1028.20959524231      NumThreads=           4 
 Elapsed time=  3.890257412991106E-003
 CFL_Limit=  1.000000000000000E-003
 dt_init=  1.000000000000000E-018 dt=  1.000000000000000E-018
 Time= -1.330000000002235E-013 Intensity=   48.2916545115885     
   4786.26920996471      < Te <    4814.07544155040     
   4786.14226345589      < Th <    4886.90736747499     
   80.0000000000000      < Ts <   80.0000000000000     
   923247492271.125      < Ne <   923679912753.400     
   923247492271.124      < Nh <   923679912748.327     
 CFL_Te=  1.805231452004576E-003 maxCFL_Ne=  1.393507242451350E-003 maxCFL_Ts=
  5.102011094536748E-004 CPU=   1027.66304283367      NumThreads=           4 
 Elapsed time=  3.892326407856834E-003
 CFL_Limit=  1.000000000000000E-003
 dt_init=  1.000000000000000E-018 dt=  1.000000000000000E-018
 Time= -1.320000000002269E-013 Intensity=   76.4374099536951     
   4785.97147741607      < Te <    4811.93673015914     
   4785.85037619261      < Th <    4869.52974770224     
   80.0000000000000      < Ts <   80.0000000000000     
   1472077269933.12      < Ne <   1472761718063.07     
   1472077269933.11      < Nh <   1472761718057.92     
 CFL_Te=  1.805115265204320E-003 maxCFL_Ne=  1.393417554701087E-003 maxCFL_Ts=
  5.102011094536748E-004 CPU=   1027.09276050158      NumThreads=           4 
 Elapsed time=  3.894487580699717E-003
 CFL_Limit=  1.000000000000000E-003
 dt_init=  1.000000000000000E-018 dt=  1.000000000000000E-018
 Time= -1.310000000002302E-013 Intensity=   120.568731186450     
   4785.66952288209      < Te <    4807.41437520438     
   4785.55883083868      < Th <    4859.91409491401     
   80.0000000000000      < Ts <   80.0000000000000     
   2339164019876.72      < Ne <   2340243636476.91     
   2339164019876.72      < Nh <   2340243636469.40     
 CFL_Te=  1.804997529314629E-003 maxCFL_Ne=  1.393326671166570E-003 maxCFL_Ts=
  5.102011094536748E-004 CPU=   1026.58754850059      NumThreads=           4 
 Elapsed time=  3.896404165277758E-003
 CFL_Limit=  1.000000000000000E-003
 dt_init=  1.000000000000000E-018 dt=  1.000000000000000E-018
 Time= -1.300000000002336E-013 Intensity=   189.521405496306     
   4785.35548363322      < Te <    4802.64654778341     
   4785.24528099935      < Th <    4863.28117291749     
   80.0000000000000      < Ts <   80.0000000000000     
   3704321374318.34      < Ne <   3706018413852.30     
   3704321374318.34      < Nh <   3706018413840.77     
 CFL_Te=  1.804878223655848E-003 maxCFL_Ne=  1.393234575884609E-003 maxCFL_Ts=
  5.102011094536748E-004 CPU=   1026.05901347656      NumThreads=           4 
 Elapsed time=  3.898411248732125E-003
 CFL_Limit=  1.000000000000000E-003
 dt_init=  1.000000000000000E-018 dt=  1.000000000000000E-018
 Time= -1.290000000002369E-013 Intensity=   296.877098171340     
   4785.02663352544      < Te <    4807.97768275065     
   4784.91594689934      < Th <    4883.77567883951     
   80.0000000000000      < Ts <   80.0000000000000     
   5846216274097.02      < Ne <   5848874610139.36     
   5846216274097.02      < Nh <   5848874610120.68     
 CFL_Te=  1.804757322796248E-003 maxCFL_Ne=  1.393141249223762E-003 maxCFL_Ts=
  5.102011094536748E-004 CPU=   1025.56040190227      NumThreads=           4 
 Elapsed time=  3.900306595867547E-003
 CFL_Limit=  1.000000000000000E-003
 dt_init=  1.000000000000000E-018 dt=  1.000000000000000E-018
 Time= -1.280000000002402E-013 Intensity=   463.436221111202     
   4784.69391419150      < Te <    4809.07762214479     
   4784.58110134293      < Th <    4876.37938980685     
   80.0000000000000      < Ts <   80.0000000000000     
   9195167948715.81      < Ne <   9199317708298.51     
   9195167948715.81      < Nh <   9199317708264.09     
 CFL_Te=  1.804634798045376E-003 maxCFL_Ne=  1.393046669037088E-003 maxCFL_Ts=
  5.102011094536748E-004 CPU=   1024.94392633620      NumThreads=           4 
 Elapsed time=  3.902652522951708E-003
 CFL_Limit=  1.000000000000000E-003
 dt_init=  1.000000000000000E-018 dt=  1.000000000000000E-018
 Time= -1.270000000002436E-013 Intensity=   720.938306690287     
   4784.35321051909      < Te <    4816.76655000739     
   4784.24470036596      < Th <    4874.22789061305     
   80.0000000000000      < Ts <   80.0000000000000     
   14413297836151.1      < Ne <   14419753398277.9     
   14413297836151.1      < Nh <   14419753398223.0     
 CFL_Te=  1.804510618354046E-003 maxCFL_Ne=  1.392950811356876E-003 maxCFL_Ts=
  5.102011094536748E-004 CPU=   1024.46685611002      NumThreads=           4 
 Elapsed time=  3.904469896847902E-003
 CFL_Limit=  1.000000000000000E-003
 dt_init=  1.000000000000000E-018 dt=  1.000000000000000E-018
 Time= -1.260000000002469E-013 Intensity=   1117.63779565272     
   4784.01109951612      < Te <    4810.65092279748     
   4783.90433856288      < Th <    4870.16172625301     
   80.0000000000000      < Ts <   80.0000000000000     
   22515744299724.5      < Ne <   22525752117895.2     
   22515744299724.5      < Nh <   22525752117801.7     
 CFL_Te=  1.804384750853676E-003 maxCFL_Ne=  1.392853650810976E-003 maxCFL_Ts=
  5.102011094536748E-004 CPU=   1024.05558095259      NumThreads=           4 
 Elapsed time=  3.906037986999825E-003
 CFL_Limit=  1.000000000000000E-003
 dt_init=  1.000000000000000E-018 dt=  1.000000000000000E-018
 Time= -1.250000000002502E-013 Intensity=   1726.62851138827     
   4783.67076961036      < Te <    4807.83981397077     
   4783.55836273829      < Th <    4876.65706397225     
   80.0000000000000      < Ts <   80.0000000000000     
   35053295964966.5      < Ne <   35068756981804.8     
   35053295964966.5      < Nh <   35068756981638.9     
 CFL_Te=  1.804257161175344E-003 maxCFL_Ne=  1.392755160869078E-003 maxCFL_Ts=
  5.102011094536748E-004 CPU=   1023.63300886089      NumThreads=           4 
 Elapsed time=  3.907650462006160E-003
 CFL_Limit=  1.000000000000000E-003
 dt_init=  1.000000000000000E-018 dt=  1.000000000000000E-018
 Time= -1.240000000002536E-013 Intensity=   2658.22406883936     
   4783.33431991717      < Te <    4801.33202421652     
   4783.19995969059      < Th <    4879.70110904785     
   80.0000000000000      < Ts <   80.0000000000000     
   54386533278148.9      < Ne <   54410336151602.4     
   54386533278148.9      < Nh <   54410336151285.6     
 CFL_Te=  1.804127813633826E-003 maxCFL_Ne=  1.392655313984793E-003 maxCFL_Ts=
  5.102011094536748E-004 CPU=   1023.18432912266      NumThreads=           4 
 Elapsed time=  3.909364017947605E-003
 CFL_Limit=  1.000000000000000E-003
 dt_init=  1.000000000000000E-018 dt=  1.000000000000000E-018
 Time= -1.230000000002569E-013 Intensity=   4078.29948007646     
   4782.99166593660      < Te <    4812.09456068443     
   4782.83943070730      < Th <    4874.55576100590     
   80.0000000000000      < Ts <   80.0000000000000     
   84095784678834.5      < Ne <   84132303423580.2     
   84095784678834.5      < Nh <   84132303423034.9     
 CFL_Te=  1.803996671328444E-003 maxCFL_Ne=  1.392554081673481E-003 maxCFL_Ts=
  5.102011094536748E-004 CPU=   1022.71399244155      NumThreads=           4 
 Elapsed time=  3.911161898206471E-003
 CFL_Limit=  1.000000000000000E-003
 dt_init=  1.000000000000000E-018 dt=  1.000000000000000E-018
 Time= -1.220000000002602E-013 Intensity=   6235.35941631764     
   4782.64087329915      < Te <    4811.95132574860     
   4782.47981742884      < Th <    4862.31527596159     
   80.0000000000000      < Ts <   80.0000000000000     
   129591879091893.      < Ne <   129647713218131.     
   129591879091893.      < Nh <   129647713217714.     
 CFL_Te=  1.803863696192102E-003 maxCFL_Ne=  1.392451434550114E-003 maxCFL_Ts=
  5.102011094536748E-004 CPU=   1022.27050415289      NumThreads=           4 
 Elapsed time=  3.912858664854678E-003
 CFL_Limit=  1.000000000000000E-003
 dt_init=  1.000000000000000E-018 dt=  1.000000000000000E-018
 Time= -1.210000000002636E-013 Intensity=   9500.33063335556     
   4782.26948534666      < Te <    4813.45845507321     
   4782.10577677858      < Th <    4863.48492390936     
   80.0000000000000      < Ts <   80.0000000000000     
   199022620847852.      < Ne <   199107691330261.     
   199022620847852.      < Nh <   199107691328870.     
 CFL_Te=  1.803728849007955E-003 maxCFL_Ne=  1.392347342342145E-003 maxCFL_Ts=
  5.102011094536748E-004 CPU=   1021.83400072604      NumThreads=           4 
 Elapsed time=  3.914530145951215E-003
 CFL_Limit=  1.000000000000000E-003
 dt_init=  1.000000000000000E-018 dt=  1.000000000000000E-018
 Time= -1.200000000002669E-013 Intensity=   14424.8331367220     
   4781.89889294014      < Te <    4815.08447479568     
   4781.72188971489      < Th <    4863.51064835768     
   80.0000000000000      < Ts <   80.0000000000000     
   304613103359678.      < Ne <   304742270886025.     
   304613103359678.      < Nh <   304742270883577.     
 CFL_Te=  1.803592089405392E-003 maxCFL_Ne=  1.392241773886403E-003 maxCFL_Ts=
  5.102011094536748E-004 CPU=   1021.43860771275      NumThreads=           4 
 Elapsed time=  3.916045438067976E-003
 CFL_Limit=  1.000000000000000E-003
 dt_init=  1.000000000000000E-018 dt=  1.000000000000000E-018
 Time= -1.190000000002703E-013 Intensity=   21826.1796778171     
   4781.52715664928      < Te <    4812.90063685610     
   4781.33946480835      < Th <    4871.59982369235     
   80.0000000000000      < Ts <   80.0000000000000     
   464640015367688.      < Ne <   464835459056203.     
   464640015367688.      < Nh <   464835459051995.     
 CFL_Te=  1.803453375842728E-003 maxCFL_Ne=  1.392134697115729E-003 maxCFL_Ts=
  5.102011094536748E-004 CPU=   1021.02552281761      NumThreads=           4 
 Elapsed time=  3.917629785552908E-003
 CFL_Limit=  1.000000000000000E-003
 dt_init=  1.000000000000000E-018 dt=  1.000000000000000E-018
 Time= -1.180000000002736E-013 Intensity=   32910.8806942736     
   4781.15053704112      < Te <    4812.50979618094     
   4780.93631098753      < Th <    4871.28627405942     
   80.0000000000000      < Ts <   80.0000000000000     
   706328832560704.      < Ne <   706623535665318.     
   706328832560704.      < Nh <   706623535657653.     
 CFL_Te=  1.803312665580899E-003 maxCFL_Ne=  1.392026079038680E-003 maxCFL_Ts=
  5.102011094536748E-004 CPU=   1020.60759440261      NumThreads=           4 
 Elapsed time=  3.919234015048964E-003
 CFL_Limit=  1.000000000000000E-003
 dt_init=  1.000000000000000E-018 dt=  1.000000000000000E-018
 Time= -1.170000000002769E-013 Intensity=   49453.3973638854     
   4780.77418040915      < Te <    4807.50941329146     
   4780.54577583463      < Th <    4887.34429495678     
   80.0000000000000      < Ts <   80.0000000000000     
  1.070089190755272E+015 < Ne <  1.070532024923628E+015
  1.070089190755272E+015 < Nh <  1.070532024910893E+015
 CFL_Te=  1.803169914651001E-003 maxCFL_Ne=  1.391915885714461E-003 maxCFL_Ts=
  5.102011094536748E-004 CPU=   1020.03295114819      NumThreads=           4 
 Elapsed time=  3.921441945083676E-003
 CFL_Limit=  1.000000000000000E-003
 dt_init=  1.000000000000000E-018 dt=  1.000000000000000E-018
 Time= -1.160000000002803E-013 Intensity=   74053.8445926705     
   4780.39089697639      < Te <    4812.48165316029     
   4780.13981884004      < Th <    4882.84739901944     
   80.0000000000000      < Ts <   80.0000000000000     
  1.615683036091088E+015 < Ne <  1.616346156976456E+015
  1.615683036091088E+015 < Nh <  1.616346156955186E+015
 CFL_Te=  1.803025077817242E-003 maxCFL_Ne=  1.391804082224337E-003 maxCFL_Ts=
  5.102011094536748E-004 CPU=   1019.59850979655      NumThreads=           4 
 Elapsed time=  3.923112834676603E-003
 CFL_Limit=  1.000000000000000E-003
 dt_init=  1.000000000000000E-018 dt=  1.000000000000000E-018
 Time= -1.150000000002836E-013 Intensity=   110508.055842179     
   4779.99351979976      < Te <    4815.02590025920     
   4779.73019236826      < Th <    4888.88400773094     
   80.0000000000000      < Ts <   80.0000000000000     
  2.431173407161619E+015 < Ne <  2.432162965531356E+015
  2.431173407161619E+015 < Nh <  2.432162965497074E+015
 CFL_Te=  1.802878108536493E-003 maxCFL_Ne=  1.391690632640400E-003 maxCFL_Ts=
  5.102011094536748E-004 CPU=   1019.18712174055      NumThreads=           4 
 Elapsed time=  3.924696372898505E-003
 CFL_Limit=  1.000000000000000E-003
 dt_init=  1.000000000000000E-018 dt=  1.000000000000000E-018
 Time= -1.140000000002869E-013 Intensity=   164336.909951116     
   4779.58768898749      < Te <    4815.87557198850     
   4779.31635986618      < Th <    4877.37605286866     
   80.0000000000000      < Ts <   80.0000000000000     
  3.645857918227930E+015 < Ne <  3.647329504751528E+015
  3.645857918227930E+015 < Nh <  3.647329504695965E+015
 CFL_Te=  1.802728958914795E-003 maxCFL_Ne=  1.391575499991998E-003 maxCFL_Ts=
  5.102011094536748E-004 CPU=   1018.86409413148      NumThreads=           4 
 Elapsed time=  3.925940685356807E-003
 CFL_Limit=  1.000000000000000E-003
 dt_init=  1.000000000000000E-018 dt=  1.000000000000000E-018
 Time= -1.130000000002903E-013 Intensity=   243540.472772856     
   4779.17927277933      < Te <    4812.75492732513     
   4778.93262436640      < Th <    4860.91090706739     
   80.0000000000000      < Ts <   80.0000000000000     
  5.448889904119529E+015 < Ne <  5.451070746213587E+015
  5.448889904119529E+015 < Nh <  5.451070746133915E+015
 CFL_Te=  1.802577579661365E-003 maxCFL_Ne=  1.391458646230240E-003 maxCFL_Ts=
  5.102011094536748E-004 CPU=   1018.42923313674      NumThreads=           4 
 Elapsed time=  3.927617030080805E-003
 CFL_Limit=  1.000000000000000E-003
 dt_init=  1.000000000000000E-018 dt=  1.000000000000000E-018
 Time= -1.120000000002936E-013 Intensity=   359668.184683424     
   4778.77741887385      < Te <    4806.81506457073     
   4778.54417609091      < Th <    4869.34639328134     
   80.0000000000000      < Ts <   80.0000000000000     
  8.115985916945374E+015 < Ne <  8.119206644847678E+015
  8.115985916945373E+015 < Nh <  8.119206644731212E+015
 CFL_Te=  1.802423920040232E-003 maxCFL_Ne=  1.391340032190648E-003 maxCFL_Ts=
  5.102011094536748E-004 CPU=   1018.07399198278      NumThreads=           4 
 Elapsed time=  3.928987511221719E-003
 CFL_Limit=  1.000000000000000E-003
 dt_init=  1.000000000000000E-018 dt=  1.000000000000000E-018
 Time= -1.110000000002969E-013 Intensity=   529331.514559278     
   4778.37367658253      < Te <    4802.89539872770     
   4778.15429750002      < Th <    4865.43034092308     
   80.0000000000000      < Ts <   80.0000000000000     
  1.204758432505787E+016 < Ne <  1.205232431474337E+016
  1.204758432505787E+016 < Nh <  1.205232431458006E+016
 CFL_Te=  1.802267927819535E-003 maxCFL_Ne=  1.391219617554029E-003 maxCFL_Ts=
  5.102011094536748E-004 CPU=   1017.73549238776      NumThreads=           4 
 Elapsed time=  3.930294295441523E-003
 CFL_Limit=  1.000000000000000E-003
 dt_init=  1.000000000000000E-018 dt=  1.000000000000000E-018
 Time= -1.100000000003003E-013 Intensity=   776333.504121240     
   4777.94965472552      < Te <    4811.37392133718     
   4777.73839722565      < Th <    4871.22953178568     
   80.0000000000001      < Ts <   80.0000000000001     
  1.782315539698659E+016 < Ne <  1.783010723133246E+016
  1.782315539698659E+016 < Nh <  1.783010723110194E+016
 CFL_Te=  1.802109549218589E-003 maxCFL_Ne=  1.391097360805610E-003 maxCFL_Ts=
  5.102011094536749E-004 CPU=   1017.37777990475      NumThreads=           4 
 Elapsed time=  3.931676196402183E-003
 CFL_Limit=  1.000000000000000E-003
 dt_init=  1.000000000000000E-018 dt=  1.000000000000000E-018
 Time= -1.090000000003036E-013 Intensity=   1134654.80755462     
   4777.51987282359      < Te <    4808.23809037801     
   4777.29388435641      < Th <    4873.86100380724     
   80.0000000000001      < Ts <   80.0000000000001     
  2.627820181085318E+016 < Ne <  2.628836233619572E+016
  2.627820181085318E+016 < Nh <  2.628836233583152E+016
 CFL_Te=  1.801948728852610E-003 maxCFL_Ne=  1.390973219192367E-003 maxCFL_Ts=
  5.102011094536749E-004 CPU=   1017.07050616716      NumThreads=           4 
 Elapsed time=  3.932864020483742E-003
 CFL_Limit=  1.000000000000000E-003
 dt_init=  1.000000000000000E-018 dt=  1.000000000000000E-018
 Time= -1.080000000003070E-013 Intensity=   1652623.92535867     
   4777.09100150693      < Te <    4803.28329162263     
   4776.84543820287      < Th <    4873.71921394841     
   80.0000000000010      < Ts <   80.0000000000019     
  3.861300831602985E+016 < Ne <  3.862780708662372E+016
  3.861300831602985E+016 < Nh <  3.862780708604376E+016
 CFL_Te=  1.801785409675155E-003 maxCFL_Ne=  1.390847148678605E-003 maxCFL_Ts=
  5.102011094536775E-004 CPU=   1016.79629518948      NumThreads=           4 
 Elapsed time=  3.933924640485223E-003
 CFL_Limit=  1.000000000000000E-003
 dt_init=  1.000000000000000E-018 dt=  1.000000000000000E-018
 Time= -1.070000000003103E-013 Intensity=   2398717.83430975     
   4776.65301263612      < Te <    4809.34308683795     
   4776.39518708002      < Th <    4868.05430472646     
   80.0000000000284      < Ts <   80.0000000000327     
  5.654563749535822E+016 < Ne <  5.656711731229050E+016
  5.654563749535822E+016 < Nh <  5.656711731140968E+016
 CFL_Te=  1.801619532918101E-003 maxCFL_Ne=  1.390719103899608E-003 maxCFL_Ts=
  5.102011094537549E-004 CPU=   1016.48459815403      NumThreads=           4 
 Elapsed time=  3.935130947644598E-003
 CFL_Limit=  1.000000000000000E-003
 dt_init=  1.000000000000000E-018 dt=  1.000000000000000E-018
 Time= -1.060000000003136E-013 Intensity=   3469597.86881172     
   4776.19976277746      < Te <    4807.78931825580     
   4775.95012296601      < Th <    4861.17300102996     
   80.0000000000677      < Ts <   80.0000000000755     
  8.252633919927629E+016 < Ne <  8.255740859437560E+016
  8.252633919927627E+016 < Nh <  8.255740859312026E+016
 CFL_Te=  1.801451038029229E-003 maxCFL_Ne=  1.390589038113475E-003 maxCFL_Ts=
  5.102011094538665E-004 CPU=   1016.03657307950      NumThreads=           4 
 Elapsed time=  3.936866158150619E-003
 CFL_Limit=  1.000000000000000E-003
 dt_init=  1.000000000000000E-018 dt=  1.000000000000000E-018
 Time= -1.050000000003170E-013 Intensity=   5001197.10000210     
   4775.74038871424      < Te <    4805.93946244374     
   4775.50151235889      < Th <    4866.87426207346     
   80.0000000001243      < Ts <   80.0000000001393     
  1.200368576713226E+017 < Ne <  1.200816423722772E+017
  1.200368576713226E+017 < Nh <  1.200816423704892E+017
 CFL_Te=  1.801279862607216E-003 maxCFL_Ne=  1.390456903150924E-003 maxCFL_Ts=
  5.102011094540272E-004 CPU=   1015.58533391786      NumThreads=           4 
 Elapsed time=  3.938615364372257E-003
 CFL_Limit=  1.000000000000000E-003
 dt_init=  1.000000000000000E-018 dt=  1.000000000000000E-018
 Time= -1.040000000003203E-013 Intensity=   7183955.75640268     
   4775.27920304726      < Te <    4806.95934037430     
   4775.04096862283      < Th <    4857.35674294664     
   80.0000000002095      < Ts <   80.0000000002333     
  1.740066241996527E+017 < Ne <  1.740709551308236E+017
  1.740066241996527E+017 < Nh <  1.740709551281909E+017
 CFL_Te=  1.801105942334046E-003 maxCFL_Ne=  1.390322649363129E-003 maxCFL_Ts=
  5.102011094542684E-004 CPU=   1015.17381836489      NumThreads=           4 
 Elapsed time=  3.940211939707706E-003
 CFL_Limit=  1.000000000000000E-003
 dt_init=  1.000000000000000E-018 dt=  1.000000000000000E-018
 Time= -1.030000000003236E-013 Intensity=   10283671.0777696     
   4774.80667087138      < Te <    4810.44053178011     
   4774.58272283609      < Th <    4850.82630276133     
   80.0000000003313      < Ts <   80.0000000003715     
  2.513892199111162E+017 < Ne <  2.514813085425701E+017
  2.513892199111161E+017 < Nh <  2.514813085389127E+017
 CFL_Te=  1.800929210904765E-003 maxCFL_Ne=  1.390186225567502E-003 maxCFL_Ts=
  5.102011094546126E-004 CPU=   1014.83977577135      NumThreads=           4 
 Elapsed time=  3.941508891844246E-003
 CFL_Limit=  1.000000000000000E-003
 dt_init=  1.000000000000000E-018 dt=  1.000000000000000E-018
 Time= -1.020000000003270E-013 Intensity=   14669913.5881456     
   4774.33018169340      < Te <    4800.41964922902     
   4774.12322914477      < Th <    4849.06849650544     
   80.0000000005090      < Ts <   80.0000000005720     
  3.619576974731156E+017 < Ne <  3.620890643860568E+017
  3.619576974731156E+017 < Nh <  3.620890643810689E+017
 CFL_Te=  1.800749599954539E-003 maxCFL_Ne=  1.390047578991360E-003 maxCFL_Ts=
  5.102011094551163E-004 CPU=   1014.50244490596      NumThreads=           4 
 Elapsed time=  3.942819477749773E-003
 CFL_Limit=  1.000000000000000E-003
 dt_init=  1.000000000000000E-018 dt=  1.000000000000000E-018
 Time= -1.010000000003303E-013 Intensity=   20854596.1456827     
   4773.85130135068      < Te <    4800.81484147785     
   4773.64885155329      < Th <    4855.92518894673     
   80.0000000007649      < Ts <   80.0000000008617     
  5.193975404703010E+017 < Ne <  5.195842898322142E+017
  5.193975404703010E+017 < Nh <  5.195842898251901E+017
 CFL_Te=  1.800567038982986E-003 maxCFL_Ne=  1.389906655213545E-003 maxCFL_Ts=
  5.102011094558408E-004 CPU=   1014.07915627434      NumThreads=           4 
 Elapsed time=  3.944465257224821E-003
 CFL_Limit=  1.000000000000000E-003
 dt_init=  1.000000000000000E-018 dt=  1.000000000000000E-018
 Time= -1.000000000003336E-013 Intensity=   29544106.6529977     
   4773.36733308687      < Te <    4797.32761060119     
   4773.16482184614      < Th <    4854.91417098195     
   80.0000000011335      < Ts <   80.0000000012771     
  7.428027254318062E+017 < Ne <  7.430672866215567E+017
  7.428027254318062E+017 < Nh <  7.430672866116680E+017
 CFL_Te=  1.800381455275832E-003 maxCFL_Ne=  1.389763398103930E-003 maxCFL_Ts=
  5.102011094568852E-004 CPU=   1013.65484786343      NumThreads=           4 
 Elapsed time=  3.946116381163812E-003
 CFL_Limit=  1.000000000000000E-003
 dt_init=  1.000000000000000E-018 dt=  1.000000000000000E-018
 Time= -9.900000000033698E-014 Intensity=   41709481.4776225     
   4772.86381480665      < Te <    4802.02437006914     
   4772.68439648723      < Th <    4841.97344908875     
   80.0000000016603      < Ts <   80.0000000018703     
  1.058715458540452E+018 < Ne <  1.059088959244925E+018
  1.058715458540452E+018 < Nh <  1.059088959232469E+018
 CFL_Te=  1.800192773823910E-003 maxCFL_Ne=  1.389617749760902E-003 maxCFL_Ts=
  5.102011094583799E-004 CPU=   1012.72468832582      NumThreads=           4 
 Elapsed time=  3.949740779611679E-003
 CFL_Limit=  1.000000000000000E-003
 dt_init=  1.000000000000000E-018 dt=  1.000000000000000E-018
 Time= -9.800000000034032E-014 Intensity=   58680468.0536664     
   4772.35363541972      < Te <    4801.78663571206     
   4772.18060743223      < Th <    4844.12090873713     
   80.0000000024114      < Ts <   80.0000000027179     
  1.503896125239040E+018 < Ne <  1.504421599067367E+018
  1.503896125239040E+018 < Nh <  1.504421599050398E+018
 CFL_Te=  1.800000917239709E-003 maxCFL_Ne=  1.389469650446934E-003 maxCFL_Ts=
  5.102011094605091E-004 CPU=   1012.25865184960      NumThreads=           4 
 Elapsed time=  3.951559211364817E-003
 CFL_Limit=  1.000000000000000E-003
 dt_init=  1.000000000000000E-018 dt=  1.000000000000000E-018
 Time= -9.700000000034366E-014 Intensity=   82271079.8515605     
   4771.83736066389      < Te <    4795.36647690082     
   4771.66160443674      < Th <    4847.90600578176     
   80.0000000034765      < Ts <   80.0000000039233     
  2.129069886852385E+018 < Ne <  2.129806610905472E+018
  2.129069886852385E+018 < Nh <  2.129806610881207E+018
 CFL_Te=  1.799805805671569E-003 maxCFL_Ne=  1.389319038522359E-003 maxCFL_Ts=
  5.102011094635241E-004 CPU=   1011.96320869856      NumThreads=           4 
 Elapsed time=  3.952712870998748E-003
 CFL_Limit=  1.000000000000000E-003
 dt_init=  1.000000000000000E-018 dt=  1.000000000000000E-018
 Time= -9.600000000034699E-014 Intensity=   114946479.923098     
   4771.31133022357      < Te <    4799.00547559227     
   4771.11538591915      < Th <    4856.34356818182     
   80.0000000049834      < Ts <   80.0000000056339     
  3.003974027224194E+018 < Ne <  3.005003355072825E+018
  3.003974027224194E+018 < Nh <  3.005003355035343E+018
 CFL_Te=  1.799607356716065E-003 maxCFL_Ne=  1.389165850377734E-003 maxCFL_Ts=
  5.102011094677905E-004 CPU=   1011.70981466088      NumThreads=           4 
 Elapsed time=  3.953702872143002E-003
 CFL_Limit=  1.000000000000000E-003
 dt_init=  1.000000000000000E-018 dt=  1.000000000000000E-018
 Time= -9.500000000035033E-014 Intensity=   160043855.317290     
   4770.77076539252      < Te <    4802.94195179259     
   4770.55176592920      < Th <    4863.09036239626     
   80.0000000071062      < Ts <   80.0000000080359     
  4.224130374395175E+018 < Ne <  4.225563549424879E+018
  4.224130374395175E+018 < Nh <  4.225563549366085E+018
 CFL_Te=  1.799405485328784E-003 maxCFL_Ne=  1.389010020364962E-003 maxCFL_Ts=
  5.102011094738017E-004 CPU=   1011.42953228202      NumThreads=           4 
 Elapsed time=  3.954798502842884E-003
 CFL_Limit=  1.000000000000000E-003
 dt_init=  1.000000000000000E-018 dt=  1.000000000000000E-018
 Time= -9.400000000035367E-014 Intensity=   222063501.294921     
   4770.22118577270      < Te <    4799.92585345284     
   4769.98697869883      < Th <    4862.99539885621     
   80.0000000100876      < Ts <   80.0000000113541     
  5.919895804602827E+018 < Ne <  5.921884368757410E+018
  5.919895804602827E+018 < Nh <  5.921884368667447E+018
 CFL_Te=  1.799200103734426E-003 maxCFL_Ne=  1.388851480727907E-003 maxCFL_Ts=
  5.102011094822623E-004 CPU=   1010.89506487651      NumThreads=           4 
 Elapsed time=  3.956889432919179E-003
 CFL_Limit=  1.000000000000000E-003
 dt_init=  1.000000000000000E-018 dt=  1.000000000000000E-018
 Time= -9.300000000035700E-014 Intensity=   307050784.689675     
   4769.66863308607      < Te <    4798.25842955697     
   4769.40552518858      < Th <    4867.96377730760     
   80.0000000142597      < Ts <   80.0000000159466     
  8.268508229355777E+018 < Ne <  8.271257849600154E+018
  8.268508229355777E+018 < Nh <  8.271257849457362E+018
 CFL_Te=  1.798991121337057E-003 maxCFL_Ne=  1.388690161533101E-003 maxCFL_Ts=
  5.102011094940938E-004 CPU=   1010.20229353091      NumThreads=           4 
 Elapsed time=  3.959602968252040E-003
 CFL_Limit=  1.000000000000000E-003
 dt_init=  1.000000000000000E-018 dt=  1.000000000000000E-018
 Time= -9.200000000036034E-014 Intensity=   423095192.007019     
   4769.10845177870      < Te <    4794.12627942420     
   4768.82457076588      < Th <    4873.16966750660     
   80.0000000200766      < Ts <   80.0000000223598     
  1.151005441025804E+019 < Ne <  1.151384319494735E+019
  1.151005441025804E+019 < Nh <  1.151384319473232E+019
 CFL_Te=  1.798778444631745E-003 maxCFL_Ne=  1.388525990601540E-003 maxCFL_Ts=
  5.102011095106106E-004 CPU=   1009.55874494215      NumThreads=           4 
 Elapsed time=  3.962127038213317E-003
 CFL_Limit=  1.000000000000000E-003
 dt_init=  1.000000000000000E-018 dt=  1.000000000000000E-018
 Time= -9.100000000036367E-014 Intensity=   580979513.569648     
   4768.54130279435      < Te <    4789.55747465120     
   4768.21613127285      < Th <    4877.98908386995     
   80.0000000281551      < Ts <   80.0000000312430     
  1.596855013876025E+019 < Ne <  1.597375274420487E+019
  1.596855013876025E+019 < Nh <  1.597375274386929E+019
 CFL_Te=  1.798561977119242E-003 maxCFL_Ne=  1.388358893442842E-003 maxCFL_Ts=
  5.102011095334947E-004 CPU=   1008.94383459208      NumThreads=           4 
 Elapsed time=  3.964541793961412E-003
 CFL_Limit=  1.000000000000000E-003
 dt_init=  1.000000000000000E-018 dt=  1.000000000000000E-018
 Time= -9.000000000036701E-014 Intensity=   795020627.865727     
   4767.96599766505      < Te <    4789.24373491517     
   4767.60166085867      < Th <    4876.56663459227     
   80.0000000393442      < Ts <   80.0000000435343     
  2.207965561031793E+019 < Ne <  2.208677488705539E+019
  2.207965561031793E+019 < Nh <  2.208677488655296E+019
 CFL_Te=  1.798341619226031E-003 maxCFL_Ne=  1.388188793193495E-003 maxCFL_Ts=
  5.102011095652403E-004 CPU=   1008.39308781324      NumThreads=           4 
 Elapsed time=  3.966707079155266E-003
 CFL_Limit=  1.000000000000000E-003
 dt_init=  1.000000000000000E-018 dt=  1.000000000000000E-018
 Time= -8.900000000037035E-014 Intensity=   1084153623.55440     
   4767.37874260821      < Te <    4790.83144739102     
   4766.98778181315      < Th <    4888.27474481327     
   80.0000000547860      < Ts <   80.0000000605770     
  3.042696453143377E+019 < Ne <  3.043667289576867E+019
  3.042696453143377E+019 < Nh <  3.043667289505520E+019
 CFL_Te=  1.798117268232304E-003 maxCFL_Ne=  1.388015610561286E-003 maxCFL_Ts=
  5.102011096090076E-004 CPU=   1007.75889414533      NumThreads=           4 
 Elapsed time=  3.969203371201543E-003
 CFL_Limit=  1.000000000000000E-003
 dt_init=  1.000000000000000E-018 dt=  1.000000000000000E-018
 Time= -8.800000000037368E-014 Intensity=   1473323459.87788     
   4766.77112174221      < Te <    4787.79915151968     
   4766.36688041318      < Th <    4869.92058734810     
   80.0000000760334      < Ts <   80.0000000840207     
  4.178932272914163E+019 < Ne <  4.180251605616633E+019
  4.178932272914163E+019 < Nh <  4.180251605518091E+019
 CFL_Te=  1.797888818211781E-003 maxCFL_Ne=  1.387839263778841E-003 maxCFL_Ts=
  5.102011096692479E-004 CPU=   1007.15032759296      NumThreads=           4 
 Elapsed time=  3.971601746444165E-003
 CFL_Limit=  1.000000000000000E-003
 dt_init=  1.000000000000000E-018 dt=  1.000000000000000E-018
 Time= -8.700000000037702E-014 Intensity=   1995263384.29891     
   4766.15503904576      < Te <    4788.36536254205     
   4765.75279084009      < Th <    4869.01740958704     
   80.0000001051557      < Ts <   80.0000001163316     
  5.720227200081888E+019 < Ne <  5.722013920364194E+019
  5.720227200081888E+019 < Nh <  5.722013920231977E+019
 CFL_Te=  1.797656159987763E-003 maxCFL_Ne=  1.387659668569697E-003 maxCFL_Ts=
  5.102011097518140E-004 CPU=   1006.55937794864      NumThreads=           4 
 Elapsed time=  3.973933468437774E-003
 CFL_Limit=  1.000000000000000E-003
 dt_init=  1.000000000000000E-018 dt=  1.000000000000000E-018
 Time= -8.600000000038036E-014 Intensity=   2692757295.95815     
   4765.52607028227      < Te <    4793.15146170558     
   4765.11198661196      < Th <    4892.58764731478     
   80.0000001449401      < Ts <   80.0000001600422     
  7.803750227619835E+019 < Ne <  7.806161543941241E+019
  7.803750227619835E+019 < Nh <  7.806161543758373E+019
 CFL_Te=  1.797419181111426E-003 maxCFL_Ne=  1.387476738131551E-003 maxCFL_Ts=
  5.102011098647470E-004 CPU=   1005.61977235361      NumThreads=           4 
 Elapsed time=  3.977646531987123E-003
 CFL_Limit=  1.000000000000000E-003
 dt_init=  1.000000000000000E-018 dt=  1.000000000000000E-018
 Time= -8.500000000038369E-014 Intensity=   3621504588.32363     
   4764.87692574632      < Te <    4793.02637474124     
   4764.44656636869      < Th <    4883.67553919074     
   80.0000001991122      < Ts <   80.0000002197428     
  1.061051581690664E+020 < Ne <  1.061375883765402E+020
  1.061051581690664E+020 < Nh <  1.061375883739397E+020
 CFL_Te=  1.797177765869631E-003 maxCFL_Ne=  1.387290383142284E-003 maxCFL_Ts=
  5.102011100184622E-004 CPU=   1005.13283411331      NumThreads=           4 
 Elapsed time=  3.979573509334863E-003
 CFL_Limit=  1.000000000000000E-003
 dt_init=  1.000000000000000E-018 dt=  1.000000000000000E-018
 Time= -8.400000000038703E-014 Intensity=   4853731164.66279     
   4764.22070989083      < Te <    4789.01868699960     
   4763.79978875380      < Th <    4867.55927707806     
   80.0000002726291      < Ts <   80.0000003012572     
  1.437850168547058E+020 < Ne <  1.438284817352313E+020
  1.437850168547058E+020 < Nh <  1.438284817316922E+020
 CFL_Te=  1.796931795331499E-003 maxCFL_Ne=  1.387100511795919E-003 maxCFL_Ts=
  5.102011102268485E-004 CPU=   1004.59893552169      NumThreads=           4 
 Elapsed time=  3.981688471452340E-003
 CFL_Limit=  1.000000000000000E-003
 dt_init=  1.000000000000000E-018 dt=  1.000000000000000E-018
 Time= -8.300000000039037E-014 Intensity=   6482719740.01183     
   4763.55728294167      < Te <    4788.86655677562     
   4763.14998546494      < Th <    4858.59573532936     
   80.0000003720503      < Ts <   80.0000004129021     
  1.941939690749733E+020 < Ne <  1.942520214861654E+020
  1.941939690749733E+020 < Nh <  1.942520214814432E+020
 CFL_Te=  1.796681147444991E-003 maxCFL_Ne=  1.386907029877175E-003 maxCFL_Ts=
  5.102011105082201E-004 CPU=   1004.35404289941      NumThreads=           4 
 Elapsed time=  3.982659330421628E-003
 CFL_Limit=  1.000000000000000E-003
 dt_init=  1.000000000000000E-018 dt=  1.000000000000000E-018
 Time= -8.200000000039370E-014 Intensity=   8628466652.99022     
   4762.88017650438      < Te <    4787.21820718051     
   4762.49490984806      < Th <    4853.14383490453     
   80.0000005060731      < Ts <   80.0000005644948     
  2.613989340297177E+020 < Ne <  2.614762015919100E+020
  2.613989340297177E+020 < Nh <  2.614762015858064E+020
 CFL_Te=  1.796425697197753E-003 maxCFL_Ne=  1.386709840885609E-003 maxCFL_Ts=
  5.102011108878066E-004 CPU=   1004.11971900059      NumThreads=           4 
 Elapsed time=  3.983588733802829E-003
 CFL_Limit=  1.000000000000000E-003
 dt_init=  1.000000000000000E-018 dt=  1.000000000000000E-018
 Time= -8.100000000039704E-014 Intensity=   11444711601.4082     
   4762.18717311258      < Te <    4789.29181386086     
   4761.82779069390      < Th <    4844.21779473962     
   80.0000006861369      < Ts <   80.0000007687374     
  3.506863657417602E+020 < Ne <  3.507888530445044E+020
  3.506863657417602E+020 < Nh <  3.507888530367546E+020
 CFL_Te=  1.796165316859150E-003 maxCFL_Ne=  1.386508846222476E-003 maxCFL_Ts=
  5.102011113975939E-004 CPU=   1003.88301416721      NumThreads=           4 
 Elapsed time=  3.984528021243876E-003
 CFL_Limit=  1.000000000000000E-003
 dt_init=  1.000000000000000E-018 dt=  1.000000000000000E-018
 Time= -8.000000000040038E-014 Intensity=   15127631309.3281     
   4761.48018440526      < Te <    4786.88246629233     
   4761.14998090945      < Th <    4844.93352765511     
   80.0000009272473      < Ts <   80.0000010421721     
  4.689019101838937E+020 < Ne <  4.690373785987643E+020
  4.689019101838937E+020 < Nh <  4.690373785890560E+020
 CFL_Te=  1.795899876324529E-003 maxCFL_Ne=  1.386303945456459E-003 maxCFL_Ts=
  5.102011120812747E-004 CPU=   1003.51299795780      NumThreads=           4 
 Elapsed time=  3.985997199976667E-003
 CFL_Limit=  1.000000000000000E-003
 dt_init=  1.000000000000000E-018 dt=  1.000000000000000E-018
 Time= -7.900000000040371E-014 Intensity=   19926538345.3390     
   4760.76138035745      < Te <    4786.11224260972     
   4760.45196399720      < Th <    4855.73802940617     
   80.0000012490237      < Ts <   80.0000014049963     
  6.248765984696412E+020 < Ne <  6.250550417519991E+020
  6.248765984696412E+020 < Nh <  6.250550417396573E+020
 CFL_Te=  1.795629243587012E-003 maxCFL_Ne=  1.386095036687868E-003 maxCFL_Ts=
  5.102011129921026E-004 CPU=   1003.30593904749      NumThreads=           4 
 Elapsed time=  3.986819816692700E-003
 CFL_Limit=  1.000000000000000E-003
 dt_init=  1.000000000000000E-018 dt=  1.000000000000000E-018
 Time= -7.800000000040705E-014 Intensity=   26156982205.2235     
   4760.03036144935      < Te <    4782.98128129030     
   4759.73533841758      < Th <    4858.13163686459     
   80.0000016770210      < Ts <   80.0000018886784     
  8.299592624581716E+020 < Ne <  8.301934999963152E+020
  8.299592624581716E+020 < Nh <  8.301934999804793E+020
 CFL_Te=  1.795353285367065E-003 maxCFL_Ne=  1.385882017034608E-003 maxCFL_Ts=
  5.102011142041621E-004 CPU=   1003.06252710167      NumThreads=           4 
 Elapsed time=  3.987787293338470E-003
 CFL_Limit=  1.000000000000000E-003
 dt_init=  1.000000000000000E-018 dt=  1.000000000000000E-018
 Time= -7.700000000041038E-014 Intensity=   34216711204.1343     
   4759.28143827593      < Te <    4784.68784480431     
   4758.99626672112      < Th <    4858.82016522596     
   80.0000022444058      < Ts <   80.0000025278607     
  1.098678685618417E+021 < Ne <  1.098985099873068E+021
  1.098678685618417E+021 < Nh <  1.098985099852602E+021
 CFL_Te=  1.795071867936287E-003 maxCFL_Ne=  1.385664783268101E-003 maxCFL_Ts=
  5.102011158102517E-004 CPU=   1002.83577970147      NumThreads=           4 
 Elapsed time=  3.988688956820787E-003
 CFL_Limit=  1.000000000000000E-003
 dt_init=  1.000000000000000E-018 dt=  1.000000000000000E-018
 Time= -7.600000000041372E-014 Intensity=   44605020284.2526     
   4758.52153023602      < Te <    4780.33281139344     
   4758.24861675948      < Th <    4870.88833172734     
   80.0000029945097      < Ts <   80.0000033718219     
  1.449563402277753E+021 < Ne <  1.449962845286362E+021
  1.449563402277753E+021 < Nh <  1.449962845260375E+021
 CFL_Te=  1.794784842900479E-003 maxCFL_Ne=  1.385443220838831E-003 maxCFL_Ts=
  5.102011179351268E-004 CPU=   1002.60232788431      NumThreads=           4 
 Elapsed time=  3.989617706594408E-003
 CFL_Limit=  1.000000000000000E-003
 dt_init=  1.000000000000000E-018 dt=  1.000000000000000E-018
 Time= -7.500000000041706E-014 Intensity=   57946080788.9163     
   4757.74573224628      < Te <    4779.94729097843     
   4757.49705590139      < Th <    4872.69763812012     
   80.0000039818623      < Ts <   80.0000044810913     
  1.906152072435061E+021 < Ne <  1.906670986937384E+021
  1.906152072435061E+021 < Nh <  1.906670986905940E+021
 CFL_Te=  1.794492104675158E-003 maxCFL_Ne=  1.385217248243273E-003 maxCFL_Ts=
  5.102011207321510E-004 CPU=   1002.35639434782      NumThreads=           4 
 Elapsed time=  3.990596580772646E-003
 CFL_Limit=  1.000000000000000E-003
 dt_init=  1.000000000000000E-018 dt=  1.000000000000000E-018
 Time= -7.400000000042039E-014 Intensity=   75016922429.3769     
   4756.95640200382      < Te <    4778.73143288825     
   4756.72545346271      < Th <    4861.97610678939     
   80.0000052775428      < Ts <   80.0000059447600     
  2.498233031841141E+021 < Ne <  2.498904817676348E+021
  2.498233031841141E+021 < Nh <  2.498904817637826E+021
 CFL_Te=  1.794265250025215E-003 maxCFL_Ne=  1.384986766720095E-003 maxCFL_Ts=
  5.102011244006368E-004 CPU=   1002.07817153767      NumThreads=           4 
 Elapsed time=  3.991704553210740E-003
 CFL_Limit=  1.000000000000000E-003
 dt_init=  1.000000000000000E-018 dt=  1.000000000000000E-018
 Time= -7.300000000042373E-014 Intensity=   96780813434.0733     
   4756.15155893917      < Te <    4775.17397640611     
   4755.93934555058      < Th <    4873.27984114295     
   80.0000069724483      < Ts <   80.0000078569355     
  3.263357949764238E+021 < Ne <  3.264224633370620E+021
  3.263357949764238E+021 < Nh <  3.264224633324122E+021
 CFL_Te=  1.793888977368113E-003 maxCFL_Ne=  1.384751677876389E-003 maxCFL_Ts=
  5.102011292016254E-004 CPU=   1001.91470563526      NumThreads=           4 
 Elapsed time=  3.992355813825306E-003
 CFL_Limit=  1.000000000000000E-003
 dt_init=  1.000000000000000E-018 dt=  1.000000000000000E-018
 Time= -7.200000000042707E-014 Intensity=   124426860014.131     
   4755.33535798442      < Te <    4774.06468895129     
   4756.58633398209      < Th <    4866.74381064549     
   80.0000091825797      < Ts <   80.0000103434053     
  4.248681549198760E+021 < Ne <  4.249795800456336E+021
  4.248681549198760E+021 < Nh <  4.249795800395474E+021
 CFL_Te=  1.793578335889323E-003 maxCFL_Ne=  1.384511885272943E-003 maxCFL_Ts=
  5.102011354637447E-004 CPU=   1001.72767286725      NumThreads=           4 
 Elapsed time=  3.993101227353338E-003
 CFL_Limit=  1.000000000000000E-003
 dt_init=  1.000000000000000E-018 dt=  1.000000000000000E-018
 Time= -7.100000000043040E-014 Intensity=   159416717950.191     
   4754.50144491946      < Te <    4773.06377806158     
   4755.32486659230      < Th <    4863.76414764443     
   80.0000120540885      < Ts <   80.0000135751474     
  5.513187017476569E+021 < Ne <  5.514614599100053E+021
  5.513187017476569E+021 < Nh <  5.514614599017948E+021
 CFL_Te=  1.793261506212885E-003 maxCFL_Ne=  1.384267315831614E-003 maxCFL_Ts=
  5.102011436025585E-004 CPU=   1001.53839042092      NumThreads=           4 
 Elapsed time=  3.993855890355739E-003
 CFL_Limit=  1.000000000000000E-003
 dt_init=  1.000000000000000E-018 dt=  1.000000000000000E-018
 Time= -7.000000000043374E-014 Intensity=   203539373738.430     
   4753.63964946342      < Te <    4779.03548071588     
   4753.39329804895      < Th <    4856.37158093560     
   80.0000157731173      < Ts <   80.0000177804390     
  7.130365032312379E+021 < Ne <  7.132187745416127E+021
  7.130365032312379E+021 < Nh <  7.132187745308061E+021
 CFL_Te=  1.792938402122134E-003 maxCFL_Ne=  1.384017902999456E-003 maxCFL_Ts=
  5.102011541343109E-004 CPU=   1001.33844162109      NumThreads=           4 
 Elapsed time=  3.994653389641459E-003
 CFL_Limit=  1.000000000000000E-003
 dt_init=  1.000000000000000E-018 dt=  1.000000000000000E-018
 Time= -6.900000000043708E-014 Intensity=   258975005990.628     
   4752.75662604187      < Te <    4780.13695962549     
   4752.50919542477      < Th <    4851.68314454129     
   80.0000205738640      < Ts <   80.0000231948750     
  9.191423142392962E+021 < Ne <  9.193742312760495E+021
  9.191423142392962E+021 < Nh <  9.193742312620025E+021
 CFL_Te=  1.792608957538132E-003 maxCFL_Ne=  1.383763595768406E-003 maxCFL_Ts=
  5.102011677249911E-004 CPU=   1001.08760783795      NumThreads=           4 
 Elapsed time=  3.995654295070954E-003
 CFL_Limit=  1.000000000000000E-003
 dt_init=  1.000000000000000E-018 dt=  1.000000000000000E-018
 Time= -6.800000000044041E-014 Intensity=   328368974519.188     
   4750.55089593651      < Te <    4779.05884832890     
   4751.60208927938      < Th <    4842.29548475209     
   80.0000267504584      < Ts <   80.0000301265564     
  1.180911147330266E+022 < Ne <  1.181205212174497E+022
  1.180911147330266E+022 < Nh <  1.181205212155498E+022
 CFL_Te=  1.791289900923056E-003 maxCFL_Ne=  1.383162037754843E-003 maxCFL_Ts=
  5.102011852096536E-004 CPU=   1000.90730659907      NumThreads=           4 
 Elapsed time=  3.996374063439874E-003
 CFL_Limit=  1.000000000000000E-003
 dt_init=  1.000000000000000E-018 dt=  1.000000000000000E-018
 Time= -6.700000000044375E-014 Intensity=   414916998789.130     
   4750.82748498836      < Te <    4784.07645853563     
   4750.68101233016      < Th <    4835.96372186810     
   80.0000346722497      < Ts <   80.0000390328502     
  1.512226021007266E+022 < Ne <  1.512597599157899E+022
  1.512226021007266E+022 < Nh <  1.512597599132347E+022
 CFL_Te=  1.791970405768164E-003 maxCFL_Ne=  1.383240221176163E-003 maxCFL_Ts=
  5.102012076405535E-004 CPU=   1000.74090748756      NumThreads=           4 
 Elapsed time=  3.997038564199731E-003
 CFL_Limit=  1.000000000000000E-003
 dt_init=  1.000000000000000E-018 dt=  1.000000000000000E-018
 Time= -6.600000000044708E-014 Intensity=   522462572428.353     
   4749.91881710144      < Te <    4780.73209472025     
   4749.75701275213      < Th <    4834.09459745988     
   80.0000447986705      < Ts <   80.0000504714703     
  1.930113372977606E+022 < Ne <  1.930581270705593E+022
  1.930113372977606E+022 < Nh <  1.930581270672284E+022
 CFL_Te=  1.791494692315562E-003 maxCFL_Ne=  1.382971168979105E-003 maxCFL_Ts=
  5.102012363060798E-004 CPU=   1000.55340723272      NumThreads=           4 
 Elapsed time=  3.997787595429817E-003
 CFL_Limit=  1.000000000000000E-003
 dt_init=  1.000000000000000E-018 dt=  1.000000000000000E-018
 Time= -6.500000000045042E-014 Intensity=   655607608773.537     
   4748.38680277863      < Te <    4775.59541259358     
   4748.80549455691      < Th <    4831.77194174308     
   80.0000576965126      < Ts <   80.0000650366886     
  2.455371549652662E+022 < Ne <  2.455958691011344E+022
  2.455371549652662E+022 < Nh <  2.455958690965049E+022
 CFL_Te=  1.790749031488497E-003 maxCFL_Ne=  1.382521787691037E-003 maxCFL_Ts=
  5.102012728179343E-004 CPU=   1000.39103352064      NumThreads=           4 
 Elapsed time=  3.998436477307239E-003
 CFL_Limit=  1.000000000000000E-003
 dt_init=  1.000000000000000E-018 dt=  1.000000000000000E-018
 Time= -6.400000000045376E-014 Intensity=   819837215909.351     
   4747.50762251794      < Te <    4774.76446727665     
   4747.83560779966      < Th <    4825.13077561038     
   80.0000740729535      < Ts <   80.0000834962134     
  3.113304626320503E+022 < Ne <  3.114038850594997E+022
  3.113304626320503E+022 < Nh <  3.114038850530894E+022
 CFL_Te=  1.790423939758749E-003 maxCFL_Ne=  1.382278002078227E-003 maxCFL_Ts=
  5.102013191831496E-004 CPU=   1000.19862362428      NumThreads=           4 
 Elapsed time=  3.999205663276936E-003
 CFL_Limit=  1.000000000000000E-003
 dt_init=  1.000000000000000E-018 dt=  1.000000000000000E-018
 Time= -6.300000000045709E-014 Intensity=   1021659349832.09     
   4750.20572493090      < Te <    4772.82963043888     
   4745.55030801422      < Th <    4822.19104143463     
   80.0000947949543      < Ts <   80.0001067584168     
  3.934574567642480E+022 < Ne <  3.935489538007910E+022
  3.934574567642480E+022 < Nh <  3.935489537920154E+022
 CFL_Te=  1.792678240379205E-003 maxCFL_Ne=  1.383032046265901E-003 maxCFL_Ts=
  5.102013778866878E-004 CPU=   1000.02998469456      NumThreads=           4 
 Elapsed time=  3.999880064817991E-003
 CFL_Limit=  1.000000000000000E-003
 dt_init=  1.000000000000000E-018 dt=  1.000000000000000E-018
 Time= -6.200000000046043E-014 Intensity=   1268759882568.71     
   4743.37141525425      < Te <    4769.18864361618     
   4745.74867575720      < Th <    4832.97650253902     
   80.0001209375421      < Ts <   80.0001361427199     
  4.956185310898048E+022 < Ne <  4.957321579392151E+022
  4.956185310898048E+022 < Nh <  4.957321579278343E+022
 CFL_Te=  1.787801492968722E-003 maxCFL_Ne=  1.381041552131303E-003 maxCFL_Ts=
  5.102014519315492E-004 CPU=   999.811302361829      NumThreads=           4 
 Elapsed time=  4.000754933006761E-003
 CFL_Limit=  1.000000000000000E-003
 dt_init=  1.000000000000000E-018 dt=  1.000000000000000E-018
 Time= -6.100000000046377E-014 Intensity=   1570173339800.85     
   4744.88192698484      < Te <    4769.28348772771     
   4743.16999062986      < Th <    4825.54058771222     
   80.0001538042223      < Ts <   80.0001730276097     
  6.222612684772106E+022 < Ne <  6.224018896241169E+022
  6.222612684772105E+022 < Nh <  6.224018896093144E+022
 CFL_Te=  1.789457780648542E-003 maxCFL_Ne=  1.381556287193089E-003 maxCFL_Ts=
  5.102015449408088E-004 CPU=   999.644555482341      NumThreads=           4 
 Elapsed time=  4.001422283613550E-003
 CFL_Limit=  1.000000000000000E-003
 dt_init=  1.000000000000000E-018 dt=  1.000000000000000E-018
 Time= -6.000000000046710E-014 Intensity=   1936469201836.54     
   4743.74691989152      < Te <    4767.20397235290     
   4743.08086115884      < Th <    4824.72866658586     
   80.0001949902344      < Ts <   80.0002193180961     
  7.787094272657072E+022 < Ne <  7.788828532071913E+022
  7.787094272657072E+022 < Nh <  7.788828531877769E+022
 CFL_Te=  1.789222975272128E-003 maxCFL_Ne=  1.381261115131100E-003 maxCFL_Ts=
  5.102016615072146E-004 CPU=   999.436492264110      NumThreads=           4 
 Elapsed time=  4.002255301823584E-003
 CFL_Limit=  1.000000000000000E-003
 dt_init=  1.000000000000000E-018 dt=  1.000000000000000E-018
 Time= -5.900000000047044E-014 Intensity=   2379953215735.27     
   4739.15260545409      < Te <    4764.35080949578     
   4742.19424566135      < Th <    4825.05144599345     
   80.0002464251718      < Ts <   80.0002772789306     
  9.713092822790429E+022 < Ne <  9.715224269753301E+022
  9.713092822790429E+022 < Nh <  9.715224269495606E+022
 CFL_Te=  1.785884244232221E-003 maxCFL_Ne=  1.379903692792648E-003 maxCFL_Ts=
  5.102018071110965E-004 CPU=   999.250790460818      NumThreads=           4 
 Elapsed time=  4.002999085099894E-003
 CFL_Limit=  1.000000000000000E-003
 dt_init=  1.000000000000000E-018 dt=  1.000000000000000E-018
 Time= -5.800000000047378E-014 Intensity=   2914882629713.42     
   4740.66974758184      < Te <    4767.77231678310     
   4741.73638106633      < Th <    4824.42303530668     
   80.0003104678675      < Ts <   80.0003496398529     
  1.207594634073461E+023 < Ne <  1.207855689421939E+023
  1.207594634073461E+023 < Nh <  1.207855689389019E+023
 CFL_Te=  1.787539800761843E-003 maxCFL_Ne=  1.380330920720032E-003 maxCFL_Ts=
  5.102019884697313E-004 CPU=   999.087831662843      NumThreads=           4 
 Elapsed time=  4.003652004591581E-003
 CFL_Limit=  1.000000000000000E-003
 dt_init=  1.000000000000000E-018 dt=  1.000000000000000E-018
 Time= -5.700000000047711E-014 Intensity=   3557693630525.79     
   4738.18661371757      < Te <    4764.48053654085     
   4743.44259147294      < Th <    4825.64600596371     
   80.0003899271862      < Ts <   80.0004398018410     
  1.496471654140130E+023 < Ne <  1.496790282067798E+023
  1.496471654140130E+023 < Nh <  1.496790282024708E+023
 CFL_Te=  1.785942420586033E-003 maxCFL_Ne=  1.379656209078599E-003 maxCFL_Ts=
  5.102022133713334E-004 CPU=   998.915003069205      NumThreads=           4 
 Elapsed time=  4.004344701711200E-003
 CFL_Limit=  1.000000000000000E-003
 dt_init=  1.000000000000000E-018 dt=  1.000000000000000E-018
 Time= -5.600000000047512E-014 Intensity=   4327238540091.44     
   4735.69783272210      < Te <    4763.17181185359     
   4737.15711960917      < Th <    4829.36503467962     
   80.0004882060843      < Ts <   80.0005507364216     
  1.848424560550462E+023 < Ne <  1.848812112653030E+023
  1.848424560550462E+023 < Nh <  1.848812112595587E+023
 CFL_Te=  1.784546235919094E-003 maxCFL_Ne=  1.378960134640908E-003 maxCFL_Ts=
  5.102024915686659E-004 CPU=   998.795733563763      NumThreads=           4 
 Elapsed time=  4.004822873769956E-003
 CFL_Limit=  1.000000000000000E-003
 dt_init=  1.000000000000000E-018 dt=  1.000000000000000E-018
 Time= -5.500000000047215E-014 Intensity=   5245029512467.14     
   4734.28109440223      < Te <    4763.37587243926     
   4738.33559280284      < Th <    4829.45539672988     
   80.0006093678641      < Ts <   80.0006871871518     
  2.275742862939627E+023 < Ne <  2.276212619740629E+023
  2.275742862939627E+023 < Nh <  2.276212619663845E+023
 CFL_Te=  1.783905984088077E-003 maxCFL_Ne=  1.378583458674270E-003 maxCFL_Ts=
  5.102028350307831E-004 CPU=   998.573312973431      NumThreads=           4 
 Elapsed time=  4.005714901482080E-003
 CFL_Limit=  1.000000000000000E-003
 dt_init=  1.000000000000000E-018 dt=  1.000000000000000E-018
 Time= -5.400000000046917E-014 Intensity=   6335484573989.22     
   4731.66664884908      < Te <    4767.35045870738     
   4737.13661688122      < Th <    4834.79362011365     
   80.0007582802101      < Ts <   80.0008561397005     
  2.792770579489371E+023 < Ne <  2.793338009866202E+023
  2.792770579489371E+023 < Nh <  2.793338009765542E+023
 CFL_Te=  1.782349839607789E-003 maxCFL_Ne=  1.377913095879129E-003 maxCFL_Ts=
  5.102032564559622E-004 CPU=   998.440795793470      NumThreads=           4 
 Elapsed time=  4.006246556483263E-003
 CFL_Limit=  1.000000000000000E-003
 dt_init=  1.000000000000000E-018 dt=  1.000000000000000E-018
 Time= -5.300000000046620E-014 Intensity=   7626170880184.83     
   4732.69968371534      < Te <    4768.22593959277     
   4732.52778241743      < Th <    4831.42048723456     
   80.0009406478569      < Ts <   80.0010616184745     
  3.416177423841788E+023 < Ne <  3.416860467064571E+023
  3.416177423841788E+023 < Nh <  3.416860466932953E+023
 CFL_Te=  1.783339163094147E-003 maxCFL_Ne=  1.378316095315184E-003 maxCFL_Ts=
  5.102037726441530E-004 CPU=   998.320214640170      NumThreads=           4 
 Elapsed time=  4.006730447145899E-003
 CFL_Limit=  1.000000000000000E-003
 dt_init=  1.000000000000000E-018 dt=  1.000000000000000E-018
 Time= -5.200000000046322E-014 Intensity=   9148039040900.53     
   4724.79729956678      < Te <    4759.51002406642     
   4734.06194672415      < Th <    4829.66782062954     
   80.0011633360204      < Ts <   80.0013135974220     
  4.165251439169743E+023 < Ne <  4.166070808566774E+023
  4.165251439169743E+023 < Nh <  4.166070808394308E+023
 CFL_Te=  1.778076009395283E-003 maxCFL_Ne=  1.376094463165672E-003 maxCFL_Ts=
  5.102044029337726E-004 CPU=   998.195472962745      NumThreads=           4 
 Elapsed time=  4.007231156967277E-003
 CFL_Limit=  1.000000000000000E-003
 dt_init=  1.000000000000000E-018 dt=  1.000000000000000E-018
 Time= -5.100000000046025E-014 Intensity=   10935641313518.2     
   4725.43844053571      < Te <    4761.85658424297     
   4731.64085873334      < Th <    4821.24274938190     
   80.0014343441403      < Ts <   80.0016203959948     
  5.062211996285176E+023 < Ne <  5.063191500996660E+023
  5.062211996285175E+023 < Nh <  5.063191500775027E+023
 CFL_Te=  1.778786519277554E-003 maxCFL_Ne=  1.376294882132533E-003 maxCFL_Ts=
  5.102051698238709E-004 CPU=   998.070250037886      NumThreads=           4 
 Elapsed time=  4.007733924388754E-003
 CFL_Limit=  1.000000000000000E-003
 dt_init=  1.000000000000000E-018 dt=  1.000000000000000E-018
 Time= -5.000000000045728E-014 Intensity=   13027325412947.8     
   4720.75026493421      < Te <    4757.06394983743     
   4729.26394305683      < Th <    4810.71380132746     
   80.0017630442548      < Ts <   80.0019908718315     
  6.132541330699963E+023 < Ne <  6.133708216676302E+023
  6.132541330699962E+023 < Nh <  6.133708216397113E+023
 CFL_Te=  1.775528793938817E-003 maxCFL_Ne=  1.375085177785947E-003 maxCFL_Ts=
  5.102061009513009E-004 CPU=   997.961815730445      NumThreads=           4 
 Elapsed time=  4.008169387795918E-003
 CFL_Limit=  1.000000000000000E-003
 dt_init=  1.000000000000000E-018 dt=  1.000000000000000E-018
 Time= -4.900000000045430E-014 Intensity=   15465394672231.2     
   4719.57973251372      < Te <    4749.30676894143     
   4728.01611593346      < Th <    4803.12300678308     
   80.0021605019400      < Ts <   80.0024414760433     
  7.405332059357803E+023 < Ne <  7.406717347567349E+023
  7.405332059357801E+023 < Nh <  7.406717347217014E+023
 CFL_Te=  1.774989374240276E-003 maxCFL_Ne=  1.374809083923272E-003 maxCFL_Ts=
  5.102072264752055E-004 CPU=   997.863892981415      NumThreads=           4 
 Elapsed time=  4.008562718958403E-003
 CFL_Limit=  1.000000000000000E-003
 dt_init=  1.000000000000000E-018 dt=  1.000000000000000E-018
 Time= -4.800000000045133E-014 Intensity=   18296224350931.0     
   4716.74608960928      < Te <    4748.09820613639     
   4726.28430834973      < Th <    4797.95539730158     
   80.0026395656616      < Ts <   80.0029810531534     
  8.913647223785887E+023 < Ne <  8.915286103786285E+023
  8.913647223785887E+023 < Nh <  8.915286103358710E+023
 CFL_Te=  1.773053084063059E-003 maxCFL_Ne=  1.374062676934424E-003 maxCFL_Ts=
  5.102085844047419E-004 CPU=   997.655296081993      NumThreads=           4 
 Elapsed time=  4.009400857900381E-003
 CFL_Limit=  1.000000000000000E-003
 dt_init=  1.000000000000000E-018 dt=  1.000000000000000E-018
 Time= -4.700000000044835E-014 Intensity=   21570323077270.4     
   4713.35274975253      < Te <    4740.56962403033     
   4726.93968082773      < Th <    4793.38867240100     
   80.0032151508481      < Ts <   80.0036308704101     
  1.069488844326957E+024 < Ne <  1.069682062498310E+024
  1.069488844326957E+024 < Nh <  1.069682062446094E+024
 CFL_Te=  1.770870971028449E-003 maxCFL_Ne=  1.373266372593597E-003 maxCFL_Ts=
  5.102102136900863E-004 CPU=   997.503273735052      NumThreads=           4 
 Elapsed time=  4.010011902038575E-003
 CFL_Limit=  1.000000000000000E-003
 dt_init=  1.000000000000000E-018 dt=  1.000000000000000E-018
 Time= -4.600000000044538E-014 Intensity=   25342327775993.9     
   4708.39740417539      < Te <    4735.52068301077     
   4726.30211433167      < Th <    4793.96031655368     
   80.0039045115200      < Ts <   80.0044133279596     
  1.279116679425156E+024 < Ne <  1.279343687789914E+024
  1.279116679425156E+024 < Nh <  1.279343687724457E+024
 CFL_Te=  1.767324981915270E-003 maxCFL_Ne=  1.372020418669310E-003 maxCFL_Ts=
  5.102121648620539E-004 CPU=   997.356415177523      NumThreads=           4 
 Elapsed time=  4.010602367547841E-003
 CFL_Limit=  1.000000000000000E-003
 dt_init=  1.000000000000000E-018 dt=  1.000000000000000E-018
 Time= -4.500000000044240E-014 Intensity=   29670920032114.8     
   4704.04524182082      < Te <    4734.00318573539     
   4722.00122663055      < Th <    4787.07533344983     
   80.0047276384070      < Ts <   80.0053434080812     
  1.524966992475223E+024 < Ne <  1.525232778308577E+024
  1.524966992475223E+024 < Nh <  1.525232778229726E+024
 CFL_Te=  1.764258714373146E-003 maxCFL_Ne=  1.371040367305048E-003 maxCFL_Ts=
  5.102144944609474E-004 CPU=   997.212623153317      NumThreads=           4 
 Elapsed time=  4.011180672133369E-003
 CFL_Limit=  1.000000000000000E-003
 dt_init=  1.000000000000000E-018 dt=  1.000000000000000E-018
 Time= -4.400000000043943E-014 Intensity=   34618651727643.9     
   4701.63486577761      < Te <    4726.29066147961     
   4718.98925276591      < Th <    4783.26769504851     
   80.0057074033376      < Ts <   80.0064430835157     
  1.812301784838059E+024 < Ne <  1.812611895396056E+024
  1.812301784838059E+024 < Nh <  1.812611895301072E+024
 CFL_Te=  1.762591943051240E-003 maxCFL_Ne=  1.370475020549758E-003 maxCFL_Ts=
  5.102172676704365E-004 CPU=   997.062564549429      NumThreads=           4 
 Elapsed time=  4.011784357592036E-003
 CFL_Limit=  1.000000000000000E-003
 dt_init=  1.000000000000000E-018 dt=  1.000000000000000E-018
 Time= -4.300000000043645E-014 Intensity=   40251668020119.1     
   4695.67577193995      < Te <    4720.71409075356     
   4716.07810315751      < Th <    4778.21404012809     
   80.0068694060885      < Ts <   80.0077562599957     
  2.146959879093147E+024 < Ne <  2.147320454336741E+024
  2.146959879093147E+024 < Nh <  2.147320454223487E+024
 CFL_Te=  1.758180502841293E-003 maxCFL_Ne=  1.369065189849164E-003 maxCFL_Ts=
  5.102205640643765E-004 CPU=   996.857773170064      NumThreads=           4 
 Elapsed time=  4.012608526168956E-003
 CFL_Limit=  1.000000000000000E-003
 dt_init=  1.000000000000000E-018 dt=  1.000000000000000E-018
 Time= -4.200000000043348E-014 Intensity=   46639316361462.9     
   4690.17801286066      < Te <    4713.95148569943     
   4715.69979082319      < Th <    4781.45705267900     
   80.0082436531451      < Ts <   80.0093082222083     
  2.535387537841812E+024 < Ne <  2.535805340977834E+024
  2.535387537841812E+024 < Nh <  2.535805340841673E+024
 CFL_Te=  1.754034272073453E-003 maxCFL_Ne=  1.367887459511685E-003 maxCFL_Ts=
  5.102244537120741E-004 CPU=   996.712466635608      NumThreads=           4 
 Elapsed time=  4.013193507553845E-003
 CFL_Limit=  1.000000000000000E-003
 dt_init=  1.000000000000000E-018 dt=  1.000000000000000E-018
 Time= -4.100000000043051E-014 Intensity=   53853631331000.8     
   4686.70636867639      < Te <    4709.48503185698     
   4713.79573380453      < Th <    4775.94655097541     
   80.0098638508748      < Ts <   80.0111469604826     
  2.984665058272828E+024 < Ne <  2.985147496942099E+024
  2.984665058272828E+024 < Nh <  2.985147496776795E+024
 CFL_Te=  1.751387560834055E-003 maxCFL_Ne=  1.367122555289438E-003 maxCFL_Ts=
  5.102290369786712E-004 CPU=   996.572378997650      NumThreads=           4 
 Elapsed time=  4.013757639985157E-003
 CFL_Limit=  1.000000000000000E-003
 dt_init=  1.000000000000000E-018 dt=  1.000000000000000E-018
 Time= -4.000000000042753E-014 Intensity=   61968686616517.9     
   4678.97632061427      < Te <    4701.55316279505     
   4711.48249034452      < Th <    4769.79713198248     
   80.0117689587832      < Ts <   80.0133013433741     
  3.502528185358401E+024 < Ne <  3.503083333125496E+024
  3.502528185358402E+024 < Nh <  3.503083332924926E+024
 CFL_Te=  1.745793755560060E-003 maxCFL_Ne=  1.365393822195868E-003 maxCFL_Ts=
  5.102344331376909E-004 CPU=   996.385306362264      NumThreads=           4 
 Elapsed time=  4.014511228195176E-003
 CFL_Limit=  1.000000000000000E-003
 dt_init=  1.000000000000000E-018 dt=  1.000000000000000E-018
 Time= -3.900000000042456E-014 Intensity=   71059807549599.2     
   4677.83994015275      < Te <    4699.02717102181     
   4709.95891813267      < Th <    4775.40143381675     
   80.0140012053187      < Ts <   80.0158241360085     
  4.097383127758915E+024 < Ne <  4.098019731685297E+024
  4.097383127758915E+024 < Nh <  4.098019731442523E+024
 CFL_Te=  1.744577664221667E-003 maxCFL_Ne=  1.365440680897738E-003 maxCFL_Ts=
  5.102407491219322E-004 CPU=   996.248166433696      NumThreads=           4 
 Elapsed time=  4.015063851328268E-003
 CFL_Limit=  1.000000000000000E-003
 dt_init=  1.000000000000000E-018 dt=  1.000000000000000E-018
 Time= -3.800000000042158E-014 Intensity=   81202640199250.8     
   4666.32068098728      < Te <    4686.91783070667     
   4706.99276153796      < Th <    4776.81827438432     
   80.0166073993610      < Ts <   80.0187731328191     
  4.778313906673114E+024 < Ne <  4.779041395069970E+024
  4.778313906673114E+024 < Nh <  4.779041394774799E+024
 CFL_Te=  1.735212810163862E-003 maxCFL_Ne=  1.362828904579660E-003 maxCFL_Ts=
  5.102481215914033E-004 CPU=   996.113219087235      NumThreads=           4 
 Elapsed time=  4.015607787702393E-003
 CFL_Limit=  1.000000000000000E-003
 dt_init=  1.000000000000000E-018 dt=  1.000000000000000E-018
 Time= -3.700000000041861E-014 Intensity=   92472076146496.7     
   4658.70965015762      < Te <    4677.69424112343     
   4706.07745577628      < Th <    4776.72105262408     
   80.0196423572029      < Ts <   80.0222071852833     
  5.555080768126440E+024 < Ne <  5.555909237555372E+024
  5.555080768126440E+024 < Nh <  5.555909237196010E+024
 CFL_Te=  1.729286358449525E-003 maxCFL_Ne=  1.361500214583313E-003 maxCFL_Ts=
  5.102567161215205E-004 CPU=   995.995525013535      NumThreads=           4 
 Elapsed time=  4.016082301118411E-003
 CFL_Limit=  1.000000000000000E-003
 dt_init=  1.000000000000000E-018 dt=  1.000000000000000E-018
 Time= -3.600000000041563E-014 Intensity=   104941035677998.     
   4653.16224940830      < Te <    4675.11213003041     
   4703.49623303955      < Th <    4778.40836191414     
   80.0231664290855      < Ts <   80.0261834983827     
  6.438108324790192E+024 < Ne <  6.439048535525165E+024
  6.438108324790192E+024 < Nh <  6.439048535088098E+024
 CFL_Te=  1.724438739153889E-003 maxCFL_Ne=  1.360418039506301E-003 maxCFL_Ts=
  5.102666950630319E-004 CPU=   995.838452261355      NumThreads=           4 
 Elapsed time=  4.016715754364355E-003
 CFL_Limit=  1.000000000000000E-003
 dt_init=  1.000000000000000E-018 dt=  1.000000000000000E-018
 Time= -3.500000000041266E-014 Intensity=   118679116201979.     
   4642.56108943220      < Te <    4663.11814450595     
   4701.97567063108      < Th <    4783.47355698494     
   80.0272473131419      < Ts <   80.0308117954223     
  7.438462246543949E+024 < Ne <  7.439525585120655E+024
  7.438462246543949E+024 < Nh <  7.439525584588205E+024
 CFL_Te=  1.715774145129313E-003 maxCFL_Ne=  1.358539161699191E-003 maxCFL_Ts=
  5.102782398898302E-004 CPU=   995.700331717162      NumThreads=           4 
 Elapsed time=  4.017272941048127E-003
 CFL_Limit=  1.000000000000000E-003
 dt_init=  1.000000000000000E-018 dt=  1.000000000000000E-018
 Time= -3.400000000040968E-014 Intensity=   133751117135266.     
   4636.82629899001      < Te <    4655.75662017882     
   4699.02346980777      < Th <    4779.28200490692     
   80.0319536797307      < Ts <   80.0361294607185     
  8.567813289075086E+024 < Ne <  8.569011713904078E+024
  8.567813289075086E+024 < Nh <  8.569011713254763E+024
 CFL_Te=  1.710353110319465E-003 maxCFL_Ne=  1.357580744796706E-003 maxCFL_Ts=
  5.102915529592406E-004 CPU=   995.547977084177      NumThreads=           4 
 Elapsed time=  4.017887728239327E-003
 CFL_Limit=  1.000000000000000E-003
 dt_init=  1.000000000000000E-018 dt=  1.000000000000000E-018
 Time= -3.300000000040671E-014 Intensity=   150215457241480.     
   4632.64908944982      < Te <    4652.18928045201     
   4698.39552180845      < Th <    4776.34007257839     
   80.0373702789021      < Ts <   80.0422427425840     
  9.838387650927581E+024 < Ne <  9.839733647626861E+024
  9.838387650927581E+024 < Nh <  9.839733646837992E+024
 CFL_Te=  1.706070695725443E-003 maxCFL_Ne=  1.357111323403327E-003 maxCFL_Ts=
  5.103068934560620E-004 CPU=   995.329115991334      NumThreads=           4 
 Elapsed time=  4.018771214198887E-003
 CFL_Limit=  1.000000000000000E-003
 dt_init=  1.000000000000000E-018 dt=  1.000000000000000E-018
 Time= -3.200000000040374E-014 Intensity=   168122505300198.     
   4618.36140974664      < Te <    4636.93086743659     
   4699.59695905424      < Th <    4786.25504403384     
   80.0435828022234      < Ts <   80.0492275225462     
  1.126290271083112E+025 < Ne <  1.126440923588768E+025
  1.126290271083112E+025 < Nh <  1.126440923492790E+025
 CFL_Te=  1.693954488200415E-003 maxCFL_Ne=  1.354748230360882E-003 maxCFL_Ts=
  5.103244688357062E-004 CPU=   995.111135013665      NumThreads=           4 
 Elapsed time=  4.019651533640081E-003
 CFL_Limit=  1.000000000000000E-003
 dt_init=  1.000000000000000E-018 dt=  1.000000000000000E-018
 Time= -3.100000000040076E-014 Intensity=   187512849914194.     
   4613.57589823442      < Te <    4631.86083169851     
   4696.18423312721      < Th <    4789.42312161263     
   80.0506872291206      < Ts <   80.0571913283477     
  1.285448761526452E+025 < Ne <  1.285616797597473E+025
  1.285448761526452E+025 < Nh <  1.285616797482173E+025
 CFL_Te=  1.688980333742694E-003 maxCFL_Ne=  1.354373986011542E-003 maxCFL_Ts=
  5.103445577769514E-004 CPU=   994.906556049868      NumThreads=           4 
 Elapsed time=  4.020478079751951E-003
 CFL_Limit=  1.000000000000000E-003
 dt_init=  1.000000000000000E-018 dt=  1.000000000000000E-018
 Time= -3.000000000039779E-014 Intensity=   208415539059104.     
   4597.30712765474      < Te <    4616.87863531363     
   4694.61890137731      < Th <    4783.97933270909     
   80.0587890320488      < Ts <   80.0663218312881     
  1.462658806852410E+025 < Ne <  1.462845584142610E+025
  1.462658806852410E+025 < Nh <  1.462845584003446E+025
 CFL_Te=  1.675018487289083E-003 maxCFL_Ne=  1.351985284545296E-003 maxCFL_Ts=
  5.103674440056305E-004 CPU=   994.779918723691      NumThreads=           4 
 Elapsed time=  4.020989894058200E-003
 CFL_Limit=  1.000000000000000E-003
 dt_init=  1.000000000000000E-018 dt=  1.000000000000000E-018
 Time= -2.900000000039481E-014 Intensity=   230846324469059.     
   4591.15059859461      < Te <    4611.30892415048     
   4693.90121238448      < Th <    4778.02367074910     
   80.0680012354561      < Ts <   80.0767615623218     
  1.659285544211650E+025 < Ne <  1.659492435011364E+025
  1.659285544211650E+025 < Nh <  1.659492434845363E+025
 CFL_Te=  1.668527331454137E-003 maxCFL_Ne=  1.351586939514591E-003 maxCFL_Ts=
  5.103934351658798E-004 CPU=   994.645359377140      NumThreads=           4 
 Elapsed time=  4.021533868619115E-003
 CFL_Limit=  1.000000000000000E-003
 dt_init=  1.000000000000000E-018 dt=  1.000000000000000E-018
 Time= -2.800000000039317E-014 Intensity=   254805949950995.     
   4585.67555442317      < Te <    4605.29287804264     
   4696.63431471046      < Th <    4781.20298668372     
   80.0784472669534      < Ts <   80.0885730413524     
  1.876702017476569E+025 < Ne <  1.876930396693288E+025
  1.876702017476569E+025 < Nh <  1.876930396596121E+025
 CFL_Te=  1.662098652518459E-003 maxCFL_Ne=  1.351475590296644E-003 maxCFL_Ts=
  5.104228990483895E-004 CPU=   994.497990273386      NumThreads=           4 
 Elapsed time=  4.022129797266263E-003
 CFL_Limit=  1.000000000000000E-003
 dt_init=  1.000000000000000E-018 dt=  1.000000000000000E-018
 Time= -2.700000000039335E-014 Intensity=   280278526036166.     
   4579.68330647867      < Te <    4597.73365110526     
   4690.98840601582      < Th <    4775.12470329852     
   80.0902564940035      < Ts <   80.1018906627749     
  2.116275018531338E+025 < Ne <  2.116526248056654E+025
  2.116275018531338E+025 < Nh <  2.116526247936588E+025
 CFL_Te=  1.655098056723224E-003 maxCFL_Ne=  1.351397852914575E-003 maxCFL_Ts=
  5.104561958457290E-004 CPU=   994.375735222605      NumThreads=           4 
 Elapsed time=  4.022624304186729E-003
 CFL_Limit=  1.000000000000000E-003
 dt_init=  1.000000000000000E-018 dt=  1.000000000000000E-018
 Time= -2.600000000039353E-014 Intensity=   307230035825305.     
   4560.62882699104      < Te <    4579.35094711964     
   4692.55168332344      < Th <    4777.47263209280     
   80.1035683884006      < Ts <   80.1168789511253     
  2.379349517964561E+025 < Ne <  2.379624927919398E+025
  2.379349517964560E+025 < Nh <  2.379624927772831E+025
 CFL_Te=  1.638179286639083E-003 maxCFL_Ne=  1.349578697137104E-003 maxCFL_Ts=
  5.104937040628742E-004 CPU=   994.211757304979      NumThreads=           4 
 Elapsed time=  4.023287766021644E-003
 CFL_Limit=  1.000000000000000E-003
 dt_init=  1.000000000000000E-018 dt=  1.000000000000000E-018
 Time= -2.500000000039371E-014 Intensity=   335607018286696.     
   4554.67640025313      < Te <    4572.00951481109     
   4694.77630332344      < Th <    4781.32606006662     
   80.1185338933340      < Ts <   80.1336271911639     
  2.667231812900286E+025 < Ne <  2.667532685627019E+025
  2.667231812900285E+025 < Nh <  2.667532685448201E+025
 CFL_Te=  1.630578342654418E-003 maxCFL_Ne=  1.350011704367291E-003 maxCFL_Ts=
  5.105358954912557E-004 CPU=   993.985392679233      NumThreads=           4 
 Elapsed time=  4.024204006880039E-003
 CFL_Limit=  1.000000000000000E-003
 dt_init=  1.000000000000000E-018 dt=  1.000000000000000E-018
 Time= -2.400000000039389E-014 Intensity=   365335475465723.     
   4549.17148286562      < Te <    4567.17554593093     
   4696.12886089193      < Th <    4780.96073786549     
   80.1353049458297      < Ts <   80.1524070044931     
  2.981171596784061E+025 < Ne <  2.981499149658901E+025
  2.981171596784061E+025 < Nh <  2.981499149442566E+025
 CFL_Te=  1.622935237200823E-003 maxCFL_Ne=  1.350764308933097E-003 maxCFL_Ts=
  5.105831379017407E-004 CPU=   993.792538903147      NumThreads=           4 
 Elapsed time=  4.024984937414417E-003
 CFL_Limit=  1.000000000000000E-003
 dt_init=  1.000000000000000E-018 dt=  1.000000000000000E-018
 Time= -2.300000000039407E-014 Intensity=   396320048934197.     
   4543.68480708259      < Te <    4560.95606314681     
   4699.50854491786      < Th <    4777.60315307353     
   80.1540494723255      < Ts <   80.1735903890085     
  3.322343137757291E+025 < Ne <  3.322698501711138E+025
  3.322343137757291E+025 < Nh <  3.322698501452696E+025
 CFL_Te=  1.614830171718790E-003 maxCFL_Ne=  1.351713349417056E-003 maxCFL_Ts=
  5.106358187509078E-004 CPU=   993.622236843397      NumThreads=           4 
 Elapsed time=  4.025674800422601E-003
 CFL_Limit=  1.000000000000000E-003
 dt_init=  1.000000000000000E-018 dt=  1.000000000000000E-018
 Time= -2.200000000039425E-014 Intensity=   428443508248523.     
   4539.11313361231      < Te <    4557.06693481609     
   4703.13220339026      < Th <    4778.97180077592     
   80.1749368759751      < Ts <   80.1972034374638     
  3.691825826481638E+025 < Ne <  3.692210029808846E+025
  3.691825826481638E+025 < Nh <  3.692210029503534E+025
 CFL_Te=  1.607585244091876E-003 maxCFL_Ne=  1.353315532862506E-003 maxCFL_Ts=
  5.106944739904705E-004 CPU=   993.502812320862      NumThreads=           4 
 Elapsed time=  4.026158708756790E-003
 CFL_Limit=  1.000000000000000E-003
 dt_init=  1.000000000000000E-018 dt=  1.000000000000000E-018
 Time= -2.100000000039444E-014 Intensity=   461566590146843.     
   4516.97197729002      < Te <    4534.53827622836     
   4705.65443978618      < Th <    4783.52669223149     
   80.1981501038384      < Ts <   80.2234602467631     
  4.090584426758537E+025 < Ne <  4.090998374837170E+025
  4.090584426758537E+025 < Nh <  4.090998374479737E+025
 CFL_Te=  1.586781253664356E-003 maxCFL_Ne=  1.353276605225614E-003 maxCFL_Ts=
  5.107595900177241E-004 CPU=   993.380437893229      NumThreads=           4 
 Elapsed time=  4.026654690808328E-003
 CFL_Limit=  1.000000000000000E-003
 dt_init=  1.000000000000000E-018 dt=  1.000000000000000E-018
 Time= -2.000000000039462E-014 Intensity=   495528221700866.     
   4530.10776737189      < Te <    4547.87956031467     
   4710.33295348101      < Th <    4788.98685170123     
   80.2238756065508      < Ts <   80.2525954701812     
  4.519449321577257E+025 < Ne <  4.519893770730080E+025
  4.519449321577257E+025 < Nh <  4.519893770313835E+025
 CFL_Te=  1.591395270795698E-003 maxCFL_Ne=  1.357211654358318E-003 maxCFL_Ts=
  5.108316315486009E-004 CPU=   993.266693210763      NumThreads=           4 
 Elapsed time=  4.027115806198923E-003
 CFL_Limit=  1.000000000000000E-003
 dt_init=  1.000000000000000E-018 dt=  1.000000000000000E-018
 Time= -1.900000000039480E-014 Intensity=   530146153688800.     
   4527.54927893662      < Te <    4545.48674459725     
   4714.35905639675      < Th <    4795.03433459366     
   80.2523051762775      < Ts <   80.2846820419186     
  4.979097115348893E+025 < Ne <  4.979572662541719E+025
  4.979097115348893E+025 < Nh <  4.979572662062197E+025
 CFL_Te=  1.584110011255022E-003 maxCFL_Ne=  1.360167704322465E-003 maxCFL_Ts=
  5.109111432168509E-004 CPU=   993.147141239584      NumThreads=           4 
 Elapsed time=  4.027600577903745E-003
 CFL_Limit=  1.000000000000000E-003
 dt_init=  1.000000000000000E-018 dt=  1.000000000000000E-018
 Time= -1.800000000039498E-014 Intensity=   565218022186473.     
   4506.43072383241      < Te <    4543.40497633358     
   4719.48496130455      < Th <    4801.89879836708     
   80.2836342180412      < Ts <   80.3201301714319     
  5.470031957240269E+025 < Ne <  5.470539021317734E+025
  5.470031957240269E+025 < Nh <  5.470539020769770E+025
 CFL_Te=  1.562872399983908E-003 maxCFL_Ne=  1.362277162256310E-003 maxCFL_Ts=
  5.109986687210242E-004 CPU=   993.025475893467      NumThreads=           4 
 Elapsed time=  4.028094038978236E-003
 CFL_Limit=  1.000000000000000E-003
 dt_init=  1.000000000000000E-018 dt=  1.000000000000000E-018
 Time= -1.700000000039516E-014 Intensity=   600522846939104.     
   4504.69304601797      < Te <    4523.05487934789     
   4724.61351533921      < Th <    4808.13006127703     
   80.3180666980682      < Ts <   80.3590331255476     
  5.992568039904789E+025 < Ne <  5.993106838018204E+025
  5.992568039904789E+025 < Nh <  5.993106837392972E+025
 CFL_Te=  1.555539219891118E-003 maxCFL_Ne=  1.366502255376190E-003 maxCFL_Ts=
  5.110945919553136E-004 CPU=   992.906770910800      NumThreads=           4 
 Elapsed time=  4.028575609702785E-003
 CFL_Limit=  1.000000000000000E-003
 dt_init=  1.000000000000000E-018 dt=  1.000000000000000E-018
 Time= -1.600000000039534E-014 Intensity=   635822964715936.     
   4503.66450407319      < Te <    4524.31598411901     
   4730.76199688955      < Th <    4811.88908559933     
   80.3557967039995      < Ts <   80.4014866996601     
  6.546813587074413E+025 < Ne <  6.547384125765392E+025
  6.546813587074413E+025 < Nh <  6.547384125057433E+025
 CFL_Te=  1.548393448899099E-003 maxCFL_Ne=  1.371476116576773E-003 maxCFL_Ts=
  5.111996186209901E-004 CPU=   992.747769524071      NumThreads=           4 
 Elapsed time=  4.029220838156729E-003
 CFL_Limit=  1.000000000000000E-003
 dt_init=  1.000000000000000E-018 dt=  1.000000000000000E-018
 Time= -1.500000000039552E-014 Intensity=   670866384802207.     
   4521.86928502309      < Te <    4543.87229682632     
   4736.63395852503      < Th <    4817.63414431222     
   80.3970169475316      < Ts <   80.4477999569952     
  7.132656757268958E+025 < Ne <  7.133258815271617E+025
  7.132656757268958E+025 < Nh <  7.133258814476466E+025
 CFL_Te=  1.554651490507367E-003 maxCFL_Ne=  1.377019146185294E-003 maxCFL_Ts=
  5.113139073219769E-004 CPU=   992.603779526185      NumThreads=           4 
 Elapsed time=  4.029805328677452E-003
 CFL_Limit=  1.000000000000000E-003
 dt_init=  1.000000000000000E-018 dt=  1.000000000000000E-018
 Time= -1.400000000039570E-014 Intensity=   705389542384176.     
   4522.92990536703      < Te <    4545.62928341398     
   4743.49252483066      < Th <    4837.50376886931     
   80.4419373680364      < Ts <   80.4983912000397     
  7.749753842900908E+025 < Ne <  7.750386971162730E+025
  7.749753842900908E+025 < Nh <  7.750386970274383E+025
 CFL_Te=  1.547941880072930E-003 maxCFL_Ne=  1.383018219777618E-003 maxCFL_Ts=
  5.114380695809373E-004 CPU=   992.496055824148      NumThreads=           4 
 Elapsed time=  4.030242716358689E-003
 CFL_Limit=  1.000000000000000E-003
 dt_init=  1.000000000000000E-018 dt=  1.000000000000000E-018
 Time= -1.300000000039588E-014 Intensity=   739120414174032.     
   4525.25626839677      < Te <    4548.21393392668     
   4764.68048751771      < Th <    4842.72813907994     
   80.4907339310726      < Ts <   80.5534207280509     
  8.397520061948895E+025 < Ne <  8.398183560062807E+025
  8.397520061948895E+025 < Nh <  8.398183559077467E+025
 CFL_Te=  1.541761151622087E-003 maxCFL_Ne=  1.389853905966191E-003 maxCFL_Ts=
  5.115726273853619E-004 CPU=   992.388543483792      NumThreads=           4 
 Elapsed time=  4.030679340531232E-003
 CFL_Limit=  1.000000000000000E-003
 dt_init=  1.000000000000000E-018 dt=  1.000000000000000E-018
 Time= -1.200000000039606E-014 Intensity=   771781949547488.     
   4528.76959117947      < Te <    4550.94486605243     
   4772.43585343283      < Th <    4848.03599225262     
   80.5436064019202      < Ts <   80.6127954224570     
  9.075123361424981E+025 < Ne <  9.075816276843796E+025
  9.075123361424981E+025 < Nh <  9.075816275761961E+025
 CFL_Te=  1.536392300774805E-003 maxCFL_Ne=  1.397644945655725E-003 maxCFL_Ts=
  5.117179789894245E-004 CPU=   992.278982070945      NumThreads=           4 
 Elapsed time=  4.031124383640339E-003
 CFL_Limit=  1.000000000000000E-003
 dt_init=  1.000000000000000E-018 dt=  1.000000000000000E-018
 Time= -1.100000000039625E-014 Intensity=   803095760155617.     
   4533.69562793793      < Te <    4554.18911007388     
   4780.50498237055      < Th <    4858.13373765924     
   80.6007132447132      < Ts <   80.6755851782739     
  9.781481378229006E+025 < Ne <  9.782202505178905E+025
  9.781481378229006E+025 < Nh <  9.782202503998955E+025
 CFL_Te=  1.531097685125208E-003 maxCFL_Ne=  1.406318881749970E-003 maxCFL_Ts=
  5.118743931611062E-004 CPU=   990.936607276577      NumThreads=           4 
 Elapsed time=  4.036585156535219E-003
 CFL_Limit=  1.000000000000000E-003
 dt_init=  1.000000000000000E-018 dt=  1.000000000000000E-018
 Time= -1.000000000039643E-014 Intensity=   832786001727595.     
   4556.53687187783      < Te <    4576.90669282160     
   4788.92489600690      < Th <    4871.76608720131     
   80.6622259073641      < Ts <   80.7409388405725     
  1.051526182750850E+026 < Ne <  1.051600970384094E+026
  1.051526182750850E+026 < Nh <  1.051600970256464E+026
 CFL_Te=  1.538811511143389E-003 maxCFL_Ne=  1.413404096960589E-003 maxCFL_Ts=
  5.120420219921121E-004 CPU=   987.901875479838      NumThreads=           4 
 Elapsed time=  4.048985126237506E-003
 CFL_Limit=  1.000000000000000E-003
 dt_init=  1.000000000000000E-018 dt=  1.000000000000000E-018
 Time= -9.000000000396607E-015 Intensity=   860583374007772.     
   4563.77877582909      < Te <    4582.72007045267     
   4813.76093655877      < Th <    4902.50657646581     
   80.7282936616589      < Ts <   80.8110474939926     
  1.127488644529808E+026 < Ne <  1.127565938160042E+026
  1.127488644529808E+026 < Nh <  1.127565938023716E+026
 CFL_Te=  1.534837201070031E-003 maxCFL_Ne=  1.423465250630529E-003 maxCFL_Ts=
  5.122213389538398E-004 CPU=   984.923970884103      NumThreads=           4 
 Elapsed time=  4.061227179199891E-003
 CFL_Limit=  1.000000000000000E-003
 dt_init=  1.000000000000000E-018 dt=  1.000000000000000E-018
 Time= -8.000000000396788E-015 Intensity=   886229158745770.     
   4572.67872733793      < Te <    4590.65035758585     
   4822.68460073227      < Th <    4912.18014764433     
   80.7990607432393      < Ts <   80.8859422951973     
  1.205853863544996E+026 < Ne <  1.205933469955648E+026
  1.205853863544996E+026 < Nh <  1.205933469811597E+026
 CFL_Te=  1.531507364866930E-003 maxCFL_Ne=  1.434636941284645E-003 maxCFL_Ts=
  5.124126069236165E-004 CPU=   981.992427006297      NumThreads=           4 
 Elapsed time=  4.073351168495669E-003
 CFL_Limit=  1.000000000000000E-003
 dt_init=  1.000000000000000E-018 dt=  1.000000000000000E-018
 Time= -7.000000000396969E-015 Intensity=   909479211697424.     
   4583.28097906698      < Te <    4599.81365607295     
   4832.17323096320      < Th <    4947.38027378203     
   80.8746200169118      < Ts <   80.9661253130639     
  1.286417465806894E+026 < Ne <  1.286499169754447E+026
  1.286417465806894E+026 < Nh <  1.286499169604276E+026
 CFL_Te=  1.529224202418945E-003 maxCFL_Ne=  1.447010962299758E-003 maxCFL_Ts=
  5.126159119032114E-004 CPU=   979.115130161107      NumThreads=           4 
 Elapsed time=  4.085321405810392E-003
 CFL_Limit=  1.000000000000000E-003
 dt_init=  1.000000000000000E-018 dt=  1.000000000000000E-018
 Time= -6.000000000397150E-015 Intensity=   930107822811065.     
   4608.85048544756      < Te <    4624.70956385730     
   4859.00824960345      < Th <    4967.36044235015     
   80.9550751791547      < Ts <   81.0511270385884     
  1.368953841749464E+026 < Ne <  1.369037406813343E+026
  1.368953841749464E+026 < Nh <  1.369037406660919E+026
 CFL_Te=  1.537755050952726E-003 maxCFL_Ne=  1.455083228691780E-003 maxCFL_Ts=
  5.128313849257715E-004 CPU=   976.282111576589      NumThreads=           4 
 Elapsed time=  4.097176372043155E-003
 CFL_Limit=  1.000000000000000E-003
 dt_init=  1.000000000000000E-018 dt=  1.000000000000000E-018
 Time= -5.000000000397331E-015 Intensity=   947911359388388.     
   4621.67898059851      < Te <    4637.40839853118     
   4868.57243163913      < Th <    4998.92309743634     
   81.0404998267650      < Ts <   81.1413368414310     
  1.453217976170369E+026 < Ne <  1.453303149394978E+026
  1.453217976170369E+026 < Nh <  1.453303149242588E+026
 CFL_Te=  1.536287362382745E-003 maxCFL_Ne=  1.468895137270184E-003 maxCFL_Ts=
  5.130590295968480E-004 CPU=   973.481817429283      NumThreads=           4 
 Elapsed time=  4.108962210062616E-003
 CFL_Limit=  1.000000000000000E-003
 dt_init=  1.000000000000000E-018 dt=  1.000000000000000E-018
 Time= -4.000000000397512E-015 Intensity=   962711610070075.     
   4648.15663951070      < Te <    4663.82019745820     
   4896.34856092700      < Th <    5014.07551457414     
   81.1309436597949      < Ts <   81.2370740742685     
  1.538947582451768E+026 < Ne <  1.539034093415718E+026
  1.538947582451768E+026 < Nh <  1.539034093266407E+026
 CFL_Te=  1.545087635485019E-003 maxCFL_Ne=  1.477309423328104E-003 maxCFL_Ts=
  5.132986703963089E-004 CPU=   970.722369919224      NumThreads=           4 
 Elapsed time=  4.120642651238017E-003
 CFL_Limit=  1.000000000000000E-003
 dt_init=  1.000000000000000E-018 dt=  1.000000000000000E-018
 Time= -3.000000000397693E-015 Intensity=   974358752858044.     
   4663.15592664859      < Te <    4678.20294111953     
   4905.22268138663      < Th <    5027.54696282025     
   81.2264314209616      < Ts <   81.3377503184233     
  1.625865527493340E+026 < Ne <  1.625953093822135E+026
  1.625865527493340E+026 < Nh <  1.625953093681944E+026
 CFL_Te=  1.544746716050092E-003 maxCFL_Ne=  1.492588634399215E-003 maxCFL_Ts=
  5.135502493981803E-004 CPU=   968.020531288997      NumThreads=           4 
 Elapsed time=  4.132143762151077E-003
 CFL_Limit=  1.000000000000000E-003
 dt_init=  1.000000000000000E-018 dt=  1.000000000000000E-018
 Time= -2.000000000397874E-015 Intensity=   982733878060388.     
   4690.14182156194      < Te <    4704.44693066851     
   4933.49510561560      < Th <    5058.14856849698     
   81.3269629595454      < Ts <   81.4438016410878     
  1.713682523766754E+026 < Ne <  1.713770850183605E+026
  1.713682523766754E+026 < Nh <  1.713770850054464E+026
 CFL_Te=  1.553685391675228E-003 maxCFL_Ne=  1.501225559222566E-003 maxCFL_Ts=
  5.138135121254318E-004 CPU=   965.362267336844      NumThreads=           4 
 Elapsed time=  4.143522214758660E-003
 CFL_Limit=  1.000000000000000E-003
 dt_init=  1.000000000000000E-018 dt=  1.000000000000000E-018
 Time= -1.000000000397902E-015 Intensity=   987751006861459.     
   4707.12182982821      < Te <    4721.17714599878     
   4943.59655003345      < Th <    5091.39329062954     
   81.4325135757229      < Ts <   81.5554592137482     
  1.802099994748442E+026 < Ne <  1.802188779951929E+026
  1.802099994748442E+026 < Nh <  1.802188779842425E+026
 CFL_Te=  1.554595850134050E-003 maxCFL_Ne=  1.517949023351015E-003 maxCFL_Ts=
  5.140880991901937E-004 CPU=   962.744454351812      NumThreads=           4 
 Elapsed time=  4.154788928587580E-003
 CFL_Limit=  1.000000000000000E-003
 dt_init=  1.000000000000000E-018 dt=  1.000000000000000E-018
 Time= -3.978898472655851E-025 Intensity=   989358557592368.     
   4734.18374403858      < Te <    4748.48371460742     
   4971.88599090395      < Th <    5103.67781400889     
   81.5430245075333      < Ts <   81.6720007051855     
  1.890813146136772E+026 < Ne <  1.890902083263483E+026
  1.890813146136772E+026 < Nh <  1.890902083175938E+026
 CFL_Te=  1.563533303574401E-003 maxCFL_Ne=  1.526675861753096E-003 maxCFL_Ts=
  5.143736721893365E-004 CPU=   960.150978735394      NumThreads=           4 
 Elapsed time=  4.166011480057400E-003
 CFL_Limit=  1.000000000000000E-003
 dt_init=  1.000000000000000E-018 dt=  1.000000000000000E-018
