 Hello from thread =           0
 Hello from thread =           1
 Hello from thread =           6
 Hello from thread =           4
 Hello from thread =           2
 Hello from thread =           5
 Hello from thread =           3
 Hello from thread =           7
OpenMP TEST
Number of Threads = 8
*******************************
 Pi =    3.14159265358979     
 Read PolarizationSource TM:                      0
 Read phiMie0:    270.000000000000      deg -> rad
 Importing data on Polarization.
 Loading GMSH mesh...
 MESH INFORMATIONS
 [GMSH] Quadrangles number
      120000
 [GMSH] Node number
      120704
 Latest running index while remeshing                  2604
 [Mesh] Building...
 
 [Mesh] Convergence (                   500 )=  1.081720079616934E-005
 [Mesh] Convergence (                  1000 )=  1.811262921339221E-006
 [Mesh] Convergence (                  1500 )=  2.579260365273512E-007
 [Mesh] Convergence (                  2000 )=  3.591470637911698E-008
 [Mesh] Convergence (                  2500 )=  4.985051651601679E-009
 [Mesh] Convergence (                  3000 )=  6.916293277754448E-010
 [Mesh] Convergence is reached. The show can go on.
 [Mesh) ITERATIONS=                  3490
 Vessel cells:                    51 *                    51 =
                  2601
 Matter cells:                    51 *                    51 =
                  2601
  -73.8000000000000       -74.2000000000000     
 Done.
 [Mesh] Calculation of normales and distances.
 NEEDLE CHECK
 North -3.766032663078631E-002  0.999290598273626     
 South -4.425498528455761E-002 -0.999020268201533     
 East  0.997763878544350       6.683743466154690E-002
 West -0.983550514119218      -0.180633291991876     
  1.008423591908063E-007  1.008040131466220E-007  6.226196335372929E-009
  6.051711821471932E-009
 VESSEL CHECK
 North -3.766032663078620E-002  0.999290598273619     
 South -4.425498528455753E-002 -0.999020268201532     
 East  0.997763878550900       6.683743466200739E-002
 West -0.983550514120851      -0.180633291992154     
  1.008423591908069E-007  1.008040131466208E-007  6.226196335372337E-009
  6.051711821474587E-009
 epsilon(   515.000000000000      nm)= (17.8254000000000,0.506690000000000)
 Re(sqrt(epsilon))=   4.22244004813930     
 [Poisson eq.] Filling matrix
 Starting time loop.
 Time= -1.990000000000033E-013 Intensity=  1.560808197333866E-015
   80.0000004771923      < Te <    80.0000004779525     
   80.0000004771923      < Th <    80.0000004780627     
   80.0000000000000      < Ts <   80.0000000000000     
   100000.000010074      < Ne <   100000.000010088     
   100000.000010074      < Nh <   100000.000010088     
 CFL_Te=  3.017299651248141E-005 maxCFL_Ne=  2.329135641854283E-005 maxCFL_Ts=
  5.102011094536748E-004 CPU=   773.945013298548      NumThreads=           8 
 Elapsed time=  1.033665165165165E-002
 CFL_Limit=  1.000000000000000E-003
 dt_init=  1.000000000000000E-018 dt=  1.000000000000000E-018
 Time= -1.980000000000067E-013 Intensity=  3.105441224724688E-015
   80.0000014274143      < Te <    80.0000014291121     
   80.0000014274143      < Th <    80.0000014294238     
   80.0000000000000      < Ts <   80.0000000000000     
   100000.000030177      < Ne <   100000.000030205     
   100000.000030177      < Nh <   100000.000030205     
 CFL_Te=  3.017299687086950E-005 maxCFL_Ne=  2.329135669519234E-005 maxCFL_Ts=
  5.102011094536748E-004 CPU=   788.664535286623      NumThreads=           8 
 Elapsed time=  1.014372986493247E-002
 CFL_Limit=  1.000000000000000E-003
 dt_init=  1.000000000000000E-018 dt=  1.000000000000000E-018
 Time= -1.970000000000100E-013 Intensity=  6.157323060963920E-015
   80.0000033123723      < Te <    80.0000033156498     
   80.0000033123723      < Th <    80.0000033166329     
   80.0000000000000      < Ts <   80.0000000000000     
   100000.000070097      < Ne <   100000.000070152     
   100000.000070097      < Nh <   100000.000070152     
 CFL_Te=  3.017299758180487E-005 maxCFL_Ne=  2.329135724398268E-005 maxCFL_Ts=
  5.102011094536748E-004 CPU=   779.713690510798      NumThreads=           8 
 Elapsed time=  1.026017639213071E-002
 CFL_Limit=  1.000000000000000E-003
 dt_init=  1.000000000000000E-018 dt=  1.000000000000000E-018
 Time= -1.960000000000134E-013 Intensity=  1.216621304889952E-014
   80.0000070405513      < Te <    80.0000070470968     
   80.0000070405513      < Th <    80.0000070487091     
   80.0000000000000      < Ts <   80.0000000000000     
   100000.000149097      < Ne <   100000.000149206     
   100000.000149097      < Nh <   100000.000149206     
 CFL_Te=  3.017299898793401E-005 maxCFL_Ne=  2.329135832941200E-005 maxCFL_Ts=
  5.102011094536748E-004 CPU=   772.961613342334      NumThreads=           8 
 Elapsed time=  1.034980245061265E-002
 CFL_Limit=  1.000000000000000E-003
 dt_init=  1.000000000000000E-018 dt=  1.000000000000000E-018
 Time= -1.950000000000167E-013 Intensity=  2.395596909112202E-014
   80.0000143907402      < Te <    80.0000144044792     
   80.0000143907402      < Th <    80.0000144071026     
   80.0000000000000      < Ts <   80.0000000000000     
   100000.000304891      < Ne <   100000.000305106     
   100000.000304891      < Nh <   100000.000305106     
 CFL_Te=  3.017300176014928E-005 maxCFL_Ne=  2.329136046936035E-005 maxCFL_Ts=
  5.102011094536748E-004 CPU=   777.301686757488      NumThreads=           8 
 Elapsed time=  1.029201420284057E-002
 CFL_Limit=  1.000000000000000E-003
 dt_init=  1.000000000000000E-018 dt=  1.000000000000000E-018
 Time= -1.940000000000200E-013 Intensity=  4.700747468172524E-014
   80.0000288335292      < Te <    80.0000288608769     
   80.0000288335292      < Th <    80.0000288679946     
   80.0000000000000      < Ts <   80.0000000000000     
   100000.000611069      < Ne <   100000.000611490     
   100000.000611069      < Nh <   100000.000611490     
 CFL_Te=  3.017300720742703E-005 maxCFL_Ne=  2.329136467426216E-005 maxCFL_Ts=
  5.102011094536748E-004 CPU=   765.263687491772      NumThreads=           8 
 Elapsed time=  1.045391298549758E-002
 CFL_Limit=  1.000000000000000E-003
 dt_init=  1.000000000000000E-018 dt=  1.000000000000000E-018
 Time= -1.930000000000234E-013 Intensity=  9.192104385628073E-014
   80.0000571166093      < Te <    80.0000571731495     
   80.0000571166093      < Th <    80.0000571858711     
   80.0000000000000      < Ts <   80.0000000000000     
   100000.001210710      < Ne <   100000.001211533     
   100000.001210710      < Nh <   100000.001211533     
 CFL_Te=  3.017301787474292E-005 maxCFL_Ne=  2.329137290865334E-005 maxCFL_Ts=
  5.102011094536748E-004 CPU=   768.467649950798      NumThreads=           8 
 Elapsed time=  1.041032761823118E-002
 CFL_Limit=  1.000000000000000E-003
 dt_init=  1.000000000000000E-018 dt=  1.000000000000000E-018
 Time= -1.920000000000267E-013 Intensity=  1.791256685535073E-013
   80.0001123131088      < Te <    80.0001124228135     
   80.0001123131088      < Th <    80.0001124486430     
   80.0000000000000      < Ts <   80.0000000000000     
   100000.002381029      < Ne <   100000.002382633     
   100000.002381029      < Nh <   100000.002382633     
 CFL_Te=  3.017303869279016E-005 maxCFL_Ne=  2.329138897867005E-005 maxCFL_Ts=
  5.102011094536748E-004 CPU=   768.317317837766      NumThreads=           8 
 Elapsed time=  1.041236454556820E-002
 CFL_Limit=  1.000000000000000E-003
 dt_init=  1.000000000000000E-018 dt=  1.000000000000000E-018
 Time= -1.910000000000300E-013 Intensity=  3.478528381353071E-013
   80.0002196622561      < Te <    80.0002198692601     
   80.0002196622561      < Th <    80.0002199380539     
   80.0000000000000      < Ts <   80.0000000000000     
   100000.004657240      < Ne <   100000.004660355     
   100000.004657240      < Nh <   100000.004660355     
 CFL_Te=  3.017307918085799E-005 maxCFL_Ne=  2.329142023251051E-005 maxCFL_Ts=
  5.102011094536748E-004 CPU=   770.449474200232      NumThreads=           8 
 Elapsed time=  1.038354917213024E-002
 CFL_Limit=  1.000000000000000E-003
 dt_init=  1.000000000000000E-018 dt=  1.000000000000000E-018
 Time= -1.900000000000334E-013 Intensity=  6.731752308218254E-013
   80.0004277202368      < Te <    80.0004281089769     
   80.0004277202368      < Th <    80.0004282352840     
   80.0000000000000      < Ts <   80.0000000000000     
   100000.009069042      < Ne <   100000.009075070     
   100000.009069042      < Nh <   100000.009075070     
 CFL_Te=  3.017315765251660E-005 maxCFL_Ne=  2.329148080691814E-005 maxCFL_Ts=
  5.102011094536748E-004 CPU=   772.647520503866      NumThreads=           8 
 Elapsed time=  1.035400980098010E-002
 CFL_Limit=  1.000000000000000E-003
 dt_init=  1.000000000000000E-018 dt=  1.000000000000000E-018
 Time= -1.890000000000367E-013 Intensity=  1.298241700107108E-012
   80.0008295731229      < Te <    80.0008303121948     
   80.0008295731229      < Th <    80.0008305602045     
   80.0000000000000      < Ts <   80.0000000000000     
   100000.017590517      < Ne <   100000.017602142     
   100000.017590517      < Nh <   100000.017602142     
 CFL_Te=  3.017330921633737E-005 maxCFL_Ne=  2.329159780315310E-005 maxCFL_Ts=
  5.102011094536748E-004 CPU=   773.721181563481      NumThreads=           8 
 Elapsed time=  1.033964196745159E-002
 CFL_Limit=  1.000000000000000E-003
 dt_init=  1.000000000000000E-018 dt=  1.000000000000000E-018
 Time= -1.880000000000400E-013 Intensity=  2.495041832982707E-012
   80.0016030472941      < Te <    80.0016046050075     
   80.0016030472941      < Th <    80.0016049869401     
   80.0000000000000      < Ts <   80.0000000000000     
   100000.033992970      < Ne <   100000.034015311     
   100000.033992970      < Nh <   100000.034015311     
 CFL_Te=  3.017360094175397E-005 maxCFL_Ne=  2.329182299393493E-005 maxCFL_Ts=
  5.102011094536748E-004 CPU=   772.881022626778      NumThreads=           8 
 Elapsed time=  1.035088165680473E-002
 CFL_Limit=  1.000000000000000E-003
 dt_init=  1.000000000000000E-018 dt=  1.000000000000000E-018
 Time= -1.870000000000434E-013 Intensity=  4.778537059130534E-012
   80.0030866582960      < Te <    80.0030896142328     
   80.0030866582960      < Th <    80.0030902958497     
   80.0000000000000      < Ts <   80.0000000000000     
   100000.065455825      < Ne <   100000.065498612     
   100000.065455825      < Nh <   100000.065498612     
 CFL_Te=  3.017416050412048E-005 maxCFL_Ne=  2.329225493534090E-005 maxCFL_Ts=
  5.102011094536748E-004 CPU=   772.174872421886      NumThreads=           8 
 Elapsed time=  1.036034748826833E-002
 CFL_Limit=  1.000000000000000E-003
 dt_init=  1.000000000000000E-018 dt=  1.000000000000000E-018
 Time= -1.860000000000467E-013 Intensity=  9.120254035482025E-012
   80.0059225487846      < Te <    80.0059279955121     
   80.0059225487846      < Th <    80.0059296441873     
   80.0000000000000      < Ts <   80.0000000000000     
   100000.125598495      < Ne <   100000.125680157     
   100000.125598495      < Nh <   100000.125680157     
 CFL_Te=  3.017523009553686E-005 maxCFL_Ne=  2.329308058203828E-005 maxCFL_Ts=
  5.102011094536748E-004 CPU=   773.231140040706      NumThreads=           8 
 Elapsed time=  1.034619479962854E-002
 CFL_Limit=  1.000000000000000E-003
 dt_init=  1.000000000000000E-018 dt=  1.000000000000000E-018
 Time= -1.850000000000501E-013 Intensity=  1.734657596048508E-011
   80.0113245385380      < Te <    80.0113349708428     
   80.0113245385380      < Th <    80.0113384707483     
   80.0000000000000      < Ts <   80.0000000000000     
   100000.240166294      < Ne <   100000.240321614     
   100000.240166294      < Nh <   100000.240321614     
 CFL_Te=  3.017726752324959E-005 maxCFL_Ne=  2.329465332788851E-005 maxCFL_Ts=
  5.102011094536748E-004 CPU=   770.993115041506      NumThreads=           8 
 Elapsed time=  1.037622754850323E-002
 CFL_Limit=  1.000000000000000E-003
 dt_init=  1.000000000000000E-018 dt=  1.000000000000000E-018
 Time= -1.840000000000534E-013 Intensity=  3.287876068756104E-011
   80.0215789929777      < Te <    80.0215980908577     
   80.0215789929777      < Th <    80.0216031275002     
   80.0000000000000      < Ts <   80.0000000000000     
   100000.457655500      < Ne <   100000.457949894     
   100000.457655500      < Nh <   100000.457949894     
 CFL_Te=  3.018113511845213E-005 maxCFL_Ne=  2.329763882978672E-005 maxCFL_Ts=
  5.102011094536748E-004 CPU=   772.654613958171      NumThreads=           8 
 Elapsed time=  1.035391474467154E-002
 CFL_Limit=  1.000000000000000E-003
 dt_init=  1.000000000000000E-018 dt=  1.000000000000000E-018
 Time= -1.830000000000567E-013 Intensity=  6.210291219805711E-011
   80.0409773625022      < Te <    80.0410142173550     
   80.0409773625022      < Th <    80.0410258531215     
   80.0000000000000      < Ts <   80.0000000000000     
   100000.869097027      < Ne <   100000.869653092     
   100000.869097027      < Nh <   100000.869653092     
 CFL_Te=  3.018845145510861E-005 maxCFL_Ne=  2.330328650898533E-005 maxCFL_Ts=
  5.102011094536748E-004 CPU=   775.029240837909      NumThreads=           8 
 Elapsed time=  1.032219118771692E-002
 CFL_Limit=  1.000000000000000E-003
 dt_init=  1.000000000000000E-018 dt=  1.000000000000000E-018
 Time= -1.820000000000601E-013 Intensity=  1.168969938842701E-010
   80.0775461539646      < Te <    80.0776161110633     
   80.0775461539646      < Th <    80.0776342416159     
   80.0000000000000      < Ts <   80.0000000000000     
   100001.644761343      < Ne <   100001.645808031     
   100001.644761343      < Nh <   100001.645808031     
 CFL_Te=  3.020224383024209E-005 maxCFL_Ne=  2.331393321836932E-005 maxCFL_Ts=
  5.102011094536748E-004 CPU=   777.047491836541      NumThreads=           8 
 Elapsed time=  1.029538102116784E-002
 CFL_Limit=  1.000000000000000E-003
 dt_init=  1.000000000000000E-018 dt=  1.000000000000000E-018
 Time= -1.810000000000634E-013 Intensity=  2.192752273564716E-010
   80.1462445460000      < Te <    80.1463819650013     
   80.1462445460000      < Th <    80.1464175469353     
   80.0000000000000      < Ts <   80.0000000000000     
   100003.102013743      < Ne <   100003.103977118     
   100003.102013743      < Nh <   100003.103977118     
 CFL_Te=  3.022815428437877E-005 maxCFL_Ne=  2.333393420242910E-005 maxCFL_Ts=
  5.102011094536748E-004 CPU=   776.949528138573      NumThreads=           8 
 Elapsed time=  1.029667914100742E-002
 CFL_Limit=  1.000000000000000E-003
 dt_init=  1.000000000000000E-018 dt=  1.000000000000000E-018
 Time= -1.800000000000667E-013 Intensity=  4.098931371387976E-010
   80.2748528994295      < Te <    80.2751067112767     
   80.2748528994295      < Th <    80.2751878852062     
   80.0000000000000      < Ts <   80.0000000000000     
   100005.830306826      < Ne <   100005.833976979     
   100005.830306826      < Nh <   100005.833976979     
 CFL_Te=  3.027666052658323E-005 maxCFL_Ne=  2.337137748968292E-005 maxCFL_Ts=
  5.102011094536748E-004 CPU=   777.553486119833      NumThreads=           8 
 Elapsed time=  1.028868128406420E-002
 CFL_Limit=  1.000000000000000E-003
 dt_init=  1.000000000000000E-018 dt=  1.000000000000000E-018
 Time= -1.790000000000701E-013 Intensity=  7.635659860009758E-010
   80.5147754825009      < Te <    80.5152406940114     
   80.5147754825009      < Th <    80.5153928405078     
   80.0000000000000      < Ts <   80.0000000000000     
   100010.920597008      < Ne <   100010.927433922     
   100010.920597008      < Nh <   100010.927433922     
 CFL_Te=  3.036715031682197E-005 maxCFL_Ne=  2.344122901920651E-005 maxCFL_Ts=
  5.102011094536748E-004 CPU=   778.251295208489      NumThreads=           8 
 Elapsed time=  1.027945606933663E-002
 CFL_Limit=  1.000000000000000E-003
 dt_init=  1.000000000000000E-018 dt=  1.000000000000000E-018
 Time= -1.780000000000734E-013 Intensity=  1.417481341681680E-009
   80.9607796898452      < Te <    80.9616642876271     
   80.9607796898452      < Th <    80.9619257701183     
   80.0000000000000      < Ts <   80.0000000000000     
   100020.384915271      < Ne <   100020.397607297     
   100020.384915271      < Nh <   100020.397607297     
 CFL_Te=  3.053536635822797E-005 maxCFL_Ne=  2.357107955540038E-005 maxCFL_Ts=
  5.102011094536748E-004 CPU=   778.862567767719      NumThreads=           8 
 Elapsed time=  1.027138847220328E-002
 CFL_Limit=  1.000000000000000E-003
 dt_init=  1.000000000000000E-018 dt=  1.000000000000000E-018
 Time= -1.770000000000767E-013 Intensity=  2.622303641321438E-009
   81.7869087278791      < Te <    81.7884919482390     
   81.7869087278791      < Th <    81.7890851388875     
   80.0000000000000      < Ts <   80.0000000000000     
   100037.920950449      < Ne <   100037.944430367     
   100037.920950449      < Nh <   100037.944430367     
 CFL_Te=  3.084695121366261E-005 maxCFL_Ne=  2.381160037737317E-005 maxCFL_Ts=
  5.102011094536748E-004 CPU=   779.772612318690      NumThreads=           8 
 Elapsed time=  1.025940110439584E-002
 CFL_Limit=  1.000000000000000E-003
 dt_init=  1.000000000000000E-018 dt=  1.000000000000000E-018
 Time= -1.760000000000801E-013 Intensity=  4.834409727130662E-009
   83.3114968398126      < Te <    83.3143363115285     
   83.3114968398126      < Th <    83.3155508925081     
   80.0000000000000      < Ts <   80.0000000000000     
   100070.300347433      < Ne <   100070.343634388     
   100070.300347433      < Nh <   100070.343634388     
 CFL_Te=  3.142196860753703E-005 maxCFL_Ne=  2.425547193855759E-005 maxCFL_Ts=
  5.102011094536748E-004 CPU=   780.625394250039      NumThreads=           8 
 Elapsed time=  1.024819338305763E-002
 CFL_Limit=  1.000000000000000E-003
 dt_init=  1.000000000000000E-018 dt=  1.000000000000000E-018
 Time= -1.750000000000834E-013 Intensity=  8.881754856682622E-009
   86.1141542515284      < Te <    86.1196497205311     
   86.1141542515284      < Th <    86.1210276983240     
   80.0000000000000      < Ts <   80.0000000000000     
   100129.880468515      < Ne <   100129.959995106     
   100129.880468515      < Nh <   100129.959995106     
 CFL_Te=  3.247902575509909E-005 maxCFL_Ne=  2.507144309238265E-005 maxCFL_Ts=
  5.102011094536748E-004 CPU=   781.121006131600      NumThreads=           8 
 Elapsed time=  1.024169102764111E-002
 CFL_Limit=  1.000000000000000E-003
 dt_init=  1.000000000000000E-018 dt=  1.000000000000000E-018
 Time= -1.740000000000868E-013 Intensity=  1.626106400450773E-008
   91.2445365392578      < Te <    91.2542513374206     
   91.2445365392578      < Th <    91.2570089866447     
   80.0000000000000      < Ts <   80.0000000000000     
   100239.132440150      < Ne <   100239.278040542     
   100239.132440150      < Nh <   100239.278040542     
 CFL_Te=  3.441401332949919E-005 maxCFL_Ne=  2.656511261380972E-005 maxCFL_Ts=
  5.102011094536748E-004 CPU=   779.189157987012      NumThreads=           8 
 Elapsed time=  1.026708331089657E-002
 CFL_Limit=  1.000000000000000E-003
 dt_init=  1.000000000000000E-018 dt=  1.000000000000000E-018
 Time= -1.730000000000901E-013 Intensity=  2.966839047968111E-008
   100.590396310925      < Te <    100.607634733142     
   100.590396310925      < Th <    100.614654806895     
   80.0000000000000      < Ts <   80.0000000000000     
   100438.774692973      < Ne <   100439.040341597     
   100438.774692973      < Nh <   100439.040341597     
 CFL_Te=  3.793892073718192E-005 maxCFL_Ne=  2.928608448482522E-005 maxCFL_Ts=
  5.102011094536748E-004 CPU=   779.667657095442      NumThreads=           8 
 Elapsed time=  1.026078217711767E-002
 CFL_Limit=  1.000000000000000E-003
 dt_init=  1.000000000000000E-018 dt=  1.000000000000000E-018
 Time= -1.720000000000934E-013 Intensity=  5.394284693830016E-008
   117.513847165894      < Te <    117.545194349768     
   117.513847165894      < Th <    117.558985883156     
   80.0000000000000      < Ts <   80.0000000000000     
   100802.330358980      < Ne <   100802.813359332     
   100802.330358980      < Nh <   100802.813359332     
 CFL_Te=  4.432181099443570E-005 maxCFL_Ne=  3.421321102662066E-005 maxCFL_Ts=
  5.102011094536748E-004 CPU=   780.653872480006      NumThreads=           8 
 Elapsed time=  1.024781952926890E-002
 CFL_Limit=  1.000000000000000E-003
 dt_init=  1.000000000000000E-018 dt=  1.000000000000000E-018
 Time= -1.710000000000968E-013 Intensity=  9.773915737714293E-008
   147.914690497261      < Te <    147.974157745775     
   147.914690497261      < Th <    148.002694895272     
   80.0000000000000      < Ts <   80.0000000000000     
   101462.088336280      < Ne <   101462.963485631     
   101462.088336280      < Nh <   101462.963485631     
 CFL_Te=  5.578786767371622E-005 maxCFL_Ne=  4.306417194201575E-005 maxCFL_Ts=
  5.102011094536748E-004 CPU=   780.602424113196      NumThreads=           8 
 Elapsed time=  1.024849494810166E-002
 CFL_Limit=  1.000000000000000E-003
 dt_init=  1.000000000000000E-018 dt=  1.000000000000000E-018
 Time= -1.700000000001001E-013 Intensity=  1.764810860648570E-007
   201.899448425070      < Te <    202.011213208749     
   201.899448425070      < Th <    202.090056946152     
   80.0000000000000      < Ts <   80.0000000000000     
   102655.234529025      < Ne <   102656.814727913     
   102655.234529025      < Nh <   102656.814727913     
 CFL_Te=  7.614889146080512E-005 maxCFL_Ne=  5.878139982408191E-005 maxCFL_Ts=
  5.102011094536748E-004 CPU=   780.176563677684      NumThreads=           8 
 Elapsed time=  1.025408910297010E-002
 CFL_Limit=  1.000000000000000E-003
 dt_init=  1.000000000000000E-018 dt=  1.000000000000000E-018
 Time= -1.690000000001034E-013 Intensity=  3.175576613512355E-007
   296.085173074796      < Te <    296.327906080295     
   296.085173074796      < Th <    296.505240674701     
   80.0000000000000      < Ts <   80.0000000000000     
   104805.529041717      < Ne <   104808.372430064     
   104805.529041717      < Nh <   104808.372430064     
 CFL_Te=  1.116722105161938E-004 maxCFL_Ne=  8.620281568996086E-005 maxCFL_Ts=
  5.102011094536748E-004 CPU=   780.964214561472      NumThreads=           8 
 Elapsed time=  1.024374721765218E-002
 CFL_Limit=  1.000000000000000E-003
 dt_init=  1.000000000000000E-018 dt=  1.000000000000000E-018
 Time= -1.680000000001068E-013 Intensity=  5.694320037504541E-007
   455.879563155227      < Te <    456.430648095944     
   455.879563155227      < Th <    456.869792883937     
   80.0000000000000      < Ts <   80.0000000000000     
   108667.397801465      < Ne <   108672.496454468     
   108667.397801465      < Nh <   108672.496454468     
 CFL_Te=  1.719406548393721E-004 maxCFL_Ne=  1.327262433228155E-004 maxCFL_Ts=
  5.102011094536748E-004 CPU=   781.711841811268      NumThreads=           8 
 Elapsed time=  1.023395012344136E-002
 CFL_Limit=  1.000000000000000E-003
 dt_init=  1.000000000000000E-018 dt=  1.000000000000000E-018
 Time= -1.670000000001101E-013 Intensity=  1.017550563976508E-006
   715.216050913485      < Te <    716.423976663751     
   715.216050913485      < Th <    717.282349380756     
   80.0000000000000      < Ts <   80.0000000000000     
   115579.216730968      < Ne <   115588.327805169     
   115579.216730968      < Nh <   115588.327805169     
 CFL_Te=  2.697526412108524E-004 maxCFL_Ne=  2.082293982340581E-004 maxCFL_Ts=
  5.102011094536748E-004 CPU=   782.040666796017      NumThreads=           8 
 Elapsed time=  1.022964704991060E-002
 CFL_Limit=  1.000000000000000E-003
 dt_init=  1.000000000000000E-018 dt=  1.000000000000000E-018
 Time= -1.660000000001134E-013 Intensity=  1.812028301742214E-006
   1108.19778683738      < Te <    1109.95353441476     
   1108.19778687023      < Th <    1112.54179598013     
   80.0000000000000      < Ts <   80.0000000000000     
   127906.928487481      < Ne <   127923.153257922     
   127906.928487481      < Nh <   127923.153257922     
 CFL_Te=  4.179705974626561E-004 maxCFL_Ne=  3.226522049005392E-004 maxCFL_Ts=
  5.102011094536748E-004 CPU=   780.028243932766      NumThreads=           8 
 Elapsed time=  1.025603888349657E-002
 CFL_Limit=  1.000000000000000E-003
 dt_init=  1.000000000000000E-018 dt=  1.000000000000000E-018
 Time= -1.650000000001168E-013 Intensity=  3.215650229074063E-006
   1647.08522852777      < Te <    1651.89680270361     
   1647.08522860360      < Th <    1660.60809388360     
   80.0000000000000      < Ts <   80.0000000000000     
   149818.214500975      < Ne <   149847.007200860     
   149818.214500975      < Nh <   149847.007200860     
 CFL_Te=  6.212187072733416E-004 maxCFL_Ne=  4.795376454363198E-004 maxCFL_Ts=
  5.102011094536748E-004 CPU=   779.858042005441      NumThreads=           8 
 Elapsed time=  1.025827723649247E-002
 CFL_Limit=  1.000000000000000E-003
 dt_init=  1.000000000000000E-018 dt=  1.000000000000000E-018
 Time= -1.640000000001201E-013 Intensity=  5.686793797512061E-006
   2294.37455819415      < Te <    2303.72373125362     
   2294.37455819415      < Th <    2320.12470900884     
   80.0000000000000      < Ts <   80.0000000000000     
   188628.652609993      < Ne <   188679.571761266     
   188628.652609993      < Nh <   188679.571761266     
 CFL_Te=  8.653519430198190E-004 maxCFL_Ne=  6.680529447715954E-004 maxCFL_Ts=
  5.102011094536748E-004 CPU=   777.364427953640      NumThreads=           8 
 Elapsed time=  1.029118353287591E-002
 CFL_Limit=  1.000000000000000E-003
 dt_init=  1.000000000000000E-018 dt=  1.000000000000000E-018
 Time= -1.630000000001235E-013 Intensity=  1.002215253558967E-005
   2960.12330315565      < Te <    2978.16768280697     
   2960.12330315565      < Th <    3003.05816118636     
   80.0000000000000      < Ts <   80.0000000000000     
   257134.007541321      < Ne <   257223.745350677     
   257134.007541321      < Nh <   257223.745350677     
 CFL_Te=  1.116447394996761E-003 maxCFL_Ne=  8.618423285405108E-004 maxCFL_Ts=
  5.102011094536748E-004 CPU=   776.357221033220      NumThreads=           8 
 Elapsed time=  1.030453479823779E-002
 CFL_Limit=  1.000000000000000E-003
 dt_init=  1.000000000000000E-018 dt=  1.000000000000000E-018
 Time= -1.620000000001268E-013 Intensity=  1.760148807143688E-005
   3545.08479608467      < Te <    3572.45743258388     
   3545.08479608467      < Th <    3622.64918682940     
   80.0000000000000      < Ts <   80.0000000000000     
   377636.439548080      < Ne <   377794.043288570     
   377636.439548080      < Nh <   377794.043288560     
 CFL_Te=  1.337072941982840E-003 maxCFL_Ne=  1.032210096185156E-003 maxCFL_Ts=
  5.102011094536748E-004 CPU=   776.004724543199      NumThreads=           8 
 Elapsed time=  1.030921558462065E-002
 CFL_Limit=  1.000000000000000E-003
 dt_init=  1.000000000000000E-018 dt=  1.000000000000000E-018
 Time= -1.610000000001301E-013 Intensity=  3.080580861387861E-005
   3992.80612160870      < Te <    4030.91578412698     
   3992.80663562459      < Th <    4097.36621034236     
   80.0000000000000      < Ts <   80.0000000000000     
   588869.749484113      < Ne <   589145.587282848     
   588869.749484113      < Nh <   589145.587281245     
 CFL_Te=  1.505936635345985E-003 maxCFL_Ne=  1.162488668274278E-003 maxCFL_Ts=
  5.102011094536748E-004 CPU=   775.882089517772      NumThreads=           8 
 Elapsed time=  1.031084504730890E-002
 CFL_Limit=  1.000000000000000E-003
 dt_init=  1.000000000000000E-018 dt=  1.000000000000000E-018
 Time= -1.600000000001335E-013 Intensity=  5.372923910690367E-005
   4301.09011975485      < Te <    4339.59278496589     
   4301.03885499607      < Th <    4434.93179211216     
   80.0000000000000      < Ts <   80.0000000000000     
   957867.968133179      < Ne <   958349.070561876     
   957867.968133179      < Nh <   958349.070561410     
 CFL_Te=  1.622209789902353E-003 maxCFL_Ne=  1.252365849257694E-003 maxCFL_Ts=
  5.102011094536748E-004 CPU=   775.921747033817      NumThreads=           8 
 Elapsed time=  1.031031805795145E-002
 CFL_Limit=  1.000000000000000E-003
 dt_init=  1.000000000000000E-018 dt=  1.000000000000000E-018
 Time= -1.590000000001368E-013 Intensity=  9.338639650887173E-005
   4498.49788389464      < Te <    4538.99205968274     
   4498.27180408977      < Th <    4658.14834813746     
   80.0000000000000      < Ts <   80.0000000000000     
   1600232.26414848      < Ne <   1601068.47332183     
   1600232.26414848      < Nh <   1601068.47332007     
 CFL_Te=  1.696664600124510E-003 maxCFL_Ne=  1.309701465460205E-003 maxCFL_Ts=
  5.102011094536748E-004 CPU=   775.439935891493      NumThreads=           8 
 Elapsed time=  1.031672426156735E-002
 CFL_Limit=  1.000000000000000E-003
 dt_init=  1.000000000000000E-018 dt=  1.000000000000000E-018
 Time= -1.580000000001401E-013 Intensity=  1.617526464825109E-004
   4619.21707886713      < Te <    4671.36327931331     
   4618.89332547883      < Th <    4785.34550931521     
   80.0000000000000      < Ts <   80.0000000000000     
   2714613.46480080      < Ne <   2716061.86251086     
   2714613.46480080      < Nh <   2716061.86250613     
 CFL_Te=  1.742206665477066E-003 maxCFL_Ne=  1.344856613859410E-003 maxCFL_Ts=
  5.102011094536748E-004 CPU=   775.324793250452      NumThreads=           8 
 Elapsed time=  1.031825638705683E-002
 CFL_Limit=  1.000000000000000E-003
 dt_init=  1.000000000000000E-018 dt=  1.000000000000000E-018
 Time= -1.570000000001435E-013 Intensity=  2.791991054014986E-004
   4691.03373579386      < Te <    4744.74495605470     
   4690.68564490732      < Th <    4853.36870859203     
   80.0000000000000      < Ts <   80.0000000000000     
   4641168.51731424      < Ne <   4643668.60845730     
   4641168.51731423      < Nh <   4643668.60844713     
 CFL_Te=  1.769316905460416E-003 maxCFL_Ne=  1.365783746297985E-003 maxCFL_Ts=
  5.102011094536748E-004 CPU=   775.955737697456      NumThreads=           8 
 Elapsed time=  1.030986641549803E-002
 CFL_Limit=  1.000000000000000E-003
 dt_init=  1.000000000000000E-018 dt=  1.000000000000000E-018
 Time= -1.560000000001468E-013 Intensity=  4.802545629240912E-004
   4733.12207734708      < Te <    4800.60017164116     
   4732.76285727750      < Th <    4892.50707800673     
   80.0000000000000      < Ts <   80.0000000000000     
   7960299.10132179      < Ne <   7964599.59458375     
   7960299.10132178      < Nh <   7964599.59456298     
 CFL_Te=  1.785207815580829E-003 maxCFL_Ne=  1.378215554870361E-003 maxCFL_Ts=
  5.102011094536748E-004 CPU=   776.034157196606      NumThreads=           8 
 Elapsed time=  1.030882458692243E-002
 CFL_Limit=  1.000000000000000E-003
 dt_init=  1.000000000000000E-018 dt=  1.000000000000000E-018
 Time= -1.550000000001501E-013 Intensity=  8.232350018316378E-004
   4757.59065032334      < Te <    4822.79778505729     
   4757.21238011966      < Th <    4943.57329832678     
   80.0000000000000      < Ts <   80.0000000000000     
   13658825.0059116      < Ne <   13666196.8659776     
   13658825.0059116      < Nh <   13666196.8659331     
 CFL_Te=  1.794446687502997E-003 maxCFL_Ne=  1.385191646785535E-003 maxCFL_Ts=
  5.102011094536748E-004 CPU=   776.761412749470      NumThreads=           8 
 Elapsed time=  1.029917278161737E-002
 CFL_Limit=  1.000000000000000E-003
 dt_init=  1.000000000000000E-018 dt=  1.000000000000000E-018
 Time= -1.540000000001535E-013 Intensity=  1.406277423666162E-003
   4771.72756310285      < Te <    4845.24095128074     
   4771.30260367722      < Th <    4958.52738030980     
   80.0000000000000      < Ts <   80.0000000000000     
   23408631.3461124      < Ne <   23421224.3271192     
   23408631.3461124      < Nh <   23421224.3270268     
 CFL_Te=  1.799781319449370E-003 maxCFL_Ne=  1.389294882695148E-003 maxCFL_Ts=
  5.102011094536748E-004 CPU=   776.922240885253      NumThreads=           8 
 Elapsed time=  1.029704078349529E-002
 CFL_Limit=  1.000000000000000E-003
 dt_init=  1.000000000000000E-018 dt=  1.000000000000000E-018
 Time= -1.530000000001568E-013 Intensity=  2.393938736395840E-003
   4779.83177937252      < Te <    4855.95773808018     
   4779.38391658266      < Th <    4954.25546235060     
   80.0000000000000      < Ts <   80.0000000000000     
   40032217.8772557      < Ne <   40053655.2529084     
   40032217.8772557      < Nh <   40053655.2527292     
 CFL_Te=  1.802843419873459E-003 maxCFL_Ne=  1.391659454855186E-003 maxCFL_Ts=
  5.102011094536748E-004 CPU=   776.325863586489      NumThreads=           8 
 Elapsed time=  1.030495102023447E-002
 CFL_Limit=  1.000000000000000E-003
 dt_init=  1.000000000000000E-018 dt=  1.000000000000000E-018
 Time= -1.520000000001602E-013 Intensity=  4.061158219602303E-003
   4784.46521220770      < Te <    4863.61201101048     
   4783.99003706767      < Th <    4962.16898678351     
   80.0000000000000      < Ts <   80.0000000000000     
   68277683.9103517      < Ne <   68314051.1614870     
   68277683.9103517      < Nh <   68314051.1613985     
 CFL_Te=  1.804587475182632E-003 maxCFL_Ne=  1.393168224196113E-003 maxCFL_Ts=
  5.102011094536748E-004 CPU=   776.514626619976      NumThreads=           8 
 Elapsed time=  1.030244598845809E-002
 CFL_Limit=  1.000000000000000E-003
 dt_init=  1.000000000000000E-018 dt=  1.000000000000000E-018
 Time= -1.510000000001635E-013 Intensity=  6.865649637718419E-003
   4787.05527014253      < Te <    4867.76106382953     
   4786.63315817758      < Th <    4989.81766763220     
   80.0000000000000      < Ts <   80.0000000000000     
   116104122.150049      < Ne <   116165604.136519     
   116104122.150049      < Nh <   116165604.136401     
 CFL_Te=  1.805568827107140E-003 maxCFL_Ne=  1.394048176419457E-003 maxCFL_Ts=
  5.102011094536748E-004 CPU=   776.925130190881      NumThreads=           8 
 Elapsed time=  1.029700248984673E-002
 CFL_Limit=  1.000000000000000E-003
 dt_init=  1.000000000000000E-018 dt=  1.000000000000000E-018
 Time= -1.500000000001668E-013 Intensity=  1.156666652093452E-002
   4788.43578954810      < Te <    4859.81939809047     
   4788.10521785001      < Th <    4966.02594512050     
   80.0000000000000      < Ts <   80.0000000000000     
   196805808.834319      < Ne <   196909388.724253     
   196805808.834319      < Nh <   196909388.724028     
 CFL_Te=  1.806104487713427E-003 maxCFL_Ne=  1.394255951842770E-003 maxCFL_Ts=
  5.102011094536748E-004 CPU=   776.906452211854      NumThreads=           8 
 Elapsed time=  1.029725004500090E-002
 CFL_Limit=  1.000000000000000E-003
 dt_init=  1.000000000000000E-018 dt=  1.000000000000000E-018
 Time= -1.490000000001702E-013 Intensity=  1.941912432240791E-002
   4789.15738050108      < Te <    4863.46937464358     
   4788.83561052784      < Th <    4969.00685766863     
   80.0000000000000      < Ts <   80.0000000000000     
   332509750.667310      < Ne <   332683649.525290     
   332509750.667310      < Nh <   332683649.524911     
 CFL_Te=  1.806377713724864E-003 maxCFL_Ne=  1.394388070816177E-003 maxCFL_Ts=
  5.102011094536748E-004 CPU=   777.119393423868      NumThreads=           8 
 Elapsed time=  1.029442845938156E-002
 CFL_Limit=  1.000000000000000E-003
 dt_init=  1.000000000000000E-018 dt=  1.000000000000000E-018
 Time= -1.480000000001735E-013 Intensity=  3.248971634229540E-002
   4789.50027058849      < Te <    4846.97920882104     
   4789.13918129658      < Th <    4958.04823577974     
   80.0000000000000      < Ts <   80.0000000000000     
   559913485.388158      < Ne <   560204430.510997     
   559913485.388158      < Nh <   560204430.510449     
 CFL_Te=  1.806497814632720E-003 maxCFL_Ne=  1.394481963978719E-003 maxCFL_Ts=
  5.102011094536748E-004 CPU=   776.989635511654      NumThreads=           8 
 Elapsed time=  1.029614763745457E-002
 CFL_Limit=  1.000000000000000E-003
 dt_init=  1.000000000000000E-018 dt=  1.000000000000000E-018
 Time= -1.470000000001768E-013 Intensity=  5.416977693705801E-002
   4789.59766906390      < Te <    4852.12150071056     
   4789.20296433435      < Th <    4949.66689256501     
   80.0000000000000      < Ts <   80.0000000000000     
   939663677.220627      < Ne <   940148763.623073     
   939663677.220627      < Nh <   940148763.622035     
 CFL_Te=  1.806528220858846E-003 maxCFL_Ne=  1.394506412757216E-003 maxCFL_Ts=
  5.102011094536748E-004 CPU=   776.699191326943      NumThreads=           8 
 Elapsed time=  1.029999784901602E-002
 CFL_Limit=  1.000000000000000E-003
 dt_init=  1.000000000000000E-018 dt=  1.000000000000000E-018
 Time= -1.460000000001802E-013 Intensity=  9.000425155547633E-002
   4789.54539339642      < Te <    4839.70067533738     
   4789.12358737732      < Th <    4953.58863065935     
   80.0000000000000      < Ts <   80.0000000000000     
   1571629642.59625      < Ne <   1572435620.63391     
   1571629642.59625      < Nh <   1572435620.63207     
 CFL_Te=  1.806505623596388E-003 maxCFL_Ne=  1.394489650013537E-003 maxCFL_Ts=
  5.102011094536748E-004 CPU=   776.424881294434      NumThreads=           8 
 Elapsed time=  1.030363682660790E-002
 CFL_Limit=  1.000000000000000E-003
 dt_init=  1.000000000000000E-018 dt=  1.000000000000000E-018
 Time= -1.450000000001835E-013 Intensity=  0.149026620296781     
   4789.40852824628      < Te <    4847.13848317850     
   4788.99940162021      < Th <    4936.13152647446     
   80.0000000000000      < Ts <   80.0000000000000     
   2619686049.08419      < Ne <   2621020559.53105     
   2619686049.08419      < Nh <   2621020559.52650     
 CFL_Te=  1.806451349517007E-003 maxCFL_Ne=  1.394448195801549E-003 maxCFL_Ts=
  5.102011094536748E-004 CPU=   776.959241827692      NumThreads=           8 
 Elapsed time=  1.029655041000745E-002
 CFL_Limit=  1.000000000000000E-003
 dt_init=  1.000000000000000E-018 dt=  1.000000000000000E-018
 Time= -1.440000000001868E-013 Intensity=  0.245900566933201     
   4789.19631063344      < Te <    4852.60100448898     
   4788.84509974106      < Th <    4916.89088340920     
   80.0000000000000      < Ts <   80.0000000000000     
   4351777839.95272      < Ne <   4353979839.29383     
   4351777839.95272      < Nh <   4353979839.28471     
 CFL_Te=  1.806378462222702E-003 maxCFL_Ne=  1.394423404340436E-003 maxCFL_Ts=
  5.102011094536748E-004 CPU=   776.247808189221      NumThreads=           8 
 Elapsed time=  1.030598723191486E-002
 CFL_Limit=  1.000000000000000E-003
 dt_init=  1.000000000000000E-018 dt=  1.000000000000000E-018
 Time= -1.430000000001902E-013 Intensity=  0.404343119790425     
   4788.95338802465      < Te <    4852.05382794419     
   4788.65653799720      < Th <    4929.55172270318     
   80.0000000000000      < Ts <   80.0000000000000     
   7204453713.15410      < Ne <   7208074531.23466     
   7204453713.15410      < Nh <   7208074531.21770     
 CFL_Te=  1.806296214815633E-003 maxCFL_Ne=  1.394837021302223E-003 maxCFL_Ts=
  5.102011094536748E-004 CPU=   776.468737498804      NumThreads=           8 
 Elapsed time=  1.030305486061159E-002
 CFL_Limit=  1.000000000000000E-003
 dt_init=  1.000000000000000E-018 dt=  1.000000000000000E-018
 Time= -1.420000000001935E-013 Intensity=  0.662575595096888     
   4788.69939577506      < Te <    4847.19571035529     
   4788.40145464888      < Th <    4920.98282520579     
   80.0000000000000      < Ts <   80.0000000000000     
   11886430262.1147      < Ne <   11892363511.2558     
   11886430262.1147      < Nh <   11892363511.2231     
 CFL_Te=  1.806204158642967E-003 maxCFL_Ne=  1.394491294529856E-003 maxCFL_Ts=
  5.102011094536748E-004 CPU=   776.825112590520      NumThreads=           8 
 Elapsed time=  1.029832824703874E-002
 CFL_Limit=  1.000000000000000E-003
 dt_init=  1.000000000000000E-018 dt=  1.000000000000000E-018
 Time= -1.410000000001969E-013 Intensity=   1.08197110566200     
   4788.44065292976      < Te <    4853.83344204803     
   4788.15651636587      < Th <    4907.87607549032     
   80.0000000000000      < Ts <   80.0000000000000     
   19544182635.2921      < Ne <   19553871516.9538     
   19544182635.2921      < Nh <   19553871516.8983     
 CFL_Te=  1.806105307961019E-003 maxCFL_Ne=  1.394262079409721E-003 maxCFL_Ts=
  5.102011094536748E-004 CPU=   777.251260350336      NumThreads=           8 
 Elapsed time=  1.029268192681232E-002
 CFL_Limit=  1.000000000000000E-003
 dt_init=  1.000000000000000E-018 dt=  1.000000000000000E-018
 Time= -1.400000000002002E-013 Intensity=   1.76072179701996     
   4788.14002357591      < Te <    4857.30217160190     
   4787.88869404880      < Th <    4923.09344105764     
   80.0000000000000      < Ts <   80.0000000000000     
   32025737284.6538      < Ne <   32041504318.3406     
   32025737284.6538      < Nh <   32041504316.6952     
 CFL_Te=  1.806002579736025E-003 maxCFL_Ne=  1.394102311717577E-003 maxCFL_Ts=
  5.102011094536748E-004 CPU=   777.509009491261      NumThreads=           8 
 Elapsed time=  1.028926983783063E-002
 CFL_Limit=  1.000000000000000E-003
 dt_init=  1.000000000000000E-018 dt=  1.000000000000000E-018
 Time= -1.390000000002035E-013 Intensity=   2.85535866567550     
   4787.85924408521      < Te <    4850.09805409153     
   4787.61067938792      < Th <    4936.24880465194     
   80.0000000000000      < Ts <   80.0000000000000     
   52299358414.8193      < Ne <   52324927864.5904     
   52299358414.8193      < Nh <   52324927861.7778     
 CFL_Te=  1.805897388496252E-003 maxCFL_Ne=  1.394023155432907E-003 maxCFL_Ts=
  5.102011094536748E-004 CPU=   776.238711900327      NumThreads=           8 
 Elapsed time=  1.030610800177052E-002
 CFL_Limit=  1.000000000000000E-003
 dt_init=  1.000000000000000E-018 dt=  1.000000000000000E-018
 Time= -1.380000000002069E-013 Intensity=   4.61450845512207     
   4787.60096222793      < Te <    4842.01408985700     
   4787.31228662796      < Th <    4924.97929824241     
   80.0000000000000      < Ts <   80.0000000000000     
   85115630929.2054      < Ne <   85156953084.8918     
   85115630929.2054      < Nh <   85156953084.5300     
 CFL_Te=  1.805790302187613E-003 maxCFL_Ne=  1.393940641762225E-003 maxCFL_Ts=
  5.102011094536748E-004 CPU=   776.363824444221      NumThreads=           8 
 Elapsed time=  1.030444715237343E-002
 CFL_Limit=  1.000000000000000E-003
 dt_init=  1.000000000000000E-018 dt=  1.000000000000000E-018
 Time= -1.370000000002102E-013 Intensity=   7.43164701947838     
   4787.33615422211      < Te <    4844.11515733705     
   4786.98524218715      < Th <    4945.24133347145     
   80.0000000000000      < Ts <   80.0000000000000     
   138050574273.642      < Ne <   138117123751.477     
   138050574273.642      < Nh <   138117123750.901     
 CFL_Te=  1.805681568515089E-003 maxCFL_Ne=  1.393858339399960E-003 maxCFL_Ts=
  5.102011094536748E-004 CPU=   776.318166580455      NumThreads=           8 
 Elapsed time=  1.030505319132050E-002
 CFL_Limit=  1.000000000000000E-003
 dt_init=  1.000000000000000E-018 dt=  1.000000000000000E-018
 Time= -1.360000000002135E-013 Intensity=   11.9272288320214     
   4787.04470739124      < Te <    4838.93961411981     
   4786.70011023165      < Th <    4917.89551835552     
   80.0000000000000      < Ts <   80.0000000000000     
   223143006120.899      < Ne <   223249812845.953     
   223143006120.899      < Nh <   223249812844.940     
 CFL_Te=  1.805571300444455E-003 maxCFL_Ne=  1.393774509991749E-003 maxCFL_Ts=
  5.102011094536748E-004 CPU=   776.398749391321      NumThreads=           8 
 Elapsed time=  1.030398362474414E-002
 CFL_Limit=  1.000000000000000E-003
 dt_init=  1.000000000000000E-018 dt=  1.000000000000000E-018
 Time= -1.350000000002169E-013 Intensity=   19.0760687668457     
   4786.73133208398      < Te <    4846.67086778343     
   4786.43619702806      < Th <    4907.82605023379     
   80.0000000000000      < Ts <   80.0000000000000     
   359455197066.724      < Ne <   359626020239.558     
   359455197066.724      < Nh <   359626020237.910     
 CFL_Te=  1.805459542660139E-003 maxCFL_Ne=  1.393804620292593E-003 maxCFL_Ts=
  5.102011094536748E-004 CPU=   776.592611682019      NumThreads=           8 
 Elapsed time=  1.030141142171418E-002
 CFL_Limit=  1.000000000000000E-003
 dt_init=  1.000000000000000E-018 dt=  1.000000000000000E-018
 Time= -1.340000000002202E-013 Intensity=   30.4041633476423     
   4786.55618283644      < Te <    4840.68565829577     
   4786.14892836468      < Th <    4922.08136472377     
   80.0000000000000      < Ts <   80.0000000000000     
   577062637671.659      < Ne <   577334901036.512     
   577062637671.659      < Nh <   577334901002.781     
 CFL_Te=  1.805346332801967E-003 maxCFL_Ne=  1.393999659220390E-003 maxCFL_Ts=
  5.102011094536748E-004 CPU=   775.905996212302      NumThreads=           8 
 Elapsed time=  1.031052735647510E-002
 CFL_Limit=  1.000000000000000E-003
 dt_init=  1.000000000000000E-018 dt=  1.000000000000000E-018
 Time= -1.330000000002235E-013 Intensity=   48.2916545115885     
   4786.26030980613      < Te <    4842.99915420143     
   4785.84626571596      < Th <    4909.04316384707     
   80.0000000000000      < Ts <   80.0000000000000     
   923247492271.125      < Ne <   923679936517.756     
   923247492271.124      < Nh <   923679936515.787     
 CFL_Te=  1.805231761661480E-003 maxCFL_Ne=  1.393727100211861E-003 maxCFL_Ts=
  5.102011094536748E-004 CPU=   775.750889113160      NumThreads=           8 
 Elapsed time=  1.031258888938641E-002
 CFL_Limit=  1.000000000000000E-003
 dt_init=  1.000000000000000E-018 dt=  1.000000000000000E-018
 Time= -1.320000000002269E-013 Intensity=   76.4374099536951     
   4785.89936555377      < Te <    4854.01373437405     
   4785.51334578337      < Th <    4941.64118645364     
   80.0000000000000      < Ts <   80.0000000000000     
   1472077269933.12      < Ne <   1472761759258.24     
   1472077269933.11      < Nh <   1472761759171.78     
 CFL_Te=  1.805115715573293E-003 maxCFL_Ne=  1.393445998003228E-003 maxCFL_Ts=
  5.102011094536748E-004 CPU=   775.681831041228      NumThreads=           8 
 Elapsed time=  1.031350700745599E-002
 CFL_Limit=  1.000000000000000E-003
 dt_init=  1.000000000000000E-018 dt=  1.000000000000000E-018
 Time= -1.310000000002302E-013 Intensity=   120.568731186450     
   4785.51811819730      < Te <    4870.33474690280     
   4785.18572153630      < Th <    4918.76435494070     
   80.0000000000000      < Ts <   80.0000000000000     
   2339164019876.72      < Ne <   2340243720219.48     
   2339164019876.72      < Nh <   2340243720082.52     
 CFL_Te=  1.804998263622798E-003 maxCFL_Ne=  1.393688041735878E-003 maxCFL_Ts=
  5.102011094536748E-004 CPU=   775.401507314721      NumThreads=           8 
 Elapsed time=  1.031723555413847E-002
 CFL_Limit=  1.000000000000000E-003
 dt_init=  1.000000000000000E-018 dt=  1.000000000000000E-018
 Time= -1.300000000002336E-013 Intensity=   189.521405496306     
   4785.16586777717      < Te <    4854.08929938296     
   4784.87595137268      < Th <    4909.95688096037     
   80.0000000000000      < Ts <   80.0000000000000     
   3704321374318.34      < Ne <   3706018564334.92     
   3704321374318.34      < Nh <   3706018564112.38     
 CFL_Te=  1.804881943122621E-003 maxCFL_Ne=  1.393291202709123E-003 maxCFL_Ts=
  5.102011094536748E-004 CPU=   775.366342465445      NumThreads=           8 
 Elapsed time=  1.031770346719239E-002
 CFL_Limit=  1.000000000000000E-003
 dt_init=  1.000000000000000E-018 dt=  1.000000000000000E-018
 Time= -1.290000000002369E-013 Intensity=   296.877098171340     
   4784.83700239179      < Te <    4854.15906019943     
   4784.57221681510      < Th <    4905.99530083733     
   80.0000000000000      < Ts <   80.0000000000000     
   5846216274097.02      < Ne <   5848874847486.26     
   5846216274097.02      < Nh <   5848874847132.00     
 CFL_Te=  1.804762924950547E-003 maxCFL_Ne=  1.393152339139689E-003 maxCFL_Ts=
  5.102011094536748E-004 CPU=   774.858709004291      NumThreads=           8 
 Elapsed time=  1.032446290792828E-002
 CFL_Limit=  1.000000000000000E-003
 dt_init=  1.000000000000000E-018 dt=  1.000000000000000E-018
 Time= -1.280000000002402E-013 Intensity=   463.436221111202     
   4784.51917300359      < Te <    4843.00430340205     
   4784.25082232846      < Th <    4916.66911041634     
   80.0000000000000      < Ts <   80.0000000000000     
   9195167948715.81      < Ne <   9199318058477.53     
   9195167948715.81      < Nh <   9199318057892.79     
 CFL_Te=  1.804640344283195E-003 maxCFL_Ne=  1.393152739393071E-003 maxCFL_Ts=
  5.102011094536748E-004 CPU=   774.519148336436      NumThreads=           8 
 Elapsed time=  1.032898930540702E-002
 CFL_Limit=  1.000000000000000E-003
 dt_init=  1.000000000000000E-018 dt=  1.000000000000000E-018
 Time= -1.270000000002436E-013 Intensity=   720.938306690287     
   4784.17725327892      < Te <    4856.70417101429     
   4783.91945621714      < Th <    4908.62806058185     
   80.0000000000000      < Ts <   80.0000000000000     
   14413297836151.1      < Ne <   14419753919228.6     
   14413297836151.1      < Nh <   14419753918332.8     
 CFL_Te=  1.804517890935755E-003 maxCFL_Ne=  1.393094542161923E-003 maxCFL_Ts=
  5.102011094536748E-004 CPU=   774.653240695068      NumThreads=           8 
 Elapsed time=  1.032720135892273E-002
 CFL_Limit=  1.000000000000000E-003
 dt_init=  1.000000000000000E-018 dt=  1.000000000000000E-018
 Time= -1.260000000002469E-013 Intensity=   1117.63779565272     
   4783.83438820471      < Te <    4856.72211912690     
   4783.56457639653      < Th <    4926.23750549963     
   80.0000000000000      < Ts <   80.0000000000000     
   22515744299724.5      < Ne <   22525752902690.7     
   22515744299724.5      < Nh <   22525752901205.9     
 CFL_Te=  1.804395717512185E-003 maxCFL_Ne=  1.392855721861496E-003 maxCFL_Ts=
  5.102011094536748E-004 CPU=   774.810522401524      NumThreads=           8 
 Elapsed time=  1.032510500141894E-002
 CFL_Limit=  1.000000000000000E-003
 dt_init=  1.000000000000000E-018 dt=  1.000000000000000E-018
 Time= -1.250000000002502E-013 Intensity=   1726.62851138827     
   4783.48957881255      < Te <    4845.27149014508     
   4783.25494360978      < Th <    4923.49075060612     
   80.0000000000000      < Ts <   80.0000000000000     
   35053295964966.5      < Ne <   35068758212488.6     
   35053295964966.5      < Nh <   35068758209951.6     
 CFL_Te=  1.804268974491204E-003 maxCFL_Ne=  1.392755368453552E-003 maxCFL_Ts=
  5.102011094536748E-004 CPU=   774.739974945402      NumThreads=           8 
 Elapsed time=  1.032604520060268E-002
 CFL_Limit=  1.000000000000000E-003
 dt_init=  1.000000000000000E-018 dt=  1.000000000000000E-018
 Time= -1.240000000002536E-013 Intensity=   2658.22406883936     
   4783.16451967356      < Te <    4838.35064457445     
   4782.97475582403      < Th <    4930.86877339970     
   80.0000000000000      < Ts <   80.0000000000000     
   54386533278148.9      < Ne <   54410337961155.1     
   54386533278148.9      < Nh <   54410337956973.1     
 CFL_Te=  1.804137668855017E-003 maxCFL_Ne=  1.392655454058857E-003 maxCFL_Ts=
  5.102011094536748E-004 CPU=   774.676426076958      NumThreads=           8 
 Elapsed time=  1.032689227489835E-002
 CFL_Limit=  1.000000000000000E-003
 dt_init=  1.000000000000000E-018 dt=  1.000000000000000E-018
 Time= -1.230000000002569E-013 Intensity=   4078.29948007646     
   4782.84306249463      < Te <    4828.16212026507     
   4782.60393540743      < Th <    4927.37289066237     
   80.0000000000000      < Ts <   80.0000000000000     
   84095784678834.5      < Ne <   84132305900520.1     
   84095784678834.5      < Nh <   84132305893587.7     
 CFL_Te=  1.804004027612193E-003 maxCFL_Ne=  1.392554176063432E-003 maxCFL_Ts=
  5.102011094536748E-004 CPU=   774.816065836634      NumThreads=           8 
 Elapsed time=  1.032503113027442E-002
 CFL_Limit=  1.000000000000000E-003
 dt_init=  1.000000000000000E-018 dt=  1.000000000000000E-018
 Time= -1.220000000002602E-013 Intensity=   6235.35941631764     
   4782.50084856590      < Te <    4828.09883479917     
   4782.21864658653      < Th <    4926.52369988547     
   80.0000000000000      < Ts <   80.0000000000000     
   129591879091893.      < Ne <   129647716553046.     
   129591879091893.      < Nh <   129647716542407.     
 CFL_Te=  1.803868869804093E-003 maxCFL_Ne=  1.392451498122725E-003 maxCFL_Ts=
  5.102011094536748E-004 CPU=   775.146103280208      NumThreads=           8 
 Elapsed time=  1.032063499532045E-002
 CFL_Limit=  1.000000000000000E-003
 dt_init=  1.000000000000000E-018 dt=  1.000000000000000E-018
 Time= -1.210000000002636E-013 Intensity=   9500.33063335556     
   4782.14880195516      < Te <    4831.84204602330     
   4781.83511300661      < Th <    4937.70721396820     
   80.0000000000000      < Ts <   80.0000000000000     
   199022620847852.      < Ne <   199107695817675.     
   199022620847852.      < Nh <   199107695801715.     
 CFL_Te=  1.803732389578466E-003 maxCFL_Ne=  1.392470266433528E-003 maxCFL_Ts=
  5.102011094536748E-004 CPU=   775.038440860351      NumThreads=           8 
 Elapsed time=  1.032206865909695E-002
 CFL_Limit=  1.000000000000000E-003
 dt_init=  1.000000000000000E-018 dt=  1.000000000000000E-018
 Time= -1.200000000002669E-013 Intensity=   14424.8331367220     
   4781.79621152061      < Te <    4831.58844832527     
   4781.45042817190      < Th <    4920.37154624925     
   80.0000000000000      < Ts <   80.0000000000000     
   304613103359678.      < Ne <   304742276769423.     
   304613103359678.      < Nh <   304742276768887.     
 CFL_Te=  1.803596723024298E-003 maxCFL_Ne=  1.392241802758291E-003 maxCFL_Ts=
  5.102011094536748E-004 CPU=   775.066539870332      NumThreads=           8 
 Elapsed time=  1.032169444618058E-002
 CFL_Limit=  1.000000000000000E-003
 dt_init=  1.000000000000000E-018 dt=  1.000000000000000E-018
 Time= -1.190000000002703E-013 Intensity=   21826.1796778171     
   4781.44206289383      < Te <    4843.02694623751     
   4781.08417278976      < Th <    4909.12550140210     
   80.0000000000000      < Ts <   80.0000000000000     
   464640015367688.      < Ne <   464835469460826.     
   464640015367688.      < Nh <   464835469460145.     
 CFL_Te=  1.803459602923947E-003 maxCFL_Ne=  1.392134716605933E-003 maxCFL_Ts=
  5.102011094536748E-004 CPU=   775.118469379255      NumThreads=           8 
 Elapsed time=  1.032100293830788E-002
 CFL_Limit=  1.000000000000000E-003
 dt_init=  1.000000000000000E-018 dt=  1.000000000000000E-018
 Time= -1.180000000002736E-013 Intensity=   32910.8806942736     
   4781.07044086036      < Te <    4841.69179244139     
   4780.68829296395      < Th <    4934.23011143862     
   80.0000000000000      < Ts <   80.0000000000000     
   706328832560704.      < Ne <   706623555699489.     
   706328832560704.      < Nh <   706623555698729.     
 CFL_Te=  1.803319094488531E-003 maxCFL_Ne=  1.392374755621277E-003 maxCFL_Ts=
  5.102011094536748E-004 CPU=   775.223211376429      NumThreads=           8 
 Elapsed time=  1.031960844644447E-002
 CFL_Limit=  1.000000000000000E-003
 dt_init=  1.000000000000000E-018 dt=  1.000000000000000E-018
 Time= -1.170000000002769E-013 Intensity=   49453.3973638854     
   4780.68675123857      < Te <    4839.20901089387     
   4780.27467612175      < Th <    4940.69836665576     
   80.0000000000000      < Ts <   80.0000000000000     
  1.070089190755272E+015 < Ne <  1.070532057856274E+015
  1.070089190755272E+015 < Nh <  1.070532057855266E+015
 CFL_Te=  1.803179279095005E-003 maxCFL_Ne=  1.391969899304327E-003 maxCFL_Ts=
  5.102011094536748E-004 CPU=   775.161860737340      NumThreads=           8 
 Elapsed time=  1.032042519789395E-002
 CFL_Limit=  1.000000000000000E-003
 dt_init=  1.000000000000000E-018 dt=  1.000000000000000E-018
 Time= -1.160000000002803E-013 Intensity=   74053.8445926705     
   4780.28045474885      < Te <    4841.92425211641     
   4779.88488227608      < Th <    4921.86807803704     
   80.0000000000000      < Ts <   80.0000000000000     
  1.615683036091088E+015 < Ne <  1.616346209122426E+015
  1.615683036091088E+015 < Nh <  1.616346209120999E+015
 CFL_Te=  1.803039035916599E-003 maxCFL_Ne=  1.391804088010378E-003 maxCFL_Ts=
  5.102011094536748E-004 CPU=   774.959669125277      NumThreads=           8 
 Elapsed time=  1.032311785854594E-002
 CFL_Limit=  1.000000000000000E-003
 dt_init=  1.000000000000000E-018 dt=  1.000000000000000E-018
 Time= -1.150000000002836E-013 Intensity=   110508.055842179     
   4779.86466616046      < Te <    4837.82301658879     
   4779.50814893265      < Th <    4918.62328501606     
   80.0000000000000      < Ts <   80.0000000000000     
  2.431173407161619E+015 < Ne <  2.432163031875252E+015
  2.431173407161619E+015 < Nh <  2.432163031872272E+015
 CFL_Te=  1.802892580975833E-003 maxCFL_Ne=  1.391690636130190E-003 maxCFL_Ts=
  5.102011094536748E-004 CPU=   774.320682466039      NumThreads=           8 
 Elapsed time=  1.033163672513794E-002
 CFL_Limit=  1.000000000000000E-003
 dt_init=  1.000000000000000E-018 dt=  1.000000000000000E-018
 Time= -1.140000000002869E-013 Intensity=   164336.909951116     
   4779.45665023306      < Te <    4846.36399344311     
   4779.11716358645      < Th <    4927.24488625268     
   80.0000000000000      < Ts <   80.0000000000000     
  3.645857918227930E+015 < Ne <  3.647329581823424E+015
  3.645857918227930E+015 < Nh <  3.647329581548836E+015
 CFL_Te=  1.802741116003232E-003 maxCFL_Ne=  1.391575501313188E-003 maxCFL_Ts=
  5.102011094536748E-004 CPU=   774.450754432883      NumThreads=           8 
 Elapsed time=  1.032990148722660E-002
 CFL_Limit=  1.000000000000000E-003
 dt_init=  1.000000000000000E-018 dt=  1.000000000000000E-018
 Time= -1.130000000002903E-013 Intensity=   243540.472772856     
   4779.03928781032      < Te <    4848.42971410305     
   4778.68887535277      < Th <    4928.07548080175     
   80.0000000000000      < Ts <   80.0000000000000     
  5.448889904119529E+015 < Ne <  5.451070869933542E+015
  5.448889904119529E+015 < Nh <  5.451070869486231E+015
 CFL_Te=  1.802586828215693E-003 maxCFL_Ne=  1.391458623941234E-003 maxCFL_Ts=
  5.102011094536748E-004 CPU=   774.892440158096      NumThreads=           8 
 Elapsed time=  1.032401348291360E-002
 CFL_Limit=  1.000000000000000E-003
 dt_init=  1.000000000000000E-018 dt=  1.000000000000000E-018
 Time= -1.120000000002936E-013 Intensity=   359668.184683424     
   4778.62378634787      < Te <    4844.75602664945     
   4778.26695102220      < Th <    4933.03707749027     
   80.0000000000000      < Ts <   80.0000000000000     
  8.115985916944606E+015 < Ne <  8.119206856597921E+015
  8.115985916944606E+015 < Nh <  8.119206855883289E+015
 CFL_Te=  1.802430610395936E-003 maxCFL_Ne=  1.391339980927402E-003 maxCFL_Ts=
  5.102011094536748E-004 CPU=   774.483080025716      NumThreads=           8 
 Elapsed time=  1.032947033489017E-002
 CFL_Limit=  1.000000000000000E-003
 dt_init=  1.000000000000000E-018 dt=  1.000000000000000E-018
 Time= -1.110000000002969E-013 Intensity=   529331.514559278     
   4778.20967064455      < Te <    4843.89207717799     
   4777.81489677129      < Th <    4954.11160442215     
   80.0000000000000      < Ts <   80.0000000000000     
  1.204758432505488E+016 < Ne <  1.205232466633280E+016
  1.204758432505488E+016 < Nh <  1.205232466513012E+016
 CFL_Te=  1.802272635534853E-003 maxCFL_Ne=  1.391219547397480E-003 maxCFL_Ts=
  5.102011094536748E-004 CPU=   773.964445324001      NumThreads=           8 
 Elapsed time=  1.033639212800144E-002
 CFL_Limit=  1.000000000000000E-003
 dt_init=  1.000000000000000E-018 dt=  1.000000000000000E-018
 Time= -1.100000000003003E-013 Intensity=   776333.504121240     
   4777.78619009072      < Te <    4851.61608819990     
   4777.37548870258      < Th <    4955.76038247136     
   80.0000000000001      < Ts <   80.0000000000001     
  1.782315539697963E+016 < Ne <  1.783010775132667E+016
  1.782315539697963E+016 < Nh <  1.783010774943800E+016
 CFL_Te=  1.802112810178235E-003 maxCFL_Ne=  1.391097283411296E-003 maxCFL_Ts=
  5.102011094536749E-004 CPU=   773.898172027800      NumThreads=           8 
 Elapsed time=  1.033727729196991E-002
 CFL_Limit=  1.000000000000000E-003
 dt_init=  1.000000000000000E-018 dt=  1.000000000000000E-018
 Time= -1.090000000003036E-013 Intensity=   1134654.80755462     
   4777.34536552046      < Te <    4848.27079090917     
   4776.96323281072      < Th <    4971.95077422514     
   80.0000000000001      < Ts <   80.0000000000001     
  2.627820181084026E+016 < Ne <  2.628836322418762E+016
  2.627820181084026E+016 < Nh <  2.628836322316571E+016
 CFL_Te=  1.801950967656377E-003 maxCFL_Ne=  1.390973143348969E-003 maxCFL_Ts=
  5.102011094536749E-004 CPU=   773.972261771080      NumThreads=           8 
 Elapsed time=  1.033628773942571E-002
 CFL_Limit=  1.000000000000000E-003
 dt_init=  1.000000000000000E-018 dt=  1.000000000000000E-018
 Time= -1.080000000003070E-013 Intensity=   1652623.92535867     
   4776.91802010428      < Te <    4872.78521057194     
   4776.49733055690      < Th <    4977.67813720371     
   80.0000000000010      < Ts <   80.0000000000034     
  3.861300831600882E+016 < Ne <  3.862780881331974E+016
  3.861300831600882E+016 < Nh <  3.862780881140829E+016
 CFL_Te=  1.801786939374191E-003 maxCFL_Ne=  1.390847079685707E-003 maxCFL_Ts=
  5.102011094536777E-004 CPU=   773.927768336463      NumThreads=           8 
 Elapsed time=  1.033688197697801E-002
 CFL_Limit=  1.000000000000000E-003
 dt_init=  1.000000000000000E-018 dt=  1.000000000000000E-018
 Time= -1.070000000003103E-013 Intensity=   2398717.83430975     
   4776.44947799280      < Te <    4868.47441437302     
   4776.00782169965      < Th <    4977.47436783275     
   80.0000000000291      < Ts <   80.0000000000336     
  5.654563749532933E+016 < Ne <  5.656712038742782E+016
  5.654563749532933E+016 < Nh <  5.656712038415358E+016
 CFL_Te=  1.801620575986590E-003 maxCFL_Ne=  1.390719518174245E-003 maxCFL_Ts=
  5.102011094537613E-004 CPU=   774.000293228587      NumThreads=           8 
 Elapsed time=  1.033591339691825E-002
 CFL_Limit=  1.000000000000000E-003
 dt_init=  1.000000000000000E-018 dt=  1.000000000000000E-018
 Time= -1.060000000003136E-013 Intensity=   3469597.86881172     
   4775.98524946150      < Te <    4861.80066240556     
   4775.52116909825      < Th <    4975.60556270647     
   80.0000000000689      < Ts <   80.0000000000771     
  8.252633919927629E+016 < Ne <  8.255741337074976E+016
  8.252633919927627E+016 < Nh <  8.255741336519717E+016
 CFL_Te=  1.801451759142737E-003 maxCFL_Ne=  1.390804723042862E-003 maxCFL_Ts=
  5.102011094538776E-004 CPU=   773.974906649374      NumThreads=           8 
 Elapsed time=  1.033625241757891E-002
 CFL_Limit=  1.000000000000000E-003
 dt_init=  1.000000000000000E-018 dt=  1.000000000000000E-018
 Time= -1.050000000003170E-013 Intensity=   5001197.10000210     
   4775.53115625721      < Te <    4847.34087829879     
   4775.04594766715      < Th <    4967.85950091441     
   80.0000000001268      < Ts <   80.0000000001425     
  1.200368576713226E+017 < Ne <  1.200816492182994E+017
  1.200368576713226E+017 < Nh <  1.200816492092546E+017
 CFL_Te=  1.801281869056218E-003 maxCFL_Ne=  1.390463190841315E-003 maxCFL_Ts=
  5.102011094540504E-004 CPU=   773.603420674181      NumThreads=           8 
 Elapsed time=  1.034121590753587E-002
 CFL_Limit=  1.000000000000000E-003
 dt_init=  1.000000000000000E-018 dt=  1.000000000000000E-018
 Time= -1.040000000003203E-013 Intensity=   7183955.75640268     
   4775.09670239073      < Te <    4831.51428029368     
   4774.62841331083      < Th <    4920.12750933955     
   80.0000000002134      < Ts <   80.0000000002398     
  1.740066241996527E+017 < Ne <  1.740709639074050E+017
  1.740066241996527E+017 < Nh <  1.740709638944162E+017
 CFL_Te=  1.801111729226933E-003 maxCFL_Ne=  1.390458680207227E-003 maxCFL_Ts=
  5.102011094543056E-004 CPU=   773.838153792363      NumThreads=           8 
 Elapsed time=  1.033807904249003E-002
 CFL_Limit=  1.000000000000000E-003
 dt_init=  1.000000000000000E-018 dt=  1.000000000000000E-018
 Time= -1.030000000003236E-013 Intensity=   10283671.0777696     
   4774.66883889788      < Te <    4834.45947766281     
   4774.23962529565      < Th <    4904.31009408111     
   80.0000000003376      < Ts <   80.0000000003796     
  2.513892199111162E+017 < Ne <  2.514813183472441E+017
  2.513892199111161E+017 < Nh <  2.514813183302495E+017
 CFL_Te=  1.800941647978564E-003 maxCFL_Ne=  1.390202982106435E-003 maxCFL_Ts=
  5.102011094546736E-004 CPU=   773.772807980121      NumThreads=           8 
 Elapsed time=  1.033895210259900E-002
 CFL_Limit=  1.000000000000000E-003
 dt_init=  1.000000000000000E-018 dt=  1.000000000000000E-018
 Time= -1.020000000003270E-013 Intensity=   14669913.5881456     
   4774.21744097178      < Te <    4833.45204047242     
   4773.86136994587      < Th <    4922.66100518328     
   80.0000000005178      < Ts <   80.0000000005848     
  3.619576974731156E+017 < Ne <  3.620890744986613E+017
  3.619576974731156E+017 < Nh <  3.620890744781500E+017
 CFL_Te=  1.800764322990879E-003 maxCFL_Ne=  1.390052107382691E-003 maxCFL_Ts=
  5.102011094552073E-004 CPU=   773.691303004425      NumThreads=           8 
 Elapsed time=  1.034004126572720E-002
 CFL_Limit=  1.000000000000000E-003
 dt_init=  1.000000000000000E-018 dt=  1.000000000000000E-018
 Time= -1.010000000003303E-013 Intensity=   20854596.1456827     
   4773.75140225832      < Te <    4836.90125817779     
   4773.38613010789      < Th <    4934.63449589597     
   80.0000000007785      < Ts <   80.0000000008784     
  5.193975404703010E+017 < Ne <  5.195843021604252E+017
  5.193975404703010E+017 < Nh <  5.195843021586746E+017
 CFL_Te=  1.800580238045059E-003 maxCFL_Ne=  1.389910286382032E-003 maxCFL_Ts=
  5.102011094559798E-004 CPU=   773.349437391389      NumThreads=           8 
 Elapsed time=  1.034461216779967E-002
 CFL_Limit=  1.000000000000000E-003
 dt_init=  1.000000000000000E-018 dt=  1.000000000000000E-018
 Time= -1.000000000003336E-013 Intensity=   29544106.6529977     
   4773.26732272031      < Te <    4840.63313767639     
   4772.87524116073      < Th <    4952.48903703506     
   80.0000000011540      < Ts <   80.0000000013012     
  7.428027254318028E+017 < Ne <  7.430673111662153E+017
  7.428027254318028E+017 < Nh <  7.430673111627969E+017
 CFL_Te=  1.800392353607004E-003 maxCFL_Ne=  1.389938937544582E-003 maxCFL_Ts=
  5.102011094570899E-004 CPU=   773.395993008051      NumThreads=           8 
 Elapsed time=  1.034398945989460E-002
 CFL_Limit=  1.000000000000000E-003
 dt_init=  1.000000000000000E-018 dt=  1.000000000000000E-018
 Time= -9.900000000033698E-014 Intensity=   41709481.4776225     
   4772.76472236302      < Te <    4852.05009165426     
   4772.33931059073      < Th <    4974.42817159574     
   80.0000000016905      < Ts <   80.0000000019096     
  1.058715458540377E+018 < Ne <  1.059089004257071E+018
  1.058715458540377E+018 < Nh <  1.059089004250681E+018
 CFL_Te=  1.800204168691353E-003 maxCFL_Ne=  1.389704140052670E-003 maxCFL_Ts=
  5.102011094586805E-004 CPU=   773.416547064542      NumThreads=           8 
 Elapsed time=  1.034371456153031E-002
 CFL_Limit=  1.000000000000000E-003
 dt_init=  1.000000000000000E-018 dt=  1.000000000000000E-018
 Time= -9.800000000034032E-014 Intensity=   58680468.0536664     
   4772.26901152679      < Te <    4830.56140744061     
   4771.83439932310      < Th <    4918.61030822648     
   80.0000000024549      < Ts <   80.0000000027696     
  1.503896125238714E+018 < Ne <  1.504421667905672E+018
  1.503896125238713E+018 < Nh <  1.504421667895206E+018
 CFL_Te=  1.800014541716302E-003 maxCFL_Ne=  1.389503582967909E-003 maxCFL_Ts=
  5.102011094609346E-004 CPU=   773.480076227133      NumThreads=           8 
 Elapsed time=  1.034286498887244E-002
 CFL_Limit=  1.000000000000000E-003
 dt_init=  1.000000000000000E-018 dt=  1.000000000000000E-018
 Time= -9.700000000034366E-014 Intensity=   82271079.8515605     
   4771.76034515894      < Te <    4817.36413398253     
   4771.33631225393      < Th <    4890.04400436004     
   80.0000000035414      < Ts <   80.0000000040027     
  2.129069886851520E+018 < Ne <  2.129806700503400E+018
  2.129069886851520E+018 < Nh <  2.129806700488813E+018
 CFL_Te=  1.799819672634450E-003 maxCFL_Ne=  1.389336513828626E-003 maxCFL_Ts=
  5.102011094641582E-004 CPU=   773.469528096281      NumThreads=           8 
 Elapsed time=  1.034300603889358E-002
 CFL_Limit=  1.000000000000000E-003
 dt_init=  1.000000000000000E-018 dt=  1.000000000000000E-018
 Time= -9.600000000034699E-014 Intensity=   114946479.923098     
   4771.24641245451      < Te <    4816.83673941786     
   4770.82202108934      < Th <    4902.76946784240     
   80.0000000050732      < Ts <   80.0000000057340     
  3.003974027222450E+018 < Ne <  3.005003459725334E+018
  3.003974027222450E+018 < Nh <  3.005003459706667E+018
 CFL_Te=  1.799619293244116E-003 maxCFL_Ne=  1.389175238687234E-003 maxCFL_Ts=
  5.102011094686981E-004 CPU=   773.067237339734      NumThreads=           8 
 Elapsed time=  1.034838835950346E-002
 CFL_Limit=  1.000000000000000E-003
 dt_init=  1.000000000000000E-018 dt=  1.000000000000000E-018
 Time= -9.500000000035033E-014 Intensity=   160043855.317290     
   4770.72446025957      < Te <    4821.36293716830     
   4770.29867536971      < Th <    4926.37778929845     
   80.0000000072302      < Ts <   80.0000000081727     
  4.224130374392176E+018 < Ne <  4.225563655714294E+018
  4.224130374392175E+018 < Nh <  4.225563655691398E+018
 CFL_Te=  1.799414901252670E-003 maxCFL_Ne=  1.389212218235217E-003 maxCFL_Ts=
  5.102011094750597E-004 CPU=   773.305994668454      NumThreads=           8 
 Elapsed time=  1.034519330660292E-002
 CFL_Limit=  1.000000000000000E-003
 dt_init=  1.000000000000000E-018 dt=  1.000000000000000E-018
 Time= -9.400000000035367E-014 Intensity=   222063501.294921     
   4770.18972850369      < Te <    4825.53249415078     
   4769.74507741546      < Th <    4948.64813519235     
   80.0000000102687      < Ts <   80.0000000115946     
  5.919895804599799E+018 < Ne <  5.921884492795868E+018
  5.919895804599798E+018 < Nh <  5.921884492779533E+018
 CFL_Te=  1.799207209214314E-003 maxCFL_Ne=  1.388878035219692E-003 maxCFL_Ts=
  5.102011094840668E-004 CPU=   773.316362842924      NumThreads=           8 
 Elapsed time=  1.034505460428872E-002
 CFL_Limit=  1.000000000000000E-003
 dt_init=  1.000000000000000E-018 dt=  1.000000000000000E-018
 Time= -9.300000000035700E-014 Intensity=   307050784.689675     
   4769.64276524537      < Te <    4820.54458933708     
   4769.17661270433      < Th <    4912.11185471887     
   80.0000000145360      < Ts <   80.0000000163783     
  8.268508229355771E+018 < Ne <  8.271258037002763E+018
  8.268508229355771E+018 < Nh <  8.271258036978534E+018
 CFL_Te=  1.798996461253063E-003 maxCFL_Ne=  1.388764472461269E-003 maxCFL_Ts=
  5.102011094966856E-004 CPU=   773.180623819266      NumThreads=           8 
 Elapsed time=  1.034687077449322E-002
 CFL_Limit=  1.000000000000000E-003
 dt_init=  1.000000000000000E-018 dt=  1.000000000000000E-018
 Time= -9.200000000036034E-014 Intensity=   423095192.007019     
   4769.06457803570      < Te <    4821.28960740708     
   4768.59322285863      < Th <    4913.83236923251     
   80.0000000204337      < Ts <   80.0000000230846     
  1.151005441025801E+019 < Ne <  1.151384344407547E+019
  1.151005441025801E+019 < Nh <  1.151384344402937E+019
 CFL_Te=  1.798784827106372E-003 maxCFL_Ne=  1.388600908914107E-003 maxCFL_Ts=
  5.102011095142311E-004 CPU=   773.191708978513      NumThreads=           8 
 Elapsed time=  1.034672243261511E-002
 CFL_Limit=  1.000000000000000E-003
 dt_init=  1.000000000000000E-018 dt=  1.000000000000000E-018
 Time= -9.100000000036367E-014 Intensity=   580979513.569648     
   4768.46115490121      < Te <    4825.39927777211     
   4767.98127006749      < Th <    4916.20565982115     
   80.0000000286620      < Ts <   80.0000000323693     
  1.596855013876019E+019 < Ne <  1.597375315796174E+019
  1.596855013876019E+019 < Nh <  1.597375315789545E+019
 CFL_Te=  1.798569490964195E-003 maxCFL_Ne=  1.388368825901678E-003 maxCFL_Ts=
  5.102011095385765E-004 CPU=   772.797988662053      NumThreads=           8 
 Elapsed time=  1.035199381645703E-002
 CFL_Limit=  1.000000000000000E-003
 dt_init=  1.000000000000000E-018 dt=  1.000000000000000E-018
 Time= -9.000000000036701E-014 Intensity=   795020627.865727     
   4767.84813568762      < Te <    4822.26531254508     
   4767.34698119151      < Th <    4936.84968908817     
   80.0000000401056      < Ts <   80.0000000452944     
  2.207965561031783E+019 < Ne <  2.208677557346806E+019
  2.207965561031783E+019 < Nh <  2.208677557337823E+019
 CFL_Te=  1.798348662345770E-003 maxCFL_Ne=  1.388190096001647E-003 maxCFL_Ts=
  5.102011095723434E-004 CPU=   772.809870047844      NumThreads=           8 
 Elapsed time=  1.035183466213329E-002
 CFL_Limit=  1.000000000000000E-003
 dt_init=  1.000000000000000E-018 dt=  1.000000000000000E-018
 Time= -8.900000000037035E-014 Intensity=   1084153623.55440     
   4767.23649879669      < Te <    4824.14246262433     
   4766.70896882783      < Th <    4934.82990624091     
   80.0000000557466      < Ts <   80.0000000630065     
  3.042696453143360E+019 < Ne <  3.043667396436851E+019
  3.042696453143360E+019 < Nh <  3.043667396424274E+019
 CFL_Te=  1.798123155798035E-003 maxCFL_Ne=  1.388015770903593E-003 maxCFL_Ts=
  5.102011096188554E-004 CPU=   772.869578303920      NumThreads=           8 
 Elapsed time=  1.035103492824260E-002
 CFL_Limit=  1.000000000000000E-003
 dt_init=  1.000000000000000E-018 dt=  1.000000000000000E-018
 Time= -8.800000000037368E-014 Intensity=   1473323459.87788     
   4766.62348382524      < Te <    4826.64340014843     
   4766.10549459120      < Th <    4933.97672961199     
   80.0000000773607      < Ts <   80.0000000872701     
  4.178932272914142E+019 < Ne <  4.180251753211965E+019
  4.178932272914142E+019 < Nh <  4.180251753194790E+019
 CFL_Te=  1.797893499497539E-003 maxCFL_Ne=  1.387839389189560E-003 maxCFL_Ts=
  5.102011096829436E-004 CPU=   772.840466049354      NumThreads=           8 
 Elapsed time=  1.035142484307896E-002
 CFL_Limit=  1.000000000000000E-003
 dt_init=  1.000000000000000E-018 dt=  1.000000000000000E-018
 Time= -8.700000000037702E-014 Intensity=   1995263384.29891     
   4765.99297075452      < Te <    4820.92480197504     
   4765.50444805411      < Th <    4927.01969828018     
   80.0000001069492      < Ts <   80.0000001208550     
  5.720227200081858E+019 < Ne <  5.722014141492396E+019
  5.720227200081858E+019 < Nh <  5.722014141470162E+019
 CFL_Te=  1.797659806298582E-003 maxCFL_Ne=  1.387659766867174E-003 maxCFL_Ts=
  5.102011097706733E-004 CPU=   772.577750028469      NumThreads=           8 
 Elapsed time=  1.035494485791910E-002
 CFL_Limit=  1.000000000000000E-003
 dt_init=  1.000000000000000E-018 dt=  1.000000000000000E-018
 Time= -8.600000000038036E-014 Intensity=   2692757295.95815     
   4765.36115753278      < Te <    4819.48339863415     
   4764.90634315945      < Th <    4929.87503088152     
   80.0000001474821      < Ts <   80.0000001667025     
  7.803750227619791E+019 < Ne <  7.806161850612959E+019
  7.803750227619791E+019 < Nh <  7.806161850582172E+019
 CFL_Te=  1.797421999089749E-003 maxCFL_Ne=  1.387476815387733E-003 maxCFL_Ts=
  5.102011098901797E-004 CPU=   772.588933773961      NumThreads=           8 
 Elapsed time=  1.035479496311371E-002
 CFL_Limit=  1.000000000000000E-003
 dt_init=  1.000000000000000E-018 dt=  1.000000000000000E-018
 Time= -8.500000000038369E-014 Intensity=   3621504588.32363     
   4764.71803521046      < Te <    4816.57158554498     
   4764.26618289025      < Th <    4941.37386763285     
   80.0000002025593      < Ts <   80.0000002285922     
  1.061051581690659E+020 < Ne <  1.061375921533688E+020
  1.061051581690659E+020 < Nh <  1.061375921529023E+020
 CFL_Te=  1.797179937962004E-003 maxCFL_Ne=  1.387290444066805E-003 maxCFL_Ts=
  5.102011100539687E-004 CPU=   772.569102294768      NumThreads=           8 
 Elapsed time=  1.035506076574579E-002
 CFL_Limit=  1.000000000000000E-003
 dt_init=  1.000000000000000E-018 dt=  1.000000000000000E-018
 Time= -8.400000000038703E-014 Intensity=   4853731164.66279     
   4764.06782085420      < Te <    4819.70125627365     
   4763.59478556572      < Th <    4947.49635712477     
   80.0000002771960      < Ts <   80.0000003127104     
  1.437850168547052E+020 < Ne <  1.438284865483405E+020
  1.437850168547052E+020 < Nh <  1.438284865476394E+020
 CFL_Te=  1.796933468467151E-003 maxCFL_Ne=  1.387100560030292E-003 maxCFL_Ts=
  5.102011102752086E-004 CPU=   772.511169113548      NumThreads=           8 
 Elapsed time=  1.035583732618385E-002
 CFL_Limit=  1.000000000000000E-003
 dt_init=  1.000000000000000E-018 dt=  1.000000000000000E-018
 Time= -8.300000000039037E-014 Intensity=   6482719740.01183     
   4763.39928533933      < Te <    4820.35157944373     
   4762.93861165448      < Th <    4951.13016699315     
   80.0000003782135      < Ts <   80.0000004268532     
  1.941939690749727E+020 < Ne <  1.942520286655119E+020
  1.941939690749727E+020 < Nh <  1.942520286602436E+020
 CFL_Te=  1.796682454087091E-003 maxCFL_Ne=  1.386907068228708E-003 maxCFL_Ts=
  5.102011105738985E-004 CPU=   772.592077638085      NumThreads=           8 
 Elapsed time=  1.035475282694724E-002
 CFL_Limit=  1.000000000000000E-003
 dt_init=  1.000000000000000E-018 dt=  1.000000000000000E-018
 Time= -8.200000000039370E-014 Intensity=   8628466652.99022     
   4762.72868747171      < Te <    4812.17960098164     
   4762.25739786657      < Th <    4917.53536441904     
   80.0000005147684      < Ts <   80.0000005811870     
  2.613989340297168E+020 < Ne <  2.614762118980021E+020
  2.613989340297168E+020 < Nh <  2.614762118904914E+020
 CFL_Te=  1.796426754257075E-003 maxCFL_Ne=  1.386709871514371E-003 maxCFL_Ts=
  5.102011109773345E-004 CPU=   772.253468674977      NumThreads=           8 
 Elapsed time=  1.035929306180561E-002
 CFL_Limit=  1.000000000000000E-003
 dt_init=  1.000000000000000E-018 dt=  1.000000000000000E-018
 Time= -8.100000000039704E-014 Intensity=   11444711601.4082     
   4762.04258431483      < Te <    4824.56509615036     
   4761.57386150968      < Th <    4893.81375741392     
   80.0000006980682      < Ts <   80.0000007877453     
  3.506863657417595E+020 < Ne <  3.507888657721406E+020
  3.506863657417595E+020 < Nh <  3.507888657620504E+020
 CFL_Te=  1.796166163278155E-003 maxCFL_Ne=  1.386643347574697E-003 maxCFL_Ts=
  5.102011115193811E-004 CPU=   772.076684900057      NumThreads=           8 
 Elapsed time=  1.036166504760544E-002
 CFL_Limit=  1.000000000000000E-003
 dt_init=  1.000000000000000E-018 dt=  1.000000000000000E-018
 Time= -8.000000000040038E-014 Intensity=   15127631309.3281     
   4761.34730664260      < Te <    4836.95577735325     
   4760.86725409498      < Th <    4900.47240226076     
   80.0000009430195      < Ts <   80.0000010653085     
  4.689019101838929E+020 < Ne <  4.690373931190231E+020
  4.689019101838929E+020 < Nh <  4.690373931061403E+020
 CFL_Te=  1.795901868610524E-003 maxCFL_Ne=  1.386303965242782E-003 maxCFL_Ts=
  5.102011122468552E-004 CPU=   772.132801961374      NumThreads=           8 
 Elapsed time=  1.036091198259985E-002
 CFL_Limit=  1.000000000000000E-003
 dt_init=  1.000000000000000E-018 dt=  1.000000000000000E-018
 Time= -7.900000000040371E-014 Intensity=   19926538345.3390     
   4760.63579245787      < Te <    4848.62992091841     
   4760.13568119859      < Th <    4914.76480651250     
   80.0000012694910      < Ts <   80.0000014343456     
  6.248765984696405E+020 < Ne <  6.250550698778918E+020
  6.248765984696405E+020 < Nh <  6.250550698737709E+020
 CFL_Te=  1.795633891159297E-003 maxCFL_Ne=  1.386148261318277E-003 maxCFL_Ts=
  5.102011132176286E-004 CPU=   772.135037684597      NumThreads=           8 
 Elapsed time=  1.036088198249572E-002
 CFL_Limit=  1.000000000000000E-003
 dt_init=  1.000000000000000E-018 dt=  1.000000000000000E-018
 Time= -7.800000000040705E-014 Intensity=   26156982205.2235     
   4759.90393496916      < Te <    4843.36611721911     
   4759.39812524010      < Th <    4904.98336661900     
   80.0000017042914      < Ts <   80.0000019277337     
  8.299592624581708E+020 < Ne <  8.301935509374361E+020
  8.299592624581708E+020 < Nh <  8.301935509304735E+020
 CFL_Te=  1.795361128876553E-003 maxCFL_Ne=  1.386016621460812E-003 maxCFL_Ts=
  5.102011145066149E-004 CPU=   772.168044353126      NumThreads=           8 
 Elapsed time=  1.036043910195985E-002
 CFL_Limit=  1.000000000000000E-003
 dt_init=  1.000000000000000E-018 dt=  1.000000000000000E-018
 Time= -7.700000000041038E-014 Intensity=   34216711204.1343     
   4759.14950222648      < Te <    4826.22072962977     
   4758.66502375311      < Th <    4891.55803093019     
   80.0000022833357      < Ts <   80.0000025822861     
  1.098678685618416E+021 < Ne <  1.098985173069250E+021
  1.098678685618416E+021 < Nh <  1.098985173058068E+021
 CFL_Te=  1.795083134945569E-003 maxCFL_Ne=  1.385870082058817E-003 maxCFL_Ts=
  5.102011162220327E-004 CPU=   772.015754214221      NumThreads=           8 
 Elapsed time=  1.036248283319376E-002
 CFL_Limit=  1.000000000000000E-003
 dt_init=  1.000000000000000E-018 dt=  1.000000000000000E-018
 Time= -7.600000000041372E-014 Intensity=   44605020284.2526     
   4758.38392760833      < Te <    4820.38402544639     
   4757.91529165840      < Th <    4900.75906370591     
   80.0000030479844      < Ts <   80.0000034477766     
  1.449563402277752E+021 < Ne <  1.449962942770793E+021
  1.449563402277752E+021 < Nh <  1.449962942754151E+021
 CFL_Te=  1.794799596309236E-003 maxCFL_Ne=  1.385728759919085E-003 maxCFL_Ts=
  5.102011184823379E-004 CPU=   771.797547026179      NumThreads=           8 
 Elapsed time=  1.036541257590787E-002
 CFL_Limit=  1.000000000000000E-003
 dt_init=  1.000000000000000E-018 dt=  1.000000000000000E-018
 Time= -7.500000000041706E-014 Intensity=   57946080788.9163     
   4757.60967607639      < Te <    4815.45569684915     
   4757.14008883559      < Th <    4889.56128751809     
   80.0000040533181      < Ts <   80.0000045844307     
  1.906152072435060E+021 < Ne <  1.906671113985039E+021
  1.906152072435060E+021 < Nh <  1.906671113961872E+021
 CFL_Te=  1.794509278644006E-003 maxCFL_Ne=  1.385353555246204E-003 maxCFL_Ts=
  5.102011214537448E-004 CPU=   771.738578737947      NumThreads=           8 
 Elapsed time=  1.036620459363675E-002
 CFL_Limit=  1.000000000000000E-003
 dt_init=  1.000000000000000E-018 dt=  1.000000000000000E-018
 Time= -7.400000000042039E-014 Intensity=   75016922429.3769     
   4756.81580482598      < Te <    4814.02889469989     
   4756.35009276439      < Th <    4887.22878275856     
   80.0000053711528      < Ts <   80.0000060826970     
  2.498233031841140E+021 < Ne <  2.498904981919395E+021
  2.498233031841140E+021 < Nh <  2.498904981888980E+021
 CFL_Te=  1.794364895886928E-003 maxCFL_Ne=  1.385061043206612E-003 maxCFL_Ts=
  5.102011253501937E-004 CPU=   771.842429316632      NumThreads=           8 
 Elapsed time=  1.036480983182406E-002
 CFL_Limit=  1.000000000000000E-003
 dt_init=  1.000000000000000E-018 dt=  1.000000000000000E-018
 Time= -7.300000000042373E-014 Intensity=   96780813434.0733     
   4755.99996520525      < Te <    4811.19536330963     
   4755.55162821305      < Th <    4881.19219304176     
   80.0000070970488      < Ts <   80.0000080417835     
  3.263357949764238E+021 < Ne <  3.264224845950433E+021
  3.263357949764238E+021 < Nh <  3.264224845912226E+021
 CFL_Te=  1.793949497596129E-003 maxCFL_Ne=  1.384795980037575E-003 maxCFL_Ts=
  5.102011304646838E-004 CPU=   771.916959710609      NumThreads=           8 
 Elapsed time=  1.036380908511091E-002
 CFL_Limit=  1.000000000000000E-003
 dt_init=  1.000000000000000E-018 dt=  1.000000000000000E-018
 Time= -7.200000000042707E-014 Intensity=   124426860014.131     
   4755.16427127230      < Te <    4808.84947236004     
   4756.20440997242      < Th <    4884.07478744026     
   80.0000093471555      < Ts <   80.0000106000619     
  4.248681549198760E+021 < Ne <  4.249796079810534E+021
  4.248681549198760E+021 < Nh <  4.249796079762579E+021
 CFL_Te=  1.793618967043939E-003 maxCFL_Ne=  1.384539816339675E-003 maxCFL_Ts=
  5.102011370984162E-004 CPU=   771.729383793668      NumThreads=           8 
 Elapsed time=  1.036632810412581E-002
 CFL_Limit=  1.000000000000000E-003
 dt_init=  1.000000000000000E-018 dt=  1.000000000000000E-018
 Time= -7.100000000043040E-014 Intensity=   159416717950.191     
   4754.32377303728      < Te <    4807.31012394580     
   4754.96986819974      < Th <    4872.84188319687     
   80.0000122742325      < Ts <   80.0000139219559     
  5.513187017476569E+021 < Ne <  5.514614956492977E+021
  5.513187017476569E+021 < Nh <  5.514614956431996E+021
 CFL_Te=  1.793290135031131E-003 maxCFL_Ne=  1.384285466643049E-003 maxCFL_Ts=
  5.102011457443824E-004 CPU=   771.550548598935      NumThreads=           8 
 Elapsed time=  1.036873088163474E-002
 CFL_Limit=  1.000000000000000E-003
 dt_init=  1.000000000000000E-018 dt=  1.000000000000000E-018
 Time= -7.000000000043374E-014 Intensity=   203539373738.430     
   4753.47103735158      < Te <    4811.28860840305     
   4753.06968710958      < Th <    4871.89707832569     
   80.0000160584675      < Ts <   80.0000181840857     
  7.130365032312379E+021 < Ne <  7.132188189953401E+021
  7.130365032312379E+021 < Nh <  7.132188189878712E+021
 CFL_Te=  1.792983972018141E-003 maxCFL_Ne=  1.384102684964806E-003 maxCFL_Ts=
  5.102011570331896E-004 CPU=   771.543358695937      NumThreads=           8 
 Elapsed time=  1.036882750636543E-002
 CFL_Limit=  1.000000000000000E-003
 dt_init=  1.000000000000000E-018 dt=  1.000000000000000E-018
 Time= -6.900000000043708E-014 Intensity=   258975005990.628     
   4752.59477227300      < Te <    4806.00872413647     
   4752.19658481923      < Th <    4870.03611328644     
   80.0000209588988      < Ts <   80.0000237218926     
  9.191423142392962E+021 < Ne <  9.193742843834817E+021
  9.191423142392962E+021 < Nh <  9.193742843742380E+021
 CFL_Te=  1.792662914185203E-003 maxCFL_Ne=  1.383980691042857E-003 maxCFL_Ts=
  5.102011715318570E-004 CPU=   771.663251161850      NumThreads=           8 
 Elapsed time=  1.036721651310315E-002
 CFL_Limit=  1.000000000000000E-003
 dt_init=  1.000000000000000E-018 dt=  1.000000000000000E-018
 Time= -6.800000000044041E-014 Intensity=   328368974519.188     
   4750.40341861672      < Te <    4804.85711290952     
   4751.31101057294      < Th <    4871.19139359862     
   80.0000272364263      < Ts <   80.0000308379672     
  1.180911147330266E+022 < Ne <  1.181205276142423E+022
  1.180911147330266E+022 < Nh <  1.181205276130820E+022
 CFL_Te=  1.791329023454922E-003 maxCFL_Ne=  1.383306685668587E-003 maxCFL_Ts=
  5.102011900730279E-004 CPU=   771.698722376805      NumThreads=           8 
 Elapsed time=  1.036673998287866E-002
 CFL_Limit=  1.000000000000000E-003
 dt_init=  1.000000000000000E-018 dt=  1.000000000000000E-018
 Time= -6.700000000044375E-014 Intensity=   414916998789.130     
   4750.69870827140      < Te <    4804.95941553403     
   4750.38536640970      < Th <    4879.54289585969     
   80.0000352591151      < Ts <   80.0000399281715     
  1.512226021007266E+022 < Ne <  1.512597678376956E+022
  1.512226021007266E+022 < Nh <  1.512597678363014E+022
 CFL_Te=  1.792005215826374E-003 maxCFL_Ne=  1.383501983747420E-003 maxCFL_Ts=
  5.102012138333443E-004 CPU=   771.849559188869      NumThreads=           8 
 Elapsed time=  1.036471408807585E-002
 CFL_Limit=  1.000000000000000E-003
 dt_init=  1.000000000000000E-018 dt=  1.000000000000000E-018
 Time= -6.600000000044708E-014 Intensity=   522462572428.353     
   4749.81410890709      < Te <    4801.99188015085     
   4749.43592155983      < Th <    4889.23978725084     
   80.0000455621208      < Ts <   80.0000516016136     
  1.930113372977606E+022 < Ne <  1.930581367860517E+022
  1.930113372977606E+022 < Nh <  1.930581367843627E+022
 CFL_Te=  1.791527000819749E-003 maxCFL_Ne=  1.383078501193188E-003 maxCFL_Ts=
  5.102012443912094E-004 CPU=   771.836326119222      NumThreads=           8 
 Elapsed time=  1.036489179023724E-002
 CFL_Limit=  1.000000000000000E-003
 dt_init=  1.000000000000000E-018 dt=  1.000000000000000E-018
 Time= -6.500000000045042E-014 Intensity=   655607608773.537     
   4748.29934077788      < Te <    4795.72215804479     
   4748.48579000331      < Th <    4894.72739533073     
   80.0000587128703      < Ts <   80.0000663706551     
  2.455371549652662E+022 < Ne <  2.455958811967541E+022
  2.455371549652662E+022 < Nh <  2.455958811946775E+022
 CFL_Te=  1.790776728619835E-003 maxCFL_Ne=  1.382572973941426E-003 maxCFL_Ts=
  5.102012832878933E-004 CPU=   771.864314462212      NumThreads=           8 
 Elapsed time=  1.036451595197001E-002
 CFL_Limit=  1.000000000000000E-003
 dt_init=  1.000000000000000E-018 dt=  1.000000000000000E-018
 Time= -6.400000000045376E-014 Intensity=   819837215909.351     
   4747.43421863517      < Te <    4794.92106327694     
   4747.60914246021      < Th <    4904.35969421720     
   80.0000753793048      < Ts <   80.0000851108050     
  3.113304626320503E+022 < Ne <  3.114038994672078E+022
  3.113304626320503E+022 < Nh <  3.114038994645166E+022
 CFL_Te=  1.790522627006804E-003 maxCFL_Ne=  1.382307649491301E-003 maxCFL_Ts=
  5.102013326836039E-004 CPU=   771.954065710527      NumThreads=           8 
 Elapsed time=  1.036331092140383E-002
 CFL_Limit=  1.000000000000000E-003
 dt_init=  1.000000000000000E-018 dt=  1.000000000000000E-018
 Time= -6.300000000045709E-014 Intensity=   1021659349832.09     
   4750.13602518917      < Te <    4798.86950488174     
   4745.34941221262      < Th <    4900.99690326404     
   80.0000964042281      < Ts <   80.0001089540738     
  3.934574567642480E+022 < Ne <  3.935489711539134E+022
  3.934574567642480E+022 < Nh <  3.935489711503613E+022
 CFL_Te=  1.792737330870551E-003 maxCFL_Ne=  1.383050743457809E-003 maxCFL_Ts=
  5.102013949426313E-004 CPU=   771.977830781768      NumThreads=           8 
 Elapsed time=  1.036299189045175E-002
 CFL_Limit=  1.000000000000000E-003
 dt_init=  1.000000000000000E-018 dt=  1.000000000000000E-018
 Time= -6.200000000046043E-014 Intensity=   1268759882568.71     
   4743.29884093404      < Te <    4785.68517397863     
   4745.55635789429      < Th <    4878.83087490451     
   80.0001229402959      < Ts <   80.0001388381285     
  4.956185310898048E+022 < Ne <  4.957321782283806E+022
  4.956185310898048E+022 < Nh <  4.957321782238021E+022
 CFL_Te=  1.787842194877583E-003 maxCFL_Ne=  1.381053838061071E-003 maxCFL_Ts=
  5.102014736498168E-004 CPU=   771.948024992152      NumThreads=           8 
 Elapsed time=  1.036339201733346E-002
 CFL_Limit=  1.000000000000000E-003
 dt_init=  1.000000000000000E-018 dt=  1.000000000000000E-018
 Time= -6.100000000046377E-014 Intensity=   1570173339800.85     
   4744.81003466600      < Te <    4793.88439064927     
   4742.97431250488      < Th <    4863.00160703303     
   80.0001563325165      < Ts <   80.0001764680797     
  6.222612684772106E+022 < Ne <  6.224019130025379E+022
  6.222612684772106E+022 < Nh <  6.224019129966144E+022
 CFL_Te=  1.789487305298239E-003 maxCFL_Ne=  1.381564153272069E-003 maxCFL_Ts=
  5.102015727453165E-004 CPU=   772.007632733310      NumThreads=           8 
 Elapsed time=  1.036259184598450E-002
 CFL_Limit=  1.000000000000000E-003
 dt_init=  1.000000000000000E-018 dt=  1.000000000000000E-018
 Time= -6.000000000046710E-014 Intensity=   1936469201836.54     
   4743.67624306216      < Te <    4797.07190872051     
   4742.87435327289      < Th <    4866.41728988301     
   80.0001981878766      < Ts <   80.0002239033728     
  7.787094272657072E+022 < Ne <  7.788828809100183E+022
  7.787094272657072E+022 < Nh <  7.788828809027306E+022
 CFL_Te=  1.789244981307951E-003 maxCFL_Ne=  1.381267125843071E-003 maxCFL_Ts=
  5.102016974108220E-004 CPU=   771.976985630145      NumThreads=           8 
 Elapsed time=  1.036300323573740E-002
 CFL_Limit=  1.000000000000000E-003
 dt_init=  1.000000000000000E-018 dt=  1.000000000000000E-018
 Time= -5.900000000047044E-014 Intensity=   2379953215735.27     
   4739.06336367960      < Te <    4786.99805278319     
   4741.99690629293      < Th <    4855.73860064320     
   80.0002505924267      < Ts <   80.0002831616121     
  9.713092822790429E+022 < Ne <  9.715224607467110E+022
  9.713092822790429E+022 < Nh <  9.715224607436277E+022
 CFL_Te=  1.785900919183992E-003 maxCFL_Ne=  1.379909803739583E-003 maxCFL_Ts=
  5.102018526659717E-004 CPU=   771.728699708540      NumThreads=           8 
 Elapsed time=  1.036633729317229E-002
 CFL_Limit=  1.000000000000000E-003
 dt_init=  1.000000000000000E-018 dt=  1.000000000000000E-018
 Time= -5.800000000047378E-014 Intensity=   2914882629713.42     
   4740.57968257045      < Te <    4787.49164006751     
   4741.53629145256      < Th <    4866.57858731723     
   80.0003159458302      < Ts <   80.0003570613712     
  1.207594634073461E+023 < Ne <  1.207855733362416E+023
  1.207594634073461E+023 < Nh <  1.207855733358627E+023
 CFL_Te=  1.787552639719407E-003 maxCFL_Ne=  1.380336791699719E-003 maxCFL_Ts=
  5.102020471944741E-004 CPU=   771.619709807977      NumThreads=           8 
 Elapsed time=  1.036780151972901E-002
 CFL_Limit=  1.000000000000000E-003
 dt_init=  1.000000000000000E-018 dt=  1.000000000000000E-018
 Time= -5.700000000047711E-014 Intensity=   3557693630525.79     
   4738.10436272549      < Te <    4786.47396953079     
   4743.21855260138      < Th <    4868.72981865148     
   80.0003965883453      < Ts <   80.0004486871326     
  1.496471654140131E+023 < Ne <  1.496790341121083E+023
  1.496471654140131E+023 < Nh <  1.496790341115976E+023
 CFL_Te=  1.785952428830167E-003 maxCFL_Ne=  1.379694728170657E-003 maxCFL_Ts=
  5.102022860381638E-004 CPU=   771.606083752095      NumThreads=           8 
 Elapsed time=  1.036798460828397E-002
 CFL_Limit=  1.000000000000000E-003
 dt_init=  1.000000000000000E-018 dt=  1.000000000000000E-018
 Time= -5.600000000047512E-014 Intensity=   4327238540091.44     
   4735.62738610502      < Te <    4781.64205521589     
   4736.93662736693      < Th <    4864.85805513773     
   80.0004964615220      < Ts <   80.0005619094116     
  1.848424560550462E+023 < Ne <  1.848812189292061E+023
  1.848424560550462E+023 < Nh <  1.848812189285455E+023
 CFL_Te=  1.784555476391116E-003 maxCFL_Ne=  1.379146593734852E-003 maxCFL_Ts=
  5.102025813698688E-004 CPU=   771.524234706905      NumThreads=           8 
 Elapsed time=  1.036908452142029E-002
 CFL_Limit=  1.000000000000000E-003
 dt_init=  1.000000000000000E-018 dt=  1.000000000000000E-018
 Time= -5.500000000047215E-014 Intensity=   5245029512467.14     
   4734.20884464205      < Te <    4782.09403326210     
   4738.12760842658      < Th <    4857.85651121818     
   80.0006195738216      < Ts <   80.0007015086332     
  2.275742862939627E+023 < Ne <  2.276212715245707E+023
  2.275742862939627E+023 < Nh <  2.276212715237051E+023
 CFL_Te=  1.783916663988715E-003 maxCFL_Ne=  1.378587884604314E-003 maxCFL_Ts=
  5.102029474765858E-004 CPU=   771.608781046979      NumThreads=           8 
 Elapsed time=  1.036794836516114E-002
 CFL_Limit=  1.000000000000000E-003
 dt_init=  1.000000000000000E-018 dt=  1.000000000000000E-018
 Time= -5.400000000046917E-014 Intensity=   6335484573989.22     
   4731.60459713638      < Te <    4779.67430724776     
   4736.95283359586      < Th <    4867.52830114136     
   80.0007708253904      < Ts <   80.0008719770653     
  2.792770579489371E+023 < Ne <  2.793338126991185E+023
  2.792770579489371E+023 < Nh <  2.793338126979695E+023
 CFL_Te=  1.782362719035782E-003 maxCFL_Ne=  1.377917004968350E-003 maxCFL_Ts=
  5.102033974603525E-004 CPU=   771.668951842059      NumThreads=           8 
 Elapsed time=  1.036713992561593E-002
 CFL_Limit=  1.000000000000000E-003
 dt_init=  1.000000000000000E-018 dt=  1.000000000000000E-018
 Time= -5.300000000046620E-014 Intensity=   7626170880184.83     
   4732.65309285522      < Te <    4784.17164649326     
   4732.38360534616      < Th <    4875.32429048349     
   80.0009566255464      < Ts <   80.0010811864909     
  3.416177423841789E+023 < Ne <  3.416860607634124E+023
  3.416177423841788E+023 < Nh <  3.416860607619856E+023
 CFL_Te=  1.783352389519253E-003 maxCFL_Ne=  1.378531161665642E-003 maxCFL_Ts=
  5.102039476202277E-004 CPU=   771.706852537569      NumThreads=           8 
 Elapsed time=  1.036663076619569E-002
 CFL_Limit=  1.000000000000000E-003
 dt_init=  1.000000000000000E-018 dt=  1.000000000000000E-018
 Time= -5.200000000046322E-014 Intensity=   9148039040900.53     
   4724.75203453166      < Te <    4777.35758952623     
   4733.95046771518      < Th <    4884.75892327779     
   80.0011833095928      < Ts <   80.0013378113072     
  4.165251439169745E+023 < Ne <  4.166070973386983E+023
  4.165251439169744E+023 < Nh <  4.166070973368486E+023
 CFL_Te=  1.778089322044456E-003 maxCFL_Ne=  1.376242272368769E-003 maxCFL_Ts=
  5.102046194384065E-004 CPU=   771.750082972168      NumThreads=           8 
 Elapsed time=  1.036605006790586E-002
 CFL_Limit=  1.000000000000000E-003
 dt_init=  1.000000000000000E-018 dt=  1.000000000000000E-018
 Time= -5.100000000046025E-014 Intensity=   10935641313518.2     
   4725.40155510905      < Te <    4780.09391582585     
   4731.53222777520      < Th <    4886.00463436678     
   80.0014585721914      < Ts <   80.0016491658193     
  5.062211996285177E+023 < Ne <  5.063191689277750E+023
  5.062211996285177E+023 < Nh <  5.063191689252984E+023
 CFL_Te=  1.778800738718976E-003 maxCFL_Ne=  1.376398996124988E-003 maxCFL_Ts=
  5.102054336106846E-004 CPU=   771.837499526437      NumThreads=           8 
 Elapsed time=  1.036487603272505E-002
 CFL_Limit=  1.000000000000000E-003
 dt_init=  1.000000000000000E-018 dt=  1.000000000000000E-018
 Time= -5.000000000045728E-014 Intensity=   13027325412947.8     
   4720.72238700286      < Te <    4773.93126862172     
   4729.14102969163      < Th <    4863.61002699871     
   80.0017939565440      < Ts <   80.0020314147408     
  6.132541330699965E+023 < Ne <  6.133708423431471E+023
  6.132541330699963E+023 < Nh <  6.133708423398287E+023
 CFL_Te=  1.775542758005580E-003 maxCFL_Ne=  1.375159770573720E-003 maxCFL_Ts=
  5.102064269504132E-004 CPU=   771.797629414852      NumThreads=           8 
 Elapsed time=  1.036541146940980E-002
 CFL_Limit=  1.000000000000000E-003
 dt_init=  1.000000000000000E-018 dt=  1.000000000000000E-018
 Time= -4.900000000045430E-014 Intensity=   15465394672231.2     
   4719.55043046482      < Te <    4767.36639097279     
   4727.88133972547      < Th <    4845.12089299104     
   80.0021983900491      < Ts <   80.0024883557420     
  7.405332059357806E+023 < Ne <  7.406717594961109E+023
  7.405332059357804E+023 < Nh <  7.406717594847959E+023
 CFL_Te=  1.775002147659066E-003 maxCFL_Ne=  1.374945584502782E-003 maxCFL_Ts=
  5.102076270951395E-004 CPU=   771.724559308388      NumThreads=           8 
 Elapsed time=  1.036639290988682E-002
 CFL_Limit=  1.000000000000000E-003
 dt_init=  1.000000000000000E-018 dt=  1.000000000000000E-018
 Time= -4.800000000045133E-014 Intensity=   18296224350931.0     
   4716.70759352237      < Te <    4760.94726719118     
   4726.14305691101      < Th <    4829.64245666089     
   80.0026862666824      < Ts <   80.0030436934719     
  8.913647223785894E+023 < Ne <  8.915286414324126E+023
  8.913647223785893E+023 < Nh <  8.915286414179670E+023
 CFL_Te=  1.773064247002396E-003 maxCFL_Ne=  1.374102956097212E-003 maxCFL_Ts=
  5.102090672284292E-004 CPU=   771.502122929584      NumThreads=           8 
 Elapsed time=  1.036938170645860E-002
 CFL_Limit=  1.000000000000000E-003
 dt_init=  1.000000000000000E-018 dt=  1.000000000000000E-018
 Time= -4.700000000044835E-014 Intensity=   21570323077270.4     
   4713.31047013898      < Te <    4754.76734621889     
   4726.79578138820      < Th <    4825.69704136681     
   80.0032719127954      < Ts <   80.0037068287572     
  1.069488844326958E+024 < Ne <  1.069682100902887E+024
  1.069488844326958E+024 < Nh <  1.069682100885051E+024
 CFL_Te=  1.770880580553591E-003 maxCFL_Ne=  1.373296479543168E-003 maxCFL_Ts=
  5.102108009436401E-004 CPU=   771.500752909291      NumThreads=           8 
 Elapsed time=  1.036940012026222E-002
 CFL_Limit=  1.000000000000000E-003
 dt_init=  1.000000000000000E-018 dt=  1.000000000000000E-018
 Time= -4.600000000044538E-014 Intensity=   25342327775993.9     
   4708.35452649838      < Te <    4750.23575789779     
   4726.14915575799      < Th <    4831.35277725333     
   80.0039738311456      < Ts <   80.0045074580193     
  1.279116679425158E+024 < Ne <  1.279343734216315E+024
  1.279116679425158E+024 < Nh <  1.279343734194075E+024
 CFL_Te=  1.767333126231695E-003 maxCFL_Ne=  1.372043200131743E-003 maxCFL_Ts=
  5.102128717499893E-004 CPU=   771.514908962694      NumThreads=           8 
 Elapsed time=  1.036920985850557E-002
 CFL_Limit=  1.000000000000000E-003
 dt_init=  1.000000000000000E-018 dt=  1.000000000000000E-018
 Time= -4.500000000044240E-014 Intensity=   29670920032114.8     
   4703.99867329264      < Te <    4751.26120877519     
   4721.83652074601      < Th <    4823.63894363372     
   80.0048115013299      < Ts <   80.0054527409478     
  1.524966992475225E+024 < Ne <  1.525232831210343E+024
  1.524966992475225E+024 < Nh <  1.525232831183369E+024
 CFL_Te=  1.764265569246911E-003 maxCFL_Ne=  1.371057869207667E-003 maxCFL_Ts=
  5.102153423738952E-004 CPU=   771.609376264112      NumThreads=           8 
 Elapsed time=  1.036794036735721E-002
 CFL_Limit=  1.000000000000000E-003
 dt_init=  1.000000000000000E-018 dt=  1.000000000000000E-018
 Time= -4.400000000043943E-014 Intensity=   34618651727643.9     
   4701.58312195712      < Te <    4749.57396014309     
   4718.81473432527      < Th <    4815.73283014375     
   80.0058065874061      < Ts <   80.0065871673813     
  1.812301784838062E+024 < Ne <  1.812611960443781E+024
  1.812301784838062E+024 < Nh <  1.812611960411057E+024
 CFL_Te=  1.762597707060194E-003 maxCFL_Ne=  1.370520909381887E-003 maxCFL_Ts=
  5.102182880274662E-004 CPU=   771.472126007348      NumThreads=           8 
 Elapsed time=  1.036978489605703E-002
 CFL_Limit=  1.000000000000000E-003
 dt_init=  1.000000000000000E-018 dt=  1.000000000000000E-018
 Time= -4.300000000043645E-014 Intensity=   40251668020119.1     
   4695.61753721358      < Te <    4743.67342496328     
   4715.88809302030      < Th <    4814.63532270143     
   80.0069939816325      < Ts <   80.0079315847978     
  2.146959879093151E+024 < Ne <  2.147320542731686E+024
  2.146959879093150E+024 < Nh <  2.147320542688833E+024
 CFL_Te=  1.758184812138700E-003 maxCFL_Ne=  1.369076507738453E-003 maxCFL_Ts=
  5.102217968079311E-004 CPU=   771.340989365164      NumThreads=           8 
 Elapsed time=  1.037154787610112E-002
 CFL_Limit=  1.000000000000000E-003
 dt_init=  1.000000000000000E-018 dt=  1.000000000000000E-018
 Time= -4.200000000043348E-014 Intensity=   46639316361462.9     
   4690.11459716836      < Te <    4740.87749155842     
   4715.49413297993      < Th <    4813.98637625176     
   80.0083886600182      < Ts <   80.0095165701065     
  2.535387537841818E+024 < Ne <  2.535805456992398E+024
  2.535387537841818E+024 < Nh <  2.535805456937008E+024
 CFL_Te=  1.754038326284066E-003 maxCFL_Ne=  1.367895796121006E-003 maxCFL_Ts=
  5.102259224101279E-004 CPU=   771.376172789845      NumThreads=           8 
 Elapsed time=  1.037107481692922E-002
 CFL_Limit=  1.000000000000000E-003
 dt_init=  1.000000000000000E-018 dt=  1.000000000000000E-018
 Time= -4.100000000043051E-014 Intensity=   53853631331000.8     
   4686.63548697466      < Te <    4731.61437267878     
   4713.57200280085      < Th <    4817.91922984011     
   80.0100360306504      < Ts <   80.0113853464228     
  2.984665058272836E+024 < Ne <  2.985147646332946E+024
  2.984665058272835E+024 < Nh <  2.985147646262264E+024
 CFL_Te=  1.751391057217645E-003 maxCFL_Ne=  1.367129147891357E-003 maxCFL_Ts=
  5.102307743018384E-004 CPU=   771.373061466056      NumThreads=           8 
 Elapsed time=  1.037111664853238E-002
 CFL_Limit=  1.000000000000000E-003
 dt_init=  1.000000000000000E-018 dt=  1.000000000000000E-018
 Time= -4.000000000042753E-014 Intensity=   61968686616517.9     
   4678.89396188770      < Te <    4722.97173325423     
   4711.23533919024      < Th <    4814.95558056126     
   80.0119730418229      < Ts <   80.0135904806560     
  3.502528185358410E+024 < Ne <  3.503083516608985E+024
  3.502528185358409E+024 < Nh <  3.503083516519821E+024
 CFL_Te=  1.745796808458786E-003 maxCFL_Ne=  1.365399078357686E-003 maxCFL_Ts=
  5.102364898521797E-004 CPU=   771.470561628257      NumThreads=           8 
 Elapsed time=  1.036980592378702E-002
 CFL_Limit=  1.000000000000000E-003
 dt_init=  1.000000000000000E-018 dt=  1.000000000000000E-018
 Time= -3.900000000042456E-014 Intensity=   71059807549599.2     
   4677.74767178102      < Te <    4723.90767380713     
   4709.69588826233      < Th <    4808.95300553351     
   80.0142514569207      < Ts <   80.0161825313505     
  4.097383127758928E+024 < Ne <  4.098019957114058E+024
  4.097383127758927E+024 < Nh <  4.098019957001194E+024
 CFL_Te=  1.744580378122174E-003 maxCFL_Ne=  1.365445161094237E-003 maxCFL_Ts=
  5.102432259843821E-004 CPU=   771.242153069829      NumThreads=           8 
 Elapsed time=  1.037287701165846E-002
 CFL_Limit=  1.000000000000000E-003
 dt_init=  1.000000000000000E-018 dt=  1.000000000000000E-018
 Time= -3.800000000042158E-014 Intensity=   81202640199250.8     
   4666.22767060623      < Te <    4712.48812031368     
   4706.72559210093      < Th <    4802.89391986088     
   80.0169072976879      < Ts <   80.0191961403863     
  4.778313906673132E+024 < Ne <  4.779041675893906E+024
  4.778313906673131E+024 < Nh <  4.779041675749497E+024
 CFL_Te=  1.735215235167536E-003 maxCFL_Ne=  1.362832718561657E-003 maxCFL_Ts=
  5.102510728586630E-004 CPU=   771.167755664309      NumThreads=           8 
 Elapsed time=  1.037387772146742E-002
 CFL_Limit=  1.000000000000000E-003
 dt_init=  1.000000000000000E-018 dt=  1.000000000000000E-018
 Time= -3.700000000041861E-014 Intensity=   92472076146496.7     
   4658.60948029193      < Te <    4709.70770765418     
   4705.80816392874      < Th <    4796.61593133129     
   80.0199941314026      < Ts <   80.0226828552058     
  5.555080768126469E+024 < Ne <  5.555909586522601E+024
  5.555080768126468E+024 < Nh <  5.555909586339671E+024
 CFL_Te=  1.729288539620542E-003 maxCFL_Ne=  1.361503468171762E-003 maxCFL_Ts=
  5.102602267620073E-004 CPU=   770.962648391806      NumThreads=           8 
 Elapsed time=  1.037663759286867E-002
 CFL_Limit=  1.000000000000000E-003
 dt_init=  1.000000000000000E-018 dt=  1.000000000000000E-018
 Time= -3.600000000041563E-014 Intensity=   104941035677998.     
   4653.05019306502      < Te <    4700.97771465311     
   4703.22921880951      < Th <    4793.80875031673     
   80.0235886897639      < Ts <   80.0267727268607     
  6.438108324790233E+024 < Ne <  6.439048957758757E+024
  6.438108324790232E+024 < Nh <  6.439048957527487E+024
 CFL_Te=  1.724440704833009E-003 maxCFL_Ne=  1.360420819777314E-003 maxCFL_Ts=
  5.102708298082159E-004 CPU=   771.022201598611      NumThreads=           8 
 Elapsed time=  1.037583610875676E-002
 CFL_Limit=  1.000000000000000E-003
 dt_init=  1.000000000000000E-018 dt=  1.000000000000000E-018
 Time= -3.500000000041266E-014 Intensity=   118679116201979.     
   4642.44676870662      < Te <    4698.52812761654     
   4701.72310520653      < Th <    4785.25087870515     
   80.0277373556417      < Ts <   80.0314628151887     
  7.438462246544007E+024 < Ne <  7.439526097148860E+024
  7.438462246544006E+024 < Nh <  7.439526096856175E+024
 CFL_Te=  1.715775912210822E-003 maxCFL_Ne=  1.358541540586018E-003 maxCFL_Ts=
  5.102831023828293E-004 CPU=   771.073355441597      NumThreads=           8 
 Elapsed time=  1.037514776453191E-002
 CFL_Limit=  1.000000000000000E-003
 dt_init=  1.000000000000000E-018 dt=  1.000000000000000E-018
 Time= -3.400000000040968E-014 Intensity=   133751117135266.     
   4636.71361537370      < Te <    4684.68193658389     
   4698.79252576148      < Th <    4792.66985306733     
   80.0325176927194      < Ts <   80.0368864841893     
  8.567813289075178E+024 < Ne <  8.569012337985562E+024
  8.567813289075177E+024 < Nh <  8.569012337614085E+024
 CFL_Te=  1.710354700684085E-003 maxCFL_Ne=  1.357582786094084E-003 maxCFL_Ts=
  5.102972807027778E-004 CPU=   771.048717347884      NumThreads=           8 
 Elapsed time=  1.037547929204393E-002
 CFL_Limit=  1.000000000000000E-003
 dt_init=  1.000000000000000E-018 dt=  1.000000000000000E-018
 Time= -3.300000000040671E-014 Intensity=   150215457241480.     
   4632.53738422602      < Te <    4682.81116198164     
   4698.17998995002      < Th <    4799.51070531958     
   80.0380166612741      < Ts <   80.0431089327816     
  9.838387650927707E+024 < Ne <  9.839734403645750E+024
  9.838387650927705E+024 < Nh <  9.839734403174032E+024
 CFL_Te=  1.706072127167275E-003 maxCFL_Ne=  1.357113080021411E-003 maxCFL_Ts=
  5.103134836633159E-004 CPU=   771.128532441697      NumThreads=           8 
 Elapsed time=  1.037440538566099E-002
 CFL_Limit=  1.000000000000000E-003
 dt_init=  1.000000000000000E-018 dt=  1.000000000000000E-018
 Time= -3.200000000040374E-014 Intensity=   168122505300198.     
   4618.25818726170      < Te <    4677.04686638404     
   4699.39472658811      < Th <    4806.49066546244     
   80.0443462855590      < Ts <   80.0502835178186     
  1.126290271083129E+025 < Ne <  1.126441015161826E+025
  1.126290271083128E+025 < Nh <  1.126441015101942E+025
 CFL_Te=  1.693955770353645E-003 maxCFL_Ne=  1.354749744124405E-003 maxCFL_Ts=
  5.103321014721048E-004 CPU=   771.125207671093      NumThreads=           8 
 Elapsed time=  1.037445011577450E-002
 CFL_Limit=  1.000000000000000E-003
 dt_init=  1.000000000000000E-018 dt=  1.000000000000000E-018
 Time= -3.100000000040076E-014 Intensity=   187512849914194.     
   4613.48039252419      < Te <    4673.54859204292     
   4695.98988601489      < Th <    4805.25912179106     
   80.0515726606569      < Ts <   80.0584788104042     
  1.285448761526474E+025 < Ne <  1.285616911554442E+025
  1.285448761526474E+025 < Nh <  1.285616911479702E+025
 CFL_Te=  1.688981487641800E-003 maxCFL_Ne=  1.354375296471329E-003 maxCFL_Ts=
  5.103533400063723E-004 CPU=   771.185690452586      NumThreads=           8 
 Elapsed time=  1.037363646530453E-002
 CFL_Limit=  1.000000000000000E-003
 dt_init=  1.000000000000000E-018 dt=  1.000000000000000E-018
 Time= -3.000000000039779E-014 Intensity=   208415539059104.     
   4597.22012006913      < Te <    4665.52359938914     
   4694.43322493403      < Th <    4806.72306207388     
   80.0598322948117      < Ts <   80.0677617777520     
  1.462658806852438E+025 < Ne <  1.462845723051234E+025
  1.462658806852438E+025 < Nh <  1.462845722957122E+025
 CFL_Te=  1.675019752282622E-003 maxCFL_Ne=  1.351986421126387E-003 maxCFL_Ts=
  5.103777150789940E-004 CPU=   770.985840733400      NumThreads=           8 
 Elapsed time=  1.037632544897323E-002
 CFL_Limit=  1.000000000000000E-003
 dt_init=  1.000000000000000E-018 dt=  1.000000000000000E-018
 Time= -2.900000000039481E-014 Intensity=   230846324469059.     
   4591.07084331589      < Te <    4659.51079672805     
   4693.72943725674      < Th <    4811.06747185059     
   80.0692345463575      < Ts <   80.0784007392659     
  1.659285544211689E+025 < Ne <  1.659492601651679E+025
  1.659285544211688E+025 < Nh <  1.659492601534443E+025
 CFL_Te=  1.668530118337275E-003 maxCFL_Ne=  1.351587930414057E-003 maxCFL_Ts=
  5.104054869099178E-004 CPU=   770.742597651560      NumThreads=           8 
 Elapsed time=  1.037960017310043E-002
 CFL_Limit=  1.000000000000000E-003
 dt_init=  1.000000000000000E-018 dt=  1.000000000000000E-018
 Time= -2.800000000039317E-014 Intensity=   254805949950995.     
   4585.60295185059      < Te <    4654.80504755609     
   4696.47909693964      < Th <    4812.09162030147     
   80.0798814773201      < Ts <   80.0904610639620     
  1.876702017476620E+025 < Ne <  1.876930603517364E+025
  1.876702017476620E+025 < Nh <  1.876930603372774E+025
 CFL_Te=  1.662102624480837E-003 maxCFL_Ne=  1.351526189206565E-003 maxCFL_Ts=
  5.104367881314181E-004 CPU=   770.758231079612      NumThreads=           8 
 Elapsed time=  1.037938964180024E-002
 CFL_Limit=  1.000000000000000E-003
 dt_init=  1.000000000000000E-018 dt=  1.000000000000000E-018
 Time= -2.700000000039335E-014 Intensity=   280278526036166.     
   4579.61121115007      < Te <    4646.31864388170     
   4690.83406131796      < Th <    4809.65325466420     
   80.0919395931484      < Ts <   80.1041024628038     
  2.116275018531407E+025 < Ne <  2.116526497074783E+025
  2.116275018531407E+025 < Nh <  2.116526496894986E+025
 CFL_Te=  1.655102533407434E-003 maxCFL_Ne=  1.351398616177925E-003 maxCFL_Ts=
  5.104722256285538E-004 CPU=   770.816169718127      NumThreads=           8 
 Elapsed time=  1.037860947173105E-002
 CFL_Limit=  1.000000000000000E-003
 dt_init=  1.000000000000000E-018 dt=  1.000000000000000E-018
 Time= -2.600000000039353E-014 Intensity=   307230035825305.     
   4560.55558770028      < Te <    4635.32498611275     
   4692.36700429731      < Th <    4801.10129222820     
   80.1054619670872      < Ts <   80.1193165259353     
  2.379349517964653E+025 < Ne <  2.379625222244760E+025
  2.379349517964653E+025 < Nh <  2.379625222022241E+025
 CFL_Te=  1.638183838446041E-003 maxCFL_Ne=  1.349723030199357E-003 maxCFL_Ts=
  5.105121169344557E-004 CPU=   770.857608473004      NumThreads=           8 
 Elapsed time=  1.037805155202041E-002
 CFL_Limit=  1.000000000000000E-003
 dt_init=  1.000000000000000E-018 dt=  1.000000000000000E-018
 Time= -2.500000000039371E-014 Intensity=   335607018286696.     
   4554.60236801394      < Te <    4613.42857977725     
   4694.56464214628      < Th <    4799.27648228982     
   80.1207254999463      < Ts <   80.1366236269901     
  2.667231812900406E+025 < Ne <  2.667533025330246E+025
  2.667231812900406E+025 < Nh <  2.667533025052078E+025
 CFL_Te=  1.630582704546446E-003 maxCFL_Ne=  1.350132581168843E-003 maxCFL_Ts=
  5.105569082629092E-004 CPU=   770.615881708064      NumThreads=           8 
 Elapsed time=  1.038130693889679E-002
 CFL_Limit=  1.000000000000000E-003
 dt_init=  1.000000000000000E-018 dt=  1.000000000000000E-018
 Time= -2.400000000039389E-014 Intensity=   365335475465723.     
   4549.09604746971      < Te <    4608.15701658429     
   4695.89747488752      < Th <    4806.20417222137     
   80.1378089476230      < Ts <   80.1559555276395     
  2.981171596784221E+025 < Ne <  2.981499538134955E+025
  2.981171596784221E+025 < Nh <  2.981499537790533E+025
 CFL_Te=  1.622939317168267E-003 maxCFL_Ne=  1.350866066513407E-003 maxCFL_Ts=
  5.106070968001306E-004 CPU=   770.582052571025      NumThreads=           8 
 Elapsed time=  1.038176268615162E-002
 CFL_Limit=  1.000000000000000E-003
 dt_init=  1.000000000000000E-018 dt=  1.000000000000000E-018
 Time= -2.300000000039407E-014 Intensity=   396320048934197.     
   4543.61409224809      < Te <    4600.47811304070     
   4699.26204593050      < Th <    4804.96184361431     
   80.1568692639486      < Ts <   80.1775379347119     
  3.322343137757511E+025 < Ne <  3.322698944817388E+025
  3.322343137757511E+025 < Nh <  3.322698944394513E+025
 CFL_Te=  1.614833931803870E-003 maxCFL_Ne=  1.351799430303984E-003 maxCFL_Ts=
  5.106630785311049E-004 CPU=   770.526223763424      NumThreads=           8 
 Elapsed time=  1.038251490121413E-002
 CFL_Limit=  1.000000000000000E-003
 dt_init=  1.000000000000000E-018 dt=  1.000000000000000E-018
 Time= -2.200000000039425E-014 Intensity=   428443508248523.     
   4539.04995887941      < Te <    4593.90438260308     
   4702.86695015216      < Th <    4806.91675203685     
   80.1781322008334      < Ts <   80.2016424776509     
  3.691825826481932E+025 < Ne <  3.692210531198131E+025
  3.691825826481932E+025 < Nh <  3.692210530681498E+025
 CFL_Te=  1.607588710838536E-003 maxCFL_Ne=  1.353388718147046E-003 maxCFL_Ts=
  5.107257407171704E-004 CPU=   770.652712235294      NumThreads=           8 
 Elapsed time=  1.038081080230788E-002
 CFL_Limit=  1.000000000000000E-003
 dt_init=  1.000000000000000E-018 dt=  1.000000000000000E-018
 Time= -2.100000000039444E-014 Intensity=   461566590146843.     
   4516.91849074445      < Te <    4588.63542415799     
   4705.37075829929      < Th <    4807.09055636325     
   80.2016913015109      < Ts <   80.2285462636980     
  4.090584426758929E+025 < Ne <  4.090998937397149E+025
  4.090584426758929E+025 < Nh <  4.090998936771899E+025
 CFL_Te=  1.586784450621257E-003 maxCFL_Ne=  1.353338709766504E-003 maxCFL_Ts=
  5.107948451358688E-004 CPU=   770.683244511791      NumThreads=           8 
 Elapsed time=  1.038039954413153E-002
 CFL_Limit=  1.000000000000000E-003
 dt_init=  1.000000000000000E-018 dt=  1.000000000000000E-018
 Time= -2.000000000039462E-014 Intensity=   495528221700866.     
   4530.05759100780      < Te <    4583.38020549530     
   4710.02950687570      < Th <    4809.67675137701     
   80.2278139767459      < Ts <   80.2580197535924     
  4.519449321577764E+025 < Ne <  4.519894397037174E+025
  4.519449321577764E+025 < Nh <  4.519894396285526E+025
 CFL_Te=  1.591398286378190E-003 maxCFL_Ne=  1.357265220745290E-003 maxCFL_Ts=
  5.108715536853125E-004 CPU=   770.522015304229      NumThreads=           8 
 Elapsed time=  1.038257160873116E-002
 CFL_Limit=  1.000000000000000E-003
 dt_init=  1.000000000000000E-018 dt=  1.000000000000000E-018
 Time= -1.900000000039480E-014 Intensity=   530146153688800.     
   4527.50060135306      < Te <    4580.97564790771     
   4714.03692660443      < Th <    4815.72733697070     
   80.2567782710095      < Ts <   80.2909343648707     
  4.979097115349546E+025 < Ne <  4.979573362061100E+025
  4.979097115349546E+025 < Nh <  4.979573361173267E+025
 CFL_Te=  1.584112847600889E-003 maxCFL_Ne=  1.360214011344354E-003 maxCFL_Ts=
  5.109564671074799E-004 CPU=   770.362938494437      NumThreads=           8 
 Elapsed time=  1.038471556748932E-002
 CFL_Limit=  1.000000000000000E-003
 dt_init=  1.000000000000000E-018 dt=  1.000000000000000E-018
 Time= -1.800000000039498E-014 Intensity=   565218022186473.     
   4506.37560078192      < Te <    4577.31047158533     
   4719.14489718162      < Th <    4820.23936070633     
   80.2885223425315      < Ts <   80.3269870612918     
  5.470031957241088E+025 < Ne <  5.470539797550124E+025
  5.470031957241088E+025 < Nh <  5.470539796511646E+025
 CFL_Te=  1.562875052447351E-003 maxCFL_Ne=  1.362319157200504E-003 maxCFL_Ts=
  5.110487547856205E-004 CPU=   770.385680905744      NumThreads=           8 
 Elapsed time=  1.038440900224726E-002
 CFL_Limit=  1.000000000000000E-003
 dt_init=  1.000000000000000E-018 dt=  1.000000000000000E-018
 Time= -1.700000000039516E-014 Intensity=   600522846939104.     
   4504.62986629807      < Te <    4571.95309834976     
   4724.25563006530      < Th <    4827.02390492842     
   80.3233940772359      < Ts <   80.3667636217533     
  5.992568039905860E+025 < Ne <  5.993107694143548E+025
  5.992568039905860E+025 < Nh <  5.993107692936559E+025
 CFL_Te=  1.555541732708294E-003 maxCFL_Ne=  1.366536990479707E-003 maxCFL_Ts=
  5.111502256794130E-004 CPU=   770.427451762899      NumThreads=           8 
 Elapsed time=  1.038384598276493E-002
 CFL_Limit=  1.000000000000000E-003
 dt_init=  1.000000000000000E-018 dt=  1.000000000000000E-018
 Time= -1.600000000039534E-014 Intensity=   635822964715936.     
   4503.59399758520      < Te <    4571.34830575560     
   4730.38594706397      < Th <    4833.45537702626     
   80.3615751717376      < Ts <   80.4099735872074     
  6.546813587075745E+025 < Ne <  6.547385059326569E+025
  6.546813587075745E+025 < Nh <  6.547385057938724E+025
 CFL_Te=  1.548395837808719E-003 maxCFL_Ne=  1.371506534601393E-003 maxCFL_Ts=
  5.112616955639610E-004 CPU=   770.410542070853      NumThreads=           8 
 Elapsed time=  1.038407389714074E-002
 CFL_Limit=  1.000000000000000E-003
 dt_init=  1.000000000000000E-018 dt=  1.000000000000000E-018
 Time= -1.500000000039552E-014 Intensity=   670866384802207.     
   4521.79396412043      < Te <    4571.74534049829     
   4736.23718259805      < Th <    4837.72291555756     
   80.4037145616995      < Ts <   80.4577632316386     
  7.132656757270605E+025 < Ne <  7.133259830702135E+025
  7.132656757270605E+025 < Nh <  7.133259829128730E+025
 CFL_Te=  1.554690965822217E-003 maxCFL_Ne=  1.377045909454326E-003 maxCFL_Ts=
  5.113837513486846E-004 CPU=   770.305055520097      NumThreads=           8 
 Elapsed time=  1.038549590538327E-002
 CFL_Limit=  1.000000000000000E-003
 dt_init=  1.000000000000000E-018 dt=  1.000000000000000E-018
 Time= -1.400000000039570E-014 Intensity=   705389542384176.     
   4522.85056473404      < Te <    4570.99040789468     
   4743.08500382769      < Th <    4857.19752993113     
   80.4494730088661      < Ts <   80.5096769686039     
  7.749753842902961E+025 < Ne <  7.750388069892629E+025
  7.749753842902961E+025 < Nh <  7.750388068126858E+025
 CFL_Te=  1.547965788822465E-003 maxCFL_Ne=  1.383055214568595E-003 maxCFL_Ts=
  5.115155318876987E-004 CPU=   770.133598469398      NumThreads=           8 
 Elapsed time=  1.038780805810784E-002
 CFL_Limit=  1.000000000000000E-003
 dt_init=  1.000000000000000E-018 dt=  1.000000000000000E-018
 Time= -1.300000000039588E-014 Intensity=   739120414174032.     
   4525.17520458774      < Te <    4570.66442374862     
   4764.26534083356      < Th <    4864.39689979844     
   80.4988835025510      < Ts <   80.5654825534886     
  8.397520061951482E+025 < Ne <  8.398184739475469E+025
  8.397520061951482E+025 < Nh <  8.398184737517220E+025
 CFL_Te=  1.541780496279329E-003 maxCFL_Ne=  1.389875486741431E-003 maxCFL_Ts=
  5.116577507999544E-004 CPU=   770.183637776790      NumThreads=           8 
 Elapsed time=  1.038713315579228E-002
 CFL_Limit=  1.000000000000000E-003
 dt_init=  1.000000000000000E-018 dt=  1.000000000000000E-018
 Time= -1.200000000039606E-014 Intensity=   771781949547488.     
   4528.68794096656      < Te <    4572.15775142333     
   4772.01412549737      < Th <    4870.42265589033     
   80.5526650035819      < Ts <   80.6263777392227     
  9.075123361428178E+025 < Ne <  9.075817537747418E+025
  9.075123361428178E+025 < Nh <  9.075817535604029E+025
 CFL_Te=  1.536410378962634E-003 maxCFL_Ne=  1.397663389834230E-003 maxCFL_Ts=
  5.118117982116909E-004 CPU=   770.228941533360      NumThreads=           8 
 Elapsed time=  1.038652219958617E-002
 CFL_Limit=  1.000000000000000E-003
 dt_init=  1.000000000000000E-018 dt=  1.000000000000000E-018
 Time= -1.100000000039625E-014 Intensity=   803095760155617.     
   4533.61455544537      < Te <    4575.31807436266     
   4780.07990792482      < Th <    4875.15426286145     
   80.6106001708487      < Ts <   80.6919396989046     
  9.781481378233007E+025 < Ne <  9.782203849277570E+025
  9.781481378233007E+025 < Nh <  9.782203846960880E+025
 CFL_Te=  1.531114587421364E-003 maxCFL_Ne=  1.406377069592197E-003 maxCFL_Ts=
  5.119774245246468E-004 CPU=   770.235077855565      NumThreads=           8 
 Elapsed time=  1.038643945206059E-002
 CFL_Limit=  1.000000000000000E-003
 dt_init=  1.000000000000000E-018 dt=  1.000000000000000E-018
 Time= -1.000000000039643E-014 Intensity=   832786001727594.     
   4556.45656640166      < Te <    4597.05112585410     
   4788.52398148122      < Th <    4880.20134365445     
   80.6735004719819      < Ts <   80.7628410271222     
  1.051526182751343E+026 < Ne <  1.051601113048534E+026
  1.051526182751343E+026 < Nh <  1.051601112801225E+026
 CFL_Te=  1.538827117958016E-003 maxCFL_Ne=  1.413419958966750E-003 maxCFL_Ts=
  5.121564289397568E-004 CPU=   769.940816207097      NumThreads=           8 
 Elapsed time=  1.039040901794220E-002
 CFL_Limit=  1.000000000000000E-003
 dt_init=  1.000000000000000E-018 dt=  1.000000000000000E-018
 Time= -9.000000000396607E-015 Intensity=   860583374007772.     
   4563.69745112353      < Te <    4603.73180686798     
   4813.40901154022      < Th <    4905.50697619930     
   80.7404726872907      < Ts <   80.8386050213786     
  1.127488644530413E+026 < Ne <  1.127566090708510E+026
  1.127488644530413E+026 < Nh <  1.127566090448398E+026
 CFL_Te=  1.534851567585189E-003 maxCFL_Ne=  1.423503727667155E-003 maxCFL_Ts=
  5.123461571210019E-004 CPU=   769.969299011629      NumThreads=           8 
 Elapsed time=  1.039002465457934E-002
 CFL_Limit=  1.000000000000000E-003
 dt_init=  1.000000000000000E-018 dt=  1.000000000000000E-018
 Time= -8.000000000396788E-015 Intensity=   886229158745769.     
   4572.59676729211      < Te <    4611.87066552265     
   4822.40653067408      < Th <    4912.87775564629     
   80.8131083179914      < Ts <   80.9208445177725     
  1.205853863545736E+026 < Ne <  1.205933633018326E+026
  1.205853863545736E+026 < Nh <  1.205933632747997E+026
 CFL_Te=  1.531520649025789E-003 maxCFL_Ne=  1.434656910143342E-003 maxCFL_Ts=
  5.125497227681867E-004 CPU=   769.641102083395      NumThreads=           8 
 Elapsed time=  1.039445525757947E-002
 CFL_Limit=  1.000000000000000E-003
 dt_init=  1.000000000000000E-018 dt=  1.000000000000000E-018
 Time= -7.000000000396969E-015 Intensity=   909479211697423.     
   4583.19679468599      < Te <    4635.74180476168     
   4831.97859357370      < Th <    4938.08517270971     
   80.8901656299562      < Ts <   81.0082982211123     
  1.286417465807799E+026 < Ne <  1.286499343841895E+026
  1.286417465807799E+026 < Nh <  1.286499343565140E+026
 CFL_Te=  1.529236531619563E-003 maxCFL_Ne=  1.447025030156408E-003 maxCFL_Ts=
  5.127669909661998E-004 CPU=   769.616462494860      NumThreads=           8 
 Elapsed time=  1.039478804035254E-002
 CFL_Limit=  1.000000000000000E-003
 dt_init=  1.000000000000000E-018 dt=  1.000000000000000E-018
 Time= -6.000000000397150E-015 Intensity=   930107822811064.     
   4608.76365794687      < Te <    4646.49175900904     
   4858.91041646329      < Th <    4948.64895918453     
   80.9720337683589      < Ts <   81.1009879846901     
  1.368953841750567E+026 < Ne <  1.369037592757216E+026
  1.368953841750567E+026 < Nh <  1.369037592480753E+026
 CFL_Te=  1.537766628130799E-003 maxCFL_Ne=  1.455093507818072E-003 maxCFL_Ts=
  5.129958955188994E-004 CPU=   769.683325216373      NumThreads=           8 
 Elapsed time=  1.039388504064454E-002
 CFL_Limit=  1.000000000000000E-003
 dt_init=  1.000000000000000E-018 dt=  1.000000000000000E-018
 Time= -5.000000000397331E-015 Intensity=   947911359388387.     
   4621.58857827085      < Te <    4659.39017132285     
   4868.57666860555      < Th <    4957.76563243880     
   81.0592848901717      < Ts <   81.1995109697995     
  1.453217976171715E+026 < Ne <  1.453303348337737E+026
  1.453217976171715E+026 < Nh <  1.453303348066897E+026
 CFL_Te=  1.536298378869320E-003 maxCFL_Ne=  1.468904311044927E-003 maxCFL_Ts=
  5.132394833994125E-004 CPU=   769.496263498370      NumThreads=           8 
 Elapsed time=  1.039641175595772E-002
 CFL_Limit=  1.000000000000000E-003
 dt_init=  1.000000000000000E-018 dt=  1.000000000000000E-018
 Time= -4.000000000397512E-015 Intensity=   962711610070073.     
   4648.06199322008      < Te <    4685.52382303466     
   4896.44202797901      < Th <    4983.28428943838     
   81.1512537039157      < Ts <   81.3041004556524     
  1.538947582453404E+026 < Ne <  1.539034304450212E+026
  1.538947582453404E+026 < Nh <  1.539034304191798E+026
 CFL_Te=  1.545099013035635E-003 maxCFL_Ne=  1.477317939453092E-003 maxCFL_Ts=
  5.134936805806402E-004 CPU=   769.556559400530      NumThreads=           8 
 Elapsed time=  1.039559718161827E-002
 CFL_Limit=  1.000000000000000E-003
 dt_init=  1.000000000000000E-018 dt=  1.000000000000000E-018
 Time= -3.000000000397693E-015 Intensity=   974358752858042.     
   4663.05560666885      < Te <    4699.85352474522     
   4905.41702058878      < Th <    4993.68138261575     
   81.2483218750057      < Ts <   81.4145243876101     
  1.625865527495318E+026 < Ne <  1.625953318336490E+026
  1.625865527495318E+026 < Nh <  1.625953318101385E+026
 CFL_Te=  1.544758960736320E-003 maxCFL_Ne=  1.492596597579626E-003 maxCFL_Ts=
  5.137603492908711E-004 CPU=   769.423621839103      NumThreads=           8 
 Elapsed time=  1.039739328626034E-002
 CFL_Limit=  1.000000000000000E-003
 dt_init=  1.000000000000000E-018 dt=  1.000000000000000E-018
 Time= -2.000000000397874E-015 Intensity=   982733878060385.     
   4690.03774490645      < Te <    4726.33229850744     
   4933.77525921956      < Th <    5021.54302125502     
   81.3504976264229      < Ts <   81.5304963526718     
  1.713682523769139E+026 < Ne <  1.713771088253559E+026
  1.713682523769139E+026 < Nh <  1.713771088047134E+026
 CFL_Te=  1.553698742140597E-003 maxCFL_Ne=  1.501233036677378E-003 maxCFL_Ts=
  5.140388199024505E-004 CPU=   769.471540827213      NumThreads=           8 
 Elapsed time=  1.039674578659488E-002
 CFL_Limit=  1.000000000000000E-003
 dt_init=  1.000000000000000E-018 dt=  1.000000000000000E-018
 Time= -1.000000000397902E-015 Intensity=   987751006861456.     
   4707.01494030818      < Te <    4742.52794727617     
   4943.95802084415      < Th <    5050.40160547801     
   81.4577625729540      < Ts <   81.6519688873217     
  1.802099994751316E+026 < Ne <  1.802189034416257E+026
  1.802099994751316E+026 < Nh <  1.802189034253664E+026
 CFL_Te=  1.554610214855367E-003 maxCFL_Ne=  1.517971637121001E-003 maxCFL_Ts=
  5.143296165203102E-004 CPU=   769.440668167693      NumThreads=           8 
 Elapsed time=  1.039716294051729E-002
 CFL_Limit=  1.000000000000000E-003
 dt_init=  1.000000000000000E-018 dt=  1.000000000000000E-018
 Time= -3.978898472655851E-025 Intensity=   989358557592364.     
   4734.07459951547      < Te <    4769.18705886081     
   4972.34605456087      < Th <    5060.07809323247     
   81.5702576910890      < Ts <   81.7787625705036     
  1.890813146140213E+026 < Ne <  1.890902353124986E+026
  1.890813146140213E+026 < Nh <  1.890902353013327E+026
 CFL_Te=  1.563548305746881E-003 maxCFL_Ne=  1.526685575969080E-003 maxCFL_Ts=
  5.146320802647191E-004 CPU=   769.289714500615      NumThreads=           8 
 Elapsed time=  1.039920312101561E-002
 CFL_Limit=  1.000000000000000E-003
 dt_init=  1.000000000000000E-018 dt=  1.000000000000000E-018
