 Hello from thread =           0
 Hello from thread =           1
OpenMP TEST
Number of Threads = 2
*******************************
 Pi =    3.14159265358979     
 Read PolarizationSource TM:                      0
 Read phiMie0:    270.000000000000      deg -> rad
 Importing data on Polarization.
 Loading GMSH mesh...
 MESH INFORMATIONS
 [GMSH] Quadrangles number
      120000
 [GMSH] Node number
      120704
 Latest running index while remeshing                  2604
 [Mesh] Building...
 
 [Mesh] Convergence (                   500 )=  1.081720079616934E-005
 [Mesh] Convergence (                  1000 )=  1.811262921339221E-006
 [Mesh] Convergence (                  1500 )=  2.579260365273512E-007
 [Mesh] Convergence (                  2000 )=  3.591470637911698E-008
 [Mesh] Convergence (                  2500 )=  4.985051651601679E-009
 [Mesh] Convergence (                  3000 )=  6.916293277754448E-010
 [Mesh] Convergence is reached. The show can go on.
 [Mesh) ITERATIONS=                  3490
 Vessel cells:                    51 *                    51 =
                  2601
 Matter cells:                    51 *                    51 =
                  2601
  -73.8000000000000       -74.2000000000000     
 Done.
 [Mesh] Calculation of normales and distances.
 NEEDLE CHECK
 North -3.766032663078631E-002  0.999290598273626     
 South -4.425498528455761E-002 -0.999020268201533     
 East  0.997763878544350       6.683743466154690E-002
 West -0.983550514119218      -0.180633291991876     
  1.008423591908063E-007  1.008040131466220E-007  6.226196335372929E-009
  6.051711821471932E-009
 VESSEL CHECK
 North -3.766032663078620E-002  0.999290598273619     
 South -4.425498528455753E-002 -0.999020268201532     
 East  0.997763878550900       6.683743466200739E-002
 West -0.983550514120851      -0.180633291992154     
  1.008423591908069E-007  1.008040131466208E-007  6.226196335372337E-009
  6.051711821474587E-009
 epsilon(   515.000000000000      nm)= (17.8254000000000,0.506690000000000)
 Re(sqrt(epsilon))=   4.22244004813930     
 [Poisson eq.] Filling matrix
 Starting time loop.
 Time= -1.990000000000033E-013 Intensity=  1.560808197333866E-015
   80.0000004771923      < Te <    80.0000004778535     
   80.0000004771923      < Th <    80.0000004778535     
   80.0000000000000      < Ts <   80.0000000000000     
   100000.000010074      < Ne <   100000.000010088     
   100000.000010074      < Nh <   100000.000010088     
 CFL_Te=  3.017299651248141E-005 maxCFL_Ne=  2.329135641854283E-005 maxCFL_Ts=
  5.102011094536748E-004 CPU=   735.281399699042      NumThreads=           2 
 Elapsed time=  2.720047047047047E-003
 CFL_Limit=  1.000000000000000E-003
 dt_init=  1.000000000000000E-018 dt=  1.000000000000000E-018
 Time= -1.980000000000067E-013 Intensity=  3.105441224724688E-015
   80.0000014274143      < Te <    80.0000014287279     
   80.0000014274143      < Th <    80.0000014287279     
   80.0000000000000      < Ts <   80.0000000000000     
   100000.000030177      < Ne <   100000.000030205     
   100000.000030177      < Nh <   100000.000030205     
 CFL_Te=  3.017299687086950E-005 maxCFL_Ne=  2.329135669519234E-005 maxCFL_Ts=
  5.102011094536748E-004 CPU=   746.151803259291      NumThreads=           2 
 Elapsed time=  2.680419709854927E-003
 CFL_Limit=  1.000000000000000E-003
 dt_init=  1.000000000000000E-018 dt=  1.000000000000000E-018
 Time= -1.970000000000100E-013 Intensity=  6.157323060963920E-015
   80.0000033123723      < Te <    80.0000033149747     
   80.0000033123723      < Th <    80.0000033149747     
   80.0000000000000      < Ts <   80.0000000000000     
   100000.000070097      < Ne <   100000.000070152     
   100000.000070097      < Nh <   100000.000070152     
 CFL_Te=  3.017299758180487E-005 maxCFL_Ne=  2.329135724398268E-005 maxCFL_Ts=
  5.102011094536748E-004 CPU=   747.874051426254      NumThreads=           2 
 Elapsed time=  2.674247082360787E-003
 CFL_Limit=  1.000000000000000E-003
 dt_init=  1.000000000000000E-018 dt=  1.000000000000000E-018
 Time= -1.960000000000134E-013 Intensity=  1.216621304889952E-014
   80.0000070405513      < Te <    80.0000070456914     
   80.0000070405513      < Th <    80.0000070456914     
   80.0000000000000      < Ts <   80.0000000000000     
   100000.000149097      < Ne <   100000.000149206     
   100000.000149097      < Nh <   100000.000149206     
 CFL_Te=  3.017299898793401E-005 maxCFL_Ne=  2.329135832941200E-005 maxCFL_Ts=
  5.102011094536748E-004 CPU=   749.348817002329      NumThreads=           2 
 Elapsed time=  2.668983995999000E-003
 CFL_Limit=  1.000000000000000E-003
 dt_init=  1.000000000000000E-018 dt=  1.000000000000000E-018
 Time= -1.950000000000167E-013 Intensity=  2.395596909112202E-014
   80.0000143907402      < Te <    80.0000144008592     
   80.0000143907402      < Th <    80.0000144008592     
   80.0000000000000      < Ts <   80.0000000000000     
   100000.000304891      < Ne <   100000.000305106     
   100000.000304891      < Nh <   100000.000305106     
 CFL_Te=  3.017300176014928E-005 maxCFL_Ne=  2.329136046936035E-005 maxCFL_Ts=
  5.102011094536748E-004 CPU=   750.622972771786      NumThreads=           2 
 Elapsed time=  2.664453490698140E-003
 CFL_Limit=  1.000000000000000E-003
 dt_init=  1.000000000000000E-018 dt=  1.000000000000000E-018
 Time= -1.940000000000200E-013 Intensity=  4.700747468172524E-014
   80.0000288335292      < Te <    80.0000288533826     
   80.0000288335292      < Th <    80.0000288535639     
   80.0000000000000      < Ts <   80.0000000000000     
   100000.000611069      < Ne <   100000.000611490     
   100000.000611069      < Nh <   100000.000611490     
 CFL_Te=  3.017300720742703E-005 maxCFL_Ne=  2.329136467426216E-005 maxCFL_Ts=
  5.102011094536748E-004 CPU=   751.046209623520      NumThreads=           2 
 Elapsed time=  2.662951991998667E-003
 CFL_Limit=  1.000000000000000E-003
 dt_init=  1.000000000000000E-018 dt=  1.000000000000000E-018
 Time= -1.930000000000234E-013 Intensity=  9.192104385628073E-014
   80.0000571166093      < Te <    80.0000571554287     
   80.0000571166093      < Th <    80.0000571556094     
   80.0000000000000      < Ts <   80.0000000000000     
   100000.001210710      < Ne <   100000.001211533     
   100000.001210710      < Nh <   100000.001211533     
 CFL_Te=  3.017301787474292E-005 maxCFL_Ne=  2.329137290865334E-005 maxCFL_Ts=
  5.102011094536748E-004 CPU=   751.664059541158      NumThreads=           2 
 Elapsed time=  2.660763109015573E-003
 CFL_Limit=  1.000000000000000E-003
 dt_init=  1.000000000000000E-018 dt=  1.000000000000000E-018
 Time= -1.920000000000267E-013 Intensity=  1.791256685535073E-013
   80.0001123131088      < Te <    80.0001123887518     
   80.0001123131088      < Th <    80.0001123889316     
   80.0000000000000      < Ts <   80.0000000000000     
   100000.002381029      < Ne <   100000.002382633     
   100000.002381029      < Nh <   100000.002382633     
 CFL_Te=  3.017303869279016E-005 maxCFL_Ne=  2.329138897867005E-005 maxCFL_Ts=
  5.102011094536748E-004 CPU=   752.281661627395      NumThreads=           2 
 Elapsed time=  2.658578697337167E-003
 CFL_Limit=  1.000000000000000E-003
 dt_init=  1.000000000000000E-018 dt=  1.000000000000000E-018
 Time= -1.910000000000300E-013 Intensity=  3.478528381353071E-013
   80.0002196622561      < Te <    80.0002198091443     
   80.0002196622561      < Th <    80.0002198105184     
   80.0000000000000      < Ts <   80.0000000000000     
   100000.004657240      < Ne <   100000.004660355     
   100000.004657240      < Nh <   100000.004660355     
 CFL_Te=  3.017307918085799E-005 maxCFL_Ne=  2.329142023251049E-005 maxCFL_Ts=
  5.102011094536748E-004 CPU=   752.139646731734      NumThreads=           2 
 Elapsed time=  2.659080675630626E-003
 CFL_Limit=  1.000000000000000E-003
 dt_init=  1.000000000000000E-018 dt=  1.000000000000000E-018
 Time= -1.900000000000334E-013 Intensity=  6.731752308218254E-013
   80.0004277202368      < Te <    80.0004280044882     
   80.0004277202368      < Th <    80.0004280058558     
   80.0000000000000      < Ts <   80.0000000000000     
   100000.009069042      < Ne <   100000.009075070     
   100000.009069042      < Nh <   100000.009075070     
 CFL_Te=  3.017315765251660E-005 maxCFL_Ne=  2.329148080691742E-005 maxCFL_Ts=
  5.102011094536748E-004 CPU=   752.537613051391      NumThreads=           2 
 Elapsed time=  2.657674467446745E-003
 CFL_Limit=  1.000000000000000E-003
 dt_init=  1.000000000000000E-018 dt=  1.000000000000000E-018
 Time= -1.890000000000367E-013 Intensity=  1.298241700107108E-012
   80.0008295731229      < Te <    80.0008301212920     
   80.0008295731229      < Th <    80.0008301226537     
   80.0000000000000      < Ts <   80.0000000000000     
   100000.017590517      < Ne <   100000.017602142     
   100000.017590517      < Nh <   100000.017602142     
 CFL_Te=  3.017330921633736E-005 maxCFL_Ne=  2.329159780315173E-005 maxCFL_Ts=
  5.102011094536748E-004 CPU=   753.036020919052      NumThreads=           2 
 Elapsed time=  2.655915446858805E-003
 CFL_Limit=  1.000000000000000E-003
 dt_init=  1.000000000000000E-018 dt=  1.000000000000000E-018
 Time= -1.880000000000400E-013 Intensity=  2.495041832982707E-012
   80.0016030472941      < Te <    80.0016041007629     
   80.0016030472941      < Th <    80.0016041021185     
   80.0000000000000      < Ts <   80.0000000000000     
   100000.033992970      < Ne <   100000.034015311     
   100000.033992970      < Nh <   100000.034015311     
 CFL_Te=  3.017360094175397E-005 maxCFL_Ne=  2.329182299393289E-005 maxCFL_Ts=
  5.102011094536748E-004 CPU=   753.049784159514      NumThreads=           2 
 Elapsed time=  2.655866905575465E-003
 CFL_Limit=  1.000000000000000E-003
 dt_init=  1.000000000000000E-018 dt=  1.000000000000000E-018
 Time= -1.870000000000434E-013 Intensity=  4.778537059130534E-012
   80.0030866582960      < Te <    80.0030886758433     
   80.0030866582960      < Th <    80.0030886771928     
   80.0000000000000      < Ts <   80.0000000000000     
   100000.065455825      < Ne <   100000.065498612     
   100000.065455825      < Nh <   100000.065498612     
 CFL_Te=  3.017416050412047E-005 maxCFL_Ne=  2.329225493533821E-005 maxCFL_Ts=
  5.102011094536748E-004 CPU=   753.047753533536      NumThreads=           2 
 Elapsed time=  2.655874067235942E-003
 CFL_Limit=  1.000000000000000E-003
 dt_init=  1.000000000000000E-018 dt=  1.000000000000000E-018
 Time= -1.860000000000467E-013 Intensity=  9.120254035482025E-012
   80.0059225487846      < Te <    80.0059263993136     
   80.0059225487846      < Th <    80.0059264006575     
   80.0000000000000      < Ts <   80.0000000000000     
   100000.125598495      < Ne <   100000.125680157     
   100000.125598495      < Nh <   100000.125680157     
 CFL_Te=  3.017523009553685E-005 maxCFL_Ne=  2.329308058203496E-005 maxCFL_Ts=
  5.102011094536748E-004 CPU=   753.189946929136      NumThreads=           2 
 Elapsed time=  2.655372669476391E-003
 CFL_Limit=  1.000000000000000E-003
 dt_init=  1.000000000000000E-018 dt=  1.000000000000000E-018
 Time= -1.850000000000501E-013 Intensity=  1.734657596048508E-011
   80.0113245385380      < Te <    80.0113318619150     
   80.0113245385380      < Th <    80.0113318632531     
   80.0000000000000      < Ts <   80.0000000000000     
   100000.240166294      < Ne <   100000.240321614     
   100000.240166294      < Nh <   100000.240321614     
 CFL_Te=  3.017726752324958E-005 maxCFL_Ne=  2.329465332788453E-005 maxCFL_Ts=
  5.102011094536748E-004 CPU=   753.100161493013      NumThreads=           2 
 Elapsed time=  2.655689245949730E-003
 CFL_Limit=  1.000000000000000E-003
 dt_init=  1.000000000000000E-018 dt=  1.000000000000000E-018
 Time= -1.840000000000534E-013 Intensity=  3.287876068756104E-011
   80.0215789929777      < Te <    80.0215928731939     
   80.0215789929777      < Th <    80.0215928745261     
   80.0000000000000      < Ts <   80.0000000000000     
   100000.457655500      < Ne <   100000.457949894     
   100000.457655500      < Nh <   100000.457949894     
 CFL_Te=  3.018113511845211E-005 maxCFL_Ne=  2.329763882978214E-005 maxCFL_Ts=
  5.102011094536748E-004 CPU=   753.195856768408      NumThreads=           2 
 Elapsed time=  2.655351834489656E-003
 CFL_Limit=  1.000000000000000E-003
 dt_init=  1.000000000000000E-018 dt=  1.000000000000000E-018
 Time= -1.830000000000567E-013 Intensity=  6.210291219805711E-011
   80.0409773625022      < Te <    80.0410035789654     
   80.0409773625022      < Th <    80.0410035802915     
   80.0000000000000      < Ts <   80.0000000000000     
   100000.869097027      < Ne <   100000.869653092     
   100000.869097027      < Nh <   100000.869653092     
 CFL_Te=  3.018845145510860E-005 maxCFL_Ne=  2.330328650898011E-005 maxCFL_Ts=
  5.102011094536748E-004 CPU=   753.147416522488      NumThreads=           2 
 Elapsed time=  2.655522618977587E-003
 CFL_Limit=  1.000000000000000E-003
 dt_init=  1.000000000000000E-018 dt=  1.000000000000000E-018
 Time= -1.820000000000601E-013 Intensity=  1.168969938842701E-010
   80.0775461539646      < Te <    80.0775954990055     
   80.0775461539646      < Th <    80.0775959942634     
   80.0000000000000      < Ts <   80.0000000000000     
   100001.644761343      < Ne <   100001.645808031     
   100001.644761343      < Nh <   100001.645808031     
 CFL_Te=  3.020224383024209E-005 maxCFL_Ne=  2.331393321836344E-005 maxCFL_Ts=
  5.102011094536748E-004 CPU=   752.973757929542      NumThreads=           2 
 Elapsed time=  2.656135063059059E-003
 CFL_Limit=  1.000000000000000E-003
 dt_init=  1.000000000000000E-018 dt=  1.000000000000000E-018
 Time= -1.810000000000634E-013 Intensity=  2.192752273564716E-010
   80.1462445460000      < Te <    80.1463371013870     
   80.1462445460000      < Th <    80.1463388736453     
   80.0000000000000      < Ts <   80.0000000000000     
   100003.102013743      < Ne <   100003.103977118     
   100003.102013743      < Nh <   100003.103977118     
 CFL_Te=  3.022815428437876E-005 maxCFL_Ne=  2.333393420242261E-005 maxCFL_Ts=
  5.102011094536748E-004 CPU=   752.984591697583      NumThreads=           2 
 Elapsed time=  2.656096847202484E-003
 CFL_Limit=  1.000000000000000E-003
 dt_init=  1.000000000000000E-018 dt=  1.000000000000000E-018
 Time= -1.800000000000667E-013 Intensity=  4.098931371387976E-010
   80.2748528994295      < Te <    80.2750258984084     
   80.2748528994295      < Th <    80.2750276628177     
   80.0000000000000      < Ts <   80.0000000000000     
   100005.830306826      < Ne <   100005.833976979     
   100005.830306826      < Nh <   100005.833976979     
 CFL_Te=  3.027666052658321E-005 maxCFL_Ne=  2.337137748967586E-005 maxCFL_Ts=
  5.102011094536748E-004 CPU=   753.135956028218      NumThreads=           2 
 Elapsed time=  2.655563028151408E-003
 CFL_Limit=  1.000000000000000E-003
 dt_init=  1.000000000000000E-018 dt=  1.000000000000000E-018
 Time= -1.790000000000701E-013 Intensity=  7.635659860009758E-010
   80.5147754825009      < Te <    80.5150977077397     
   80.5147754825009      < Th <    80.5150994642924     
   80.0000000000000      < Ts <   80.0000000000000     
   100010.920597008      < Ne <   100010.927433922     
   100010.920597008      < Nh <   100010.927433922     
 CFL_Te=  3.036715031682194E-005 maxCFL_Ne=  2.344122901919887E-005 maxCFL_Ts=
  5.102011094536748E-004 CPU=   753.079452661610      NumThreads=           2 
 Elapsed time=  2.655762274394019E-003
 CFL_Limit=  1.000000000000000E-003
 dt_init=  1.000000000000000E-018 dt=  1.000000000000000E-018
 Time= -1.780000000000734E-013 Intensity=  1.417481341681680E-009
   80.9607796898452      < Te <    80.9613777326583     
   80.9607796898452      < Th <    80.9613794813113     
   80.0000000000000      < Ts <   80.0000000000000     
   100020.384915271      < Ne <   100020.397607297     
   100020.384915271      < Nh <   100020.397607297     
 CFL_Te=  3.053536635822793E-005 maxCFL_Ne=  2.357107955539214E-005 maxCFL_Ts=
  5.102011094536748E-004 CPU=   753.112352593380      NumThreads=           2 
 Elapsed time=  2.655646256648029E-003
 CFL_Limit=  1.000000000000000E-003
 dt_init=  1.000000000000000E-018 dt=  1.000000000000000E-018
 Time= -1.770000000000767E-013 Intensity=  2.622303641321438E-009
   81.7869087278791      < Te <    81.7880146629082     
   81.7869087278791      < Th <    81.7880299164828     
   80.0000000000000      < Ts <   80.0000000000000     
   100037.920950449      < Ne <   100037.944430367     
   100037.920950449      < Nh <   100037.944430367     
 CFL_Te=  3.084695121366255E-005 maxCFL_Ne=  2.381160037736439E-005 maxCFL_Ts=
  5.102011094536748E-004 CPU=   753.259709366668      NumThreads=           2 
 Elapsed time=  2.655126744641071E-003
 CFL_Limit=  1.000000000000000E-003
 dt_init=  1.000000000000000E-018 dt=  1.000000000000000E-018
 Time= -1.760000000000801E-013 Intensity=  4.834409727130662E-009
   83.3114968398126      < Te <    83.3135343174002     
   83.3114968398126      < Th <    83.3135494988150     
   80.0000000000000      < Ts <   80.0000000000000     
   100070.300347433      < Ne <   100070.343634388     
   100070.300347433      < Nh <   100070.343634388     
 CFL_Te=  3.142196860753691E-005 maxCFL_Ne=  2.425547193854821E-005 maxCFL_Ts=
  5.102011094536748E-004 CPU=   753.161649362815      NumThreads=           2 
 Elapsed time=  2.655472436351515E-003
 CFL_Limit=  1.000000000000000E-003
 dt_init=  1.000000000000000E-018 dt=  1.000000000000000E-018
 Time= -1.750000000000834E-013 Intensity=  8.881754856682622E-009
   86.1141542515284      < Te <    86.1178929023222     
   86.1141542515284      < Th <    86.1179646304623     
   80.0000000000000      < Ts <   80.0000000000000     
   100129.880468515      < Ne <   100129.959995106     
   100129.880468515      < Nh <   100129.959995106     
 CFL_Te=  3.247902575509891E-005 maxCFL_Ne=  2.507144309237280E-005 maxCFL_Ts=
  5.102011094536748E-004 CPU=   753.226215761392      NumThreads=           2 
 Elapsed time=  2.655244809792391E-003
 CFL_Limit=  1.000000000000000E-003
 dt_init=  1.000000000000000E-018 dt=  1.000000000000000E-018
 Time= -1.740000000000868E-013 Intensity=  1.626106400450773E-008
   91.2445365392578      < Te <    91.2513662377266     
   91.2445365392578      < Th <    91.2514375705224     
   80.0000000000000      < Ts <   80.0000000000000     
   100239.132440150      < Ne <   100239.278040542     
   100239.132440150      < Nh <   100239.278040542     
 CFL_Te=  3.441401332949885E-005 maxCFL_Ne=  2.656511261379928E-005 maxCFL_Ts=
  5.102011094536748E-004 CPU=   753.206661697050      NumThreads=           2 
 Elapsed time=  2.655313742836263E-003
 CFL_Limit=  1.000000000000000E-003
 dt_init=  1.000000000000000E-018 dt=  1.000000000000000E-018
 Time= -1.730000000000901E-013 Intensity=  2.966839047968111E-008
   100.590396310925      < Te <    100.602807174859     
   100.590396310925      < Th <    100.602878049214     
   80.0000000000000      < Ts <   80.0000000000000     
   100438.774692973      < Ne <   100439.040341597     
   100438.774692973      < Nh <   100439.040341597     
 CFL_Te=  3.793892073718131E-005 maxCFL_Ne=  2.928608448481423E-005 maxCFL_Ts=
  5.102011094536748E-004 CPU=   753.103322503911      NumThreads=           2 
 Elapsed time=  2.655678099188858E-003
 CFL_Limit=  1.000000000000000E-003
 dt_init=  1.000000000000000E-018 dt=  1.000000000000000E-018
 Time= -1.720000000000934E-013 Intensity=  5.394284693830016E-008
   117.513847165894      < Te <    117.536249197223     
   117.513847165894      < Th <    117.536319499116     
   80.0000000000000      < Ts <   80.0000000000000     
   100802.330358980      < Ne <   100802.813359332     
   100802.330358980      < Nh <   100802.813359332     
 CFL_Te=  4.432181099443447E-005 maxCFL_Ne=  3.421321102660899E-005 maxCFL_Ts=
  5.102011094536748E-004 CPU=   753.024169025969      NumThreads=           2 
 Elapsed time=  2.655957248473159E-003
 CFL_Limit=  1.000000000000000E-003
 dt_init=  1.000000000000000E-018 dt=  1.000000000000000E-018
 Time= -1.710000000000968E-013 Intensity=  9.773915737714293E-008
   147.914690497261      < Te <    147.954753173813     
   147.914690497261      < Th <    147.954822700317     
   80.0000000000000      < Ts <   80.0000000000000     
   101462.088336280      < Ne <   101462.963485631     
   101462.088336280      < Nh <   101462.963485631     
 CFL_Te=  5.578786767371357E-005 maxCFL_Ne=  4.306417194200334E-005 maxCFL_Ts=
  5.102011094536748E-004 CPU=   752.975015998674      NumThreads=           2 
 Elapsed time=  2.656130625193972E-003
 CFL_Limit=  1.000000000000000E-003
 dt_init=  1.000000000000000E-018 dt=  1.000000000000000E-018
 Time= -1.700000000001001E-013 Intensity=  1.764810860648570E-007
   201.899448425070      < Te <    201.970112733338     
   201.899448425070      < Th <    201.973211441516     
   80.0000000000000      < Ts <   80.0000000000000     
   102655.234529025      < Ne <   102656.814727913     
   102655.234529025      < Nh <   102656.814727913     
 CFL_Te=  7.614889146079881E-005 maxCFL_Ne=  5.878139982406862E-005 maxCFL_Ts=
  5.102011094536748E-004 CPU=   752.836843386912      NumThreads=           2 
 Elapsed time=  2.656618120604020E-003
 CFL_Limit=  1.000000000000000E-003
 dt_init=  1.000000000000000E-018 dt=  1.000000000000000E-018
 Time= -1.690000000001034E-013 Intensity=  3.175576613512355E-007
   296.085173074796      < Te <    296.207157716903     
   296.085173074796      < Th <    296.210177972829     
   80.0000000000000      < Ts <   80.0000000000000     
   104805.529041717      < Ne <   104808.372430064     
   104805.529041717      < Nh <   104808.372430064     
 CFL_Te=  1.116722105161770E-004 maxCFL_Ne=  8.620281568994621E-005 maxCFL_Ts=
  5.102011094536748E-004 CPU=   752.624662883076      NumThreads=           2 
 Elapsed time=  2.657367076357302E-003
 CFL_Limit=  1.000000000000000E-003
 dt_init=  1.000000000000000E-018 dt=  1.000000000000000E-018
 Time= -1.680000000001068E-013 Intensity=  5.694320037504541E-007
   455.879563155227      < Te <    456.083025380395     
   455.879563155227      < Th <    456.098305798265     
   80.0000000000000      < Ts <   80.0000000000000     
   108667.397801465      < Ne <   108672.496454468     
   108667.397801465      < Nh <   108672.496454468     
 CFL_Te=  1.719406548393182E-004 maxCFL_Ne=  1.327256665755292E-004 maxCFL_Ts=
  5.102011094536748E-004 CPU=   752.590270291247      NumThreads=           2 
 Elapsed time=  2.657488515266102E-003
 CFL_Limit=  1.000000000000000E-003
 dt_init=  1.000000000000000E-018 dt=  1.000000000000000E-018
 Time= -1.670000000001101E-013 Intensity=  1.017550563976508E-006
   715.216050913485      < Te <    715.537439489408     
   715.216050913485      < Th <    715.551721279756     
   80.0000000000000      < Ts <   80.0000000000000     
   115579.216730968      < Ne <   115588.327805169     
   115579.216730968      < Nh <   115588.327805169     
 CFL_Te=  2.697526410144930E-004 maxCFL_Ne=  2.082293982340400E-004 maxCFL_Ts=
  5.102011094536748E-004 CPU=   752.438318909281      NumThreads=           2 
 Elapsed time=  2.658025182581290E-003
 CFL_Limit=  1.000000000000000E-003
 dt_init=  1.000000000000000E-018 dt=  1.000000000000000E-018
 Time= -1.660000000001134E-013 Intensity=  1.812028301742214E-006
   1108.19778687023      < Te <    1108.66510118914     
   1108.19778687023      < Th <    1108.67791766638     
   80.0000000000000      < Ts <   80.0000000000000     
   127906.928487481      < Ne <   127923.153257922     
   127906.928487481      < Nh <   127923.153257922     
 CFL_Te=  4.179705969865323E-004 maxCFL_Ne=  3.226428685284014E-004 maxCFL_Ts=
  5.102011094536748E-004 CPU=   752.393403382703      NumThreads=           2 
 Elapsed time=  2.658183858348775E-003
 CFL_Limit=  1.000000000000000E-003
 dt_init=  1.000000000000000E-018 dt=  1.000000000000000E-018
 Time= -1.650000000001168E-013 Intensity=  3.215650229074063E-006
   1647.08522860360      < Te <    1647.68969753641     
   1647.08522860360      < Th <    1647.70054889527     
   80.0000000000000      < Ts <   80.0000000000000     
   149818.214500975      < Ne <   149847.007200725     
   149818.214500975      < Nh <   149847.007200725     
 CFL_Te=  6.212187070246904E-004 maxCFL_Ne=  4.795356110286598E-004 maxCFL_Ts=
  5.102011094536748E-004 CPU=   752.455760598801      NumThreads=           2 
 Elapsed time=  2.657963570387725E-003
 CFL_Limit=  1.000000000000000E-003
 dt_init=  1.000000000000000E-018 dt=  1.000000000000000E-018
 Time= -1.640000000001201E-013 Intensity=  5.686793797512061E-006
   2294.37455819415      < Te <    2295.04891185563     
   2294.37455819415      < Th <    2295.05744369570     
   80.0000000000000      < Ts <   80.0000000000000     
   188628.652609993      < Ne <   188679.571751638     
   188628.652609993      < Nh <   188679.571751638     
 CFL_Te=  8.653519391222347E-004 maxCFL_Ne=  6.679886909222192E-004 maxCFL_Ts=
  5.102011094536748E-004 CPU=   752.401853610176      NumThreads=           2 
 Elapsed time=  2.658154004277896E-003
 CFL_Limit=  1.000000000000000E-003
 dt_init=  1.000000000000000E-018 dt=  1.000000000000000E-018
 Time= -1.630000000001235E-013 Intensity=  1.002215253558967E-005
   2960.12330315565      < Te <    2960.76284345005     
   2960.12330315565      < Th <    2960.76902685505     
   80.0000000000000      < Ts <   80.0000000000000     
   257134.007541321      < Ne <   257223.745180818     
   257134.007541321      < Nh <   257223.745180818     
 CFL_Te=  1.116447369623381E-003 maxCFL_Ne=  8.618160810672580E-004 maxCFL_Ts=
  5.102011094536748E-004 CPU=   752.337565827758      NumThreads=           2 
 Elapsed time=  2.658381145436363E-003
 CFL_Limit=  1.000000000000000E-003
 dt_init=  1.000000000000000E-018 dt=  1.000000000000000E-018
 Time= -1.620000000001268E-013 Intensity=  1.760148807143688E-005
   3545.08479608467      < Te <    3545.60550294304     
   3545.08479608467      < Th <    3545.60965476397     
   80.0000000000000      < Ts <   80.0000000000000     
   377636.439548080      < Ne <   377794.042045722     
   377636.439548080      < Nh <   377794.042045722     
 CFL_Te=  1.337072881883410E-003 maxCFL_Ne=  1.032122912838052E-003 maxCFL_Ts=
  5.102011094536748E-004 CPU=   752.198744689783      NumThreads=           2 
 Elapsed time=  2.658871759783152E-003
 CFL_Limit=  1.000000000000000E-003
 dt_init=  1.000000000000000E-018 dt=  1.000000000000000E-018
 Time= -1.610000000001301E-013 Intensity=  3.080580861387861E-005
   3992.80612160870      < Te <    3993.18084358156     
   3992.80612160870      < Th <    3995.00210987046     
   80.0000000000000      < Ts <   80.0000000000000     
   588869.749484113      < Ne <   589145.582602720     
   588869.749484113      < Nh <   589145.582602720     
 CFL_Te=  1.505936555796155E-003 maxCFL_Ne=  1.162473374172557E-003 maxCFL_Ts=
  5.102011094536748E-004 CPU=   751.820676840257      NumThreads=           2 
 Elapsed time=  2.660208825867330E-003
 CFL_Limit=  1.000000000000000E-003
 dt_init=  1.000000000000000E-018 dt=  1.000000000000000E-018
 Time= -1.600000000001335E-013 Intensity=  5.372923910690367E-005
   4301.09011975485      < Te <    4301.33704709787     
   4301.09011975485      < Th <    4302.43803099246     
   80.0000000000000      < Ts <   80.0000000000000     
   957867.968133179      < Ne <   958349.056171937     
   957867.968133179      < Nh <   958349.056171937     
 CFL_Te=  1.622209705114069E-003 maxCFL_Ne=  1.252227779624124E-003 maxCFL_Ts=
  5.102011094536748E-004 CPU=   751.540438066963      NumThreads=           2 
 Elapsed time=  2.661200780019500E-003
 CFL_Limit=  1.000000000000000E-003
 dt_init=  1.000000000000000E-018 dt=  1.000000000000000E-018
 Time= -1.590000000001368E-013 Intensity=  9.338639650887173E-005
   4498.49788389463      < Te <    4498.65156804554     
   4498.49788389464      < Th <    4500.96433001494     
   80.0000000000000      < Ts <   80.0000000000000     
   1600232.26414848      < Ne <   1601068.43984019     
   1600232.26414848      < Nh <   1601068.43984019     
 CFL_Te=  1.696664501906534E-003 maxCFL_Ne=  1.309701461710890E-003 maxCFL_Ts=
  5.102011094536748E-004 CPU=   751.396991039831      NumThreads=           2 
 Elapsed time=  2.661708822166394E-003
 CFL_Limit=  1.000000000000000E-003
 dt_init=  1.000000000000000E-018 dt=  1.000000000000000E-018
 Time= -1.580000000001401E-013 Intensity=  1.617526464825109E-004
   4619.24705023830      < Te <    4619.33945546480     
   4619.24705023831      < Th <    4620.67851990764     
   80.0000000000000      < Ts <   80.0000000000000     
   2714613.46480080      < Ne <   2716061.78754077     
   2714613.46480080      < Nh <   2716061.78754077     
 CFL_Te=  1.742206553822039E-003 maxCFL_Ne=  1.344856609883097E-003 maxCFL_Ts=
  5.102011094536748E-004 CPU=   751.201356072358      NumThreads=           2 
 Elapsed time=  2.662402009571656E-003
 CFL_Limit=  1.000000000000000E-003
 dt_init=  1.000000000000000E-018 dt=  1.000000000000000E-018
 Time= -1.570000000001435E-013 Intensity=  2.791991054014986E-004
   4691.12653140612      < Te <    4691.18099895488     
   4691.12653140612      < Th <    4694.03770435125     
   80.0000000000000      < Ts <   80.0000000000000     
   4641168.51731424      < Ne <   4643668.44818094     
   4641168.51731423      < Nh <   4643668.44818094     
 CFL_Te=  1.769316795342771E-003 maxCFL_Ne=  1.365783742446514E-003 maxCFL_Ts=
  5.102011094536748E-004 CPU=   750.919120183139      NumThreads=           2 
 Elapsed time=  2.663402683783344E-003
 CFL_Limit=  1.000000000000000E-003
 dt_init=  1.000000000000000E-018 dt=  1.000000000000000E-018
 Time= -1.560000000001468E-013 Intensity=  4.802545629240912E-004
   4733.25823147325      < Te <    4733.28998043151     
   4733.25823147324      < Th <    4734.92516546702     
   80.0000000000000      < Ts <   80.0000000000000     
   7960299.10132209      < Ne <   7964599.26998881     
   7960299.10132209      < Nh <   7964599.26998881     
 CFL_Te=  1.785207290737866E-003 maxCFL_Ne=  1.378050047908130E-003 maxCFL_Ts=
  5.102011094536748E-004 CPU=   750.722902868479      NumThreads=           2 
 Elapsed time=  2.664098820427737E-003
 CFL_Limit=  1.000000000000000E-003
 dt_init=  1.000000000000000E-018 dt=  1.000000000000000E-018
 Time= -1.550000000001501E-013 Intensity=  8.232350018316378E-004
   4757.73684107280      < Te <    4757.75522506862     
   4757.73684107280      < Th <    4758.69082358548     
   80.0000000000000      < Ts <   80.0000000000000     
   13658825.0059179      < Ne <   13666196.1996772     
   13658825.0059179      < Nh <   13666196.1996772     
 CFL_Te=  1.794439703208766E-003 maxCFL_Ne=  1.385176798125789E-003 maxCFL_Ts=
  5.102011094536748E-004 CPU=   750.446127206264      NumThreads=           2 
 Elapsed time=  2.665081379586213E-003
 CFL_Limit=  1.000000000000000E-003
 dt_init=  1.000000000000000E-018 dt=  1.000000000000000E-018
 Time= -1.540000000001535E-013 Intensity=  1.406277423666162E-003
   4771.87769674552      < Te <    4771.88828716115     
   4771.87769674552      < Th <    4772.42427480416     
   80.0000000000000      < Ts <   80.0000000000000     
   23408631.3461357      < Ne <   23421223.0647876     
   23408631.3461357      < Nh <   23421223.0647876     
 CFL_Te=  1.799773103038160E-003 maxCFL_Ne=  1.389293794470437E-003 maxCFL_Ts=
  5.102011094536748E-004 CPU=   750.226828265668      NumThreads=           2 
 Elapsed time=  2.665860410008913E-003
 CFL_Limit=  1.000000000000000E-003
 dt_init=  1.000000000000000E-018 dt=  1.000000000000000E-018
 Time= -1.530000000001568E-013 Intensity=  2.393938736395840E-003
   4780.00198343831      < Te <    4780.00804533936     
   4780.00198343831      < Th <    4780.31578326341     
   80.0000000000000      < Ts <   80.0000000000000     
   40032217.8773097      < Ne <   40053653.0528154     
   40032217.8773097      < Nh <   40053653.0528154     
 CFL_Te=  1.802837278945481E-003 maxCFL_Ne=  1.391659115168931E-003 maxCFL_Ts=
  5.102011094536748E-004 CPU=   750.062094892518      NumThreads=           2 
 Elapsed time=  2.666445903104321E-003
 CFL_Limit=  1.000000000000000E-003
 dt_init=  1.000000000000000E-018 dt=  1.000000000000000E-018
 Time= -1.520000000001602E-013 Intensity=  4.061158219602303E-003
   4784.63179163936      < Te <    4784.63522356543     
   4784.63179163936      < Th <    4784.81240156257     
   80.0000000000000      < Ts <   80.0000000000000     
   68277683.9104500      < Ne <   68314047.2637323     
   68277683.9104500      < Nh <   68314047.2637323     
 CFL_Te=  1.804583468768862E-003 maxCFL_Ne=  1.393007046572892E-003 maxCFL_Ts=
  5.102011094536748E-004 CPU=   749.800621127468      NumThreads=           2 
 Elapsed time=  2.667375757828288E-003
 CFL_Limit=  1.000000000000000E-003
 dt_init=  1.000000000000000E-018 dt=  1.000000000000000E-018
 Time= -1.510000000001635E-013 Intensity=  6.865649637718419E-003
   4787.23116089666      < Te <    4787.23306339387     
   4787.23116089666      < Th <    4789.37294221754     
   80.0000000000000      < Ts <   80.0000000000000     
   116104122.150204      < Ne <   116165596.742380     
   116104122.150204      < Nh <   116165596.742380     
 CFL_Te=  1.805563853257205E-003 maxCFL_Ne=  1.393763832016318E-003 maxCFL_Ts=
  5.102011094536748E-004 CPU=   749.671149656486      NumThreads=           2 
 Elapsed time=  2.667836425233168E-003
 CFL_Limit=  1.000000000000000E-003
 dt_init=  1.000000000000000E-018 dt=  1.000000000000000E-018
 Time= -1.500000000001668E-013 Intensity=  1.156666652093452E-002
   4788.64847665439      < Te <    4788.64948744267     
   4788.64847665438      < Th <    4789.88855014455     
   80.0000000000000      < Ts <   80.0000000000000     
   196805808.834542      < Ne <   196909376.035027     
   196805808.834542      < Nh <   196909376.035027     
 CFL_Te=  1.806098411546702E-003 maxCFL_Ne=  1.394176472094742E-003 maxCFL_Ts=
  5.102011094536748E-004 CPU=   749.571176744743      NumThreads=           2 
 Elapsed time=  2.668192243844876E-003
 CFL_Limit=  1.000000000000000E-003
 dt_init=  1.000000000000000E-018 dt=  1.000000000000000E-018
 Time= -1.490000000001702E-013 Intensity=  1.941912432240791E-002
   4789.37555358481      < Te <    4789.37604262273     
   4789.37555358480      < Th <    4790.09593306608     
   80.0000000000000      < Ts <   80.0000000000000     
   332509750.667611      < Ne <   332683628.279841     
   332509750.667611      < Nh <   332683628.279841     
 CFL_Te=  1.806372637666142E-003 maxCFL_Ne=  1.394388154692607E-003 maxCFL_Ts=
  5.102011094536748E-004 CPU=   749.362397644640      NumThreads=           2 
 Elapsed time=  2.668935626188749E-003
 CFL_Limit=  1.000000000000000E-003
 dt_init=  1.000000000000000E-018 dt=  1.000000000000000E-018
 Time= -1.480000000001735E-013 Intensity=  3.248971634229540E-002
   4789.69795419889      < Te <    4789.69813654460     
   4789.69792666955      < Th <    4790.11783289254     
   80.0000000000000      < Ts <   80.0000000000000     
   559913485.388543      < Ne <   560204396.257880     
   559913485.388543      < Nh <   560204396.257880     
 CFL_Te=  1.806494235072967E-003 maxCFL_Ne=  1.394482019037197E-003 maxCFL_Ts=
  5.102011094536748E-004 CPU=   749.232655737342      NumThreads=           2 
 Elapsed time=  2.669397796111464E-003
 CFL_Limit=  1.000000000000000E-003
 dt_init=  1.000000000000000E-018 dt=  1.000000000000000E-018
 Time= -1.470000000001768E-013 Intensity=  5.416977693705801E-002
   4789.78186147516      < Te <    4789.78186245640     
   4789.78170706006      < Th <    4790.02739836230     
   80.0000000000000      < Ts <   80.0000000000000     
   939663677.221099      < Ne <   940148709.987821     
   939663677.221099      < Nh <   940148709.987821     
 CFL_Te=  1.806525881747206E-003 maxCFL_Ne=  1.394506447965522E-003 maxCFL_Ts=
  5.102011094536748E-004 CPU=   749.134159490774      NumThreads=           2 
 Elapsed time=  2.669748768844695E-003
 CFL_Limit=  1.000000000000000E-003
 dt_init=  1.000000000000000E-018 dt=  1.000000000000000E-018
 Time= -1.460000000001802E-013 Intensity=  9.000425155547633E-002
   4789.72413318524      < Te <    4789.72424033150     
   4789.72402293870      < Th <    4789.86828321070     
   80.0000000000000      < Ts <   80.0000000000000     
   1571629642.59681      < Ne <   1572435534.99499     
   1571629642.59681      < Nh <   1572435534.99499     
 CFL_Te=  1.806504149215252E-003 maxCFL_Ne=  1.394489672033194E-003 maxCFL_Ts=
  5.102011094536748E-004 CPU=   748.912716358043      NumThreads=           2 
 Elapsed time=  2.670538176632901E-003
 CFL_Limit=  1.000000000000000E-003
 dt_init=  1.000000000000000E-018 dt=  1.000000000000000E-018
 Time= -1.450000000001835E-013 Intensity=  0.149026620296781     
   4789.58165382477      < Te <    4789.58182618085     
   4789.58157774828      < Th <    4789.66657957462     
   80.0000000000000      < Ts <   80.0000000000000     
   2619686049.08483      < Ne <   2621020424.06341     
   2619686049.08483      < Nh <   2621020424.06341     
 CFL_Te=  1.806450435944686E-003 maxCFL_Ne=  1.394448209299167E-003 maxCFL_Ts=
  5.102011094536748E-004 CPU=   748.818332974552      NumThreads=           2 
 Elapsed time=  2.670874779541446E-003
 CFL_Limit=  1.000000000000000E-003
 dt_init=  1.000000000000000E-018 dt=  1.000000000000000E-018
 Time= -1.440000000001868E-013 Intensity=  0.245900566933201     
   4789.38769614374      < Te <    4789.38790849045     
   4789.38764463520      < Th <    4789.43790633250     
   80.0000000000000      < Ts <   80.0000000000000     
   4351777839.95345      < Ne <   4353979618.16819     
   4351777839.95345      < Nh <   4353979618.16819     
 CFL_Te=  1.806377297472670E-003 maxCFL_Ne=  1.394391751723969E-003 maxCFL_Ts=
  5.102011094536748E-004 CPU=   748.684944834705      NumThreads=           2 
 Elapsed time=  2.671350631261272E-003
 CFL_Limit=  1.000000000000000E-003
 dt_init=  1.000000000000000E-018 dt=  1.000000000000000E-018
 Time= -1.430000000001902E-013 Intensity=  0.404343119790425     
   4789.16183405520      < Te <    4789.16207153630     
   4789.16163187453      < Th <    4790.81976942301     
   80.0000000000000      < Ts <   80.0000000000000     
   7204453713.15490      < Ne <   7208074176.05056     
   7204453713.15490      < Nh <   7208074176.05056     
 CFL_Te=  1.806292120252803E-003 maxCFL_Ne=  1.394326001111965E-003 maxCFL_Ts=
  5.102011094536748E-004 CPU=   748.490270279785      NumThreads=           2 
 Elapsed time=  2.672045421849506E-003
 CFL_Limit=  1.000000000000000E-003
 dt_init=  1.000000000000000E-018 dt=  1.000000000000000E-018
 Time= -1.420000000001935E-013 Intensity=  0.662575595096888     
   4788.91560943463      < Te <    4788.91586328095     
   4788.91535574482      < Th <    4789.90193263813     
   80.0000000000000      < Ts <   80.0000000000000     
   11886430262.1156      < Ne <   11892362922.4158     
   11886430262.1156      < Nh <   11892362922.4158     
 CFL_Te=  1.806199259742983E-003 maxCFL_Ne=  1.394254319559537E-003 maxCFL_Ts=
  5.102011094536748E-004 CPU=   748.394945815981      NumThreads=           2 
 Elapsed time=  2.672385765271815E-003
 CFL_Limit=  1.000000000000000E-003
 dt_init=  1.000000000000000E-018 dt=  1.000000000000000E-018
 Time= -1.410000000001969E-013 Intensity=   1.08197110566200     
   4788.65583922809      < Te <    4788.65610425767     
   4788.65560863708      < Th <    4789.24468564093     
   80.0000000000000      < Ts <   80.0000000000000     
   19544182635.2930      < Ne <   19553870536.7454     
   19544182635.2930      < Nh <   19553870536.7454     
 CFL_Te=  1.806101288392273E-003 maxCFL_Ne=  1.394178692810058E-003 maxCFL_Ts=
  5.102011094536748E-004 CPU=   748.279125425959      NumThreads=           2 
 Elapsed time=  2.672799403379718E-003
 CFL_Limit=  1.000000000000000E-003
 dt_init=  1.000000000000000E-018 dt=  1.000000000000000E-018
 Time= -1.400000000002002E-013 Intensity=   1.76072179701996     
   4788.38655170721      < Te <    4788.38682485908     
   4788.38629126666      < Th <    4790.79766402420     
   80.0000000000000      < Ts <   80.0000000000000     
   32025737284.6974      < Ne <   32041502677.4033     
   32025737284.6974      < Nh <   32041502677.4033     
 CFL_Te=  1.805999726313448E-003 maxCFL_Ne=  1.394100294279917E-003 maxCFL_Ts=
  5.102011094536748E-004 CPU=   748.005962080889      NumThreads=           2 
 Elapsed time=  2.673775479591326E-003
 CFL_Limit=  1.000000000000000E-003
 dt_init=  1.000000000000000E-018 dt=  1.000000000000000E-018
 Time= -1.390000000002035E-013 Intensity=   2.85535866567550     
   4788.11012365652      < Te <    4788.11040312820     
   4788.10977101055      < Th <    4789.55929036509     
   80.0000000000000      < Ts <   80.0000000000000     
   52299358415.1148      < Ne <   52324925117.9775     
   52299358415.1148      < Nh <   52324925117.9775     
 CFL_Te=  1.805895470415047E-003 maxCFL_Ne=  1.394019816317200E-003 maxCFL_Ts=
  5.102011094536748E-004 CPU=   747.273717031274      NumThreads=           2 
 Elapsed time=  2.676395481893145E-003
 CFL_Limit=  1.000000000000000E-003
 dt_init=  1.000000000000000E-018 dt=  1.000000000000000E-018
 Time= -1.380000000002069E-013 Intensity=   4.61450845512207     
   4787.82795036730      < Te <    4787.82823510572     
   4787.82762013846      < Th <    4788.70202898607     
   80.0000000000000      < Ts <   80.0000000000000     
   85115630929.9101      < Ne <   85156948950.2406     
   85115630929.9101      < Nh <   85156948950.2406     
 CFL_Te=  1.805789047231206E-003 maxCFL_Ne=  1.393937665367922E-003 maxCFL_Ts=
  5.102011094536748E-004 CPU=   746.468282698239      NumThreads=           2 
 Elapsed time=  2.679283294891853E-003
 CFL_Limit=  1.000000000000000E-003
 dt_init=  1.000000000000000E-018 dt=  1.000000000000000E-018
 Time= -1.370000000002102E-013 Intensity=   7.43164701947838     
   4787.54084162693      < Te <    4787.54113102706     
   4787.54057107281      < Th <    4788.06991203272     
   80.0000000000000      < Ts <   80.0000000000000     
   138050574274.369      < Ne <   138117116777.849     
   138050574274.369      < Nh <   138117116777.849     
 CFL_Te=  1.805680762352297E-003 maxCFL_Ne=  1.393854077325604E-003 maxCFL_Ts=
  5.102011094536748E-004 CPU=   745.676323981313      NumThreads=           2 
 Elapsed time=  2.682128875061509E-003
 CFL_Limit=  1.000000000000000E-003
 dt_init=  1.000000000000000E-018 dt=  1.000000000000000E-018
 Time= -1.360000000002135E-013 Intensity=   11.9272288320214     
   4787.24925650262      < Te <    4787.24955022843     
   4787.24904952293      < Th <    4787.57062765108     
   80.0000000000000      < Ts <   80.0000000000000     
   223143006120.899      < Ne <   223249801784.094     
   223143006120.899      < Nh <   223249801784.094     
 CFL_Te=  1.805570789022701E-003 maxCFL_Ne=  1.393769185922290E-003 maxCFL_Ts=
  5.102011094536748E-004 CPU=   744.964817613758      NumThreads=           2 
 Elapsed time=  2.684690542039720E-003
 CFL_Limit=  1.000000000000000E-003
 dt_init=  1.000000000000000E-018 dt=  1.000000000000000E-018
 Time= -1.350000000002169E-013 Intensity=   19.0760687668457     
   4786.95344298256      < Te <    4786.95374086041     
   4786.95329100198      < Th <    4787.14934115188     
   80.0000000000000      < Ts <   80.0000000000000     
   359455197066.724      < Ne <   359626002998.214     
   359455197066.724      < Nh <   359626002998.214     
 CFL_Te=  1.805459220835498E-003 maxCFL_Ne=  1.393683063405024E-003 maxCFL_Ts=
  5.102011094536748E-004 CPU=   744.288268288857      NumThreads=           2 
 Elapsed time=  2.687130894321451E-003
 CFL_Limit=  1.000000000000000E-003
 dt_init=  1.000000000000000E-018 dt=  1.000000000000000E-018
 Time= -1.340000000002202E-013 Intensity=   30.4041633476423     
   4786.65352128615      < Te <    4786.65382324105     
   4786.65341263786      < Th <    4786.77335626019     
   80.0000000000000      < Ts <   80.0000000000000     
   577062637671.659      < Ne <   577334874658.518     
   577062637671.659      < Nh <   577334874658.518     
 CFL_Te=  1.805346103170135E-003 maxCFL_Ne=  1.393595744803435E-003 maxCFL_Ts=
  5.102011094536748E-004 CPU=   743.704783085269      NumThreads=           2 
 Elapsed time=  2.689239124835225E-003
 CFL_Limit=  1.000000000000000E-003
 dt_init=  1.000000000000000E-018 dt=  1.000000000000000E-018
 Time= -1.330000000002235E-013 Intensity=   48.2916545115885     
   4786.34953371653      < Te <    4786.34983973395     
   4786.34939458300      < Th <    4788.42954461705     
   80.0000000000000      < Ts <   80.0000000000000     
   923247492271.125      < Ne <   923679892744.313     
   923247492271.124      < Nh <   923679892744.313     
 CFL_Te=  1.805231452004576E-003 maxCFL_Ne=  1.393507242451350E-003 maxCFL_Ts=
  5.102011094536748E-004 CPU=   743.117359187238      NumThreads=           2 
 Elapsed time=  2.691364930819863E-003
 CFL_Limit=  1.000000000000000E-003
 dt_init=  1.000000000000000E-018 dt=  1.000000000000000E-018
 Time= -1.320000000002269E-013 Intensity=   76.4374099536951     
   4786.04147457685      < Te <    4786.04178467976     
   4786.04121540819      < Th <    4787.32185903021     
   80.0000000000000      < Ts <   80.0000000000000     
   1472077269933.12      < Ne <   1472761685756.76     
   1472077269933.11      < Nh <   1472761685756.76     
 CFL_Te=  1.805115265204320E-003 maxCFL_Ne=  1.393417554701087E-003 maxCFL_Ts=
  5.102011094536748E-004 CPU=   742.516979906884      NumThreads=           2 
 Elapsed time=  2.693541096192591E-003
 CFL_Limit=  1.000000000000000E-003
 dt_init=  1.000000000000000E-018 dt=  1.000000000000000E-018
 Time= -1.310000000002302E-013 Intensity=   120.568731186450     
   4785.72930816984      < Te <    4785.72962240487     
   4785.72900744449      < Th <    4788.60650588792     
   80.0000000000000      < Ts <   80.0000000000000     
   2339164019876.72      < Ne <   2340243584819.86     
   2339164019876.72      < Nh <   2340243584819.86     
 CFL_Te=  1.804997529314629E-003 maxCFL_Ne=  1.393326671166570E-003 maxCFL_Ts=
  5.102011094536748E-004 CPU=   741.897580124581      NumThreads=           2 
 Elapsed time=  2.695789895505732E-003
 CFL_Limit=  1.000000000000000E-003
 dt_init=  1.000000000000000E-018 dt=  1.000000000000000E-018
 Time= -1.300000000002336E-013 Intensity=   189.521405496306     
   4785.41297965059      < Te <    4785.41329807973     
   4785.41255203650      < Th <    4787.19627033727     
   80.0000000000000      < Ts <   80.0000000000000     
   3704321374318.34      < Ne <   3706018337245.78     
   3704321374318.34      < Nh <   3706018337245.78     
 CFL_Te=  1.804878223655848E-003 maxCFL_Ne=  1.393234575884609E-003 maxCFL_Ts=
  5.102011094536748E-004 CPU=   741.315511656154      NumThreads=           2 
 Elapsed time=  2.697906584379777E-003
 CFL_Limit=  1.000000000000000E-003
 dt_init=  1.000000000000000E-018 dt=  1.000000000000000E-018
 Time= -1.290000000002369E-013 Intensity=   296.877098171340     
   4785.09242157974      < Te <    4785.09274427521     
   4785.09185586757      < Th <    4787.76388002602     
   80.0000000000000      < Ts <   80.0000000000000     
   5846216274097.02      < Ne <   5848874493270.14     
   5846216274097.02      < Nh <   5848874493270.14     
 CFL_Te=  1.804757322796248E-003 maxCFL_Ne=  1.393141249223762E-003 maxCFL_Ts=
  5.102011094536748E-004 CPU=   740.746046210987      NumThreads=           2 
 Elapsed time=  2.699980661699460E-003
 CFL_Limit=  1.000000000000000E-003
 dt_init=  1.000000000000000E-018 dt=  1.000000000000000E-018
 Time= -1.280000000002402E-013 Intensity=   463.436221111202     
   4784.76755788078      < Te <    4784.76788492211     
   4784.76698045640      < Th <    4786.43481098085     
   80.0000000000000      < Ts <   80.0000000000000     
   9195167948715.81      < Ne <   9199317528008.04     
   9195167948715.81      < Nh <   9199317528008.04     
 CFL_Te=  1.804634798045376E-003 maxCFL_Ne=  1.393046669037088E-003 maxCFL_Ts=
  5.102011094536748E-004 CPU=   740.051797767019      NumThreads=           2 
 Elapsed time=  2.702513534910207E-003
 CFL_Limit=  1.000000000000000E-003
 dt_init=  1.000000000000000E-018 dt=  1.000000000000000E-018
 Time= -1.270000000002436E-013 Intensity=   720.938306690287     
   4784.43830622521      < Te <    4784.43863769731     
   4784.43780498593      < Th <    4785.48250391490     
   80.0000000000000      < Ts <   80.0000000000000     
   14413297836151.1      < Ne <   14419753073264.3     
   14413297836151.1      < Nh <   14419753073264.3     
 CFL_Te=  1.804510618354046E-003 maxCFL_Ne=  1.392950811356876E-003 maxCFL_Ts=
  5.102011094536748E-004 CPU=   739.492392198121      NumThreads=           2 
 Elapsed time=  2.704557911752216E-003
 CFL_Limit=  1.000000000000000E-003
 dt_init=  1.000000000000000E-018 dt=  1.000000000000000E-018
 Time= -1.260000000002469E-013 Intensity=   1117.63779565272     
   4784.10457946168      < Te <    4784.10491545380     
   4784.10417727899      < Th <    4784.76086287928     
   80.0000000000000      < Ts <   80.0000000000000     
   22515744299724.5      < Ne <   22525751559671.0     
   22515744299724.5      < Nh <   22525751559671.0     
 CFL_Te=  1.804384750853676E-003 maxCFL_Ne=  1.392853650810976E-003 maxCFL_Ts=
  5.102011094536748E-004 CPU=   738.958417743622      NumThreads=           2 
 Elapsed time=  2.706512236651847E-003
 CFL_Limit=  1.000000000000000E-003
 dt_init=  1.000000000000000E-018 dt=  1.000000000000000E-018
 Time= -1.250000000002502E-013 Intensity=   1726.62851138827     
   4783.76628646153      < Te <    4783.76662706658     
   4783.76597820601      < Th <    4784.18021667775     
   80.0000000000000      < Ts <   80.0000000000000     
   35053295964966.5      < Ne <   35068756090388.6     
   35053295964966.5      < Nh <   35068756090388.6     
 CFL_Te=  1.804257161175344E-003 maxCFL_Ne=  1.392755160869078E-003 maxCFL_Ts=
  5.102011094536748E-004 CPU=   738.442458368767      NumThreads=           2 
 Elapsed time=  2.708403312044160E-003
 CFL_Limit=  1.000000000000000E-003
 dt_init=  1.000000000000000E-018 dt=  1.000000000000000E-018
 Time= -1.240000000002536E-013 Intensity=   2658.22406883936     
   4783.42333260643      < Te <    4783.42367792069     
   4783.42307359968      < Th <    4785.67807809753     
   80.0000000000000      < Ts <   80.0000000000000     
   54386533278148.9      < Ne <   54410334853069.0     
   54386533278148.9      < Nh <   54410334853069.0     
 CFL_Te=  1.804127813633826E-003 maxCFL_Ne=  1.392655313984793E-003 maxCFL_Ts=
  5.102011094536748E-004 CPU=   737.915049907502      NumThreads=           2 
 Elapsed time=  2.710339083408992E-003
 CFL_Limit=  1.000000000000000E-003
 dt_init=  1.000000000000000E-018 dt=  1.000000000000000E-018
 Time= -1.230000000002569E-013 Intensity=   4078.29948007646     
   4783.07562005562      < Te <    4783.07597017848     
   4783.07526221144      < Th <    4784.50689325546     
   80.0000000000000      < Ts <   80.0000000000000     
   84095784678834.5      < Ne <   84132301522031.9     
   84095784678834.5      < Nh <   84132301522031.9     
 CFL_Te=  1.803996671328444E-003 maxCFL_Ne=  1.392554081673481E-003 maxCFL_Ts=
  5.102011094536748E-004 CPU=   737.429995316301      NumThreads=           2 
 Elapsed time=  2.712121845738256E-003
 CFL_Limit=  1.000000000000000E-003
 dt_init=  1.000000000000000E-018 dt=  1.000000000000000E-018
 Time= -1.220000000002602E-013 Intensity=   6235.35941631764     
   4782.72304787579      < Te <    4782.72340290971     
   4782.72269749711      < Th <    4783.63479363556     
   80.0000000000000      < Ts <   80.0000000000000     
   129591879091893.      < Ne <   129647710117864.     
   129591879091893.      < Nh <   129647710117864.     
 CFL_Te=  1.803863696192102E-003 maxCFL_Ne=  1.392451434550114E-003 maxCFL_Ts=
  5.102011094536748E-004 CPU=   736.908856536433      NumThreads=           2 
 Elapsed time=  2.714039846664701E-003
 CFL_Limit=  1.000000000000000E-003
 dt_init=  1.000000000000000E-018 dt=  1.000000000000000E-018
 Time= -1.210000000002636E-013 Intensity=   9500.33063335556     
   4782.36551208526      < Te <    4782.36587213574     
   4782.36521035659      < Th <    4782.94835375912     
   80.0000000000000      < Ts <   80.0000000000000     
   199022620847852.      < Ne <   199107686226748.     
   199022620847852.      < Nh <   199107686226748.     
 CFL_Te=  1.803728849007955E-003 maxCFL_Ne=  1.392347342342145E-003 maxCFL_Ts=
  5.102011094536748E-004 CPU=   736.416649754116      NumThreads=           2 
 Elapsed time=  2.715853858909606E-003
 CFL_Limit=  1.000000000000000E-003
 dt_init=  1.000000000000000E-018 dt=  1.000000000000000E-018
 Time= -1.200000000002669E-013 Intensity=   14424.8331367220     
   4782.00290564320      < Te <    4782.00327081884     
   4782.00266254366      < Th <    4782.37680313263     
   80.0000000000000      < Ts <   80.0000000000000     
   304613103359678.      < Ne <   304742262433748.     
   304613103359678.      < Nh <   304742262433748.     
 CFL_Te=  1.803592089405392E-003 maxCFL_Ne=  1.392241773886403E-003 maxCFL_Ts=
  5.102011094536748E-004 CPU=   735.964591123367      NumThreads=           2 
 Elapsed time=  2.717522044025550E-003
 CFL_Limit=  1.000000000000000E-003
 dt_init=  1.000000000000000E-018 dt=  1.000000000000000E-018
 Time= -1.190000000002703E-013 Intensity=   21826.1796778171     
   4781.63511840382      < Te <    4781.63548881633     
   4781.63493023420      < Th <    4781.87582007591     
   80.0000000000000      < Ts <   80.0000000000000     
   464640015367688.      < Ne <   464835445648109.     
   464640015367688.      < Nh <   464835445648109.     
 CFL_Te=  1.803453375842728E-003 maxCFL_Ne=  1.392134697115729E-003 maxCFL_Ts=
  5.102011094536748E-004 CPU=   735.462145715963      NumThreads=           2 
 Elapsed time=  2.719378572574970E-003
 CFL_Limit=  1.000000000000000E-003
 dt_init=  1.000000000000000E-018 dt=  1.000000000000000E-018
 Time= -1.180000000002736E-013 Intensity=   32910.8806942736     
   4781.26203704651      < Te <    4781.26241281081     
   4781.26189516789      < Th <    4781.41753682586     
   80.0000000000000      < Ts <   80.0000000000000     
   706328832560704.      < Ne <   706623514580237.     
   706328832560704.      < Nh <   706623514580237.     
 CFL_Te=  1.803312665580899E-003 maxCFL_Ne=  1.392026079038680E-003 maxCFL_Ts=
  5.102011094536748E-004 CPU=   735.081915524557      NumThreads=           2 
 Elapsed time=  2.720785204697618E-003
 CFL_Limit=  1.000000000000000E-003
 dt_init=  1.000000000000000E-018 dt=  1.000000000000000E-018
 Time= -1.170000000002769E-013 Intensity=   49453.3973638854     
   4780.88354498978      < Te <    4780.88392622413     
   4780.88343993438      < Th <    4780.98435509386     
   80.0000000000000      < Ts <   80.0000000000000     
  1.070089190755272E+015 < Ne <  1.070531993465068E+015
  1.070089190755272E+015 < Nh <  1.070531993465068E+015
 CFL_Te=  1.803169914651001E-003 maxCFL_Ne=  1.391915885714461E-003 maxCFL_Ts=
  5.102011094536748E-004 CPU=   734.653237568861      NumThreads=           2 
 Elapsed time=  2.722372811720623E-003
 CFL_Limit=  1.000000000000000E-003
 dt_init=  1.000000000000000E-018 dt=  1.000000000000000E-018
 Time= -1.160000000002803E-013 Intensity=   74053.8445926705     
   4780.49952229309      < Te <    4780.49990911913     
   4780.49944550248      < Th <    4780.56510683098     
   80.0000000000000      < Ts <   80.0000000000000     
  1.615683036091088E+015 < Ne <  1.616346109714671E+015
  1.615683036091088E+015 < Nh <  1.616346109714670E+015
 CFL_Te=  1.803025077817242E-003 maxCFL_Ne=  1.391804082224337E-003 maxCFL_Ts=
  5.102011094536748E-004 CPU=   734.297783762376      NumThreads=           2 
 Elapsed time=  2.723690639174276E-003
 CFL_Limit=  1.000000000000000E-003
 dt_init=  1.000000000000000E-018 dt=  1.000000000000000E-018
 Time= -1.150000000002836E-013 Intensity=   110508.055842179     
   4780.10984554951      < Te <    4780.11023809241     
   4780.10978994459      < Th <    4780.15266306492     
   80.0000000000000      < Ts <   80.0000000000000     
  2.431173407161619E+015 < Ne <  2.432162889587266E+015
  2.431173407161619E+015 < Nh <  2.432162889587266E+015
 CFL_Te=  1.802878108536493E-003 maxCFL_Ne=  1.391690632640400E-003 maxCFL_Ts=
  5.102011094536748E-004 CPU=   733.959977313289      NumThreads=           2 
 Elapsed time=  2.724944222873210E-003
 CFL_Limit=  1.000000000000000E-003
 dt_init=  1.000000000000000E-018 dt=  1.000000000000000E-018
 Time= -1.140000000002869E-013 Intensity=   164336.909951116     
   4779.71438777043      < Te <    4779.71478615902     
   4779.71419960068      < Th <    4781.13568622575     
   80.0000000000000      < Ts <   80.0000000000000     
  3.645857918227930E+015 < Ne <  3.647329380961951E+015
  3.645857918227930E+015 < Nh <  3.647329380961951E+015
 CFL_Te=  1.802728958914795E-003 maxCFL_Ne=  1.391575499991998E-003 maxCFL_Ts=
  5.102011094536748E-004 CPU=   733.513082520004      NumThreads=           2 
 Elapsed time=  2.726604402376772E-003
 CFL_Limit=  1.000000000000000E-003
 dt_init=  1.000000000000000E-018 dt=  1.000000000000000E-018
 Time= -1.130000000002903E-013 Intensity=   243540.472772856     
   4779.31301826362      < Te <    4779.31342263049     
   4779.31276874095      < Th <    4780.24647898303     
   80.0000000000000      < Ts <   80.0000000000000     
  5.448889904119529E+015 < Ne <  5.451070550779020E+015
  5.448889904119529E+015 < Nh <  5.451070550779020E+015
 CFL_Te=  1.802577579661365E-003 maxCFL_Ne=  1.391458646230240E-003 maxCFL_Ts=
  5.102011094536748E-004 CPU=   733.108355241798      NumThreads=           2 
 Elapsed time=  2.728109679421603E-003
 CFL_Limit=  1.000000000000000E-003
 dt_init=  1.000000000000000E-018 dt=  1.000000000000000E-018
 Time= -1.120000000002936E-013 Intensity=   359668.184683424     
   4778.90560250498      < Te <    4778.90601298661     
   4778.90535558513      < Th <    4779.52081985626     
   80.0000000000000      < Ts <   80.0000000000000     
  8.115985916945374E+015 < Ne <  8.119206364146558E+015
  8.115985916945373E+015 < Nh <  8.119206364146557E+015
 CFL_Te=  1.802423920040232E-003 maxCFL_Ne=  1.391340032190648E-003 maxCFL_Ts=
  5.102011094536748E-004 CPU=   732.616401206480      NumThreads=           2 
 Elapsed time=  2.729941612972875E-003
 CFL_Limit=  1.000000000000000E-003
 dt_init=  1.000000000000000E-018 dt=  1.000000000000000E-018
 Time= -1.110000000002969E-013 Intensity=   529331.514559278     
   4778.49200200411      < Te <    4778.49241874101     
   4778.49168200522      < Th <    4780.44120387728     
   80.0000000000000      < Ts <   80.0000000000000     
  1.204758432505787E+016 < Ne <  1.205232392751882E+016
  1.204758432505787E+016 < Nh <  1.205232392751882E+016
 CFL_Te=  1.802267927819535E-003 maxCFL_Ne=  1.391219617554029E-003 maxCFL_Ts=
  5.102011094536748E-004 CPU=   732.130388457942      NumThreads=           2 
 Elapsed time=  2.731753839930785E-003
 CFL_Limit=  1.000000000000000E-003
 dt_init=  1.000000000000000E-018 dt=  1.000000000000000E-018
 Time= -1.100000000003003E-013 Intensity=   776333.504121240     
   4778.07207416392      < Te <    4778.07249730079     
   4778.07166259664      < Th <    4781.15348304166     
   80.0000000000001      < Ts <   80.0000000000005     
  1.782315539698659E+016 < Ne <  1.783010664044450E+016
  1.782315539698659E+016 < Nh <  1.783010664044450E+016
 CFL_Te=  1.802109549218589E-003 maxCFL_Ne=  1.391097360805610E-003 maxCFL_Ts=
  5.102011094536749E-004 CPU=   731.728450180865      NumThreads=           2 
 Elapsed time=  2.733254391715464E-003
 CFL_Limit=  1.000000000000000E-003
 dt_init=  1.000000000000000E-018 dt=  1.000000000000000E-018
 Time= -1.090000000003036E-013 Intensity=   1134654.80755462     
   4777.64567213412      < Te <    4777.64610181998     
   4777.64512147342      < Th <    4779.69711353150     
   80.0000000000001      < Ts <   80.0000000000005     
  2.627820181085318E+016 < Ne <  2.628836144180491E+016
  2.627820181085318E+016 < Nh <  2.628836144180491E+016
 CFL_Te=  1.801948728852610E-003 maxCFL_Ne=  1.390973219192367E-003 maxCFL_Ts=
  5.102011094536749E-004 CPU=   731.373722894424      NumThreads=           2 
 Elapsed time=  2.734580061319355E-003
 CFL_Limit=  1.000000000000000E-003
 dt_init=  1.000000000000000E-018 dt=  1.000000000000000E-018
 Time= -1.080000000003070E-013 Intensity=   1652623.92535867     
   4777.21264465860      < Te <    4777.21308104696     
   4777.21209313505      < Th <    4778.58317603017     
   80.0000000000010      < Ts <   80.0000000000019     
  3.861300831602985E+016 < Ne <  3.862780581150178E+016
  3.861300831602985E+016 < Nh <  3.862780581150178E+016
 CFL_Te=  1.801785409675155E-003 maxCFL_Ne=  1.390847148678605E-003 maxCFL_Ts=
  5.102011094536775E-004 CPU=   730.982117567611      NumThreads=           2 
 Elapsed time=  2.736045043967869E-003
 CFL_Limit=  1.000000000000000E-003
 dt_init=  1.000000000000000E-018 dt=  1.000000000000000E-018
 Time= -1.070000000003103E-013 Intensity=   2398717.83430975     
   4776.77283591621      < Te <    4776.77327916523     
   4776.77227592687      < Th <    4779.29855005615     
   80.0000000000284      < Ts <   80.0000000000598     
  5.654563749535822E+016 < Ne <  5.656711547117752E+016
  5.654563749535822E+016 < Nh <  5.656711547117752E+016
 CFL_Te=  1.801619532918101E-003 maxCFL_Ne=  1.390719103899608E-003 maxCFL_Ts=
  5.102011094537550E-004 CPU=   730.558051448439      NumThreads=           2 
 Elapsed time=  2.737633232615405E-003
 CFL_Limit=  1.000000000000000E-003
 dt_init=  1.000000000000000E-018 dt=  1.000000000000000E-018
 Time= -1.060000000003136E-013 Intensity=   3469597.86881172     
   4776.32608535537      < Te <    4776.32653562803     
   4776.32548060352      < Th <    4778.02489158429     
   80.0000000000677      < Ts <   80.0000000001395     
  8.252633919927629E+016 < Ne <  8.255740577115504E+016
  8.252633919927627E+016 < Nh <  8.255740577115502E+016
 CFL_Te=  1.801451038029229E-003 maxCFL_Ne=  1.390589038113475E-003 maxCFL_Ts=
  5.102011094538663E-004 CPU=   730.075787760253      NumThreads=           2 
 Elapsed time=  2.739441621719380E-003
 CFL_Limit=  1.000000000000000E-003
 dt_init=  1.000000000000000E-018 dt=  1.000000000000000E-018
 Time= -1.050000000003170E-013 Intensity=   5001197.10000210     
   4775.87222752162      < Te <    4775.87268498588     
   4775.87145613657      < Th <    4779.88959374490     
   80.0000000001243      < Ts <   80.0000000002706     
  1.200368576713226E+017 < Ne <  1.200816380916893E+017
  1.200368576713226E+017 < Nh <  1.200816380916893E+017
 CFL_Te=  1.801279862607216E-003 maxCFL_Ne=  1.390456903150924E-003 maxCFL_Ts=
  5.102011094540260E-004 CPU=   729.712041344414      NumThreads=           2 
 Elapsed time=  2.740807176917652E-003
 CFL_Limit=  1.000000000000000E-003
 dt_init=  1.000000000000000E-018 dt=  1.000000000000000E-018
 Time= -1.040000000003203E-013 Intensity=   7183955.75640268     
   4775.41109187846      < Te <    4775.41155670746     
   4775.41020381755      < Th <    4778.13149709834     
   80.0000000002095      < Ts <   80.0000000004597     
  1.740066241996527E+017 < Ne <  1.740709489115563E+017
  1.740066241996527E+017 < Nh <  1.740709489115563E+017
 CFL_Te=  1.801105942334046E-003 maxCFL_Ne=  1.390322649363129E-003 maxCFL_Ts=
  5.102011094542667E-004 CPU=   729.301635168656      NumThreads=           2 
 Elapsed time=  2.742349534890989E-003
 CFL_Limit=  1.000000000000000E-003
 dt_init=  1.000000000000000E-018 dt=  1.000000000000000E-018
 Time= -1.030000000003236E-013 Intensity=   10283671.0777696     
   4774.94250262109      < Te <    4774.94297499331     
   4774.94161792090      < Th <    4778.44242048064     
   80.0000000003313      < Ts <   80.0000000007300     
  2.513892199111162E+017 < Ne <  2.514812992905154E+017
  2.513892199111161E+017 < Nh <  2.514812992905154E+017
 CFL_Te=  1.800929210904765E-003 maxCFL_Ne=  1.390186225567503E-003 maxCFL_Ts=
  5.102011094546104E-004 CPU=   728.890131337925      NumThreads=           2 
 Elapsed time=  2.743897761832596E-003
 CFL_Limit=  1.000000000000000E-003
 dt_init=  1.000000000000000E-018 dt=  1.000000000000000E-018
 Time= -1.020000000003270E-013 Intensity=   14669913.5881456     
   4774.46627848295      < Te <    4774.46675858247     
   4774.46535549363      < Th <    4776.85250914787     
   80.0000000005090      < Ts <   80.0000000011104     
  3.619576974731156E+017 < Ne <  3.620890510088378E+017
  3.619576974731156E+017 < Nh <  3.620890510088378E+017
 CFL_Te=  1.800749599954539E-003 maxCFL_Ne=  1.390047578991360E-003 maxCFL_Ts=
  5.102011094551125E-004 CPU=   728.517878403305      NumThreads=           2 
 Elapsed time=  2.745299819385913E-003
 CFL_Limit=  1.000000000000000E-003
 dt_init=  1.000000000000000E-018 dt=  1.000000000000000E-018
 Time= -1.010000000003303E-013 Intensity=   20854596.1456827     
   4773.98223253517      < Te <    4773.98272055180     
   4773.98138368612      < Th <    4775.61484516667     
   80.0000000007649      < Ts <   80.0000000016503     
  5.193975404703010E+017 < Ne <  5.195842712890551E+017
  5.193975404703010E+017 < Nh <  5.195842712890550E+017
 CFL_Te=  1.800567038982986E-003 maxCFL_Ne=  1.389906655213546E-003 maxCFL_Ts=
  5.102011094558361E-004 CPU=   728.115691838616      NumThreads=           2 
 Elapsed time=  2.746816230466975E-003
 CFL_Limit=  1.000000000000000E-003
 dt_init=  1.000000000000000E-018 dt=  1.000000000000000E-018
 Time= -1.000000000003336E-013 Intensity=   29544106.6529977     
   4773.49017197878      < Te <    4773.49066810832     
   4773.48944096038      < Th <    4774.61107796843     
   80.0000000011335      < Ts <   80.0000000024256     
  7.428027254318062E+017 < Ne <  7.430672616164951E+017
  7.428027254318062E+017 < Nh <  7.430672616164951E+017
 CFL_Te=  1.800381455275832E-003 maxCFL_Ne=  1.389763398103932E-003 maxCFL_Ts=
  5.102011094568768E-004 CPU=   727.726775102728      NumThreads=           2 
 Elapsed time=  2.748284202842028E-003
 CFL_Limit=  1.000000000000000E-003
 dt_init=  1.000000000000000E-018 dt=  1.000000000000000E-018
 Time= -9.900000000033698E-014 Intensity=   41709481.4776225     
   4772.98989792998      < Te <    4772.99040237444     
   4772.98916991207      < Th <    4775.07175348952     
   80.0000000016603      < Ts <   80.0000000036778     
  1.058715458540452E+018 < Ne <  1.059088922777282E+018
  1.058715458540452E+018 < Nh <  1.059088922777282E+018
 CFL_Te=  1.800192773823910E-003 maxCFL_Ne=  1.389617749760904E-003 maxCFL_Ts=
  5.102011094583673E-004 CPU=   727.351881748524      NumThreads=           2 
 Elapsed time=  2.749700729710195E-003
 CFL_Limit=  1.000000000000000E-003
 dt_init=  1.000000000000000E-018 dt=  1.000000000000000E-018
 Time= -9.800000000034032E-014 Intensity=   58680468.0536664     
   4772.48120519885      < Te <    4772.48171816665     
   4772.48044753867      < Th <    4775.41244336535     
   80.0000000024114      < Ts <   80.0000000055194     
  1.503896125239040E+018 < Ne <  1.504421546695812E+018
  1.503896125239040E+018 < Nh <  1.504421546695811E+018
 CFL_Te=  1.800000917239709E-003 maxCFL_Ne=  1.389469650446938E-003 maxCFL_Ts=
  5.102011094604896E-004 CPU=   727.035778675979      NumThreads=           2 
 Elapsed time=  2.750896253884842E-003
 CFL_Limit=  1.000000000000000E-003
 dt_init=  1.000000000000000E-018 dt=  1.000000000000000E-018
 Time= -9.700000000034366E-014 Intensity=   82271079.8515605     
   4771.96388206188      < Te <    4771.96440376808     
   4771.96308447530      < Th <    4773.99647621149     
   80.0000000034765      < Ts <   80.0000000080141     
  2.129069886852385E+018 < Ne <  2.129806537268851E+018
  2.129069886852385E+018 < Nh <  2.129806537268851E+018
 CFL_Te=  1.799805805671569E-003 maxCFL_Ne=  1.389319038522366E-003 maxCFL_Ts=
  5.102011094634981E-004 CPU=   726.747652448230      NumThreads=           2 
 Elapsed time=  2.751986873658968E-003
 CFL_Limit=  1.000000000000000E-003
 dt_init=  1.000000000000000E-018 dt=  1.000000000000000E-018
 Time= -9.600000000034699E-014 Intensity=   114946479.923098     
   4771.43771002958      < Te <    4771.43824069614     
   4771.43696687428      < Th <    4772.85207994889     
   80.0000000049830      < Ts <   80.0000000115424     
  3.003974027224194E+018 < Ne <  3.005003251268252E+018
  3.003974027224194E+018 < Nh <  3.005003251268252E+018
 CFL_Te=  1.799607356716065E-003 maxCFL_Ne=  1.389165850377744E-003 maxCFL_Ts=
  5.102011094677525E-004 CPU=   726.432825691606      NumThreads=           2 
 Elapsed time=  2.753179549803364E-003
 CFL_Limit=  1.000000000000000E-003
 dt_init=  1.000000000000000E-018 dt=  1.000000000000000E-018
 Time= -9.500000000035033E-014 Intensity=   160043855.317290     
   4770.90246361002      < Te <    4770.90300346600     
   4770.90168312203      < Th <    4773.12003799187     
   80.0000000071054      < Ts <   80.0000000166729     
  4.224130374395175E+018 < Ne <  4.225563397716138E+018
  4.224130374395175E+018 < Nh <  4.225563397716138E+018
 CFL_Te=  1.799405485328784E-003 maxCFL_Ne=  1.389010020364977E-003 maxCFL_Ts=
  5.102011094737595E-004 CPU=   726.142813146581      NumThreads=           2 
 Elapsed time=  2.754279135991772E-003
 CFL_Limit=  1.000000000000000E-003
 dt_init=  1.000000000000000E-018 dt=  1.000000000000000E-018
 Time= -9.400000000035367E-014 Intensity=   222063501.294921     
   4770.35791007038      < Te <    4770.35845935222     
   4770.35715627770      < Th <    4771.91139700467     
   80.0000000100856      < Ts <   80.0000000236968     
  5.919895804602827E+018 < Ne <  5.921884148236426E+018
  5.919895804602827E+018 < Nh <  5.921884148236425E+018
 CFL_Te=  1.799200103734426E-003 maxCFL_Ne=  1.388851480727928E-003 maxCFL_Ts=
  5.102011094821779E-004 CPU=   725.829483276603      NumThreads=           2 
 Elapsed time=  2.755468117623751E-003
 CFL_Limit=  1.000000000000000E-003
 dt_init=  1.000000000000000E-018 dt=  1.000000000000000E-018
 Time= -9.300000000035700E-014 Intensity=   307050784.689675     
   4769.80380919905      < Te <    4769.80436815079     
   4769.80299144550      < Th <    4772.05678107154     
   80.0000000142550      < Ts <   80.0000000334160     
  8.268508229355777E+018 < Ne <  8.271257544207778E+018
  8.268508229355777E+018 < Nh <  8.271257544207776E+018
 CFL_Te=  1.798991121337057E-003 maxCFL_Ne=  1.388690161533129E-003 maxCFL_Ts=
  5.102011094939562E-004 CPU=   725.506100325887      NumThreads=           2 
 Elapsed time=  2.756696324264713E-003
 CFL_Limit=  1.000000000000000E-003
 dt_init=  1.000000000000000E-018 dt=  1.000000000000000E-018
 Time= -9.200000000036034E-014 Intensity=   423095192.007019     
   4769.23991307134      < Te <    4769.24048194485     
   4769.23911445331      < Th <    4772.37289581896     
   80.0000000200686      < Ts <   80.0000000469963     
  1.151005441025804E+019 < Ne <  1.151384278003680E+019
  1.151005441025804E+019 < Nh <  1.151384278003679E+019
 CFL_Te=  1.798778444631745E-003 maxCFL_Ne=  1.388525990601583E-003 maxCFL_Ts=
  5.102011095103791E-004 CPU=   725.193298034536      NumThreads=           2 
 Elapsed time=  2.757885387827666E-003
 CFL_Limit=  1.000000000000000E-003
 dt_init=  1.000000000000000E-018 dt=  1.000000000000000E-018
 Time= -9.100000000036367E-014 Intensity=   580979513.569648     
   4768.66596582331      < Te <    4768.66654487851     
   4768.66510399096      < Th <    4770.88285831383     
   80.0000000281468      < Ts <   80.0000000652366     
  1.596855013876025E+019 < Ne <  1.597375219566825E+019
  1.596855013876025E+019 < Nh <  1.597375219566825E+019
 CFL_Te=  1.798561977119241E-003 maxCFL_Ne=  1.388358893442905E-003 maxCFL_Ts=
  5.102011095332113E-004 CPU=   724.910127361726      NumThreads=           2 
 Elapsed time=  2.758962696905476E-003
 CFL_Limit=  1.000000000000000E-003
 dt_init=  1.000000000000000E-018 dt=  1.000000000000000E-018
 Time= -9.000000000036701E-014 Intensity=   795020627.865727     
   4768.08170343969      < Te <    4768.08229294476     
   4768.08088218572      < Th <    4769.65582961994     
   80.0000000393340      < Ts <   80.0000000898176     
  2.207965561031793E+019 < Ne <  2.208677417908013E+019
  2.207965561031793E+019 < Nh <  2.208677417908013E+019
 CFL_Te=  1.798341619226030E-003 maxCFL_Ne=  1.388188793193581E-003 maxCFL_Ts=
  5.102011095648136E-004 CPU=   724.631348931338      NumThreads=           2 
 Elapsed time=  2.760024118401077E-003
 CFL_Limit=  1.000000000000000E-003
 dt_init=  1.000000000000000E-018 dt=  1.000000000000000E-018
 Time= -8.900000000037035E-014 Intensity=   1084153623.55440     
   4767.48685356312      < Te <    4767.48745379466     
   4767.48612027402      < Th <    4768.60846318021     
   80.0000000547740      < Ts <   80.0000001263534     
  3.042696453143377E+019 < Ne <  3.043667198049525E+019
  3.042696453143377E+019 < Nh <  3.043667198049525E+019
 CFL_Te=  1.798117268232304E-003 maxCFL_Ne=  1.388015610561403E-003 maxCFL_Ts=
  5.102011096084562E-004 CPU=   724.309211680168      NumThreads=           2 
 Elapsed time=  2.761251641906684E-003
 CFL_Limit=  1.000000000000000E-003
 dt_init=  1.000000000000000E-018 dt=  1.000000000000000E-018
 Time= -8.800000000037368E-014 Intensity=   1473323459.87788     
   4766.88113533446      < Te <    4766.88174657768     
   4766.88050585604      < Th <    4767.68309068431     
   80.0000000760116      < Ts <   80.0000001749012     
  4.178932272914163E+019 < Ne <  4.180251478271718E+019
  4.178932272914163E+019 < Nh <  4.180251478271718E+019
 CFL_Te=  1.797888818211781E-003 maxCFL_Ne=  1.387839263779008E-003 maxCFL_Ts=
  5.102011096684897E-004 CPU=   724.038760468191      NumThreads=           2 
 Elapsed time=  2.762283056098715E-003
 CFL_Limit=  1.000000000000000E-003
 dt_init=  1.000000000000000E-018 dt=  1.000000000000000E-018
 Time= -8.700000000037702E-014 Intensity=   1995263384.29891     
   4766.26425927643      < Te <    4766.26488182520     
   4766.26373270818      < Th <    4766.83965144557     
   80.0000001051257      < Ts <   80.0000002387060     
  5.720227200081888E+019 < Ne <  5.722013747479855E+019
  5.720227200081888E+019 < Nh <  5.722013747479855E+019
 CFL_Te=  1.797656159987762E-003 maxCFL_Ne=  1.387659668569927E-003 maxCFL_Ts=
  5.102011097507302E-004 CPU=   723.721242577861      NumThreads=           2 
 Elapsed time=  2.763494951282755E-003
 CFL_Limit=  1.000000000000000E-003
 dt_init=  1.000000000000000E-018 dt=  1.000000000000000E-018
 Time= -8.600000000038036E-014 Intensity=   2692757295.95815     
   4765.63592723607      < Te <    4765.63656139295     
   4765.63541015957      < Th <    4767.30823240134     
   80.0000001449029      < Ts <   80.0000003251759     
  7.803750227619835E+019 < Ne <  7.806161307113520E+019
  7.803750227619835E+019 < Nh <  7.806161307113520E+019
 CFL_Te=  1.797419181111424E-003 maxCFL_Ne=  1.387476738131863E-003 maxCFL_Ts=
  5.102011098630935E-004 CPU=   723.427855638477      NumThreads=           2 
 Elapsed time=  2.764615689611313E-003
 CFL_Limit=  1.000000000000000E-003
 dt_init=  1.000000000000000E-018 dt=  1.000000000000000E-018
 Time= -8.500000000038369E-014 Intensity=   3621504588.32363     
   4764.99583240560      < Te <    4764.99647848183     
   4764.99529795598      < Th <    4766.20331810215     
   80.0000001990666      < Ts <   80.0000004419796     
  1.061051581690664E+020 < Ne <  1.061375849148150E+020
  1.061051581690664E+020 < Nh <  1.061375849148150E+020
 CFL_Te=  1.797177765869628E-003 maxCFL_Ne=  1.387290383142718E-003 maxCFL_Ts=
  5.102011100161762E-004 CPU=   723.126895546263      NumThreads=           2 
 Elapsed time=  2.765766302315672E-003
 CFL_Limit=  1.000000000000000E-003
 dt_init=  1.000000000000000E-018 dt=  1.000000000000000E-018
 Time= -8.400000000038703E-014 Intensity=   4853731164.66279     
   4764.34365944591      < Te <    4764.34431776114     
   4764.34315626968      < Th <    4765.21854489587     
   80.0000002725725      < Ts <   80.0000005962246     
  1.437850168547058E+020 < Ne <  1.438284768879069E+020
  1.437850168547058E+020 < Nh <  1.438284768879069E+020
 CFL_Te=  1.796931795331495E-003 maxCFL_Ne=  1.387100511796505E-003 maxCFL_Ts=
  5.102011102238045E-004 CPU=   722.770937998620      NumThreads=           2 
 Elapsed time=  2.767128414900128E-003
 CFL_Limit=  1.000000000000000E-003
 dt_init=  1.000000000000000E-018 dt=  1.000000000000000E-018
 Time= -8.300000000039037E-014 Intensity=   6482719740.01183     
   4763.67908474293      < Te <    4763.67975562497     
   4763.67863518523      < Th <    4764.31517984377     
   80.0000003719938      < Ts <   80.0000008111676     
  1.941939690749733E+020 < Ne <  1.942520149806323E+020
  1.941939690749733E+020 < Nh <  1.942520149806323E+020
 CFL_Te=  1.796681147444985E-003 maxCFL_Ne=  1.386907029877960E-003 maxCFL_Ts=
  5.102011105046461E-004 CPU=   722.430881151136      NumThreads=           2 
 Elapsed time=  2.768430935307140E-003
 CFL_Limit=  1.000000000000000E-003
 dt_init=  1.000000000000000E-018 dt=  1.000000000000000E-018
 Time= -8.200000000039370E-014 Intensity=   8628466652.99022     
   4763.00177683413      < Te <    4763.00246061845     
   4763.00138819619      < Th <    4763.46585749954     
   80.0000005060166      < Ts <   80.0000011016284     
  2.613989340297177E+020 < Ne <  2.614761928335974E+020
  2.613989340297177E+020 < Nh <  2.614761928335974E+020
 CFL_Te=  1.796425697197747E-003 maxCFL_Ne=  1.386709840886672E-003 maxCFL_Ts=
  5.102011108837409E-004 CPU=   722.169502721739      NumThreads=           2 
 Elapsed time=  2.769432927397690E-003
 CFL_Limit=  1.000000000000000E-003
 dt_init=  1.000000000000000E-018 dt=  1.000000000000000E-018
 Time= -8.100000000039704E-014 Intensity=   11444711601.4082     
   4762.31139705061      < Te <    4762.31209407961     
   4762.31106844395      < Th <    4762.65115087745     
   80.0000006860800      < Ts <   80.0000014966525     
  3.506863657417602E+020 < Ne <  3.507888410466894E+020
  3.506863657417602E+020 < Nh <  3.507888410466894E+020
 CFL_Te=  1.796165316859141E-003 maxCFL_Ne=  1.386508846223924E-003 maxCFL_Ts=
  5.102011113930129E-004 CPU=   721.926267376327      NumThreads=           2 
 Elapsed time=  2.770366019882520E-003
 CFL_Limit=  1.000000000000000E-003
 dt_init=  1.000000000000000E-018 dt=  1.000000000000000E-018
 Time= -8.000000000040038E-014 Intensity=   15127631309.3281     
   4761.60760043010      < Te <    4761.60831105205     
   4761.60732687659      < Th <    4761.85719409661     
   80.0000009271903      < Ts <   80.0000020489721     
  4.689019101838937E+020 < Ne <  4.690373621487724E+020
  4.689019101838937E+020 < Nh <  4.690373621487724E+020
 CFL_Te=  1.795899876324517E-003 maxCFL_Ne=  1.386303945458445E-003 maxCFL_Ts=
  5.102011120741657E-004 CPU=   721.620393816547      NumThreads=           2 
 Elapsed time=  2.771540296169135E-003
 CFL_Limit=  1.000000000000000E-003
 dt_init=  1.000000000000000E-018 dt=  1.000000000000000E-018
 Time= -7.900000000040371E-014 Intensity=   19926538345.3390     
   4760.89003696826      < Te <    4760.89076153607     
   4760.88981179138      < Th <    4761.07402938361     
   80.0000012489669      < Ts <   80.0000028297085     
  6.248765984696412E+020 < Ne <  6.250550195852018E+020
  6.248765984696412E+020 < Nh <  6.250550195852018E+020
 CFL_Te=  1.795629243586996E-003 maxCFL_Ne=  1.386095036690632E-003 maxCFL_Ts=
  5.102011129837416E-004 CPU=   721.409096032710      NumThreads=           2 
 Elapsed time=  2.772352069025364E-003
 CFL_Limit=  1.000000000000000E-003
 dt_init=  1.000000000000000E-018 dt=  1.000000000000000E-018
 Time= -7.800000000040705E-014 Intensity=   26156982205.2235     
   4760.15835328838      < Te <    4760.15909215757     
   4760.15816945572      < Th <    4760.29445457716     
   80.0000016769643      < Ts <   80.0000038370701     
  8.299592624581716E+020 < Ne <  8.301934706293098E+020
  8.299592624581716E+020 < Nh <  8.301934706293098E+020
 CFL_Te=  1.795353285367044E-003 maxCFL_Ne=  1.385882017038462E-003 maxCFL_Ts=
  5.102011141935612E-004 CPU=   721.162272476610      NumThreads=           2 
 Elapsed time=  2.773300928696137E-003
 CFL_Limit=  1.000000000000000E-003
 dt_init=  1.000000000000000E-018 dt=  1.000000000000000E-018
 Time= -7.700000000041038E-014 Intensity=   34216711204.1343     
   4759.41219482609      < Te <    4759.41294835232     
   4759.41204565750      < Th <    4759.51321759724     
   80.0000022443493      < Ts <   80.0000051482583     
  1.098678685618417E+021 < Ne <  1.098985060168736E+021
  1.098678685618417E+021 < Nh <  1.098985060168736E+021
 CFL_Te=  1.795071867936259E-003 maxCFL_Ne=  1.385664783273414E-003 maxCFL_Ts=
  5.102011157974781E-004 CPU=   720.941388770418      NumThreads=           2 
 Elapsed time=  2.774150619110724E-003
 CFL_Limit=  1.000000000000000E-003
 dt_init=  1.000000000000000E-018 dt=  1.000000000000000E-018
 Time= -7.600000000041372E-014 Intensity=   44605020284.2526     
   4758.65116814697      < Te <    4758.65193667169     
   4758.65108699344      < Th <    4758.72645112816     
   80.0000029940121      < Ts <   80.0000069080858     
  1.449563402277753E+021 < Ne <  1.449962793193790E+021
  1.449563402277753E+021 < Nh <  1.449962793193790E+021
 CFL_Te=  1.794784842900443E-003 maxCFL_Ne=  1.385443220846084E-003 maxCFL_Ts=
  5.102011179194282E-004 CPU=   720.706448900473      NumThreads=           2 
 Elapsed time=  2.775054952056065E-003
 CFL_Limit=  1.000000000000000E-003
 dt_init=  1.000000000000000E-018 dt=  1.000000000000000E-018
 Time= -7.500000000041706E-014 Intensity=   57946080788.9163     
   4757.87499329486      < Te <    4757.87577717218     
   4757.87488135120      < Th <    4759.07892147311     
   80.0000039812125      < Ts <   80.0000092380883     
  1.906152072435061E+021 < Ne <  1.906670918504770E+021
  1.906152072435061E+021 < Nh <  1.906670918504770E+021
 CFL_Te=  1.794492104675111E-003 maxCFL_Ne=  1.385217248253172E-003 maxCFL_Ts=
  5.102011207125143E-004 CPU=   720.491692364601      NumThreads=           2 
 Elapsed time=  2.775882111056889E-003
 CFL_Limit=  1.000000000000000E-003
 dt_init=  1.000000000000000E-018 dt=  1.000000000000000E-018
 Time= -7.400000000042039E-014 Intensity=   75016922429.3769     
   4757.08333106199      < Te <    4757.08413063374     
   4757.08312670791      < Th <    4757.98506114932     
   80.0000052768929      < Ts <   80.0000123189311     
  2.498233031841141E+021 < Ne <  2.498904729342509E+021
  2.498233031841141E+021 < Nh <  2.498904729342509E+021
 CFL_Te=  1.794265250025154E-003 maxCFL_Ne=  1.384986766733492E-003 maxCFL_Ts=
  5.102011243727629E-004 CPU=   720.232211338592      NumThreads=           2 
 Elapsed time=  2.776882189541187E-003
 CFL_Limit=  1.000000000000000E-003
 dt_init=  1.000000000000000E-018 dt=  1.000000000000000E-018
 Time= -7.300000000042373E-014 Intensity=   96780813434.0733     
   4756.27584351614      < Te <    4756.27665910252     
   4756.27558625165      < Th <    4756.95353825265     
   80.0000069717981      < Ts <   80.0000163515858     
  3.263357949764238E+021 < Ne <  3.264224520039683E+021
  3.263357949764238E+021 < Nh <  3.264224520039683E+021
 CFL_Te=  1.793888977368028E-003 maxCFL_Ne=  1.384751677894502E-003 maxCFL_Ts=
  5.102011291607933E-004 CPU=   720.006257640666      NumThreads=           2 
 Elapsed time=  2.777753635855401E-003
 CFL_Limit=  1.000000000000000E-003
 dt_init=  1.000000000000000E-018 dt=  1.000000000000000E-018
 Time= -7.200000000042707E-014 Intensity=   124426860014.131     
   4755.45219944698      < Te <    4755.45303133508     
   4756.91985356520      < Th <    4757.43137063560     
   80.0000091815809      < Ts <   80.0000216152109     
  4.248681549198760E+021 < Ne <  4.249795660803651E+021
  4.248681549198760E+021 < Nh <  4.249795660803651E+021
 CFL_Te=  1.793578335889207E-003 maxCFL_Ne=  1.384511885297337E-003 maxCFL_Ts=
  5.102011354033312E-004 CPU=   719.806846646459      NumThreads=           2 
 Elapsed time=  2.778523168149751E-003
 CFL_Limit=  1.000000000000000E-003
 dt_init=  1.000000000000000E-018 dt=  1.000000000000000E-018
 Time= -7.100000000043040E-014 Intensity=   159416717950.191     
   4754.61214787958      < Te <    4754.61299632746     
   4755.67068923017      < Th <    4756.05780258296     
   80.0000120530896      < Ts <   80.0000283341172     
  5.513187017476569E+021 < Ne <  5.514614426584818E+021
  5.513187017476569E+021 < Nh <  5.514614426584818E+021
 CFL_Te=  1.793261506212724E-003 maxCFL_Ne=  1.384267315864213E-003 maxCFL_Ts=
  5.102011435279750E-004 CPU=   719.576639770710      NumThreads=           2 
 Elapsed time=  2.779412072961806E-003
 CFL_Limit=  1.000000000000000E-003
 dt_init=  1.000000000000000E-018 dt=  1.000000000000000E-018
 Time= -7.000000000043374E-014 Intensity=   203539373738.430     
   4753.75546026781      < Te <    4753.75632548823     
   4753.75518363793      < Th <    4754.04910140847     
   80.0000157721185      < Ts <   80.0000369312783     
  7.130365032312379E+021 < Ne <  7.132187513635593E+021
  7.130365032312379E+021 < Nh <  7.132187513635593E+021
 CFL_Te=  1.792938402121915E-003 maxCFL_Ne=  1.384017903042577E-003 maxCFL_Ts=
  5.102011540340254E-004 CPU=   719.387660702859      NumThreads=           2 
 Elapsed time=  2.780142208786222E-003
 CFL_Limit=  1.000000000000000E-003
 dt_init=  1.000000000000000E-018 dt=  1.000000000000000E-018
 Time= -6.900000000043708E-014 Intensity=   258975005990.628     
   4752.88196147189      < Te <    4752.88284362105     
   4752.88169084740      < Th <    4754.24513997410     
   80.0000205728649      < Ts <   80.0000484014503     
  9.191423142392962E+021 < Ne <  9.193741991920346E+021
  9.191423142392962E+021 < Nh <  9.193741991920346E+021
 CFL_Te=  1.792608957537841E-003 maxCFL_Ne=  1.383763595825425E-003 maxCFL_Ts=
  5.102011676054695E-004 CPU=   719.167398285546      NumThreads=           2 
 Elapsed time=  2.780993694608356E-003
 CFL_Limit=  1.000000000000000E-003
 dt_init=  1.000000000000000E-018 dt=  1.000000000000000E-018
 Time= -6.800000000044041E-014 Intensity=   328368974519.188     
   4750.68792990874      < Te <    4750.68882873549     
   4751.99121309414      < Th <    4753.03313256319     
   80.0000267494593      < Ts <   80.0000636145753     
  1.180911147330266E+022 < Ne <  1.181205167354195E+022
  1.180911147330266E+022 < Nh <  1.181205167354195E+022
 CFL_Te=  1.791289900922680E-003 maxCFL_Ne=  1.383162037830359E-003 maxCFL_Ts=
  5.102011850561035E-004 CPU=   718.990176964677      NumThreads=           2 
 Elapsed time=  2.781679171811908E-003
 CFL_Limit=  1.000000000000000E-003
 dt_init=  1.000000000000000E-018 dt=  1.000000000000000E-018
 Time= -6.700000000044375E-014 Intensity=   414916998789.130     
   4750.97961465121      < Te <    4750.98053081460     
   4751.08383055299      < Th <    4751.88276254916     
   80.0000346699682      < Ts <   80.0000821566190     
  1.512226021007266E+022 < Ne <  1.512597535802943E+022
  1.512226021007266E+022 < Nh <  1.512597535802943E+022
 CFL_Te=  1.791970405767666E-003 maxCFL_Ne=  1.383240221276192E-003 maxCFL_Ts=
  5.102012074488082E-004 CPU=   718.759766914183      NumThreads=           2 
 Elapsed time=  2.782570883991609E-003
 CFL_Limit=  1.000000000000000E-003
 dt_init=  1.000000000000000E-018 dt=  1.000000000000000E-018
 Time= -6.600000000044708E-014 Intensity=   522462572428.353     
   4750.08260926602      < Te <    4750.08354232945     
   4750.15962722956      < Th <    4750.77432994935     
   80.0000447932575      < Ts <   80.0001057307814     
  1.930113372977606E+022 < Ne <  1.930581183713978E+022
  1.930113372977606E+022 < Nh <  1.930581183713978E+022
 CFL_Te=  1.791494692314909E-003 maxCFL_Ne=  1.382971169109817E-003 maxCFL_Ts=
  5.102012360643670E-004 CPU=   718.556414966166      NumThreads=           2 
 Elapsed time=  2.783358353420548E-003
 CFL_Limit=  1.000000000000000E-003
 dt_init=  1.000000000000000E-018 dt=  1.000000000000000E-018
 Time= -6.500000000045042E-014 Intensity=   655607608773.537     
   4748.55315081778      < Te <    4748.55410033561     
   4749.21880733621      < Th <    4749.69337526257     
   80.0000576893196      < Ts <   80.0001350214842     
  2.455371549652662E+022 < Ne <  2.455958578067448E+022
  2.455371549652662E+022 < Nh <  2.455958578067448E+022
 CFL_Te=  1.790749031487663E-003 maxCFL_Ne=  1.382521787860862E-003 maxCFL_Ts=
  5.102012725820301E-004 CPU=   718.328277235882      NumThreads=           2 
 Elapsed time=  2.784242335128408E-003
 CFL_Limit=  1.000000000000000E-003
 dt_init=  1.000000000000000E-018 dt=  1.000000000000000E-018
 Time= -6.400000000045376E-014 Intensity=   819837215909.351     
   4747.67536720018      < Te <    4747.67633292544     
   4748.26174460419      < Th <    4748.62937192230     
   80.0000740635093      < Ts <   80.0001724108098     
  3.113304626320503E+022 < Ne <  3.114038705549306E+022
  3.113304626320503E+022 < Nh <  3.114038705549306E+022
 CFL_Te=  1.790423939757695E-003 maxCFL_Ne=  1.382278002296926E-003 maxCFL_Ts=
  5.102013188268929E-004 CPU=   718.128543044898      NumThreads=           2 
 Elapsed time=  2.785016720711182E-003
 CFL_Limit=  1.000000000000000E-003
 dt_init=  1.000000000000000E-018 dt=  1.000000000000000E-018
 Time= -6.300000000045709E-014 Intensity=   1021659349832.09     
   4750.36917197667      < Te <    4750.37015430139     
   4745.98668200045      < Th <    4746.27233957890     
   80.0000947855097      < Ts <   80.0002221316556     
  3.934574567642480E+022 < Ne <  3.935489358105080E+022
  3.934574567642480E+022 < Nh <  3.935489358105080E+022
 CFL_Te=  1.792678240377829E-003 maxCFL_Ne=  1.383032046548374E-003 maxCFL_Ts=
  5.102013773607329E-004 CPU=   717.948946382579      NumThreads=           2 
 Elapsed time=  2.785713399367879E-003
 CFL_Limit=  1.000000000000000E-003
 dt_init=  1.000000000000000E-018 dt=  1.000000000000000E-018
 Time= -6.200000000046043E-014 Intensity=   1268759882568.71     
   4743.53230836027      < Te <    4743.53330365670     
   4746.19693797791      < Th <    4746.41978871082     
   80.0001209238695      < Ts <   80.0002839413282     
  4.956185310898048E+022 < Ne <  4.957321355009790E+022
  4.956185310898048E+022 < Nh <  4.957321355009790E+022
 CFL_Te=  1.787801492966931E-003 maxCFL_Ne=  1.381041552495922E-003 maxCFL_Ts=
  5.102014512389984E-004 CPU=   717.722588353689      NumThreads=           2 
 Elapsed time=  2.786591968057740E-003
 CFL_Limit=  1.000000000000000E-003
 dt_init=  1.000000000000000E-018 dt=  1.000000000000000E-018
 Time= -6.100000000046377E-014 Intensity=   1570173339800.85     
   4745.04251030097      < Te <    4745.04351985405     
   4743.62346059105      < Th <    4743.79779163346     
   80.0001537858421      < Ts <   80.0003597734204     
  6.222612684772106E+022 < Ne <  6.224018614642447E+022
  6.222612684772105E+022 < Nh <  6.224018614642447E+022
 CFL_Te=  1.789457780646223E-003 maxCFL_Ne=  1.381556287662472E-003 maxCFL_Ts=
  5.102015441314635E-004 CPU=   717.533065168133      NumThreads=           2 
 Elapsed time=  2.787327995165433E-003
 CFL_Limit=  1.000000000000000E-003
 dt_init=  1.000000000000000E-018 dt=  1.000000000000000E-018
 Time= -6.000000000046710E-014 Intensity=   1936469201836.54     
   4743.90457771116      < Te <    4743.90559923997     
   4743.54400166259      < Th <    4743.68091857820     
   80.0001949659967      < Ts <   80.0004499187746     
  7.787094272657072E+022 < Ne <  7.788828184507535E+022
  7.787094272657072E+022 < Nh <  7.788828184507535E+022
 CFL_Te=  1.789222975269146E-003 maxCFL_Ne=  1.381261115729689E-003 maxCFL_Ts=
  5.102016605020706E-004 CPU=   717.307874719994      NumThreads=           2 
 Elapsed time=  2.788203044307460E-003
 CFL_Limit=  1.000000000000000E-003
 dt_init=  1.000000000000000E-018 dt=  1.000000000000000E-018
 Time= -5.900000000047044E-014 Intensity=   2379953215735.27     
   4739.31166993262      < Te <    4739.31270052971     
   4742.67586914308      < Th <    4743.71279471571     
   80.0002464009344      < Ts <   80.0005663212353     
  9.713092822790429E+022 < Ne <  9.715223831736106E+022
  9.713092822790429E+022 < Nh <  9.715223831736106E+022
 CFL_Te=  1.785884244228379E-003 maxCFL_Ne=  1.379903693550928E-003 maxCFL_Ts=
  5.102018057915374E-004 CPU=   717.140250628359      NumThreads=           2 
 Elapsed time=  2.788854757835162E-003
 CFL_Limit=  1.000000000000000E-003
 dt_init=  1.000000000000000E-018 dt=  1.000000000000000E-018
 Time= -5.800000000047378E-014 Intensity=   2914882629713.42     
   4740.83561288403      < Te <    4740.83665197437     
   4742.22953268113      < Th <    4744.04575081250     
   80.0003104345520      < Ts <   80.0007010034454     
  1.207594634073461E+023 < Ne <  1.207855632837217E+023
  1.207594634073461E+023 < Nh <  1.207855632837217E+023
 CFL_Te=  1.787539800756866E-003 maxCFL_Ne=  1.380330921674612E-003 maxCFL_Ts=
  5.102019866652024E-004 CPU=   716.910986518621      NumThreads=           2 
 Elapsed time=  2.789746617933929E-003
 CFL_Limit=  1.000000000000000E-003
 dt_init=  1.000000000000000E-018 dt=  1.000000000000000E-018
 Time= -5.700000000047711E-014 Intensity=   3557693630525.79     
   4738.35526146936      < Te <    4738.35630493805     
   4743.93911857082      < Th <    4745.37903730733     
   80.0003898938709      < Ts <   80.0008694010427     
  1.496471654140130E+023 < Ne <  1.496790210697139E+023
  1.496471654140130E+023 < Nh <  1.496790210697139E+023
 CFL_Te=  1.785942420579664E-003 maxCFL_Ne=  1.379656210269801E-003 maxCFL_Ts=
  5.102022111144555E-004 CPU=   716.705133703054      NumThreads=           2 
 Elapsed time=  2.790547891943300E-003
 CFL_Limit=  1.000000000000000E-003
 dt_init=  1.000000000000000E-018 dt=  1.000000000000000E-018
 Time= -5.600000000047512E-014 Intensity=   4327238540091.44     
   4735.86915473883      < Te <    4735.87019907407     
   4737.67656276071      < Th <    4739.79982690464     
   80.0004881727689      < Ts <   80.0010865576046     
  1.848424560550462E+023 < Ne <  1.848812022968442E+023
  1.848424560550462E+023 < Nh <  1.848812022968442E+023
 CFL_Te=  1.784546235910907E-003 maxCFL_Ne=  1.378960136126993E-003 maxCFL_Ts=
  5.102024887309481E-004 CPU=   716.491592554633      NumThreads=           2 
 Elapsed time=  2.791379579024855E-003
 CFL_Limit=  1.000000000000000E-003
 dt_init=  1.000000000000000E-018 dt=  1.000000000000000E-018
 Time= -5.500000000047215E-014 Intensity=   5245029512467.14     
   4734.45827390901      < Te <    4734.45931521929     
   4738.87961725195      < Th <    4740.57386048896     
   80.0006093345487      < Ts <   80.0013465323815     
  2.275742862939627E+023 < Ne <  2.276212505634986E+023
  2.275742862939627E+023 < Nh <  2.276212505634986E+023
 CFL_Te=  1.783905984077453E-003 maxCFL_Ne=  1.378583460526122E-003 maxCFL_Ts=
  5.102028309796404E-004 CPU=   716.312002010904      NumThreads=           2 
 Elapsed time=  2.792079421237388E-003
 CFL_Limit=  1.000000000000000E-003
 dt_init=  1.000000000000000E-018 dt=  1.000000000000000E-018
 Time= -5.400000000046917E-014 Intensity=   6335484573989.22     
   4731.85216436195      < Te <    4731.85319729666     
   4737.69980215080      < Th <    4739.05550524316     
   80.0007582228012      < Ts <   80.0016639686661     
  2.792770579489371E+023 < Ne <  2.793337863476345E+023
  2.792770579489371E+023 < Nh <  2.793337863476345E+023
 CFL_Te=  1.782349839594324E-003 maxCFL_Ne=  1.377913098182581E-003 maxCFL_Ts=
  5.102032524577259E-004 CPU=   716.102855244261      NumThreads=           2 
 Elapsed time=  2.792894882841663E-003
 CFL_Limit=  1.000000000000000E-003
 dt_init=  1.000000000000000E-018 dt=  1.000000000000000E-018
 Time= -5.300000000046620E-014 Intensity=   7626170880184.83     
   4732.89520017106      < Te <    4732.89621987162     
   4733.11740028808      < Th <    4734.20499961258     
   80.0009405904475      < Ts <   80.0020524392184     
  3.416177423841788E+023 < Ne <  3.416860278796250E+023
  3.416177423841788E+023 < Nh <  3.416860278796250E+023
 CFL_Te=  1.783339163077103E-003 maxCFL_Ne=  1.378316098169340E-003 maxCFL_Ts=
  5.102037675395386E-004 CPU=   715.887988948796      NumThreads=           2 
 Elapsed time=  2.793733141041776E-003
 CFL_Limit=  1.000000000000000E-003
 dt_init=  1.000000000000000E-018 dt=  1.000000000000000E-018
 Time= -5.200000000046322E-014 Intensity=   9148039040900.53     
   4725.00346401222      < Te <    4725.00446103474     
   4734.67160648519      < Th <    4735.54829210793     
   80.0011632452346      < Ts <   80.0025398721116     
  4.165251439169743E+023 < Ne <  4.166070566466757E+023
  4.165251439169743E+023 < Nh <  4.166070566466757E+023
 CFL_Te=  1.778076009373806E-003 maxCFL_Ne=  1.376094466700548E-003 maxCFL_Ts=
  5.102043964436170E-004 CPU=   715.711786564482      NumThreads=           2 
 Elapsed time=  2.794420935276590E-003
 CFL_Limit=  1.000000000000000E-003
 dt_init=  1.000000000000000E-018 dt=  1.000000000000000E-018
 Time= -5.100000000046025E-014 Intensity=   10935641313518.2     
   4725.65539017057      < Te <    4725.65635918815     
   4732.25969533848      < Th <    4733.72943823201     
   80.0014342110538      < Ts <   80.0031770723360     
  5.062211996285176E+023 < Ne <  5.063191191686322E+023
  5.062211996285175E+023 < Nh <  5.063191191686322E+023
 CFL_Te=  1.778786519250370E-003 maxCFL_Ne=  1.376294886560358E-003 maxCFL_Ts=
  5.102051618440971E-004 CPU=   715.515127420305      NumThreads=           2 
 Elapsed time=  2.795188981134102E-003
 CFL_Limit=  1.000000000000000E-003
 dt_init=  1.000000000000000E-018 dt=  1.000000000000000E-018
 Time= -5.000000000045728E-014 Intensity=   13027325412947.8     
   4720.97707125386      < Te <    4720.97800173002     
   4729.88085666063      < Th <    4731.07199529676     
   80.0017629111688      < Ts <   80.0039276473506     
  6.132541330699963E+023 < Ne <  6.133707824332540E+023
  6.132541330699962E+023 < Nh <  6.133707824332540E+023
 CFL_Te=  1.775528793904460E-003 maxCFL_Ne=  1.375085183334423E-003 maxCFL_Ts=
  5.102060902984200E-004 CPU=   715.337524639876      NumThreads=           2 
 Elapsed time=  2.795882965886439E-003
 CFL_Limit=  1.000000000000000E-003
 dt_init=  1.000000000000000E-018 dt=  1.000000000000000E-018
 Time= -4.900000000045430E-014 Intensity=   15465394672231.2     
   4719.80698244485      < Te <    4719.80786509750     
   4728.62117862497      < Th <    4730.34085277290     
   80.0021603688545      < Ts <   80.0048508335905     
  7.405332059357803E+023 < Ne <  7.406716870198315E+023
  7.405332059357801E+023 < Nh <  7.406716870198315E+023
 CFL_Te=  1.774989374196941E-003 maxCFL_Ne=  1.374809090893239E-003 maxCFL_Ts=
  5.102072143064244E-004 CPU=   715.166272819387      NumThreads=           2 
 Elapsed time=  2.796552460612322E-003
 CFL_Limit=  1.000000000000000E-003
 dt_init=  1.000000000000000E-018 dt=  1.000000000000000E-018
 Time= -4.800000000045133E-014 Intensity=   18296224350931.0     
   4716.97405067339      < Te <    4716.97487345227     
   4726.87221682421      < Th <    4728.27506518075     
   80.0026394325766      < Ts <   80.0059917449090     
  8.913647223785887E+023 < Ne <  8.915285524544797E+023
  8.913647223785887E+023 < Nh <  8.915285524544797E+023
 CFL_Te=  1.773053084008490E-003 maxCFL_Ne=  1.374062685695637E-003 maxCFL_Ts=
  5.102085681622478E-004 CPU=   715.023322144399      NumThreads=           2 
 Elapsed time=  2.797111559944473E-003
 CFL_Limit=  1.000000000000000E-003
 dt_init=  1.000000000000000E-018 dt=  1.000000000000000E-018
 Time= -4.700000000044835E-014 Intensity=   21570323077270.4     
   4713.57906204886      < Te <    4713.57981198480     
   4727.51142568688      < Th <    4728.66024121557     
   80.0032150177642      < Ts <   80.0075452555216     
  1.069488844326957E+024 < Ne <  1.069681993091701E+024
  1.069488844326957E+024 < Nh <  1.069681993091701E+024
 CFL_Te=  1.770870970964096E-003 maxCFL_Ne=  1.373266383656899E-003 maxCFL_Ts=
  5.102102073558872E-004 CPU=   714.588807674977      NumThreads=           2 
 Elapsed time=  2.798812377858679E-003
 CFL_Limit=  1.000000000000000E-003
 dt_init=  1.000000000000000E-018 dt=  1.000000000000000E-018
 Time= -4.600000000044538E-014 Intensity=   25342327775993.9     
   4708.61868039022      < Te <    4708.61934349419     
   4726.86134470413      < Th <    4727.80491790267     
   80.0039043784371      < Ts <   80.0094889346879     
  1.279116679425156E+024 < Ne <  1.279343606016964E+024
  1.279116679425156E+024 < Nh <  1.279343606016964E+024
 CFL_Te=  1.767324981842216E-003 maxCFL_Ne=  1.372020432839249E-003 maxCFL_Ts=
  5.102121597870020E-004 CPU=   714.145449710060      NumThreads=           2 
 Elapsed time=  2.800549945129514E-003
 CFL_Limit=  1.000000000000000E-003
 dt_init=  1.000000000000000E-018 dt=  1.000000000000000E-018
 Time= -4.500000000044240E-014 Intensity=   29670920032114.8     
   4704.26322010276      < Te <    4704.26378143194     
   4722.54615997006      < Th <    4723.32299304375     
   80.0047273812676      < Ts <   80.0117978902961     
  1.524966992475223E+024 < Ne <  1.525232681755143E+024
  1.524966992475223E+024 < Nh <  1.525232681755143E+024
 CFL_Te=  1.764258714291604E-003 maxCFL_Ne=  1.371040385531486E-003 maxCFL_Ts=
  5.102144899906292E-004 CPU=   713.693607883980      NumThreads=           2 
 Elapsed time=  2.802322982728921E-003
 CFL_Limit=  1.000000000000000E-003
 dt_init=  1.000000000000000E-018 dt=  1.000000000000000E-018
 Time= -4.400000000043943E-014 Intensity=   34618651727643.9     
   4701.84898151641      < Te <    4701.84942460022     
   4719.51673316274      < Th <    4720.15860245200     
   80.0057068435374      < Ts <   80.0145209607093     
  1.812301784838059E+024 < Ne <  1.812611782123897E+024
  1.812301784838059E+024 < Nh <  1.812611782123897E+024
 CFL_Te=  1.762591942962808E-003 maxCFL_Ne=  1.370475043898569E-003 maxCFL_Ts=
  5.102172655856643E-004 CPU=   713.249678196028      NumThreads=           2 
 Elapsed time=  2.804067160686928E-003
 CFL_Limit=  1.000000000000000E-003
 dt_init=  1.000000000000000E-018 dt=  1.000000000000000E-018
 Time= -4.300000000043645E-014 Intensity=   40251668020119.1     
   4695.88494384704      < Te <    4695.88524949235     
   4716.58541030659      < Th <    4717.11750005996     
   80.0068688462934      < Ts <   80.0177416015198     
  2.146959879093147E+024 < Ne <  2.147320322424279E+024
  2.146959879093147E+024 < Nh <  2.147320322424279E+024
 CFL_Te=  1.758180502751145E-003 maxCFL_Ne=  1.369065219481267E-003 maxCFL_Ts=
  5.102205686495486E-004 CPU=   712.799035628520      NumThreads=           2 
 Elapsed time=  2.805839935286212E-003
 CFL_Limit=  1.000000000000000E-003
 dt_init=  1.000000000000000E-018 dt=  1.000000000000000E-018
 Time= -4.200000000043348E-014 Intensity=   46639316361462.9     
   4690.38418476999      < Te <    4690.38433358961     
   4716.19225094243      < Th <    4716.63503810225     
   80.0082430933559      < Ts <   80.0216950162748     
  2.535387537841812E+024 < Ne <  2.535805186775840E+024
  2.535387537841812E+024 < Nh <  2.535805186775841E+024
 CFL_Te=  1.754034271996017E-003 maxCFL_Ne=  1.367887496985553E-003 maxCFL_Ts=
  5.102244864485067E-004 CPU=   712.290229594188      NumThreads=           2 
 Elapsed time=  2.807844214203888E-003
 CFL_Limit=  1.000000000000000E-003
 dt_init=  1.000000000000000E-018 dt=  1.000000000000000E-018
 Time= -4.100000000043051E-014 Intensity=   53853631331000.8     
   4686.90840155896      < Te <    4686.90877798680     
   4714.27739616641      < Th <    4714.64692632693     
   80.0098632911117      < Ts <   80.0262749706068     
  2.984665058272828E+024 < Ne <  2.985147318083591E+024
  2.984665058272828E+024 < Nh <  2.985147318083591E+024
 CFL_Te=  1.751387560787687E-003 maxCFL_Ne=  1.367122602395411E-003 maxCFL_Ts=
  5.102291226206131E-004 CPU=   711.806756519390      NumThreads=           2 
 Elapsed time=  2.809751356926773E-003
 CFL_Limit=  1.000000000000000E-003
 dt_init=  1.000000000000000E-018 dt=  1.000000000000000E-018
 Time= -4.000000000042753E-014 Intensity=   61968686616517.9     
   4679.17494026931      < Te <    4679.17560027613     
   4711.95550287474      < Th <    4712.26483716131     
   80.0117675355097      < Ts <   80.0308927932824     
  3.502528185358401E+024 < Ne <  3.503083125445700E+024
  3.502528185358402E+024 < Nh <  3.503083125445701E+024
 CFL_Te=  1.745793755563990E-003 maxCFL_Ne=  1.365393880434106E-003 maxCFL_Ts=
  5.102345185175564E-004 CPU=   711.646562866614      NumThreads=           2 
 Elapsed time=  2.810383839898999E-003
 CFL_Limit=  1.000000000000000E-003
 dt_init=  1.000000000000000E-018 dt=  1.000000000000000E-018
 Time= -3.900000000042456E-014 Intensity=   71059807549599.2     
   4678.03403278693      < Te <    4678.03501554475     
   4710.42122276644      < Th <    4710.68130920151     
   80.0139987107113      < Ts <   80.0363768413337     
  4.097383127758915E+024 < Ne <  4.098019493068669E+024
  4.097383127758915E+024 < Nh <  4.098019493068669E+024
 CFL_Te=  1.744577664267516E-003 maxCFL_Ne=  1.365440752028049E-003 maxCFL_Ts=
  5.102408207986885E-004 CPU=   711.512260778093      NumThreads=           2 
 Elapsed time=  2.810914316237989E-003
 CFL_Limit=  1.000000000000000E-003
 dt_init=  1.000000000000000E-018 dt=  1.000000000000000E-018
 Time= -3.800000000042158E-014 Intensity=   81202640199250.8     
   4666.51050642386      < Te <    4666.51185191319     
   4707.44346120617      < Th <    4707.66294159999     
   80.0166049050620      < Ts <   80.0427183644027     
  4.778313906673114E+024 < Ne <  4.779041120737048E+024
  4.778313906673114E+024 < Nh <  4.779041120737048E+024
 CFL_Te=  1.735212810237287E-003 maxCFL_Ne=  1.362828990264082E-003 maxCFL_Ts=
  5.102481808526395E-004 CPU=   711.375906960204      NumThreads=           2 
 Elapsed time=  2.811453101562356E-003
 CFL_Limit=  1.000000000000000E-003
 dt_init=  1.000000000000000E-018 dt=  1.000000000000000E-018
 Time= -3.700000000041861E-014 Intensity=   92472076146496.7     
   4658.89321026252      < Te <    4658.89496446485     
   4706.51980027532      < Th <    4706.70585067321     
   80.0196398632212      < Ts <   80.0503119089106     
  5.555080768126440E+024 < Ne <  5.555908926602878E+024
  5.555080768126440E+024 < Nh <  5.555908926602878E+024
 CFL_Te=  1.729286358530757E-003 maxCFL_Ne=  1.361500317233829E-003 maxCFL_Ts=
  5.102567502249612E-004 CPU=   711.241055600692      NumThreads=           2 
 Elapsed time=  2.811986153289284E-003
 CFL_Limit=  1.000000000000000E-003
 dt_init=  1.000000000000000E-018 dt=  1.000000000000000E-018
 Time= -3.600000000041563E-014 Intensity=   104941035677998.     
   4653.34366673470      < Te <    4653.34588010568     
   4703.93254605977      < Th <    4704.09084108007     
   80.0231633758009      < Ts <   80.0590227356049     
  6.438108324790192E+024 < Ne <  6.439048178052868E+024
  6.438108324790192E+024 < Nh <  6.439048178052868E+024
 CFL_Te=  1.724438739221319E-003 maxCFL_Ne=  1.360418162024859E-003 maxCFL_Ts=
  5.102666967856733E-004 CPU=   711.119093423429      NumThreads=           2 
 Elapsed time=  2.812468429685547E-003
 CFL_Limit=  1.000000000000000E-003
 dt_init=  1.000000000000000E-018 dt=  1.000000000000000E-018
 Time= -3.500000000041266E-014 Intensity=   118679116201979.     
   4642.74286627385      < Te <    4642.74558900728     
   4702.40800242819      < Th <    4702.54334010396     
   80.0272417263822      < Ts <   80.0687086561674     
  7.438462246543949E+024 < Ne <  7.439525170198393E+024
  7.438462246543949E+024 < Nh <  7.439525170198393E+024
 CFL_Te=  1.715774145154132E-003 maxCFL_Ne=  1.358539307072914E-003 maxCFL_Ts=
  5.102782063768481E-004 CPU=   710.995274388668      NumThreads=           2 
 Elapsed time=  2.812958217928594E-003
 CFL_Limit=  1.000000000000000E-003
 dt_init=  1.000000000000000E-018 dt=  1.000000000000000E-018
 Time= -3.400000000040968E-014 Intensity=   133751117135266.     
   4637.00463310823      < Te <    4637.00792348865     
   4699.44877468217      < Th <    4699.56497255868     
   80.0319480934442      < Ts <   80.0801054011211     
  8.567813289075086E+024 < Ne <  8.569011241353569E+024
  8.567813289075086E+024 < Nh <  8.569011241353569E+024
 CFL_Te=  1.710353110269031E-003 maxCFL_Ne=  1.357580916672092E-003 maxCFL_Ts=
  5.102914846757369E-004 CPU=   710.862724472316      NumThreads=           2 
 Elapsed time=  2.813482731823686E-003
 CFL_Limit=  1.000000000000000E-003
 dt_init=  1.000000000000000E-018 dt=  1.000000000000000E-018
 Time= -3.300000000040671E-014 Intensity=   150215457241480.     
   4632.82246093316      < Te <    4632.82638128622     
   4698.81691592085      < Th <    4698.91729122601     
   80.0373629891006      < Ts <   80.0931414308058     
  9.838387650927581E+024 < Ne <  9.839733115835820E+024
  9.838387650927581E+024 < Nh <  9.839733115835820E+024
 CFL_Te=  1.706070695565917E-003 maxCFL_Ne=  1.357111526282524E-003 maxCFL_Ts=
  5.103067568900836E-004 CPU=   710.720125882141      NumThreads=           2 
 Elapsed time=  2.814047227827712E-003
 CFL_Limit=  1.000000000000000E-003
 dt_init=  1.000000000000000E-018 dt=  1.000000000000000E-018
 Time= -3.200000000040374E-014 Intensity=   168122505300198.     
   4618.53409565480      < Te <    4618.53870027941     
   4700.01320777863      < Th <    4700.10044984116     
   80.0435745578930      < Ts <   80.1079566292993     
  1.126290271083112E+025 < Ne <  1.126440862633794E+025
  1.126290271083112E+025 < Nh <  1.126440862633794E+025
 CFL_Te=  1.693954487877532E-003 maxCFL_Ne=  1.354748468558548E-003 maxCFL_Ts=
  5.103242694510620E-004 CPU=   710.584872884016      NumThreads=           2 
 Elapsed time=  2.814582854659849E-003
 CFL_Limit=  1.000000000000000E-003
 dt_init=  1.000000000000000E-018 dt=  1.000000000000000E-018
 Time= -3.100000000040076E-014 Intensity=   187512849914194.     
   4613.74604061735      < Te <    4613.75140406902     
   4696.59048681599      < Th <    4696.66672035450     
   80.0506789851293      < Ts <   80.1247062590522     
  1.285448761526452E+025 < Ne <  1.285616728617632E+025
  1.285448761526452E+025 < Nh <  1.285616728617632E+025
 CFL_Te=  1.688980333206459E-003 maxCFL_Ne=  1.354374265329849E-003 maxCFL_Ts=
  5.103442907950847E-004 CPU=   710.470574330217      NumThreads=           2 
 Elapsed time=  2.815035657015722E-003
 CFL_Limit=  1.000000000000000E-003
 dt_init=  1.000000000000000E-018 dt=  1.000000000000000E-018
 Time= -3.000000000039779E-014 Intensity=   208415539059104.     
   4597.47359502335      < Te <    4597.47977509418     
   4695.01590108574      < Th <    4695.08300661400     
   80.0587807883341      < Ts <   80.1445094334048     
  1.462658806852410E+025 < Ne <  1.462845506322599E+025
  1.462658806852410E+025 < Nh <  1.462845506322599E+025
 CFL_Te=  1.675018486495025E-003 maxCFL_Ne=  1.351985611262153E-003 maxCFL_Ts=
  5.103671127577830E-004 CPU=   710.337351032685      NumThreads=           2 
 Elapsed time=  2.815563615080089E-003
 CFL_Limit=  1.000000000000000E-003
 dt_init=  1.000000000000000E-018 dt=  1.000000000000000E-018
 Time= -2.900000000039481E-014 Intensity=   230846324469059.     
   4591.31468434455      < Te <    4591.32176483358     
   4694.28933828267      < Th <    4694.34887194675     
   80.0679929920950      < Ts <   80.1662321123150     
  1.659285544211650E+025 < Ne <  1.659492347398559E+025
  1.659285544211650E+025 < Nh <  1.659492347398559E+025
 CFL_Te=  1.668527330351307E-003 maxCFL_Ne=  1.351587321105697E-003 maxCFL_Ts=
  5.103930638049017E-004 CPU=   710.224182764395      NumThreads=           2 
 Elapsed time=  2.816012251533635E-003
 CFL_Limit=  1.000000000000000E-003
 dt_init=  1.000000000000000E-018 dt=  1.000000000000000E-018
 Time= -2.800000000039317E-014 Intensity=   254805949950995.     
   4585.83704597524      < Te <    4585.84510770393     
   4697.01713199689      < Th <    4697.07042662828     
   80.0784374639352      < Ts <   80.1929087303353     
  1.876702017476569E+025 < Ne <  1.876930296778101E+025
  1.876702017476569E+025 < Nh <  1.876930296778101E+025
 CFL_Te=  1.662098651051846E-003 maxCFL_Ne=  1.351476036037913E-003 maxCFL_Ts=
  5.104224504979618E-004 CPU=   710.095085009486      NumThreads=           2 
 Elapsed time=  2.816524212350072E-003
 CFL_Limit=  1.000000000000000E-003
 dt_init=  1.000000000000000E-018 dt=  1.000000000000000E-018
 Time= -2.700000000039335E-014 Intensity=   280278526036166.     
   4579.84301164757      < Te <    4579.85214033667     
   4691.36739066340      < Th <    4691.41534522187     
   80.0902448705159      < Ts <   80.2211635750027     
  2.116275018531338E+025 < Ne <  2.116526132524174E+025
  2.116275018531338E+025 < Nh <  2.116526132524174E+025
 CFL_Te=  1.655098054818183E-003 maxCFL_Ne=  1.351398374331567E-003 maxCFL_Ts=
  5.104556493059920E-004 CPU=   709.971889013549      NumThreads=           2 
 Elapsed time=  2.817012942271343E-003
 CFL_Limit=  1.000000000000000E-003
 dt_init=  1.000000000000000E-018 dt=  1.000000000000000E-018
 Time= -2.600000000039353E-014 Intensity=   307230035825305.     
   4560.78390816249      < Te <    4560.79415628586     
   4692.92544129289      < Th <    4692.96916338757     
   80.1035547892945      < Ts <   80.2535543275505     
  2.379349517964559E+025 < Ne <  2.379624795157882E+025
  2.379349517964559E+025 < Nh <  2.379624795157882E+025
 CFL_Te=  1.638179284227138E-003 maxCFL_Ne=  1.349579303759251E-003 maxCFL_Ts=
  5.104930454855942E-004 CPU=   709.851726461520      NumThreads=           2 
 Elapsed time=  2.817489801665527E-003
 CFL_Limit=  1.000000000000000E-003
 dt_init=  1.000000000000000E-018 dt=  1.000000000000000E-018
 Time= -2.500000000039371E-014 Intensity=   335607018286696.     
   4554.82571461920      < Te <    4554.83719314474     
   4695.14390347628      < Th <    4695.18417115052     
   80.1185154983021      < Ts <   80.2899089683701     
  2.667231812900284E+025 < Ne <  2.667532534346221E+025
  2.667231812900284E+025 < Nh <  2.667532534346221E+025
 CFL_Te=  1.630578339614446E-003 maxCFL_Ne=  1.350012409605264E-003 maxCFL_Ts=
  5.105350446457434E-004 CPU=   709.715121338224      NumThreads=           2 
 Elapsed time=  2.818032108754907E-003
 CFL_Limit=  1.000000000000000E-003
 dt_init=  1.000000000000000E-018 dt=  1.000000000000000E-018
 Time= -2.400000000039389E-014 Intensity=   365335475465723.     
   4549.31630420152      < Te <    4549.32971088537     
   4696.49584538143      < Th <    4696.53330654345     
   80.1352839258191      < Ts <   80.3300066597387     
  2.981171596784060E+025 < Ne <  2.981498977638394E+025
  2.981171596784060E+025 < Nh <  2.981498977638393E+025
 CFL_Te=  1.622935233386409E-003 maxCFL_Ne=  1.350765127011493E-003 maxCFL_Ts=
  5.105820745017181E-004 CPU=   709.577448220096      NumThreads=           2 
 Elapsed time=  2.818578866925380E-003
 CFL_Limit=  1.000000000000000E-003
 dt_init=  1.000000000000000E-018 dt=  1.000000000000000E-018
 Time= -2.300000000039407E-014 Intensity=   396320048934197.     
   4543.82704957170      < Te <    4543.84126019524     
   4699.88034354490      < Th <    4699.91547654744     
   80.1540254700572      < Ts <   80.3753863073227     
  3.322343137757289E+025 < Ne <  3.322698308062863E+025
  3.322343137757289E+025 < Nh <  3.322698308062862E+025
 CFL_Te=  1.614830167020704E-003 maxCFL_Ne=  1.351714294340072E-003 maxCFL_Ts=
  5.106345868244454E-004 CPU=   709.438548223046      NumThreads=           2 
 Elapsed time=  2.819130712602896E-003
 CFL_Limit=  1.000000000000000E-003
 dt_init=  1.000000000000000E-018 dt=  1.000000000000000E-018
 Time= -2.200000000039425E-014 Intensity=   428443508248523.     
   4539.25591065751      < Te <    4539.27162823940     
   4703.50717871453      < Th <    4703.54056136504     
   80.1749128776144      < Ts <   80.4266946702670     
  3.691825826481635E+025 < Ne <  3.692209811568877E+025
  3.691825826481635E+025 < Nh <  3.692209811568877E+025
 CFL_Te=  1.607585238364495E-003 maxCFL_Ne=  1.353316622894988E-003 maxCFL_Ts=
  5.106930448588931E-004 CPU=   709.328928901960      NumThreads=           2 
 Elapsed time=  2.819566379586402E-003
 CFL_Limit=  1.000000000000000E-003
 dt_init=  1.000000000000000E-018 dt=  1.000000000000000E-018
 Time= -2.100000000039444E-014 Intensity=   461566590146843.     
   4517.11560356918      < Te <    4517.13285890013     
   4706.03319709118      < Th <    4706.06522027762     
   80.1981261098500      < Ts <   80.4805753928227     
  4.090584426758531E+025 < Ne <  4.090998127379534E+025
  4.090584426758531E+025 < Nh <  4.090998127379533E+025
 CFL_Te=  1.586781246830062E-003 maxCFL_Ne=  1.353277859919584E-003 maxCFL_Ts=
  5.107579219535542E-004 CPU=   709.203657290188      NumThreads=           2 
 Elapsed time=  2.820064419354298E-003
 CFL_Limit=  1.000000000000000E-003
 dt_init=  1.000000000000000E-018 dt=  1.000000000000000E-018
 Time= -2.000000000039462E-014 Intensity=   495528221700866.     
   4530.25039534633      < Te <    4530.26941329787     
   4710.71292848631      < Th <    4710.74394350975     
   80.2238516174344      < Ts <   80.5420208383131     
  4.519449321577251E+025 < Ne <  4.519893494387610E+025
  4.519449321577251E+025 < Nh <  4.519893494387609E+025
 CFL_Te=  1.591395262583338E-003 maxCFL_Ne=  1.357213099321723E-003 maxCFL_Ts=
  5.108297543058277E-004 CPU=   709.099193277791      NumThreads=           2 
 Elapsed time=  2.820479869332608E-003
 CFL_Limit=  1.000000000000000E-003
 dt_init=  1.000000000000000E-018 dt=  1.000000000000000E-018
 Time= -1.900000000039480E-014 Intensity=   530146153688800.     
   4527.69294176164      < Te <    4527.71376526335     
   4714.74195055192      < Th <    4714.77223701656     
   80.2522811925717      < Ts <   80.6109000715800     
  4.979097115348884E+025 < Ne <  4.979572353644475E+025
  4.979097115348884E+025 < Nh <  4.979572353644474E+025
 CFL_Te=  1.584110001529502E-003 maxCFL_Ne=  1.360169364104222E-003 maxCFL_Ts=
  5.109089680639670E-004 CPU=   708.990310822208      NumThreads=           2 
 Elapsed time=  2.820913021618904E-003
 CFL_Limit=  1.000000000000000E-003
 dt_init=  1.000000000000000E-018 dt=  1.000000000000000E-018
 Time= -1.800000000039498E-014 Intensity=   565218022186473.     
   4506.57406188454      < Te <    4506.59670556921     
   4719.86820912948      < Th <    4719.89801148985     
   80.2836102403225      < Ts <   80.6859075192460     
  5.470031957240260E+025 < Ne <  5.470538672869293E+025
  5.470031957240260E+025 < Nh <  5.470538672869291E+025
 CFL_Te=  1.562872388614672E-003 maxCFL_Ne=  1.362279065577671E-003 maxCFL_Ts=
  5.109961063361888E-004 CPU=   708.893394407224      NumThreads=           2 
 Elapsed time=  2.821298682959797E-003
 CFL_Limit=  1.000000000000000E-003
 dt_init=  1.000000000000000E-018 dt=  1.000000000000000E-018
 Time= -1.700000000039516E-014 Intensity=   600522846939104.     
   4504.83408271545      < Te <    4504.85873571097     
   4724.99805783970      < Th <    4725.02757245563     
   80.3180372001173      < Ts <   80.7694090563384     
  5.992568039904781E+025 < Ne <  5.993106446532280E+025
  5.992568039904781E+025 < Nh <  5.993106446532277E+025
 CFL_Te=  1.555539206532615E-003 maxCFL_Ne=  1.366504435658441E-003 maxCFL_Ts=
  5.110916759272914E-004 CPU=   708.781297503373      NumThreads=           2 
 Elapsed time=  2.821744883851824E-003
 CFL_Limit=  1.000000000000000E-003
 dt_init=  1.000000000000000E-018 dt=  1.000000000000000E-018
 Time= -1.600000000039534E-014 Intensity=   635822964715936.     
   4503.80289071073      < Te <    4503.82966875422     
   4731.14757652458      < Th <    4731.17697004501     
   80.3557614504809      < Ts <   80.8601424576056     
  6.546813587074402E+025 < Ne <  6.547383684951513E+025
  6.546813587074402E+025 < Nh <  6.547383684951506E+025
 CFL_Te=  1.548393433222218E-003 maxCFL_Ne=  1.371478611014889E-003 maxCFL_Ts=
  5.111961738854436E-004 CPU=   708.664522902468      NumThreads=           2 
 Elapsed time=  2.822209854401383E-003
 CFL_Limit=  1.000000000000000E-003
 dt_init=  1.000000000000000E-018 dt=  1.000000000000000E-018
 Time= -1.500000000039552E-014 Intensity=   670866384802207.     
   4522.00561024981      < Te <    4522.03474722032     
   4737.01904995321      < Th <    4737.04911823399     
   80.3969817058367      < Ts <   80.9606586183475     
  7.132656757268944E+025 < Ne <  7.133258320314260E+025
  7.132656757268943E+025 < Nh <  7.133258320314251E+025
 CFL_Te=  1.554651472044555E-003 maxCFL_Ne=  1.377021994271282E-003 maxCFL_Ts=
  5.113100889665767E-004 CPU=   708.555305201612      NumThreads=           2 
 Elapsed time=  2.822644873756075E-003
 CFL_Limit=  1.000000000000000E-003
 dt_init=  1.000000000000000E-018 dt=  1.000000000000000E-018
 Time= -1.400000000039570E-014 Intensity=   705389542384176.     
   4523.06481552684      < Te <    4523.09632669109     
   4743.87907879871      < Th <    4743.91159454677     
   80.4418949407911      < Ts <   81.0691008775581     
  7.749753842900889E+025 < Ne <  7.750386407999484E+025
  7.749753842900889E+025 < Nh <  7.750386407999473E+025
 CFL_Te=  1.547941858650687E-003 maxCFL_Ne=  1.383021464323211E-003 maxCFL_Ts=
  5.114338908937724E-004 CPU=   708.465262685382      NumThreads=           2 
 Elapsed time=  2.823003618299023E-003
 CFL_Limit=  1.000000000000000E-003
 dt_init=  1.000000000000000E-018 dt=  1.000000000000000E-018
 Time= -1.300000000039588E-014 Intensity=   739120414174032.     
   4525.39178451422      < Te <    4525.42579994301     
   4765.07214005170      < Th <    4765.10733040336     
   80.4906915207605      < Ts <   81.1871682482528     
  8.397520061948876E+025 < Ne <  8.398182921350199E+025
  8.397520061948876E+025 < Nh <  8.398182921350185E+025
 CFL_Te=  1.541761126894620E-003 maxCFL_Ne=  1.389857595759538E-003 maxCFL_Ts=
  5.115680218502310E-004 CPU=   708.351016003144      NumThreads=           2 
 Elapsed time=  2.823458927587848E-003
 CFL_Limit=  1.000000000000000E-003
 dt_init=  1.000000000000000E-018 dt=  1.000000000000000E-018
 Time= -1.200000000039606E-014 Intensity=   771781949547488.     
   4528.90653015981      < Te <    4528.94319026341     
   4772.83065325550      < Th <    4772.86856088852     
   80.5435557252577      < Ts <   81.3204364452810     
  9.075123361424960E+025 < Ne <  9.075815558025775E+025
  9.075123361424960E+025 < Nh <  9.075815558025760E+025
 CFL_Te=  1.536392272388558E-003 maxCFL_Ne=  1.397649136183062E-003 maxCFL_Ts=
  5.117129989068041E-004 CPU=   708.251781992153      NumThreads=           2 
 Elapsed time=  2.823854525821946E-003
 CFL_Limit=  1.000000000000000E-003
 dt_init=  1.000000000000000E-018 dt=  1.000000000000000E-018
 Time= -1.100000000039625E-014 Intensity=   803095760155617.     
   4533.83390054176      < Te <    4533.87334076184     
   4780.90259541753      < Th <    4780.94334731629     
   80.6006625918070      < Ts <   81.4540901324781     
  9.781481378228978E+025 < Ne <  9.782201704229261E+025
  9.781481378228978E+025 < Nh <  9.782201704229244E+025
 CFL_Te=  1.531097652677675E-003 maxCFL_Ne=  1.406323629274092E-003 maxCFL_Ts=
  5.118689791581939E-004 CPU=   708.148917093977      NumThreads=           2 
 Elapsed time=  2.824264715686327E-003
 CFL_Limit=  1.000000000000000E-003
 dt_init=  1.000000000000000E-018 dt=  1.000000000000000E-018
 Time= -1.000000000039643E-014 Intensity=   832786001727595.     
   4556.67580167715      < Te <    4556.71832949525     
   4789.35117733838      < Th <    4789.39491791162     
   80.6621752800332      < Ts <   81.6015215747292     
  1.051526182750847E+026 < Ne <  1.051600882663940E+026
  1.051526182750847E+026 < Nh <  1.051600882663939E+026
 CFL_Te=  1.538811473985525E-003 maxCFL_Ne=  1.413409458065584E-003 maxCFL_Ts=
  5.120363993206987E-004 CPU=   708.044155088214      NumThreads=           2 
 Elapsed time=  2.824682593066279E-003
 CFL_Limit=  1.000000000000000E-003
 dt_init=  1.000000000000000E-018 dt=  1.000000000000000E-018
 Time= -9.000000000396607E-015 Intensity=   860583374007772.     
   4563.91784361447      < Te <    4563.96346346087     
   4814.23797774401      < Th <    4814.28499576041     
   80.7282430617768      < Ts <   81.7628370440663     
  1.127488644529805E+026 < Ne <  1.127565841838030E+026
  1.127488644529805E+026 < Nh <  1.127565841838028E+026
 CFL_Te=  1.534837159233928E-003 maxCFL_Ne=  1.423471300596805E-003 maxCFL_Ts=
  5.122155514579644E-004 CPU=   707.937194685660      NumThreads=           2 
 Elapsed time=  2.825109367064749E-003
 CFL_Limit=  1.000000000000000E-003
 dt_init=  1.000000000000000E-018 dt=  1.000000000000000E-018
 Time= -8.000000000396788E-015 Intensity=   886229158745770.     
   4572.81922682096      < Te <    4572.86810899506     
   4823.24131371495      < Th <    4823.29161655018     
   80.7989991913479      < Ts <   81.9358085626555     
  1.205853863544993E+026 < Ne <  1.205933365003082E+026
  1.205853863544993E+026 < Nh <  1.205933365003080E+026
 CFL_Te=  1.531507318160284E-003 maxCFL_Ne=  1.434643758365229E-003 maxCFL_Ts=
  5.124067494144453E-004 CPU=   707.821449878005      NumThreads=           2 
 Elapsed time=  2.825571336309043E-003
 CFL_Limit=  1.000000000000000E-003
 dt_init=  1.000000000000000E-018 dt=  1.000000000000000E-018
 Time= -7.000000000396969E-015 Intensity=   909479211697424.     
   4583.42212399687      < Te <    4583.47442954268     
   4832.81521269040      < Th <    4832.86894302923     
   80.8745585032164      < Ts <   82.1102202815678     
  1.286417465806890E+026 < Ne <  1.286499056139664E+026
  1.286417465806890E+026 < Nh <  1.286499056139662E+026
 CFL_Te=  1.529224150698836E-003 maxCFL_Ne=  1.447018625325130E-003 maxCFL_Ts=
  5.126098680375868E-004 CPU=   707.718407038181      NumThreads=           2 
 Elapsed time=  2.825982735661843E-003
 CFL_Limit=  1.000000000000000E-003
 dt_init=  1.000000000000000E-018 dt=  1.000000000000000E-018
 Time= -6.000000000397150E-015 Intensity=   930107822811065.     
   4608.99093893273      < Te <    4609.04700245901     
   4859.75367341747      < Th <    4859.81118349518     
   80.9550137060740      < Ts <   82.3062707624064     
  1.368953841749459E+026 < Ne <  1.369037285314207E+026
  1.368953841749459E+026 < Nh <  1.369037285314205E+026
 CFL_Te=  1.537754993726475E-003 maxCFL_Ne=  1.455091790809271E-003 maxCFL_Ts=
  5.128252811149051E-004 CPU=   707.611259130694      NumThreads=           2 
 Elapsed time=  2.826410651601297E-003
 CFL_Limit=  1.000000000000000E-003
 dt_init=  1.000000000000000E-018 dt=  1.000000000000000E-018
 Time= -5.000000000397331E-015 Intensity=   947911359388388.     
   4621.81837817837      < Te <    4621.87821339185     
   4869.42544271759      < Th <    4869.48669344750     
   81.0404383967426      < Ts <   82.5034189118960     
  1.453217976170363E+026 < Ne <  1.453303018919283E+026
  1.453217976170363E+026 < Nh <  1.453303018919282E+026
 CFL_Te=  1.536287299928381E-003 maxCFL_Ne=  1.468904713524042E-003 maxCFL_Ts=
  5.130526761051648E-004 CPU=   707.510821555965      NumThreads=           2 
 Elapsed time=  2.826811886214801E-003
 CFL_Limit=  1.000000000000000E-003
 dt_init=  1.000000000000000E-018 dt=  1.000000000000000E-018
 Time= -4.000000000397512E-015 Intensity=   962711610070075.     
   4648.29339408960      < Te <    4648.35735077457     
   4897.29359724349      < Th <    4897.35898183565     
   81.1308822752833      < Ts <   82.7226991776210     
  1.538947582451761E+026 < Ne <  1.539033954253539E+026
  1.538947582451761E+026 < Nh <  1.539033954253538E+026
 CFL_Te=  1.545087567287936E-003 maxCFL_Ne=  1.477320062984191E-003 maxCFL_Ts=
  5.132921458524436E-004 CPU=   707.402868389620      NumThreads=           2 
 Elapsed time=  2.827243271649345E-003
 CFL_Limit=  1.000000000000000E-003
 dt_init=  1.000000000000000E-018 dt=  1.000000000000000E-018
 Time= -3.000000000397693E-015 Intensity=   974358752858044.     
   4663.29010406325      < Te <    4663.35824261208     
   4906.27509052791      < Th <    4906.34457420225     
   81.2263679155366      < Ts <   82.9558761713403     
  1.625865527493331E+026 < Ne <  1.625952944669073E+026
  1.625865527493331E+026 < Nh <  1.625952944669076E+026
 CFL_Te=  1.544746642433630E-003 maxCFL_Ne=  1.492600485892092E-003 maxCFL_Ts=
  5.135435248757192E-004 CPU=   707.308626801496      NumThreads=           2 
 Elapsed time=  2.827619972690217E-003
 CFL_Limit=  1.000000000000000E-003
 dt_init=  1.000000000000000E-018 dt=  1.000000000000000E-018
 Time= -2.000000000397874E-015 Intensity=   982733878060388.     
   4690.27420658561      < Te <    4690.34692725139     
   4934.63577285703      < Th <    4934.70984150088     
   81.3268994947909      < Ts <   83.2001721749491     
  1.713682523766745E+026 < Ne <  1.713770691889243E+026
  1.713682523766745E+026 < Nh <  1.713770691889247E+026
 CFL_Te=  1.553685312130737E-003 maxCFL_Ne=  1.501238673631889E-003 maxCFL_Ts=
  5.138066081767469E-004 CPU=   707.219961831432      NumThreads=           2 
 Elapsed time=  2.827974474618559E-003
 CFL_Limit=  1.000000000000000E-003
 dt_init=  1.000000000000000E-018 dt=  1.000000000000000E-018
 Time= -1.000000000397902E-015 Intensity=   987751006861459.     
   4707.25385240013      < Te <    4707.33125147465     
   4944.82479608904      < Th <    4944.90341315583     
   81.4324501539352      < Ts <   83.4542611349241     
  1.802099994748430E+026 < Ne <  1.802188611607857E+026
  1.802099994748430E+026 < Nh <  1.802188611607866E+026
 CFL_Te=  1.554595765025589E-003 maxCFL_Ne=  1.517963583397722E-003 maxCFL_Ts=
  5.140810575428835E-004 CPU=   707.124245772692      NumThreads=           2 
 Elapsed time=  2.828357268126976E-003
 CFL_Limit=  1.000000000000000E-003
 dt_init=  1.000000000000000E-018 dt=  1.000000000000000E-018
 Time= -3.978898472655851E-025 Intensity=   989358557592368.     
   4734.31607943208      < Te <    4734.39856181146     
   4973.21844247632      < Th <    4973.30213689855     
   81.5429718393980      < Ts <   83.7198232400183     
  1.890813146136758E+026 < Ne <  1.890901904873748E+026
  1.890813146136758E+026 < Nh <  1.890901904873762E+026
 CFL_Te=  1.563533212400208E-003 maxCFL_Ne=  1.526691898880506E-003 maxCFL_Ts=
  5.143664926670912E-004 CPU=   707.036609702628      NumThreads=           2 
 Elapsed time=  2.828707838539193E-003
 CFL_Limit=  1.000000000000000E-003
 dt_init=  1.000000000000000E-018 dt=  1.000000000000000E-018
