Flat profile:

Each sample counts as 0.01 seconds.
  %   cumulative   self              self     total           
 time   seconds   seconds    calls  ns/call  ns/call  name    
 16.94    765.04   765.04                             MAIN__._omp_fn.1 (main_explicit_Mie.f90:2696 @ 403b10)
  9.10   1175.87   410.82                             MAIN__._omp_fn.1 (main_explicit_Mie.f90:3090 @ 40512c)
  8.86   1576.00   400.13                             MAIN__._omp_fn.1 (main_explicit_Mie.f90:2960 @ 404b94)
  8.24   1948.29   372.29                             MAIN__._omp_fn.1 (main_explicit_Mie.f90:2813 @ 4046c4)
  7.69   2295.52   347.23                             MAIN__._omp_fn.1 (main_explicit_Mie.f90:2781 @ 404235)
  2.49   2408.01   112.49                             MAIN__._omp_fn.1 (main_explicit_Mie.f90:3126 @ 405825)
  1.57   2479.07    71.06                             MAIN__._omp_fn.1 (main_explicit_Mie.f90:2587 @ 4035d4)
  1.55   2549.00    69.93                             flaps (main_explicit_Mie.f90:3384 @ 4187b4)
  1.41   2612.82    63.83                             MAIN__._omp_fn.1 (main_explicit_Mie.f90:3107 @ 405678)
  1.17   2665.58    52.76                             MAIN__._omp_fn.1 (main_explicit_Mie.f90:3115 @ 4057a8)
  0.96   2709.10    43.52                             fermiindex (main_explicit_Mie.f90:3826 @ 401f68)
  0.95   2751.98    42.88                             dielectricfunctiondrude (main_explicit_Mie.f90:3722 @ 40208f)
  0.93   2794.02    42.04                             dielectricfunctiondrude (main_explicit_Mie.f90:3722 @ 40219e)
  0.92   2835.52    41.50                             MAIN__._omp_fn.1 (main_explicit_Mie.f90:3090 @ 405056)
  0.87   2874.82    39.30                             MAIN__._omp_fn.1 (main_explicit_Mie.f90:2577 @ 40347f)
  0.87   2914.06    39.24                             dielectricfunctiondrude (main_explicit_Mie.f90:3721 @ 40206d)
  0.80   2950.30    36.23                             MAIN__._omp_fn.1 (main_explicit_Mie.f90:2482 @ 402d2a)
  0.79   2986.19    35.89                             MAIN__._omp_fn.1 (main_explicit_Mie.f90:2572 @ 4033f4)
  0.79   3021.81    35.63                             flaps (main_explicit_Mie.f90:726 @ 4073d3)
  0.78   3057.08    35.27                             dielectricfunction (main_explicit_Mie.f90:3713 @ 402590)
  0.75   3090.79    33.71                             MAIN__._omp_fn.1 (main_explicit_Mie.f90:3123 @ 4057dd)
  0.73   3123.61    32.82                             MAIN__._omp_fn.1 (main_explicit_Mie.f90:2813 @ 404b6b)
  0.68   3154.47    30.86                             MAIN__._omp_fn.1 (main_explicit_Mie.f90:2474 @ 402c25)
  0.68   3185.22    30.75                             flaps (main_explicit_Mie.f90:3397 @ 41898c)
  0.67   3215.55    30.33                             flaps (main_explicit_Mie.f90:3250 @ 4183c1)
  0.67   3245.61    30.06                             MAIN__._omp_fn.1 (main_explicit_Mie.f90:2583 @ 40354b)
  0.66   3275.39    29.78                             MAIN__._omp_fn.1 (main_explicit_Mie.f90:3090 @ 4050b4)
  0.65   3304.55    29.16                             flaps (main_explicit_Mie.f90:727 @ 4073f5)
  0.64   3333.34    28.80                             MAIN__._omp_fn.1 (main_explicit_Mie.f90:2513 @ 4030c4)
  0.58   3359.72    26.38                             flaps (main_explicit_Mie.f90:3390 @ 418887)
  0.55   3384.71    24.99                             MAIN__._omp_fn.1 (main_explicit_Mie.f90:3108 @ 4056d8)
  0.55   3409.56    24.85                             dielectricfunction (main_explicit_Mie.f90:3713 @ 405d8c)
  0.50   3432.18    22.62                             MAIN__._omp_fn.1 (main_explicit_Mie.f90:2510 @ 4030a6)
  0.50   3454.56    22.38                             MAIN__._omp_fn.1 (main_explicit_Mie.f90:3108 @ 4056b6)
  0.44   3474.42    19.87                             flaps (main_explicit_Mie.f90:3399 @ 4189b6)
  0.42   3493.54    19.12                             flaps (main_explicit_Mie.f90:3390 @ 4188f3)
  0.41   3512.00    18.46                             MAIN__._omp_fn.1 (main_explicit_Mie.f90:3114 @ 405779)
  0.41   3530.30    18.30                             MAIN__._omp_fn.1 (main_explicit_Mie.f90:3123 @ 40580e)
  0.40   3548.47    18.17                             flaps (main_explicit_Mie.f90:3334 @ 41863d)
  0.40   3566.49    18.02                             MAIN__._omp_fn.1 (main_explicit_Mie.f90:2513 @ 403154)
  0.40   3584.38    17.89                             MAIN__._omp_fn.1 (main_explicit_Mie.f90:3109 @ 4056fc)
  0.39   3601.87    17.49                             flaps (main_explicit_Mie.f90:3338 @ 418659)
  0.38   3619.11    17.25                             flaps (main_explicit_Mie.f90:3384 @ 4188a6)
  0.37   3635.85    16.74                             flaps (main_explicit_Mie.f90:3330 @ 418621)
  0.36   3652.13    16.28                             MAIN__._omp_fn.1 (main_explicit_Mie.f90:2340 @ 402958)
  0.36   3668.40    16.27                             MAIN__._omp_fn.1 (main_explicit_Mie.f90:2356 @ 402aeb)
  0.36   3684.52    16.12                             MAIN__._omp_fn.1 (main_explicit_Mie.f90:2554 @ 40332b)
  0.36   3700.64    16.12                             MAIN__._omp_fn.1 (main_explicit_Mie.f90:3114 @ 40579b)
  0.35   3716.37    15.73                             flaps (main_explicit_Mie.f90:3326 @ 418605)
  0.33   3731.47    15.10                             MAIN__._omp_fn.1 (main_explicit_Mie.f90:2548 @ 40323a)
  0.33   3746.39    14.92                             flaps (main_explicit_Mie.f90:3282 @ 4184ef)
  0.31   3760.33    13.94                             flaps (main_explicit_Mie.f90:3438 @ 419232)
  0.31   3774.15    13.82                             MAIN__._omp_fn.1 (main_explicit_Mie.f90:2661 @ 405d46)
  0.30   3787.84    13.69                             MAIN__._omp_fn.1 (main_explicit_Mie.f90:2501 @ 402f11)
  0.30   3801.52    13.68                             flaps (main_explicit_Mie.f90:3342 @ 418675)
  0.30   3815.17    13.65                             flaps (main_explicit_Mie.f90:3397 @ 41896e)
  0.30   3828.78    13.62                             flaps (main_explicit_Mie.f90:3369 @ 418780)
  0.30   3842.16    13.38                             flaps (main_explicit_Mie.f90:3380 @ 4186da)
  0.30   3855.50    13.34                             flaps (main_explicit_Mie.f90:763 @ 4074eb)
  0.29   3868.81    13.31                             MAIN__._omp_fn.1 (main_explicit_Mie.f90:2483 @ 402d59)
  0.29   3882.05    13.24                             flaps (main_explicit_Mie.f90:3270 @ 41849b)
  0.29   3895.25    13.20                             flaps (main_explicit_Mie.f90:3298 @ 418553)
  0.28   3907.75    12.50                             MAIN__._omp_fn.1 (main_explicit_Mie.f90:2507 @ 402fcd)
  0.27   3919.79    12.04                             flaps (main_explicit_Mie.f90:3290 @ 418521)
  0.26   3931.66    11.87                             MAIN__._omp_fn.1 (main_explicit_Mie.f90:2647 @ 403996)
  0.26   3943.39    11.74                             MAIN__._omp_fn.1 (main_explicit_Mie.f90:2498 @ 402e8a)
  0.26   3955.00    11.61                             flaps (main_explicit_Mie.f90:3253 @ 4183ef)
  0.25   3966.33    11.33                             MAIN__._omp_fn.1 (main_explicit_Mie.f90:2356 @ 402a85)
  0.25   3977.40    11.07                             MAIN__._omp_fn.1 (main_explicit_Mie.f90:2341 @ 402977)
  0.24   3988.25    10.85                             flaps (main_explicit_Mie.f90:3368 @ 418766)
  0.23   3998.77    10.52                             flaps (main_explicit_Mie.f90:726 @ 40737d)
  0.22   4008.81    10.04                             MAIN__._omp_fn.1 (main_explicit_Mie.f90:2643 @ 4038bb)
  0.22   4018.75     9.94                             MAIN__._omp_fn.1 (main_explicit_Mie.f90:2489 @ 402d9a)
  0.21   4028.44     9.69                             MAIN__._omp_fn.1 (main_explicit_Mie.f90:2476 @ 402cba)
  0.21   4038.01     9.57                             MAIN__._omp_fn.1 (main_explicit_Mie.f90:2488 @ 402d84)
  0.21   4047.28     9.27                             MAIN__._omp_fn.1 (main_explicit_Mie.f90:2600 @ 403636)
  0.20   4056.53     9.25                             flaps (main_explicit_Mie.f90:3278 @ 4184d3)
  0.20   4065.76     9.23                             densityofstateh (main_explicit_Mie.f90:3657 @ 40271a)
  0.20   4074.74     8.98                             MAIN__._omp_fn.1 (main_explicit_Mie.f90:2510 @ 403066)
  0.20   4083.65     8.92                             MAIN__._omp_fn.1 (main_explicit_Mie.f90:3110 @ 405727)
  0.19   4092.38     8.73                             MAIN__._omp_fn.1 (main_explicit_Mie.f90:2553 @ 403319)
  0.19   4100.98     8.60                             MAIN__._omp_fn.1 (main_explicit_Mie.f90:2317 @ 40253d)
  0.19   4109.35     8.37                             MAIN__._omp_fn.1 (main_explicit_Mie.f90:2639 @ 40377d)
  0.16   4116.70     7.35                             MAIN__._omp_fn.1 (main_explicit_Mie.f90:2548 @ 4032bc)
  0.16   4123.86     7.16                             MAIN__._omp_fn.1 (main_explicit_Mie.f90:2599 @ 403626)
  0.16   4130.86     7.00                             MAIN__._omp_fn.1 (main_explicit_Mie.f90:2494 @ 402e03)
  0.15   4137.72     6.86                             flaps (main_explicit_Mie.f90:763 @ 4074c3)
  0.15   4144.41     6.69                             MAIN__._omp_fn.1 (main_explicit_Mie.f90:2545 @ 403217)
  0.15   4151.10     6.69                             MAIN__._omp_fn.1 (main_explicit_Mie.f90:2340 @ 4028cd)
  0.15   4157.73     6.64                             MAIN__._omp_fn.1 (main_explicit_Mie.f90:2507 @ 402f31)
  0.15   4164.37     6.64                             flaps (main_explicit_Mie.f90:3367 @ 41874c)
  0.14   4170.81     6.44                             MAIN__._omp_fn.1 (main_explicit_Mie.f90:2641 @ 4038a9)
  0.14   4177.18     6.37                             MAIN__._omp_fn.1 (main_explicit_Mie.f90:2645 @ 403984)
  0.14   4183.52     6.34                             dielectricfunctiondrude (main_explicit_Mie.f90:3721 @ 402164)
  0.14   4189.77     6.25                             flaps (main_explicit_Mie.f90:3366 @ 41872b)
  0.14   4195.92     6.15                             flaps (main_explicit_Mie.f90:3322 @ 4185e9)
  0.13   4202.01     6.09                             MAIN__._omp_fn.1 (main_explicit_Mie.f90:2346 @ 402a4e)
  0.13   4207.94     5.93                             MAIN__._omp_fn.1 (main_explicit_Mie.f90:2333 @ 4027c0)
  0.13   4213.83     5.89                             MAIN__._omp_fn.1 (main_explicit_Mie.f90:3107 @ 405643)
  0.13   4219.66     5.83                             flaps (main_explicit_Mie.f90:762 @ 4074e4)
  0.13   4225.40     5.74                             flaps (main_explicit_Mie.f90:3452 @ 4192a2)
  0.12   4230.97     5.57                             MAIN__._omp_fn.1 (main_explicit_Mie.f90:2345 @ 402a14)
  0.12   4236.52     5.56                             flaps (main_explicit_Mie.f90:3384 @ 4188e7)
  0.12   4242.04     5.52                             flaps (main_explicit_Mie.f90:3346 @ 418693)
  0.12   4247.53     5.50                             MAIN__._omp_fn.1 (main_explicit_Mie.f90:2639 @ 40383e)
  0.12   4252.83     5.30                             MAIN__._omp_fn.1 (main_explicit_Mie.f90:3090 @ 405113)
  0.11   4257.96     5.14                             flaps (main_explicit_Mie.f90:3350 @ 4186af)
  0.10   4262.51     4.55                             MAIN__._omp_fn.1 (main_explicit_Mie.f90:2545 @ 4031d6)
  0.10   4267.03     4.52                             MAIN__._omp_fn.1 (main_explicit_Mie.f90:2483 @ 402d78)
  0.09   4271.29     4.27                             MAIN__._omp_fn.1 (main_explicit_Mie.f90:2362 @ 402b05)
  0.09   4275.51     4.22                             MAIN__._omp_fn.1 (main_explicit_Mie.f90:2645 @ 40391f)
  0.09   4279.67     4.16                             MAIN__._omp_fn.1 (main_explicit_Mie.f90:2334 @ 402849)
  0.09   4283.73     4.06                             flaps (main_explicit_Mie.f90:3262 @ 418463)
  0.09   4287.79     4.06                             dielectricfunction (main_explicit_Mie.f90:3712 @ 40256d)
  0.09   4291.82     4.03                             flaps (main_explicit_Mie.f90:3258 @ 418447)
  0.09   4295.83     4.02                             flaps (main_explicit_Mie.f90:3390 @ 418917)
  0.09   4299.80     3.97                             MAIN__._omp_fn.1 (main_explicit_Mie.f90:2500 @ 402ec4)
  0.08   4303.49     3.70                             MAIN__._omp_fn.1 (main_explicit_Mie.f90:2641 @ 403850)
  0.08   4307.13     3.64                             flaps (main_explicit_Mie.f90:3390 @ 418966)
  0.08   4310.75     3.62                             MAIN__._omp_fn.1 (main_explicit_Mie.f90:2598 @ 403616)
  0.08   4314.33     3.59                             latticeheatcapacity (main_explicit_Mie.f90:3813 @ 401f0d)
  0.08   4317.81     3.48                             flaps (main_explicit_Mie.f90:3251 @ 418409)
  0.08   4321.28     3.47                             flaps (main_explicit_Mie.f90:3306 @ 418585)
  0.07   4324.66     3.38                             flaps (main_explicit_Mie.f90:3397 @ 41895c)
  0.07   4328.02     3.36                             flaps (main_explicit_Mie.f90:3358 @ 418704)
  0.07   4331.12     3.10                             flaps (main_explicit_Mie.f90:3314 @ 4185b7)
  0.07   4334.06     2.94                             flaps (main_explicit_Mie.f90:3390 @ 418930)
  0.06   4336.99     2.93                             dielectricfunctiondrude (main_explicit_Mie.f90:3724 @ 40215e)
  0.06   4339.74     2.75                             densityofstatee (main_explicit_Mie.f90:3650 @ 4026ea)
  0.06   4342.34     2.60                             MAIN__._omp_fn.1 (main_explicit_Mie.f90:2510 @ 40300f)
  0.06   4344.91     2.57                             impactionizationrate (main_explicit_Mie.f90:3746 @ 402da8)
  0.06   4347.44     2.53                             flaps (main_explicit_Mie.f90:3384 @ 41890b)
  0.05   4349.90     2.47                             MAIN__._omp_fn.1 (main_explicit_Mie.f90:3114 @ 405759)
  0.05   4352.35     2.45                             flaps (main_explicit_Mie.f90:3274 @ 4184b7)
  0.05   4354.78     2.43                             MAIN__._omp_fn.1 (main_explicit_Mie.f90:2476 @ 402c66)
  0.05   4357.14     2.37                             fermiindex (main_explicit_Mie.f90:3831 @ 402049)
  0.05   4359.47     2.33                             ephcollisionfrequency (main_explicit_Mie.f90:3730 @ 402542)
  0.05   4361.79     2.32                             fermiindex (main_explicit_Mie.f90:3817 @ 401f50)
  0.05   4364.05     2.26                             MAIN__._omp_fn.1 (main_explicit_Mie.f90:2549 @ 4032b1)
  0.05   4366.25     2.20                             MAIN__._omp_fn.1 (main_explicit_Mie.f90:2572 @ 40336d)
  0.05   4368.45     2.20                             flaps (main_explicit_Mie.f90:3434 @ 41920a)
  0.05   4370.64     2.19                             flaps (main_explicit_Mie.f90:3250 @ 4183eb)
  0.05   4372.83     2.19                             flaps (main_explicit_Mie.f90:3431 @ 4191e2)
  0.05   4374.95     2.12                             MAIN__._omp_fn.1 (main_explicit_Mie.f90:2572 @ 403395)
  0.05   4377.01     2.06                             MAIN__._omp_fn.1 (main_explicit_Mie.f90:2474 @ 402bd3)
  0.05   4379.04     2.04                             flaps (main_explicit_Mie.f90:3354 @ 4186cb)
  0.04   4381.05     2.01                             MAIN__._omp_fn.1 (main_explicit_Mie.f90:2577 @ 4034b7)
  0.04   4383.02     1.97                             impactionizationrate (main_explicit_Mie.f90:3746 @ 402e45)
  0.04   4384.94     1.92                             flaps (main_explicit_Mie.f90:3253 @ 4183e1)
  0.04   4386.84     1.90                             MAIN__._omp_fn.1 (main_explicit_Mie.f90:2320 @ 402661)
  0.04   4388.70     1.87                             dielectricfunctiondrude (main_explicit_Mie.f90:3717 @ 402060)
  0.04   4390.55     1.85                             MAIN__._omp_fn.1 (main_explicit_Mie.f90:2546 @ 403214)
  0.04   4392.39     1.84                             flaps (main_explicit_Mie.f90:3390 @ 41893c)
  0.04   4394.18     1.79                             MAIN__._omp_fn.1 (main_explicit_Mie.f90:2498 @ 402e49)
  0.04   4395.96     1.78                             MAIN__._omp_fn.1 (main_explicit_Mie.f90:2572 @ 403364)
  0.04   4397.73     1.77                             impactionizationrate (main_explicit_Mie.f90:3746 @ 403368)
  0.04   4399.45     1.72                             MAIN__._omp_fn.1 (main_explicit_Mie.f90:2545 @ 40319a)
  0.04   4401.16     1.71                             MAIN__._omp_fn.1 (main_explicit_Mie.f90:2362 @ 402ba4)
  0.04   4402.87     1.71                             fermiindex (main_explicit_Mie.f90:3827 @ 401f8a)
  0.04   4404.56     1.70                             flaps (main_explicit_Mie.f90:3426 @ 4190f7)
  0.04   4406.24     1.68                             MAIN__._omp_fn.1 (main_explicit_Mie.f90:2647 @ 403748)
  0.04   4407.91     1.67                             flaps (main_explicit_Mie.f90:3422 @ 41900c)
  0.04   4409.51     1.60                             MAIN__._omp_fn.1 (main_explicit_Mie.f90:2597 @ 4035fe)
  0.03   4411.09     1.58                             flaps (main_explicit_Mie.f90:725 @ 40741b)
  0.03   4412.59     1.50                             MAIN__._omp_fn.1 (main_explicit_Mie.f90:2317 @ 4024bc)
  0.03   4414.08     1.49                             flaps (main_explicit_Mie.f90:3451 @ 419282)
  0.03   4415.54     1.46                             MAIN__._omp_fn.1 (main_explicit_Mie.f90:2321 @ 40269c)
  0.03   4416.94     1.40                             flaps (main_explicit_Mie.f90:3390 @ 418948)
  0.03   4418.32     1.38                             flaps (main_explicit_Mie.f90:3384 @ 4188d7)
  0.03   4419.69     1.38                             MAIN__._omp_fn.1 (main_explicit_Mie.f90:2585 @ 4035ce)
  0.03   4421.01     1.32                             flaps (main_explicit_Mie.f90:3390 @ 4188df)
  0.03   4422.24     1.23                             MAIN__._omp_fn.1 (main_explicit_Mie.f90:2319 @ 402517)
  0.03   4423.47     1.23                             MAIN__._omp_fn.1 (main_explicit_Mie.f90:2583 @ 4034f8)
  0.03   4424.70     1.23                             MAIN__._omp_fn.1 (main_explicit_Mie.f90:2356 @ 402af7)
  0.03   4425.90     1.20                             flaps (main_explicit_Mie.f90:3355 @ 4186ee)
  0.03   4427.08     1.18                             MAIN__._omp_fn.1 (main_explicit_Mie.f90:2575 @ 403479)
  0.03   4428.26     1.18                             impactionizationrate (main_explicit_Mie.f90:3746 @ 402e56)
  0.03   4429.43     1.17                             MAIN__._omp_fn.1 (main_explicit_Mie.f90:2513 @ 403131)
  0.03   4430.60     1.17                             flaps (main_explicit_Mie.f90:3266 @ 41847f)
  0.03   4431.75     1.15                             impactionizationrate (main_explicit_Mie.f90:3746 @ 4034eb)
  0.02   4432.84     1.09                             fermiindex (main_explicit_Mie.f90:3826 @ 401f61)
  0.02   4433.84     1.01                             fermiindex (main_explicit_Mie.f90:3817 @ 401f65)
  0.02   4434.84     1.00                             MAIN__._omp_fn.1 (main_explicit_Mie.f90:2321 @ 4026b9)
  0.02   4435.82     0.98                             MAIN__._omp_fn.1 (main_explicit_Mie.f90:2960 @ 404b56)
  0.02   4436.79     0.97                             MAIN__._omp_fn.1 (main_explicit_Mie.f90:2334 @ 4028ac)
  0.02   4437.75     0.96                             MAIN__._omp_fn.1 (main_explicit_Mie.f90:2329 @ 40277b)
  0.02   4438.69     0.94                             flaps (main_explicit_Mie.f90:3409 @ 418b89)
  0.02   4439.62     0.93                             MAIN__._omp_fn.1 (main_explicit_Mie.f90:2543 @ 403187)
  0.02   4440.55     0.93                             coneexp1 (main_explicit_Mie.f90:4537 @ 401e11)
  0.02   4441.48     0.93                             flaps (main_explicit_Mie.f90:725 @ 4073cc)
  0.02   4442.40     0.92                             flaps (main_explicit_Mie.f90:3354 @ 4186e4)
  0.02   4443.32     0.92                             impactionizationrate (main_explicit_Mie.f90:3746 @ 403384)
  0.02   4444.24     0.92                             flaps (main_explicit_Mie.f90:763 @ 4074de)
  0.02   4445.14     0.91                             MAIN__._omp_fn.1 (main_explicit_Mie.f90:2320 @ 4026b4)
  0.02   4446.05     0.91                             impactionizationrate (main_explicit_Mie.f90:3746 @ 402ded)
  0.02   4446.94     0.90                             MAIN__._omp_fn.1 (main_explicit_Mie.f90:2553 @ 403308)
  0.02   4447.84     0.90                             MAIN__._omp_fn.1 (main_explicit_Mie.f90:2549 @ 4032f7)
  0.02   4448.73     0.89                             latticeheatcapacity (main_explicit_Mie.f90:3802 @ 401f00)
  0.02   4449.60     0.88                             MAIN__._omp_fn.1 (main_explicit_Mie.f90:2328 @ 402769)
  0.02   4450.47     0.87                             MAIN__._omp_fn.1 (main_explicit_Mie.f90:2583 @ 4034d0)
  0.02   4451.33     0.86                             MAIN__._omp_fn.1 (main_explicit_Mie.f90:2494 @ 402dbb)
  0.02   4452.18     0.86                             MAIN__._omp_fn.1 (main_explicit_Mie.f90:2331 @ 402798)
  0.02   4453.02     0.84                             flaps (main_explicit_Mie.f90:3390 @ 418872)
  0.02   4453.86     0.84                             MAIN__._omp_fn.1 (main_explicit_Mie.f90:2676 @ 403b03)
  0.02   4454.69     0.83                             MAIN__._omp_fn.1 (main_explicit_Mie.f90:2471 @ 402b92)
  0.02   4455.52     0.83                             MAIN__._omp_fn.1 (main_explicit_Mie.f90:2482 @ 402cb3)
  0.02   4456.35     0.83                             flaps (main_explicit_Mie.f90:3319 @ 4185e1)
  0.02   4457.18     0.83                             flaps (main_explicit_Mie.f90:3335 @ 418651)
  0.02   4458.01     0.83                             MAIN__._omp_fn.1 (main_explicit_Mie.f90:2661 @ 403ac8)
  0.02   4458.83     0.83                             densityofstatee (main_explicit_Mie.f90:3650 @ 4026d9)
  0.02   4459.66     0.83                             flaps (main_explicit_Mie.f90:3444 @ 419267)
  0.02   4460.48     0.82                             flaps (main_explicit_Mie.f90:3250 @ 4183f9)
  0.02   4461.30     0.82                             MAIN__._omp_fn.1 (main_explicit_Mie.f90:2583 @ 403524)
  0.02   4462.11     0.81                             flaps (main_explicit_Mie.f90:3327 @ 418619)
  0.02   4462.91     0.81                             flaps (main_explicit_Mie.f90:3248 @ 4198ba)
  0.02   4463.71     0.80                             MAIN__._omp_fn.1 (main_explicit_Mie.f90:2471 @ 402bcf)
  0.02   4464.50     0.79                             flaps (main_explicit_Mie.f90:3250 @ 418387)
  0.02   4465.29     0.79                             flaps (main_explicit_Mie.f90:3287 @ 418519)
  0.02   4466.07     0.78                             MAIN__._omp_fn.1 (main_explicit_Mie.f90:2508 @ 402fef)
  0.02   4466.85     0.78                             flaps (main_explicit_Mie.f90:3339 @ 41866d)
  0.02   4467.62     0.77                             MAIN__._omp_fn.1 (main_explicit_Mie.f90:2498 @ 402e63)
  0.02   4468.39     0.77                             MAIN__._omp_fn.1 (main_explicit_Mie.f90:2577 @ 4034c7)
  0.02   4469.16     0.77                             flaps (main_explicit_Mie.f90:3307 @ 418599)
  0.02   4469.92     0.76                             MAIN__._omp_fn.1 (main_explicit_Mie.f90:2474 @ 402b7b)
  0.02   4470.68     0.76                             flaps (main_explicit_Mie.f90:3359 @ 418735)
  0.02   4471.44     0.76                             flaps (main_explicit_Mie.f90:3413 @ 418d0a)
  0.02   4472.20     0.76                             latticeheatcapacity.2030 (main_explicit_Mie.f90:3814 @ 401f4a)
  0.02   4472.95     0.75                             MAIN__._omp_fn.1 (main_explicit_Mie.f90:2553 @ 4032d6)
  0.02   4473.70     0.75                             flaps (main_explicit_Mie.f90:3392 @ 418940)
  0.02   4474.45     0.75                             fermiindex (main_explicit_Mie.f90:3828 @ 401fa2)
  0.02   4475.18     0.73                             flaps (main_explicit_Mie.f90:3303 @ 41857d)
  0.02   4475.89     0.72                             MAIN__._omp_fn.1 (main_explicit_Mie.f90:2549 @ 4032c9)
  0.02   4476.60     0.71                             flaps (main_explicit_Mie.f90:3331 @ 418635)
  0.02   4477.30     0.70                             flaps (main_explicit_Mie.f90:3378 @ 4187ae)
  0.02   4477.99     0.69                             flaps (main_explicit_Mie.f90:3417 @ 418e8b)
  0.02   4478.67     0.68                             flaps (main_explicit_Mie.f90:3358 @ 4186f6)
  0.02   4479.35     0.68                             flaps (main_explicit_Mie.f90:3405 @ 418a12)
  0.01   4480.02     0.67                             flaps (main_explicit_Mie.f90:3323 @ 4185fd)
  0.01   4480.68     0.66                             flaps (main_explicit_Mie.f90:3253 @ 4183b1)
  0.01   4481.30     0.62                             MAIN__._omp_fn.1 (main_explicit_Mie.f90:2583 @ 4034a9)
  0.01   4481.90     0.60                             flaps (main_explicit_Mie.f90:3291 @ 418535)
  0.01   4482.49     0.59                             flaps (main_explicit_Mie.f90:3359 @ 418716)
  0.01   4483.07     0.58                             MAIN__._omp_fn.1 (main_explicit_Mie.f90:3109 @ 4056ef)
  0.01   4483.64     0.58                             MAIN__._omp_fn.1 (main_explicit_Mie.f90:2494 @ 402e3f)
  0.01   4484.21     0.57                             MAIN__._omp_fn.1 (main_explicit_Mie.f90:2333 @ 402845)
  0.01   4484.75     0.54                             MAIN__._omp_fn.1 (main_explicit_Mie.f90:2334 @ 40283d)
  0.01   4485.29     0.54                             flaps (main_explicit_Mie.f90:3253 @ 418427)
  0.01   4485.83     0.54                             impactionizationrate (main_explicit_Mie.f90:3746 @ 402dc8)
  0.01   4486.36     0.53                             MAIN__._omp_fn.1 (main_explicit_Mie.f90:2546 @ 403224)
  0.01   4486.88     0.53                             MAIN__._omp_fn.1 (main_explicit_Mie.f90:2494 @ 402dd5)
  0.01   4487.41     0.53                             MAIN__._omp_fn.1 (main_explicit_Mie.f90:2505 @ 402f17)
  0.01   4487.93     0.52                             flaps (main_explicit_Mie.f90:3384 @ 418928)
  0.01   4488.43     0.51                             flaps (main_explicit_Mie.f90:3442 @ 41925b)
  0.01   4488.91     0.48                             impactionizationrate (main_explicit_Mie.f90:3746 @ 402db4)
  0.01   4489.39     0.48                             MAIN__._omp_fn.1 (main_explicit_Mie.f90:2341 @ 402955)
  0.01   4489.85     0.46                             flaps (main_explicit_Mie.f90:3370 @ 41879a)
  0.01   4490.31     0.46                             MAIN__._omp_fn.1 (main_explicit_Mie.f90:2329 @ 402751)
  0.01   4490.76     0.46                             MAIN__._omp_fn.1 (main_explicit_Mie.f90:2331 @ 4027bc)
  0.01   4491.22     0.46                             densityofstateh (main_explicit_Mie.f90:3657 @ 402755)
  0.01   4491.67     0.45                             MAIN__._omp_fn.1 (main_explicit_Mie.f90:2696 @ 403aec)
  0.01   4492.12     0.45                             MAIN__._omp_fn.1 (main_explicit_Mie.f90:3052 @ 405106)
  0.01   4492.57     0.45                             densityofstatee (main_explicit_Mie.f90:3650 @ 40273d)
  0.01   4493.01     0.44                             MAIN__._omp_fn.1 (main_explicit_Mie.f90:2320 @ 402656)
  0.01   4493.44     0.44                             MAIN__._omp_fn.1 (main_explicit_Mie.f90:2330 @ 402778)
  0.01   4493.88     0.44                             MAIN__._omp_fn.1 (main_explicit_Mie.f90:2340 @ 4028a5)
  0.01   4494.31     0.44                             flaps (main_explicit_Mie.f90:3311 @ 4185af)
  0.01   4494.74     0.43                             flaps (main_explicit_Mie.f90:3302 @ 41856f)
  0.01   4495.17     0.43                             flaps (main_explicit_Mie.f90:3318 @ 4185d3)
  0.01   4495.60     0.43                             latticeheatcapacity (main_explicit_Mie.f90:3814 @ 401f48)
  0.01   4496.02     0.42                             MAIN__._omp_fn.1 (main_explicit_Mie.f90:2671 @ 403ae5)
  0.01   4496.43     0.42                             MAIN__._omp_fn.1 (main_explicit_Mie.f90:2330 @ 402765)
  0.01   4496.85     0.42                             flaps (main_explicit_Mie.f90:3295 @ 41854b)
  0.01   4497.26     0.42                             flaps (main_explicit_Mie.f90:3401 @ 4188d2)
  0.01   4497.67     0.41                             dielectricfunction (main_explicit_Mie.f90:3713 @ 40265d)
  0.01   4498.08     0.41                             flaps (main_explicit_Mie.f90:3279 @ 4184e7)
  0.01   4498.49     0.41                             flaps (main_explicit_Mie.f90:3315 @ 4185cb)
  0.01   4498.90     0.41                             flaps (main_explicit_Mie.f90:3347 @ 4186a7)
  0.01   4499.30     0.41                             flaps (main_explicit_Mie.f90:3351 @ 4186c3)
  0.01   4499.70     0.40                             flaps (main_explicit_Mie.f90:3286 @ 41850b)
  0.01   4500.10     0.40                             flaps (main_explicit_Mie.f90:3366 @ 418744)
  0.01   4500.49     0.39                             densityofstateh (main_explicit_Mie.f90:3657 @ 40270d)
  0.01   4500.87     0.39                             flaps (main_explicit_Mie.f90:3343 @ 41868a)
  0.01   4501.24     0.37                             MAIN__._omp_fn.1 (main_explicit_Mie.f90:2543 @ 40312a)
  0.01   4501.61     0.37                             impactionizationrate (main_explicit_Mie.f90:3746 @ 402e37)
  0.01   4501.98     0.37                             MAIN__._omp_fn.1 (main_explicit_Mie.f90:3108 @ 405671)
  0.01   4502.34     0.36                             MAIN__._omp_fn.1 (main_explicit_Mie.f90:2583 @ 403540)
  0.01   4502.70     0.36                             MAIN__._omp_fn.1 (main_explicit_Mie.f90:2587 @ 403544)
  0.01   4503.06     0.36                             MAIN__._omp_fn.1 (main_explicit_Mie.f90:2572 @ 4033d8)
  0.01   4503.42     0.36                             MAIN__._omp_fn.1 (main_explicit_Mie.f90:2575 @ 4033dd)
  0.01   4503.77     0.36                             flaps (main_explicit_Mie.f90:3271 @ 4184af)
  0.01   4504.12     0.35                             flaps (main_explicit_Mie.f90:3390 @ 4188cd)
  0.01   4504.46     0.34                             MAIN__._omp_fn.1 (main_explicit_Mie.f90:2317 @ 402507)
  0.01   4504.80     0.34                             flaps (main_explicit_Mie.f90:3275 @ 4184cb)
  0.01   4505.13     0.33                             MAIN__._omp_fn.1 (main_explicit_Mie.f90:3123 @ 40576b)
  0.01   4505.45     0.32                             flaps (main_explicit_Mie.f90:3355 @ 4186fd)
  0.01   4505.77     0.32                             MAIN__._omp_fn.1 (main_explicit_Mie.f90:2334 @ 4028c2)
  0.01   4506.08     0.31                             flaps (main_explicit_Mie.f90:3267 @ 418493)
  0.01   4506.38     0.30                             MAIN__._omp_fn.1 (main_explicit_Mie.f90:2318 @ 402567)
  0.01   4506.68     0.30                             flaps (main_explicit_Mie.f90:645 @ 4070a1)
  0.01   4506.97     0.29                             flaps (main_explicit_Mie.f90:3299 @ 418567)
  0.01   4507.25     0.29                             MAIN__._omp_fn.1 (main_explicit_Mie.f90:3110 @ 4056f9)
  0.01   4507.52     0.27                             MAIN__._omp_fn.1 (main_explicit_Mie.f90:2320 @ 40268c)
  0.01   4507.79     0.27                             MAIN__._omp_fn.1 (main_explicit_Mie.f90:2505 @ 402f0a)
  0.01   4508.05     0.26                             flaps (main_explicit_Mie.f90:3283 @ 418503)
  0.01   4508.30     0.26                             MAIN__._omp_fn.1 (main_explicit_Mie.f90:2321 @ 4026e5)
  0.01   4508.55     0.25                             MAIN__._omp_fn.1 (main_explicit_Mie.f90:3109 @ 4056d1)
  0.01   4508.80     0.25                             flaps (main_explicit_Mie.f90:3263 @ 418477)
  0.01   4509.04     0.24                             MAIN__._omp_fn.1 (main_explicit_Mie.f90:2319 @ 402687)
  0.01   4509.27     0.23                             flaps (main_explicit_Mie.f90:3259 @ 41845b)
  0.00   4509.50     0.23                             MAIN__._omp_fn.1 (main_explicit_Mie.f90:3052 @ 405128)
  0.00   4509.72     0.23                             fermiindex.2027 (main_explicit_Mie.f90:3831 @ 402053)
  0.00   4509.94     0.22                             MAIN__._omp_fn.1 (main_explicit_Mie.f90:2318 @ 40250f)
  0.00   4510.16     0.22                             MAIN__._omp_fn.1 (main_explicit_Mie.f90:3051 @ 40510f)
  0.00   4510.38     0.22                             coneexp1 (main_explicit_Mie.f90:4535 @ 401ded)
  0.00   4510.60     0.22                             flaps (main_explicit_Mie.f90:3255 @ 41843d)
  0.00   4510.82     0.22                             flaps (main_explicit_Mie.f90:3380 @ 418722)
  0.00   4511.03     0.21                             flaps (main_explicit_Mie.f90:3366 @ 41871a)
  0.00   4511.23     0.21                             MAIN__._omp_fn.1 (main_explicit_Mie.f90:2572 @ 40334e)
  0.00   4511.41     0.18                             ephcollisionfrequency (main_explicit_Mie.f90:3730 @ 4024f7)
  0.00   4511.59     0.18                             flaps (main_explicit_Mie.f90:3401 @ 418a09)
  0.00   4511.75     0.16                             flaps (main_explicit_Mie.f90:3390 @ 4188b8)
  0.00   4511.89     0.14                             flaps (main_explicit_Mie.f90:3294 @ 41853d)
  0.00   4512.03     0.14                             flaps (main_explicit_Mie.f90:3397 @ 418984)
  0.00   4512.16     0.13                             coneexp1 (main_explicit_Mie.f90:4540 @ 401ee4)
  0.00   4512.29     0.13                             flaps (main_explicit_Mie.f90:3399 @ 418988)
  0.00   4512.41     0.12                             __libmsh2vf_MOD_sort_dicho_int (libmsh2vf.f90:98 @ 4367d9)
  0.00   4512.53     0.12                             flaps (main_explicit_Mie.f90:3378 @ 418739)
  0.00   4512.65     0.12                             flaps (main_explicit_Mie.f90:685 @ 407200)
  0.00   4512.76     0.12                             flaps (main_explicit_Mie.f90:3423 @ 419072)
  0.00   4512.87     0.11                             MAIN__._omp_fn.1 (main_explicit_Mie.f90:2298 @ 4023fc)
  0.00   4512.98     0.11                             coneexp1 (main_explicit_Mie.f90:4519 @ 401de0)
  0.00   4513.08     0.10                             MAIN__._omp_fn.1 (main_explicit_Mie.f90:2494 @ 402dad)
  0.00   4513.18     0.10                             flaps (main_explicit_Mie.f90:3384 @ 418934)
  0.00   4513.28     0.10                             flaps (main_explicit_Mie.f90:3394 @ 41894c)
  0.00   4513.37     0.09                             MAIN__._omp_fn.1 (main_explicit_Mie.f90:2484 @ 402d71)
  0.00   4513.46     0.09                             MAIN__._omp_fn.1 (main_explicit_Mie.f90:2501 @ 402f02)
  0.00   4513.53     0.08                             impactionizationrate (main_explicit_Mie.f90:3746 @ 40335c)
  0.00   4513.61     0.08                             impactionizationrate (main_explicit_Mie.f90:3746 @ 4034cb)
  0.00   4513.68     0.07                             MAIN__._omp_fn.1 (main_explicit_Mie.f90:3126 @ 405793)
  0.00   4513.75     0.07                             flaps (main_explicit_Mie.f90:3310 @ 4185a1)
  0.00   4513.81     0.06                             flaps (main_explicit_Mie.f90:689 @ 407226)
  0.00   4513.87     0.06                             flaps (main_explicit_Mie.f90:649 @ 4070dd)
  0.00   4513.93     0.06                             flaps (main_explicit_Mie.f90:724 @ 407347)
  0.00   4513.98     0.06                             __libmsh2vf_MOD_sort_dicho_int (libmsh2vf.f90:120 @ 436b1b)
  0.00   4514.03     0.05                             MAIN__._omp_fn.1 (main_explicit_Mie.f90:2362 @ 402aef)
  0.00   4514.08     0.05                             MAIN__._omp_fn.1 (main_explicit_Mie.f90:2513 @ 40305e)
  0.00   4514.13     0.05                             MAIN__._omp_fn.1 (main_explicit_Mie.f90:3050 @ 4050ae)
  0.00   4514.18     0.05                             MAIN__._omp_fn.1 (main_explicit_Mie.f90:3051 @ 4050fd)
  0.00   4514.23     0.05                             flaps (main_explicit_Mie.f90:691 @ 407265)
  0.00   4514.28     0.05                             flaps (main_explicit_Mie.f90:761 @ 4074a7)
  0.00   4514.32     0.04                             MAIN__._omp_fn.1 (main_explicit_Mie.f90:2647 @ 40397d)
  0.00   4514.36     0.04                             flaps (main_explicit_Mie.f90:762 @ 4074fb)
  0.00   4514.40     0.04                             flaps (main_explicit_Mie.f90:763 @ 407504)
  0.00   4514.44     0.04                             flaps (main_explicit_Mie.f90:761 @ 40753c)
  0.00   4514.48     0.04                             flaps (main_explicit_Mie.f90:3359 @ 41873d)
  0.00   4514.52     0.04                             impactionizationrate (main_explicit_Mie.f90:3746 @ 402d92)
  0.00   4514.56     0.04                             flaps (main_explicit_Mie.f90:3455 @ 41927a)
  0.00   4514.59     0.03                             MAIN__._omp_fn.1 (main_explicit_Mie.f90:3126 @ 405807)
  0.00   4514.62     0.03                             dielectricfunction (main_explicit_Mie.f90:3712 @ 4024ff)
  0.00   4514.65     0.03                             flaps (main_explicit_Mie.f90:3153 @ 417ef6)
  0.00   4514.68     0.03                             flaps (main_explicit_Mie.f90:3418 @ 418ef3)
  0.00   4514.70     0.03                             MAIN__._omp_fn.0 (main_explicit_Mie.f90:323 @ 401dc8)
  0.00   4514.73     0.03                             flaps (main_explicit_Mie.f90:691 @ 407245)
  0.00   4514.75     0.03                             flaps (main_explicit_Mie.f90:3451 @ 419270)
  0.00   4514.77     0.02                             MAIN__._omp_fn.1 (main_explicit_Mie.f90:2330 @ 4027a3)
  0.00   4514.79     0.02                             MAIN__._omp_fn.1 (main_explicit_Mie.f90:2638 @ 40375e)
  0.00   4514.81     0.02                             MAIN__._omp_fn.1 (main_explicit_Mie.f90:2671 @ 403af3)
  0.00   4514.83     0.02                             __libmsh2vf_MOD_sort_dicho_int (libmsh2vf.f90:108 @ 4369d5)
  0.00   4514.85     0.02                             flaps (main_explicit_Mie.f90:689 @ 40725b)
  0.00   4514.87     0.02                             flaps (main_explicit_Mie.f90:699 @ 4072b0)
  0.00   4514.89     0.02                             flaps (main_explicit_Mie.f90:726 @ 407466)
  0.00   4514.91     0.02                             flaps (main_explicit_Mie.f90:1273 @ 40c511)
  0.00   4514.93     0.02                             flaps (main_explicit_Mie.f90:2168 @ 416301)
  0.00   4514.95     0.02                             flaps (main_explicit_Mie.f90:2194 @ 416a34)
  0.00   4514.97     0.02                             flaps (main_explicit_Mie.f90:3397 @ 4188c5)
  0.00   4514.99     0.02                             flaps (main_explicit_Mie.f90:1173 @ 40ac88)
  0.00   4515.00     0.02                             MAIN__._omp_fn.1 (main_explicit_Mie.f90:2329 @ 40275d)
  0.00   4515.02     0.02                             flaps (main_explicit_Mie.f90:676 @ 4071ee)
  0.00   4515.03     0.02                             flaps (main_explicit_Mie.f90:684 @ 407241)
  0.00   4515.04     0.01  1052124     9.50     9.50  __libmsh2vf_MOD_sort_dicho_int (libmsh2vf.f90:76 @ 4364a0)
  0.00   4515.05     0.01                             MAIN__._omp_fn.1 (main_explicit_Mie.f90:2292 @ 402384)
  0.00   4515.06     0.01                             MAIN__._omp_fn.1 (main_explicit_Mie.f90:2362 @ 402adb)
  0.00   4515.07     0.01                             MAIN__._omp_fn.1 (main_explicit_Mie.f90:2476 @ 402c1e)
  0.00   4515.08     0.01                             MAIN__._omp_fn.1 (main_explicit_Mie.f90:2546 @ 4031cf)
  0.00   4515.09     0.01                             __libmsh2vf_MOD_compute_edges (libmsh2vf.f90:390 @ 438455)
  0.00   4515.10     0.01                             __libmsh2vf_MOD_compute_edges (libmsh2vf.f90:528 @ 43a7a4)
  0.00   4515.11     0.01                             __libmsh2vf_MOD_extract_boundedges (libmsh2vf.f90:670 @ 432e89)
  0.00   4515.12     0.01                             __libmsh2vf_MOD_sort_dicho_int (libmsh2vf.f90:80 @ 436a67)
  0.00   4515.13     0.01                             __libmsh2vf_MOD_sort_dicho_int (libmsh2vf.f90:112 @ 436ab0)
  0.00   4515.14     0.01                             __libmsh2vf_MOD_sort_dicho_int (libmsh2vf.f90:115 @ 436b6a)
  0.00   4515.15     0.01                             flaps (main_explicit_Mie.f90:649 @ 4070fd)
  0.00   4515.16     0.01                             flaps (main_explicit_Mie.f90:665 @ 407158)
  0.00   4515.17     0.01                             flaps (main_explicit_Mie.f90:669 @ 407181)
  0.00   4515.18     0.01                             flaps (main_explicit_Mie.f90:684 @ 40724d)
  0.00   4515.19     0.01                             flaps (main_explicit_Mie.f90:703 @ 4072dc)
  0.00   4515.20     0.01                             flaps (main_explicit_Mie.f90:978 @ 408aad)
  0.00   4515.21     0.01                             flaps (main_explicit_Mie.f90:768 @ 4095ab)
  0.00   4515.22     0.01                             flaps (main_explicit_Mie.f90:1165 @ 40a9b7)
  0.00   4515.23     0.01                             flaps (main_explicit_Mie.f90:1165 @ 40aa19)
  0.00   4515.24     0.01                             flaps (main_explicit_Mie.f90:1179 @ 40ad9f)
  0.00   4515.25     0.01                             flaps (main_explicit_Mie.f90:1197 @ 40b2b9)
  0.00   4515.26     0.01                             flaps (main_explicit_Mie.f90:1198 @ 40b2f2)
  0.00   4515.27     0.01                             flaps (main_explicit_Mie.f90:1209 @ 40b5e7)
  0.00   4515.28     0.01                             flaps (main_explicit_Mie.f90:1153 @ 40b685)
  0.00   4515.29     0.01                             flaps (main_explicit_Mie.f90:2188 @ 416921)
  0.00   4515.30     0.01                             flaps (main_explicit_Mie.f90:2190 @ 416952)
  0.00   4515.31     0.01                             flaps (main_explicit_Mie.f90:2196 @ 416a57)
  0.00   4515.32     0.01                             flaps (main_explicit_Mie.f90:3175 @ 417f81)
  0.00   4515.33     0.01                             flaps (main_explicit_Mie.f90:3406 @ 418a70)
  0.00   4515.34     0.01                             flaps (main_explicit_Mie.f90:3410 @ 418bf1)
  0.00   4515.35     0.01                             flaps (main_explicit_Mie.f90:3499 @ 41b594)
  0.00   4515.36     0.01                             flaps (main_explicit_Mie.f90:3609 @ 41b734)
  0.00   4515.37     0.01                             MAIN__._omp_fn.1 (main_explicit_Mie.f90:2285 @ 4022dc)
  0.00   4515.37     0.01                             MAIN__._omp_fn.1 (main_explicit_Mie.f90:2286 @ 4022f4)
  0.00   4515.38     0.01                             MAIN__._omp_fn.1 (main_explicit_Mie.f90:2330 @ 40278b)
  0.00   4515.38     0.01                             MAIN__._omp_fn.1 (main_explicit_Mie.f90:2331 @ 4027a7)
  0.00   4515.39     0.01                             MAIN__._omp_fn.1 (main_explicit_Mie.f90:2333 @ 4027b4)
  0.00   4515.39     0.01                             MAIN__._omp_fn.1 (main_explicit_Mie.f90:2498 @ 402dfc)
  0.00   4515.40     0.01                             MAIN__._omp_fn.1 (main_explicit_Mie.f90:2577 @ 4033e5)
  0.00   4515.40     0.01                             __libmsh2vf_MOD_correct_orientation (libmsh2vf.f90:174 @ 435e37)
  0.00   4515.41     0.01                             __libmsh2vf_MOD_correct_orientation (libmsh2vf.f90:175 @ 435e46)
  0.00   4515.41     0.01                             __libmsh2vf_MOD_sort_dicho_int (libmsh2vf.f90:115 @ 436b08)
  0.00   4515.42     0.01                             densityofstatee (main_explicit_Mie.f90:3650 @ 402715)
  0.00   4515.42     0.01                             fermiindex (main_explicit_Mie.f90:3826 @ 401f8e)
  0.00   4515.43     0.01                             fermiindex (main_explicit_Mie.f90:3827 @ 401f95)
  0.00   4515.43     0.01                             flaps (main_explicit_Mie.f90:651 @ 40710e)
  0.00   4515.44     0.01                             flaps (main_explicit_Mie.f90:644 @ 407118)
  0.00   4515.44     0.01                             flaps (main_explicit_Mie.f90:671 @ 4071a0)
  0.00   4515.45     0.01                             flaps (main_explicit_Mie.f90:664 @ 4071a8)
  0.00   4515.45     0.01                             flaps (main_explicit_Mie.f90:705 @ 407326)
  0.00   4515.46     0.01                             flaps (main_explicit_Mie.f90:703 @ 40732d)
  0.00   4515.46     0.01                             flaps (main_explicit_Mie.f90:1158 @ 40a732)
  0.00   4515.47     0.01                             flaps (main_explicit_Mie.f90:1157 @ 40a739)
  0.00   4515.47     0.01                             flaps (main_explicit_Mie.f90:1163 @ 40a94f)
  0.00   4515.48     0.01                             flaps (main_explicit_Mie.f90:1161 @ 40a9a9)
  0.00   4515.48     0.01                             flaps (main_explicit_Mie.f90:1171 @ 40acb0)
  0.00   4515.49     0.01                             flaps (main_explicit_Mie.f90:1187 @ 40afc4)
  0.00   4515.49     0.01                             flaps (main_explicit_Mie.f90:1185 @ 40b044)
  0.00   4515.50     0.01                             flaps (main_explicit_Mie.f90:1193 @ 40b1f3)
  0.00   4515.50     0.01                             flaps (main_explicit_Mie.f90:1191 @ 40b1f9)
  0.00   4515.51     0.01                             flaps (main_explicit_Mie.f90:1153 @ 40b6b6)
  0.00   4515.51     0.01                             flaps (main_explicit_Mie.f90:1214 @ 40b6c4)
  0.00   4515.52     0.01                             flaps (main_explicit_Mie.f90:3478 @ 4198ae)
  0.00   4515.52     0.01                             flaps (main_explicit_Mie.f90:3484 @ 4198dc)
  0.00   4515.53     0.01                             flaps (main_explicit_Mie.f90:3246 @ 419947)
  0.00   4515.53     0.01                             impactionizationrate (main_explicit_Mie.f90:3746 @ 4033c8)
  0.00   4515.54     0.01                             impactionizationrate (main_explicit_Mie.f90:3746 @ 4034a2)
  0.00   4515.54     0.00 13279793344     0.00     0.00  frame_dummy
  0.00   4515.54     0.00  7246294     0.00     0.00  _init
  0.00   4515.54     0.00        1     0.00     0.00  __libmsh2vf_MOD_compute_edges (libmsh2vf.f90:358 @ 438080)
  0.00   4515.54     0.00        1     0.00     0.00  __libmsh2vf_MOD_correct_orientation (libmsh2vf.f90:130 @ 435830)
  0.00   4515.54     0.00        1     0.00     0.00  __libmsh2vf_MOD_extract_boundedges (libmsh2vf.f90:655 @ 432cf0)
  0.00   4515.54     0.00        1     0.00     0.00  __libmsh2vf_MOD_identify_physical_zone_for_edges (libmsh2vf.f90:583 @ 4370e0)
  0.00   4515.54     0.00        1     0.00     0.00  __libmsh2vf_MOD_read_msh_file (libmsh2vf.f90:192 @ 4332b0)
  0.00   4515.54     0.00        1     0.00     0.00  control_file_ (control_file.f90:6 @ 43d890)

 %         the percentage of the total running time of the
time       program used by this function.

cumulative a running sum of the number of seconds accounted
 seconds   for by this function and those listed above it.

 self      the number of seconds accounted for by this
seconds    function alone.  This is the major sort for this
           listing.

calls      the number of times this function was invoked, if
           this function is profiled, else blank.
 
 self      the average number of milliseconds spent in this
ms/call    function per call, if this function is profiled,
	   else blank.

 total     the average number of milliseconds spent in this
ms/call    function and its descendents per call, if this 
	   function is profiled, else blank.

name       the name of the function.  This is the minor sort
           for this listing. The index shows the location of
	   the function in the gprof listing. If the index is
	   in parenthesis it shows where it would appear in
	   the gprof listing if it were to be printed.

Copyright (C) 2012 Free Software Foundation, Inc.

Copying and distribution of this file, with or without modification,
are permitted in any medium without royalty provided the copyright
notice and this notice are preserved.

		     Call graph (explanation follows)


granularity: each sample hit covers 2 byte(s) for 0.00% of 4515.54 seconds

index % time    self  children    called     name
                0.00    0.00       1/1052124     __libmsh2vf_MOD_identify_physical_zone_for_edges (libmsh2vf.f90:595 @ 437410) [451]
                0.00    0.00       1/1052124     __libmsh2vf_MOD_identify_physical_zone_for_edges (libmsh2vf.f90:595 @ 4374b3) [452]
                0.00    0.00       2/1052124     __libmsh2vf_MOD_compute_edges (libmsh2vf.f90:499 @ 43a149) [450]
                0.01    0.00  526060/1052124     __libmsh2vf_MOD_sort_dicho_int (libmsh2vf.f90:95 @ 436622) [448]
                0.01    0.00  526060/1052124     __libmsh2vf_MOD_sort_dicho_int (libmsh2vf.f90:96 @ 436645) [449]
[406]    0.0    0.01    0.00 1052124         __libmsh2vf_MOD_sort_dicho_int (libmsh2vf.f90:76 @ 4364a0) [406]
-----------------------------------------------
                0.00    0.00       1/13279793344     flaps (main_explicit_Mie.f90:323 @ 405edb) [1458]
                0.00    0.00   10000/13279793344     flaps (main_explicit_Mie.f90:2276 @ 4172fe) [3864]
                0.00    0.00  302151/13279793344     flaps (main_explicit_Mie.f90:1073 @ 409c2e) [1803]
                0.00    0.00  302151/13279793344     flaps (main_explicit_Mie.f90:1075 @ 409c58) [1807]
                0.00    0.00  302151/13279793344     flaps (main_explicit_Mie.f90:1092 @ 409de0) [1827]
                0.00    0.00  302151/13279793344     flaps (main_explicit_Mie.f90:1093 @ 409e4c) [1830]
                0.00    0.00  302151/13279793344     flaps (main_explicit_Mie.f90:1094 @ 409e5f) [1833]
                0.00    0.00  302151/13279793344     flaps (main_explicit_Mie.f90:1100 @ 409e9d) [1841]
                0.00    0.00 10722000/13279793344     flaps (main_explicit_Mie.f90:669 @ 407181) [386]
                0.00    0.00 10793480/13279793344     flaps (main_explicit_Mie.f90:703 @ 4072dc) [388]
                0.00    0.00 143031480/13279793344     flaps (main_explicit_Mie.f90:649 @ 4070dd) [342]
                0.00    0.00 143031480/13279793344     flaps (main_explicit_Mie.f90:689 @ 407226) [341]
                0.00    0.00 2498237966/13279793344     MAIN__._omp_fn.1 (main_explicit_Mie.f90:2330 @ 40278b) [415]
                0.00    0.00 2548248886/13279793344     MAIN__._omp_fn.1 (main_explicit_Mie.f90:2320 @ 40268c) [302]
                0.00    0.00 2585604602/13279793344     MAIN__._omp_fn.1 (main_explicit_Mie.f90:2331 @ 402798) [202]
                0.00    0.00 2630302781/13279793344     MAIN__._omp_fn.1 (main_explicit_Mie.f90:2548 @ 4032bc) [84]
                0.00    0.00 2707997762/13279793344     MAIN__._omp_fn.1 (main_explicit_Mie.f90:2321 @ 4026b9) [183]
[453]    0.0    0.00    0.00 13279793344         frame_dummy [453]
-----------------------------------------------
                0.00    0.00       1/1           flaps (main_explicit_Mie.f90:339 @ 405eec) [1459]
[454]    0.0    0.00    0.00       1         control_file_ (control_file.f90:6 @ 43d890) [454]
-----------------------------------------------
                0.00    0.00       1/7246294     flaps (main_explicit_Mie.f90:1723 @ 412b91) [3073]
                0.00    0.00       1/7246294     flaps (main_explicit_Mie.f90:1724 @ 412be0) [3074]
                0.00    0.00       1/7246294     flaps (main_explicit_Mie.f90:1724 @ 412c39) [3080]
                0.00    0.00       1/7246294     flaps (main_explicit_Mie.f90:1726 @ 412c60) [3084]
                0.00    0.00       1/7246294     flaps (main_explicit_Mie.f90:1728 @ 412d07) [3087]
                0.00    0.00       1/7246294     flaps (main_explicit_Mie.f90:1730 @ 412d27) [3088]
                0.00    0.00       1/7246294     flaps (main_explicit_Mie.f90:1732 @ 412d90) [3093]
                0.00    0.00       1/7246294     flaps (main_explicit_Mie.f90:1734 @ 412dbf) [3098]
                0.00    0.00       1/7246294     flaps (main_explicit_Mie.f90:1736 @ 412de6) [3103]
                0.00    0.00       1/7246294     flaps (main_explicit_Mie.f90:1737 @ 412e2d) [3108]
                0.00    0.00       1/7246294     flaps (main_explicit_Mie.f90:1737 @ 412e6c) [3112]
                0.00    0.00       1/7246294     flaps (main_explicit_Mie.f90:1741 @ 412ea0) [3119]
                0.00    0.00       1/7246294     flaps (main_explicit_Mie.f90:1741 @ 412f4e) [3123]
                0.00    0.00       1/7246294     flaps (main_explicit_Mie.f90:1743 @ 412fe0) [3126]
                0.00    0.00       1/7246294     flaps (main_explicit_Mie.f90:1743 @ 413049) [3130]
                0.00    0.00       1/7246294     flaps (main_explicit_Mie.f90:1745 @ 41307f) [3135]
                0.00    0.00       1/7246294     flaps (main_explicit_Mie.f90:1751 @ 4130f0) [3144]
                0.00    0.00       1/7246294     flaps (main_explicit_Mie.f90:1752 @ 41311e) [3149]
                0.00    0.00       1/7246294     flaps (main_explicit_Mie.f90:1754 @ 41317c) [3156]
                0.00    0.00       1/7246294     flaps (main_explicit_Mie.f90:1755 @ 4131ad) [3159]
                0.00    0.00       1/7246294     flaps (main_explicit_Mie.f90:1784 @ 4138ed) [3226]
                0.00    0.00       1/7246294     flaps (main_explicit_Mie.f90:1784 @ 413950) [3228]
                0.00    0.00       1/7246294     flaps (main_explicit_Mie.f90:1786 @ 413970) [3232]
                0.00    0.00       1/7246294     flaps (main_explicit_Mie.f90:1786 @ 4139ae) [3234]
                0.00    0.00       1/7246294     flaps (main_explicit_Mie.f90:1789 @ 413a2d) [3238]
                0.00    0.00       1/7246294     flaps (main_explicit_Mie.f90:1789 @ 413a4c) [3240]
                0.00    0.00       1/7246294     flaps (main_explicit_Mie.f90:1795 @ 413ac0) [3245]
                0.00    0.00       1/7246294     flaps (main_explicit_Mie.f90:1793 @ 413ada) [3246]
                0.00    0.00       1/7246294     flaps (main_explicit_Mie.f90:1798 @ 413afb) [3250]
                0.00    0.00       1/7246294     flaps (main_explicit_Mie.f90:1798 @ 413bbe) [3254]
                0.00    0.00       1/7246294     flaps (main_explicit_Mie.f90:1802 @ 413c6b) [3260]
                0.00    0.00       1/7246294     flaps (main_explicit_Mie.f90:1802 @ 413cd0) [3262]
                0.00    0.00       1/7246294     flaps (main_explicit_Mie.f90:1805 @ 413d0f) [3268]
                0.00    0.00       1/7246294     flaps (main_explicit_Mie.f90:1805 @ 413d3e) [3272]
                0.00    0.00       1/7246294     flaps (main_explicit_Mie.f90:1807 @ 413d8d) [3278]
                0.00    0.00       1/7246294     flaps (main_explicit_Mie.f90:1807 @ 413dac) [3282]
                0.00    0.00       1/7246294     flaps (main_explicit_Mie.f90:1808 @ 413de9) [3287]
                0.00    0.00       1/7246294     flaps (main_explicit_Mie.f90:1810 @ 413e4c) [3294]
                0.00    0.00       1/7246294     flaps (main_explicit_Mie.f90:1816 @ 413eb8) [3302]
                0.00    0.00       1/7246294     flaps (main_explicit_Mie.f90:1816 @ 413eeb) [3304]
                0.00    0.00       1/7246294     flaps (main_explicit_Mie.f90:1844 @ 414363) [3367]
                0.00    0.00       1/7246294     flaps (main_explicit_Mie.f90:1845 @ 41438b) [3368]
                0.00    0.00       1/7246294     flaps (main_explicit_Mie.f90:1846 @ 4143c5) [3373]
                0.00    0.00       1/7246294     flaps (main_explicit_Mie.f90:1846 @ 41440f) [3377]
                0.00    0.00       1/7246294     flaps (main_explicit_Mie.f90:1847 @ 4144a9) [3382]
                0.00    0.00       1/7246294     flaps (main_explicit_Mie.f90:1852 @ 4144e0) [3388]
                0.00    0.00       1/7246294     flaps (main_explicit_Mie.f90:1854 @ 41451f) [3393]
                0.00    0.00       1/7246294     flaps (main_explicit_Mie.f90:1856 @ 414560) [3397]
                0.00    0.00       1/7246294     flaps (main_explicit_Mie.f90:1856 @ 41457c) [3399]
                0.00    0.00       1/7246294     flaps (main_explicit_Mie.f90:1859 @ 4145ae) [3403]
                0.00    0.00       1/7246294     flaps (main_explicit_Mie.f90:1860 @ 4145ee) [3408]
                0.00    0.00       1/7246294     flaps (main_explicit_Mie.f90:1860 @ 41460d) [3410]
                0.00    0.00       1/7246294     flaps (main_explicit_Mie.f90:1862 @ 414622) [3412]
                0.00    0.00       1/7246294     flaps (main_explicit_Mie.f90:1862 @ 41466b) [3414]
                0.00    0.00       1/7246294     flaps (main_explicit_Mie.f90:1863 @ 4146ba) [3417]
                0.00    0.00       1/7246294     flaps (main_explicit_Mie.f90:1865 @ 4146e3) [3421]
                0.00    0.00       1/7246294     flaps (main_explicit_Mie.f90:1865 @ 414720) [3427]
                0.00    0.00       1/7246294     flaps (main_explicit_Mie.f90:1868 @ 41475d) [3433]
                0.00    0.00       1/7246294     flaps (main_explicit_Mie.f90:1870 @ 414794) [3439]
                0.00    0.00       1/7246294     flaps (main_explicit_Mie.f90:1871 @ 4147cd) [3445]
                0.00    0.00       1/7246294     flaps (main_explicit_Mie.f90:1906 @ 414c66) [3508]
                0.00    0.00       1/7246294     flaps (main_explicit_Mie.f90:1907 @ 414caf) [3513]
                0.00    0.00       1/7246294     flaps (main_explicit_Mie.f90:1908 @ 414ccb) [3516]
                0.00    0.00       1/7246294     flaps (main_explicit_Mie.f90:1909 @ 414d1d) [3521]
                0.00    0.00       1/7246294     flaps (main_explicit_Mie.f90:1913 @ 414d47) [3524]
                0.00    0.00       1/7246294     flaps (main_explicit_Mie.f90:1913 @ 414dbb) [3528]
                0.00    0.00       1/7246294     flaps (main_explicit_Mie.f90:1917 @ 414e2e) [3533]
                0.00    0.00       1/7246294     flaps (main_explicit_Mie.f90:1925 @ 414e54) [3537]
                0.00    0.00       1/7246294     flaps (main_explicit_Mie.f90:1926 @ 414e94) [3544]
                0.00    0.00       1/7246294     flaps (main_explicit_Mie.f90:1927 @ 414edf) [3549]
                0.00    0.00       1/7246294     flaps (main_explicit_Mie.f90:1928 @ 414efb) [3552]
                0.00    0.00       1/7246294     flaps (main_explicit_Mie.f90:1928 @ 414f4d) [3558]
                0.00    0.00       1/7246294     flaps (main_explicit_Mie.f90:1931 @ 414f98) [3564]
                0.00    0.00       1/7246294     flaps (main_explicit_Mie.f90:1935 @ 414fe0) [3570]
                0.00    0.00       1/7246294     flaps (main_explicit_Mie.f90:1935 @ 41505e) [3574]
                0.00    0.00       1/7246294     flaps (main_explicit_Mie.f90:1935 @ 415090) [3579]
                0.00    0.00       1/7246294     flaps (main_explicit_Mie.f90:1940 @ 4150ec) [3590]
                0.00    0.00       1/7246294     flaps (main_explicit_Mie.f90:1943 @ 415120) [3597]
                0.00    0.00       1/7246294     flaps (main_explicit_Mie.f90:1943 @ 41515b) [3601]
                0.00    0.00       1/7246294     flaps (main_explicit_Mie.f90:1944 @ 41518c) [3605]
                0.00    0.00     149/7246294     flaps (main_explicit_Mie.f90:1477 @ 410014) [2557]
                0.00    0.00     149/7246294     flaps (main_explicit_Mie.f90:1479 @ 4100fa) [2562]
                0.00    0.00     149/7246294     flaps (main_explicit_Mie.f90:1481 @ 41019c) [2569]
                0.00    0.00     149/7246294     flaps (main_explicit_Mie.f90:1483 @ 41021c) [2572]
                0.00    0.00     149/7246294     flaps (main_explicit_Mie.f90:1485 @ 410256) [2575]
                0.00    0.00     149/7246294     flaps (main_explicit_Mie.f90:1487 @ 4102e5) [2580]
                0.00    0.00     149/7246294     flaps (main_explicit_Mie.f90:1489 @ 410330) [2585]
                0.00    0.00     149/7246294     flaps (main_explicit_Mie.f90:1489 @ 41035e) [2587]
                0.00    0.00     149/7246294     flaps (main_explicit_Mie.f90:1496 @ 41039d) [2591]
                0.00    0.00     149/7246294     flaps (main_explicit_Mie.f90:1498 @ 41042a) [2596]
                0.00    0.00     149/7246294     flaps (main_explicit_Mie.f90:1500 @ 41048a) [2601]
                0.00    0.00     149/7246294     flaps (main_explicit_Mie.f90:1500 @ 410520) [2605]
                0.00    0.00     149/7246294     flaps (main_explicit_Mie.f90:1504 @ 41056c) [2611]
                0.00    0.00     149/7246294     flaps (main_explicit_Mie.f90:1504 @ 41059a) [2613]
                0.00    0.00     149/7246294     flaps (main_explicit_Mie.f90:1509 @ 4105e5) [2617]
                0.00    0.00     149/7246294     flaps (main_explicit_Mie.f90:1509 @ 410658) [2621]
                0.00    0.00     149/7246294     flaps (main_explicit_Mie.f90:1514 @ 4106a9) [2623]
                0.00    0.00     149/7246294     flaps (main_explicit_Mie.f90:1515 @ 41072f) [2628]
                0.00    0.00     149/7246294     flaps (main_explicit_Mie.f90:1516 @ 410772) [2633]
                0.00    0.00     149/7246294     flaps (main_explicit_Mie.f90:1517 @ 4107bf) [2638]
                0.00    0.00     149/7246294     flaps (main_explicit_Mie.f90:1518 @ 410817) [2643]
                0.00    0.00     149/7246294     flaps (main_explicit_Mie.f90:1519 @ 410868) [2646]
                0.00    0.00     149/7246294     flaps (main_explicit_Mie.f90:1555 @ 41125a) [2712]
                0.00    0.00     149/7246294     flaps (main_explicit_Mie.f90:1555 @ 4112e9) [2716]
                0.00    0.00     149/7246294     flaps (main_explicit_Mie.f90:1559 @ 411360) [2725]
                0.00    0.00     149/7246294     flaps (main_explicit_Mie.f90:1561 @ 4113b9) [2732]
                0.00    0.00     149/7246294     flaps (main_explicit_Mie.f90:1563 @ 411460) [2747]
                0.00    0.00     149/7246294     flaps (main_explicit_Mie.f90:1565 @ 411500) [2754]
                0.00    0.00     149/7246294     flaps (main_explicit_Mie.f90:1568 @ 411565) [2761]
                0.00    0.00     149/7246294     flaps (main_explicit_Mie.f90:1571 @ 4115ca) [2768]
                0.00    0.00     149/7246294     flaps (main_explicit_Mie.f90:1583 @ 411629) [2775]
                0.00    0.00     149/7246294     flaps (main_explicit_Mie.f90:1583 @ 411686) [2781]
                0.00    0.00     149/7246294     flaps (main_explicit_Mie.f90:1588 @ 4116f1) [2789]
                0.00    0.00     149/7246294     flaps (main_explicit_Mie.f90:1588 @ 411736) [2791]
                0.00    0.00     149/7246294     flaps (main_explicit_Mie.f90:1592 @ 4117bf) [2799]
                0.00    0.00     149/7246294     flaps (main_explicit_Mie.f90:1594 @ 411810) [2802]
                0.00    0.00     149/7246294     flaps (main_explicit_Mie.f90:1596 @ 411877) [2809]
                0.00    0.00     149/7246294     flaps (main_explicit_Mie.f90:1598 @ 41191e) [2816]
                0.00    0.00     149/7246294     flaps (main_explicit_Mie.f90:1600 @ 4119aa) [2821]
                0.00    0.00     149/7246294     flaps (main_explicit_Mie.f90:1601 @ 411a15) [2826]
                0.00    0.00     149/7246294     flaps (main_explicit_Mie.f90:1602 @ 411a7b) [2831]
                0.00    0.00     149/7246294     flaps (main_explicit_Mie.f90:1603 @ 411ae0) [2836]
                0.00    0.00     149/7246294     flaps (main_explicit_Mie.f90:1606 @ 411b88) [2843]
                0.00    0.00     149/7246294     flaps (main_explicit_Mie.f90:1606 @ 411c06) [2849]
                0.00    0.00     149/7246294     flaps (main_explicit_Mie.f90:1639 @ 411ee8) [2913]
                0.00    0.00     149/7246294     flaps (main_explicit_Mie.f90:1641 @ 411f4f) [2920]
                0.00    0.00     149/7246294     flaps (main_explicit_Mie.f90:1643 @ 411fa8) [2927]
                0.00    0.00     149/7246294     flaps (main_explicit_Mie.f90:1645 @ 411fed) [2932]
                0.00    0.00     149/7246294     flaps (main_explicit_Mie.f90:1647 @ 412023) [2937]
                0.00    0.00     149/7246294     flaps (main_explicit_Mie.f90:1649 @ 412088) [2942]
                0.00    0.00     149/7246294     flaps (main_explicit_Mie.f90:1652 @ 4120d5) [2947]
                0.00    0.00     149/7246294     flaps (main_explicit_Mie.f90:1652 @ 41211e) [2951]
                0.00    0.00     149/7246294     flaps (main_explicit_Mie.f90:1667 @ 412169) [2957]
                0.00    0.00     149/7246294     flaps (main_explicit_Mie.f90:1669 @ 4121b7) [2962]
                0.00    0.00     149/7246294     flaps (main_explicit_Mie.f90:1672 @ 412201) [2967]
                0.00    0.00     149/7246294     flaps (main_explicit_Mie.f90:1675 @ 41224b) [2970]
                0.00    0.00     149/7246294     flaps (main_explicit_Mie.f90:1677 @ 412282) [2973]
                0.00    0.00     149/7246294     flaps (main_explicit_Mie.f90:1679 @ 4122d5) [2976]
                0.00    0.00     149/7246294     flaps (main_explicit_Mie.f90:1681 @ 41230c) [2979]
                0.00    0.00     149/7246294     flaps (main_explicit_Mie.f90:1681 @ 412370) [2983]
                0.00    0.00     149/7246294     flaps (main_explicit_Mie.f90:1685 @ 4123aa) [2989]
                0.00    0.00     149/7246294     flaps (main_explicit_Mie.f90:1686 @ 4123e4) [2994]
                0.00    0.00     149/7246294     flaps (main_explicit_Mie.f90:1687 @ 412409) [2997]
                0.00    0.00     149/7246294     flaps (main_explicit_Mie.f90:1688 @ 412460) [3002]
                0.00    0.00     149/7246294     flaps (main_explicit_Mie.f90:1690 @ 4124ba) [3012]
                0.00    0.00     149/7246294     flaps (main_explicit_Mie.f90:1691 @ 4124ff) [3017]
                0.00    0.00    1999/7246294     flaps (main_explicit_Mie.f90:1339 @ 40d87b) [2158]
                0.00    0.00    1999/7246294     flaps (main_explicit_Mie.f90:1339 @ 40d93c) [2162]
                0.00    0.00    1999/7246294     flaps (main_explicit_Mie.f90:1343 @ 40d995) [2168]
                0.00    0.00    1999/7246294     flaps (main_explicit_Mie.f90:1345 @ 40dac0) [2171]
                0.00    0.00    1999/7246294     flaps (main_explicit_Mie.f90:1346 @ 40daf5) [2174]
                0.00    0.00    1999/7246294     flaps (main_explicit_Mie.f90:1347 @ 40db4c) [2177]
                0.00    0.00    1999/7246294     flaps (main_explicit_Mie.f90:1349 @ 40dbae) [2182]
                0.00    0.00    1999/7246294     flaps (main_explicit_Mie.f90:1349 @ 40dc59) [2186]
                0.00    0.00    1999/7246294     flaps (main_explicit_Mie.f90:1354 @ 40dce9) [2194]
                0.00    0.00    1999/7246294     flaps (main_explicit_Mie.f90:1356 @ 40dd4e) [2199]
                0.00    0.00    1999/7246294     flaps (main_explicit_Mie.f90:1358 @ 40ddad) [2206]
                0.00    0.00    1999/7246294     flaps (main_explicit_Mie.f90:1360 @ 40de3c) [2211]
                0.00    0.00    1999/7246294     flaps (main_explicit_Mie.f90:1361 @ 40de8c) [2216]
                0.00    0.00    1999/7246294     flaps (main_explicit_Mie.f90:1362 @ 40dedc) [2221]
                0.00    0.00    1999/7246294     flaps (main_explicit_Mie.f90:1364 @ 40df53) [2228]
                0.00    0.00    1999/7246294     flaps (main_explicit_Mie.f90:1364 @ 40dfe9) [2232]
                0.00    0.00    1999/7246294     flaps (main_explicit_Mie.f90:1370 @ 40e096) [2240]
                0.00    0.00    1999/7246294     flaps (main_explicit_Mie.f90:1370 @ 40e0d9) [2244]
                0.00    0.00    1999/7246294     flaps (main_explicit_Mie.f90:1372 @ 40e136) [2250]
                0.00    0.00    1999/7246294     flaps (main_explicit_Mie.f90:1372 @ 40e179) [2254]
                0.00    0.00    1999/7246294     flaps (main_explicit_Mie.f90:1374 @ 40e1ba) [2258]
                0.00    0.00    1999/7246294     flaps (main_explicit_Mie.f90:1374 @ 40e21d) [2262]
                0.00    0.00    1999/7246294     flaps (main_explicit_Mie.f90:1406 @ 40ea9a) [2331]
                0.00    0.00    1999/7246294     flaps (main_explicit_Mie.f90:1408 @ 40eb75) [2336]
                0.00    0.00    1999/7246294     flaps (main_explicit_Mie.f90:1410 @ 40ec01) [2343]
                0.00    0.00    1999/7246294     flaps (main_explicit_Mie.f90:1412 @ 40ecb0) [2344]
                0.00    0.00    1999/7246294     flaps (main_explicit_Mie.f90:1414 @ 40ecfb) [2349]
                0.00    0.00    1999/7246294     flaps (main_explicit_Mie.f90:1416 @ 40ed4f) [2352]
                0.00    0.00    1999/7246294     flaps (main_explicit_Mie.f90:1417 @ 40edc7) [2359]
                0.00    0.00    1999/7246294     flaps (main_explicit_Mie.f90:1421 @ 40ee00) [2363]
                0.00    0.00    1999/7246294     flaps (main_explicit_Mie.f90:1421 @ 40ee30) [2367]
                0.00    0.00    1999/7246294     flaps (main_explicit_Mie.f90:1421 @ 40ef49) [2369]
                0.00    0.00    1999/7246294     flaps (main_explicit_Mie.f90:1423 @ 40efc0) [2376]
                0.00    0.00    1999/7246294     flaps (main_explicit_Mie.f90:1425 @ 40efff) [2382]
                0.00    0.00    1999/7246294     flaps (main_explicit_Mie.f90:1427 @ 40f07b) [2389]
                0.00    0.00    1999/7246294     flaps (main_explicit_Mie.f90:1427 @ 40f0a1) [2393]
                0.00    0.00    1999/7246294     flaps (main_explicit_Mie.f90:1431 @ 40f12b) [2401]
                0.00    0.00    1999/7246294     flaps (main_explicit_Mie.f90:1433 @ 40f16b) [2404]
                0.00    0.00    1999/7246294     flaps (main_explicit_Mie.f90:1435 @ 40f1bf) [2407]
                0.00    0.00    1999/7246294     flaps (main_explicit_Mie.f90:1435 @ 40f22a) [2411]
                0.00    0.00    1999/7246294     flaps (main_explicit_Mie.f90:1438 @ 40f2c3) [2426]
                0.00    0.00    1999/7246294     flaps (main_explicit_Mie.f90:1439 @ 40f318) [2435]
                0.00    0.00    1999/7246294     flaps (main_explicit_Mie.f90:1441 @ 40f37b) [2445]
                0.00    0.00    1999/7246294     flaps (main_explicit_Mie.f90:1442 @ 40f3a5) [2448]
                0.00    0.00  297851/7246294     flaps (main_explicit_Mie.f90:1161 @ 40a7ce) [1913]
                0.00    0.00  297851/7246294     flaps (main_explicit_Mie.f90:1161 @ 40a9a9) [432]
                0.00    0.00  297851/7246294     flaps (main_explicit_Mie.f90:1165 @ 40aa19) [392]
                0.00    0.00  297851/7246294     flaps (main_explicit_Mie.f90:1167 @ 40ab7d) [1920]
                0.00    0.00  297851/7246294     flaps (main_explicit_Mie.f90:1171 @ 40ac60) [1924]
                0.00    0.00  297851/7246294     flaps (main_explicit_Mie.f90:1169 @ 40ac7a) [1925]
                0.00    0.00  297851/7246294     flaps (main_explicit_Mie.f90:1173 @ 40acb9) [1927]
                0.00    0.00  297851/7246294     flaps (main_explicit_Mie.f90:1175 @ 40ad57) [1928]
                0.00    0.00  297851/7246294     flaps (main_explicit_Mie.f90:1179 @ 40adb7) [1932]
                0.00    0.00  297851/7246294     flaps (main_explicit_Mie.f90:1181 @ 40aec0) [1937]
                0.00    0.00  297851/7246294     flaps (main_explicit_Mie.f90:1183 @ 40af23) [1942]
                0.00    0.00  297851/7246294     flaps (main_explicit_Mie.f90:1185 @ 40afbf) [1945]
                0.00    0.00  297851/7246294     flaps (main_explicit_Mie.f90:1187 @ 40b04d) [1946]
                0.00    0.00  297851/7246294     flaps (main_explicit_Mie.f90:1191 @ 40b0b0) [1950]
                0.00    0.00  297851/7246294     flaps (main_explicit_Mie.f90:1191 @ 40b0f4) [1952]
                0.00    0.00  297851/7246294     flaps (main_explicit_Mie.f90:1191 @ 40b1f9) [437]
                0.00    0.00  297851/7246294     flaps (main_explicit_Mie.f90:1195 @ 40b25c) [1960]
                0.00    0.00  297851/7246294     flaps (main_explicit_Mie.f90:1195 @ 40b289) [1964]
                0.00    0.00  297851/7246294     flaps (main_explicit_Mie.f90:1197 @ 40b2db) [1969]
                0.00    0.00  297851/7246294     flaps (main_explicit_Mie.f90:1199 @ 40b320) [1972]
                0.00    0.00  297851/7246294     flaps (main_explicit_Mie.f90:1199 @ 40b364) [1976]
                0.00    0.00  297851/7246294     flaps (main_explicit_Mie.f90:1199 @ 40b39b) [1978]
                0.00    0.00  297851/7246294     flaps (main_explicit_Mie.f90:1201 @ 40b3c3) [1982]
                0.00    0.00  297851/7246294     flaps (main_explicit_Mie.f90:1202 @ 40b42d) [1985]
[11099   0.0    0.00    0.00 7246294         _init [11099]
-----------------------------------------------
                0.00    0.00       1/1           flaps (main_explicit_Mie.f90:375 @ 4060f3) [1479]
[11100   0.0    0.00    0.00       1         __libmsh2vf_MOD_compute_edges (libmsh2vf.f90:358 @ 438080) [11100]
-----------------------------------------------
                0.00    0.00       1/1           flaps (main_explicit_Mie.f90:357 @ 406090) [1473]
[11101   0.0    0.00    0.00       1         __libmsh2vf_MOD_correct_orientation (libmsh2vf.f90:130 @ 435830) [11101]
-----------------------------------------------
                0.00    0.00       1/1           flaps (main_explicit_Mie.f90:379 @ 40612e) [1481]
[11102   0.0    0.00    0.00       1         __libmsh2vf_MOD_extract_boundedges (libmsh2vf.f90:655 @ 432cf0) [11102]
-----------------------------------------------
                0.00    0.00       1/1           flaps (main_explicit_Mie.f90:377 @ 40610d) [1480]
[11103   0.0    0.00    0.00       1         __libmsh2vf_MOD_identify_physical_zone_for_edges (libmsh2vf.f90:583 @ 4370e0) [11103]
-----------------------------------------------
                0.00    0.00       1/1           flaps (main_explicit_Mie.f90:350 @ 405ffb) [1469]
[11104   0.0    0.00    0.00       1         __libmsh2vf_MOD_read_msh_file (libmsh2vf.f90:192 @ 4332b0) [11104]
-----------------------------------------------

 This table describes the call tree of the program, and was sorted by
 the total amount of time spent in each function and its children.

 Each entry in this table consists of several lines.  The line with the
 index number at the left hand margin lists the current function.
 The lines above it list the functions that called this function,
 and the lines below it list the functions this one called.
 This line lists:
     index	A unique number given to each element of the table.
		Index numbers are sorted numerically.
		The index number is printed next to every function name so
		it is easier to look up where the function is in the table.

     % time	This is the percentage of the `total' time that was spent
		in this function and its children.  Note that due to
		different viewpoints, functions excluded by options, etc,
		these numbers will NOT add up to 100%.

     self	This is the total amount of time spent in this function.

     children	This is the total amount of time propagated into this
		function by its children.

     called	This is the number of times the function was called.
		If the function called itself recursively, the number
		only includes non-recursive calls, and is followed by
		a `+' and the number of recursive calls.

     name	The name of the current function.  The index number is
		printed after it.  If the function is a member of a
		cycle, the cycle number is printed between the
		function's name and the index number.


 For the function's parents, the fields have the following meanings:

     self	This is the amount of time that was propagated directly
		from the function into this parent.

     children	This is the amount of time that was propagated from
		the function's children into this parent.

     called	This is the number of times this parent called the
		function `/' the total number of times the function
		was called.  Recursive calls to the function are not
		included in the number after the `/'.

     name	This is the name of the parent.  The parent's index
		number is printed after it.  If the parent is a
		member of a cycle, the cycle number is printed between
		the name and the index number.

 If the parents of the function cannot be determined, the word
 `<spontaneous>' is printed in the `name' field, and all the other
 fields are blank.

 For the function's children, the fields have the following meanings:

     self	This is the amount of time that was propagated directly
		from the child into the function.

     children	This is the amount of time that was propagated from the
		child's children to the function.

     called	This is the number of times the function called
		this child `/' the total number of times the child
		was called.  Recursive calls by the child are not
		listed in the number after the `/'.

     name	This is the name of the child.  The child's index
		number is printed after it.  If the child is a
		member of a cycle, the cycle number is printed
		between the name and the index number.

 If there are any cycles (circles) in the call graph, there is an
 entry for the cycle-as-a-whole.  This entry shows who called the
 cycle (as parents) and the members of the cycle (as children.)
 The `+' recursive calls entry shows the number of function calls that
 were internal to the cycle, and the calls entry for each member shows,
 for that member, how many times it was called from other members of
 the cycle.

Copyright (C) 2012 Free Software Foundation, Inc.

Copying and distribution of this file, with or without modification,
are permitted in any medium without royalty provided the copyright
notice and this notice are preserved.

Index by function name

 [362] MAIN__._omp_fn.0 (main_explicit_Mie.f90:323 @ 401dc8) [22] MAIN__._omp_fn.1 (main_explicit_Mie.f90:2813 @ 404b6b) [239] flaps (main_explicit_Mie.f90:3253 @ 4183b1)
 [413] MAIN__._omp_fn.1 (main_explicit_Mie.f90:2285 @ 4022dc) [3] MAIN__._omp_fn.1 (main_explicit_Mie.f90:2960 @ 404b94) [25] flaps (main_explicit_Mie.f90:3250 @ 4183c1)
 [414] MAIN__._omp_fn.1 (main_explicit_Mie.f90:2286 @ 4022f4) [14] MAIN__._omp_fn.1 (main_explicit_Mie.f90:3090 @ 405056) [149] flaps (main_explicit_Mie.f90:3253 @ 4183e1)
 [380] MAIN__._omp_fn.1 (main_explicit_Mie.f90:2292 @ 402384) [347] MAIN__._omp_fn.1 (main_explicit_Mie.f90:3050 @ 4050ae) [142] flaps (main_explicit_Mie.f90:3250 @ 4183eb)
 [330] MAIN__._omp_fn.1 (main_explicit_Mie.f90:2298 @ 4023fc) [27] MAIN__._omp_fn.1 (main_explicit_Mie.f90:3090 @ 4050b4) [67] flaps (main_explicit_Mie.f90:3253 @ 4183ef)
 [165] MAIN__._omp_fn.1 (main_explicit_Mie.f90:2317 @ 4024bc) [348] MAIN__._omp_fn.1 (main_explicit_Mie.f90:3051 @ 4050fd) [212] flaps (main_explicit_Mie.f90:3250 @ 4183f9)
 [292] MAIN__._omp_fn.1 (main_explicit_Mie.f90:2317 @ 402507) [261] MAIN__._omp_fn.1 (main_explicit_Mie.f90:3052 @ 405106) [122] flaps (main_explicit_Mie.f90:3251 @ 418409)
 [312] MAIN__._omp_fn.1 (main_explicit_Mie.f90:2318 @ 40250f) [313] MAIN__._omp_fn.1 (main_explicit_Mie.f90:3051 @ 40510f) [247] flaps (main_explicit_Mie.f90:3253 @ 418427)
 [172] MAIN__._omp_fn.1 (main_explicit_Mie.f90:2319 @ 402517) [106] MAIN__._omp_fn.1 (main_explicit_Mie.f90:3090 @ 405113) [315] flaps (main_explicit_Mie.f90:3255 @ 41843d)
  [82] MAIN__._omp_fn.1 (main_explicit_Mie.f90:2317 @ 40253d) [310] MAIN__._omp_fn.1 (main_explicit_Mie.f90:3052 @ 405128) [115] flaps (main_explicit_Mie.f90:3258 @ 418447)
 [298] MAIN__._omp_fn.1 (main_explicit_Mie.f90:2318 @ 402567) [2] MAIN__._omp_fn.1 (main_explicit_Mie.f90:3090 @ 40512c) [309] flaps (main_explicit_Mie.f90:3259 @ 41845b)
 [263] MAIN__._omp_fn.1 (main_explicit_Mie.f90:2320 @ 402656) [99] MAIN__._omp_fn.1 (main_explicit_Mie.f90:3107 @ 405643) [113] flaps (main_explicit_Mie.f90:3262 @ 418463)
 [150] MAIN__._omp_fn.1 (main_explicit_Mie.f90:2320 @ 402661) [285] MAIN__._omp_fn.1 (main_explicit_Mie.f90:3108 @ 405671) [307] flaps (main_explicit_Mie.f90:3263 @ 418477)
 [308] MAIN__._omp_fn.1 (main_explicit_Mie.f90:2319 @ 402687) [9] MAIN__._omp_fn.1 (main_explicit_Mie.f90:3107 @ 405678) [179] flaps (main_explicit_Mie.f90:3266 @ 41847f)
 [302] MAIN__._omp_fn.1 (main_explicit_Mie.f90:2320 @ 40268c) [34] MAIN__._omp_fn.1 (main_explicit_Mie.f90:3108 @ 4056b6) [297] flaps (main_explicit_Mie.f90:3267 @ 418493)
 [167] MAIN__._omp_fn.1 (main_explicit_Mie.f90:2321 @ 40269c) [306] MAIN__._omp_fn.1 (main_explicit_Mie.f90:3109 @ 4056d1) [61] flaps (main_explicit_Mie.f90:3270 @ 41849b)
 [194] MAIN__._omp_fn.1 (main_explicit_Mie.f90:2320 @ 4026b4) [31] MAIN__._omp_fn.1 (main_explicit_Mie.f90:3108 @ 4056d8) [290] flaps (main_explicit_Mie.f90:3271 @ 4184af)
 [183] MAIN__._omp_fn.1 (main_explicit_Mie.f90:2321 @ 4026b9) [243] MAIN__._omp_fn.1 (main_explicit_Mie.f90:3109 @ 4056ef) [134] flaps (main_explicit_Mie.f90:3274 @ 4184b7)
 [305] MAIN__._omp_fn.1 (main_explicit_Mie.f90:2321 @ 4026e5) [301] MAIN__._omp_fn.1 (main_explicit_Mie.f90:3110 @ 4056f9) [293] flaps (main_explicit_Mie.f90:3275 @ 4184cb)
 [257] MAIN__._omp_fn.1 (main_explicit_Mie.f90:2329 @ 402751) [41] MAIN__._omp_fn.1 (main_explicit_Mie.f90:3109 @ 4056fc) [77] flaps (main_explicit_Mie.f90:3278 @ 4184d3)
 [377] MAIN__._omp_fn.1 (main_explicit_Mie.f90:2329 @ 40275d) [80] MAIN__._omp_fn.1 (main_explicit_Mie.f90:3110 @ 405727) [275] flaps (main_explicit_Mie.f90:3279 @ 4184e7)
 [271] MAIN__._omp_fn.1 (main_explicit_Mie.f90:2330 @ 402765) [133] MAIN__._omp_fn.1 (main_explicit_Mie.f90:3114 @ 405759) [51] flaps (main_explicit_Mie.f90:3282 @ 4184ef)
 [199] MAIN__._omp_fn.1 (main_explicit_Mie.f90:2328 @ 402769) [294] MAIN__._omp_fn.1 (main_explicit_Mie.f90:3123 @ 40576b) [304] flaps (main_explicit_Mie.f90:3283 @ 418503)
 [264] MAIN__._omp_fn.1 (main_explicit_Mie.f90:2330 @ 402778) [37] MAIN__._omp_fn.1 (main_explicit_Mie.f90:3114 @ 405779) [279] flaps (main_explicit_Mie.f90:3286 @ 41850b)
 [186] MAIN__._omp_fn.1 (main_explicit_Mie.f90:2329 @ 40277b) [339] MAIN__._omp_fn.1 (main_explicit_Mie.f90:3126 @ 405793) [218] flaps (main_explicit_Mie.f90:3287 @ 418519)
 [415] MAIN__._omp_fn.1 (main_explicit_Mie.f90:2330 @ 40278b) [48] MAIN__._omp_fn.1 (main_explicit_Mie.f90:3114 @ 40579b) [64] flaps (main_explicit_Mie.f90:3290 @ 418521)
 [202] MAIN__._omp_fn.1 (main_explicit_Mie.f90:2331 @ 402798) [10] MAIN__._omp_fn.1 (main_explicit_Mie.f90:3115 @ 4057a8) [241] flaps (main_explicit_Mie.f90:3291 @ 418535)
 [365] MAIN__._omp_fn.1 (main_explicit_Mie.f90:2330 @ 4027a3) [21] MAIN__._omp_fn.1 (main_explicit_Mie.f90:3123 @ 4057dd) [322] flaps (main_explicit_Mie.f90:3294 @ 41853d)
 [416] MAIN__._omp_fn.1 (main_explicit_Mie.f90:2331 @ 4027a7) [358] MAIN__._omp_fn.1 (main_explicit_Mie.f90:3126 @ 405807) [272] flaps (main_explicit_Mie.f90:3295 @ 41854b)
 [417] MAIN__._omp_fn.1 (main_explicit_Mie.f90:2333 @ 4027b4) [38] MAIN__._omp_fn.1 (main_explicit_Mie.f90:3123 @ 40580e) [62] flaps (main_explicit_Mie.f90:3298 @ 418553)
 [258] MAIN__._omp_fn.1 (main_explicit_Mie.f90:2331 @ 4027bc) [6] MAIN__._omp_fn.1 (main_explicit_Mie.f90:3126 @ 405825) [300] flaps (main_explicit_Mie.f90:3299 @ 418567)
  [98] MAIN__._omp_fn.1 (main_explicit_Mie.f90:2333 @ 4027c0) [53] MAIN__._omp_fn.1 (main_explicit_Mie.f90:2661 @ 405d46) [267] flaps (main_explicit_Mie.f90:3302 @ 41856f)
 [246] MAIN__._omp_fn.1 (main_explicit_Mie.f90:2334 @ 40283d) [11100] __libmsh2vf_MOD_compute_edges (libmsh2vf.f90:358 @ 438080) [231] flaps (main_explicit_Mie.f90:3303 @ 41857d)
 [245] MAIN__._omp_fn.1 (main_explicit_Mie.f90:2333 @ 402845) [407] __libmsh2vf_MOD_compute_edges (libmsh2vf.f90:390 @ 438455) [123] flaps (main_explicit_Mie.f90:3306 @ 418585)
 [112] MAIN__._omp_fn.1 (main_explicit_Mie.f90:2334 @ 402849) [408] __libmsh2vf_MOD_compute_edges (libmsh2vf.f90:528 @ 43a7a4) [223] flaps (main_explicit_Mie.f90:3307 @ 418599)
 [265] MAIN__._omp_fn.1 (main_explicit_Mie.f90:2340 @ 4028a5) [11101] __libmsh2vf_MOD_correct_orientation (libmsh2vf.f90:130 @ 435830) [340] flaps (main_explicit_Mie.f90:3310 @ 4185a1)
 [185] MAIN__._omp_fn.1 (main_explicit_Mie.f90:2334 @ 4028ac) [445] __libmsh2vf_MOD_correct_orientation (libmsh2vf.f90:174 @ 435e37) [266] flaps (main_explicit_Mie.f90:3311 @ 4185af)
 [296] MAIN__._omp_fn.1 (main_explicit_Mie.f90:2334 @ 4028c2) [446] __libmsh2vf_MOD_correct_orientation (libmsh2vf.f90:175 @ 435e46) [126] flaps (main_explicit_Mie.f90:3314 @ 4185b7)
  [89] MAIN__._omp_fn.1 (main_explicit_Mie.f90:2340 @ 4028cd) [11102] __libmsh2vf_MOD_extract_boundedges (libmsh2vf.f90:655 @ 432cf0) [276] flaps (main_explicit_Mie.f90:3315 @ 4185cb)
 [255] MAIN__._omp_fn.1 (main_explicit_Mie.f90:2341 @ 402955) [409] __libmsh2vf_MOD_extract_boundedges (libmsh2vf.f90:670 @ 432e89) [268] flaps (main_explicit_Mie.f90:3318 @ 4185d3)
  [45] MAIN__._omp_fn.1 (main_explicit_Mie.f90:2340 @ 402958) [11103] __libmsh2vf_MOD_identify_physical_zone_for_edges (libmsh2vf.f90:583 @ 4370e0) [207] flaps (main_explicit_Mie.f90:3319 @ 4185e1)
  [69] MAIN__._omp_fn.1 (main_explicit_Mie.f90:2341 @ 402977) [11104] __libmsh2vf_MOD_read_msh_file (libmsh2vf.f90:192 @ 4332b0) [96] flaps (main_explicit_Mie.f90:3322 @ 4185e9)
 [102] MAIN__._omp_fn.1 (main_explicit_Mie.f90:2345 @ 402a14) [406] __libmsh2vf_MOD_sort_dicho_int (libmsh2vf.f90:76 @ 4364a0) [238] flaps (main_explicit_Mie.f90:3323 @ 4185fd)
  [97] MAIN__._omp_fn.1 (main_explicit_Mie.f90:2346 @ 402a4e) [327] __libmsh2vf_MOD_sort_dicho_int (libmsh2vf.f90:98 @ 4367d9) [49] flaps (main_explicit_Mie.f90:3326 @ 418605)
  [68] MAIN__._omp_fn.1 (main_explicit_Mie.f90:2356 @ 402a85) [375] __libmsh2vf_MOD_sort_dicho_int (libmsh2vf.f90:108 @ 4369d5) [214] flaps (main_explicit_Mie.f90:3327 @ 418619)
 [381] MAIN__._omp_fn.1 (main_explicit_Mie.f90:2362 @ 402adb) [410] __libmsh2vf_MOD_sort_dicho_int (libmsh2vf.f90:80 @ 436a67) [44] flaps (main_explicit_Mie.f90:3330 @ 418621)
  [46] MAIN__._omp_fn.1 (main_explicit_Mie.f90:2356 @ 402aeb) [411] __libmsh2vf_MOD_sort_dicho_int (libmsh2vf.f90:112 @ 436ab0) [233] flaps (main_explicit_Mie.f90:3331 @ 418635)
 [345] MAIN__._omp_fn.1 (main_explicit_Mie.f90:2362 @ 402aef) [447] __libmsh2vf_MOD_sort_dicho_int (libmsh2vf.f90:115 @ 436b08) [39] flaps (main_explicit_Mie.f90:3334 @ 41863d)
 [174] MAIN__._omp_fn.1 (main_explicit_Mie.f90:2356 @ 402af7) [344] __libmsh2vf_MOD_sort_dicho_int (libmsh2vf.f90:120 @ 436b1b) [208] flaps (main_explicit_Mie.f90:3335 @ 418651)
 [110] MAIN__._omp_fn.1 (main_explicit_Mie.f90:2362 @ 402b05) [412] __libmsh2vf_MOD_sort_dicho_int (libmsh2vf.f90:115 @ 436b6a) [42] flaps (main_explicit_Mie.f90:3338 @ 418659)
 [224] MAIN__._omp_fn.1 (main_explicit_Mie.f90:2474 @ 402b7b) [11099] _init [220] flaps (main_explicit_Mie.f90:3339 @ 41866d)
 [205] MAIN__._omp_fn.1 (main_explicit_Mie.f90:2471 @ 402b92) [331] coneexp1 (main_explicit_Mie.f90:4519 @ 401de0) [55] flaps (main_explicit_Mie.f90:3342 @ 418675)
 [158] MAIN__._omp_fn.1 (main_explicit_Mie.f90:2362 @ 402ba4) [314] coneexp1 (main_explicit_Mie.f90:4535 @ 401ded) [282] flaps (main_explicit_Mie.f90:3343 @ 41868a)
 [216] MAIN__._omp_fn.1 (main_explicit_Mie.f90:2471 @ 402bcf) [189] coneexp1 (main_explicit_Mie.f90:4537 @ 401e11) [104] flaps (main_explicit_Mie.f90:3346 @ 418693)
 [145] MAIN__._omp_fn.1 (main_explicit_Mie.f90:2474 @ 402bd3) [324] coneexp1 (main_explicit_Mie.f90:4540 @ 401ee4) [277] flaps (main_explicit_Mie.f90:3347 @ 4186a7)
 [382] MAIN__._omp_fn.1 (main_explicit_Mie.f90:2476 @ 402c1e) [454] control_file_ (control_file.f90:6 @ 43d890) [107] flaps (main_explicit_Mie.f90:3350 @ 4186af)
  [23] MAIN__._omp_fn.1 (main_explicit_Mie.f90:2474 @ 402c25) [210] densityofstatee (main_explicit_Mie.f90:3650 @ 4026d9) [278] flaps (main_explicit_Mie.f90:3351 @ 4186c3)
 [135] MAIN__._omp_fn.1 (main_explicit_Mie.f90:2476 @ 402c66) [129] densityofstatee (main_explicit_Mie.f90:3650 @ 4026ea) [146] flaps (main_explicit_Mie.f90:3354 @ 4186cb)
 [206] MAIN__._omp_fn.1 (main_explicit_Mie.f90:2482 @ 402cb3) [420] densityofstatee (main_explicit_Mie.f90:3650 @ 402715) [58] flaps (main_explicit_Mie.f90:3380 @ 4186da)
  [74] MAIN__._omp_fn.1 (main_explicit_Mie.f90:2476 @ 402cba) [262] densityofstatee (main_explicit_Mie.f90:3650 @ 40273d) [191] flaps (main_explicit_Mie.f90:3354 @ 4186e4)
  [17] MAIN__._omp_fn.1 (main_explicit_Mie.f90:2482 @ 402d2a) [281] densityofstateh (main_explicit_Mie.f90:3657 @ 40270d) [175] flaps (main_explicit_Mie.f90:3355 @ 4186ee)
  [60] MAIN__._omp_fn.1 (main_explicit_Mie.f90:2483 @ 402d59) [78] densityofstateh (main_explicit_Mie.f90:3657 @ 40271a) [236] flaps (main_explicit_Mie.f90:3358 @ 4186f6)
 [335] MAIN__._omp_fn.1 (main_explicit_Mie.f90:2484 @ 402d71) [259] densityofstateh (main_explicit_Mie.f90:3657 @ 402755) [295] flaps (main_explicit_Mie.f90:3355 @ 4186fd)
 [109] MAIN__._omp_fn.1 (main_explicit_Mie.f90:2483 @ 402d78) [359] dielectricfunction (main_explicit_Mie.f90:3712 @ 4024ff) [125] flaps (main_explicit_Mie.f90:3358 @ 418704)
  [75] MAIN__._omp_fn.1 (main_explicit_Mie.f90:2488 @ 402d84) [114] dielectricfunction (main_explicit_Mie.f90:3712 @ 40256d) [242] flaps (main_explicit_Mie.f90:3359 @ 418716)
  [73] MAIN__._omp_fn.1 (main_explicit_Mie.f90:2489 @ 402d9a) [20] dielectricfunction (main_explicit_Mie.f90:3713 @ 402590) [317] flaps (main_explicit_Mie.f90:3366 @ 41871a)
 [332] MAIN__._omp_fn.1 (main_explicit_Mie.f90:2494 @ 402dad) [274] dielectricfunction (main_explicit_Mie.f90:3713 @ 40265d) [316] flaps (main_explicit_Mie.f90:3380 @ 418722)
 [201] MAIN__._omp_fn.1 (main_explicit_Mie.f90:2494 @ 402dbb) [32] dielectricfunction (main_explicit_Mie.f90:3713 @ 405d8c) [95] flaps (main_explicit_Mie.f90:3366 @ 41872b)
 [250] MAIN__._omp_fn.1 (main_explicit_Mie.f90:2494 @ 402dd5) [151] dielectricfunctiondrude (main_explicit_Mie.f90:3717 @ 402060) [225] flaps (main_explicit_Mie.f90:3359 @ 418735)
 [418] MAIN__._omp_fn.1 (main_explicit_Mie.f90:2498 @ 402dfc) [16] dielectricfunctiondrude (main_explicit_Mie.f90:3721 @ 40206d) [326] flaps (main_explicit_Mie.f90:3378 @ 418739)
  [86] MAIN__._omp_fn.1 (main_explicit_Mie.f90:2494 @ 402e03) [12] dielectricfunctiondrude (main_explicit_Mie.f90:3722 @ 40208f) [355] flaps (main_explicit_Mie.f90:3359 @ 41873d)
 [244] MAIN__._omp_fn.1 (main_explicit_Mie.f90:2494 @ 402e3f) [128] dielectricfunctiondrude (main_explicit_Mie.f90:3724 @ 40215e) [280] flaps (main_explicit_Mie.f90:3366 @ 418744)
 [154] MAIN__._omp_fn.1 (main_explicit_Mie.f90:2498 @ 402e49) [94] dielectricfunctiondrude (main_explicit_Mie.f90:3721 @ 402164) [91] flaps (main_explicit_Mie.f90:3367 @ 41874c)
 [221] MAIN__._omp_fn.1 (main_explicit_Mie.f90:2498 @ 402e63) [13] dielectricfunctiondrude (main_explicit_Mie.f90:3722 @ 40219e) [70] flaps (main_explicit_Mie.f90:3368 @ 418766)
  [66] MAIN__._omp_fn.1 (main_explicit_Mie.f90:2498 @ 402e8a) [319] ephcollisionfrequency (main_explicit_Mie.f90:3730 @ 4024f7) [57] flaps (main_explicit_Mie.f90:3369 @ 418780)
 [117] MAIN__._omp_fn.1 (main_explicit_Mie.f90:2500 @ 402ec4) [137] ephcollisionfrequency (main_explicit_Mie.f90:3730 @ 402542) [256] flaps (main_explicit_Mie.f90:3370 @ 41879a)
 [336] MAIN__._omp_fn.1 (main_explicit_Mie.f90:2501 @ 402f02) [138] fermiindex (main_explicit_Mie.f90:3817 @ 401f50) [234] flaps (main_explicit_Mie.f90:3378 @ 4187ae)
 [303] MAIN__._omp_fn.1 (main_explicit_Mie.f90:2505 @ 402f0a) [181] fermiindex (main_explicit_Mie.f90:3826 @ 401f61) [8] flaps (main_explicit_Mie.f90:3384 @ 4187b4)
  [54] MAIN__._omp_fn.1 (main_explicit_Mie.f90:2501 @ 402f11) [182] fermiindex (main_explicit_Mie.f90:3817 @ 401f65) [203] flaps (main_explicit_Mie.f90:3390 @ 418872)
 [251] MAIN__._omp_fn.1 (main_explicit_Mie.f90:2505 @ 402f17) [11] fermiindex (main_explicit_Mie.f90:3826 @ 401f68) [30] flaps (main_explicit_Mie.f90:3390 @ 418887)
  [90] MAIN__._omp_fn.1 (main_explicit_Mie.f90:2507 @ 402f31) [159] fermiindex (main_explicit_Mie.f90:3827 @ 401f8a) [43] flaps (main_explicit_Mie.f90:3384 @ 4188a6)
  [63] MAIN__._omp_fn.1 (main_explicit_Mie.f90:2507 @ 402fcd) [421] fermiindex (main_explicit_Mie.f90:3826 @ 401f8e) [321] flaps (main_explicit_Mie.f90:3390 @ 4188b8)
 [219] MAIN__._omp_fn.1 (main_explicit_Mie.f90:2508 @ 402fef) [422] fermiindex (main_explicit_Mie.f90:3827 @ 401f95) [374] flaps (main_explicit_Mie.f90:3397 @ 4188c5)
 [130] MAIN__._omp_fn.1 (main_explicit_Mie.f90:2510 @ 40300f) [230] fermiindex (main_explicit_Mie.f90:3828 @ 401fa2) [291] flaps (main_explicit_Mie.f90:3390 @ 4188cd)
 [346] MAIN__._omp_fn.1 (main_explicit_Mie.f90:2513 @ 40305e) [136] fermiindex (main_explicit_Mie.f90:3831 @ 402049) [273] flaps (main_explicit_Mie.f90:3401 @ 4188d2)
  [79] MAIN__._omp_fn.1 (main_explicit_Mie.f90:2510 @ 403066) [311] fermiindex.2027 (main_explicit_Mie.f90:3831 @ 402053) [169] flaps (main_explicit_Mie.f90:3384 @ 4188d7)
  [33] MAIN__._omp_fn.1 (main_explicit_Mie.f90:2510 @ 4030a6) [299] flaps (main_explicit_Mie.f90:645 @ 4070a1) [171] flaps (main_explicit_Mie.f90:3390 @ 4188df)
  [29] MAIN__._omp_fn.1 (main_explicit_Mie.f90:2513 @ 4030c4) [342] flaps (main_explicit_Mie.f90:649 @ 4070dd) [103] flaps (main_explicit_Mie.f90:3384 @ 4188e7)
 [283] MAIN__._omp_fn.1 (main_explicit_Mie.f90:2543 @ 40312a) [384] flaps (main_explicit_Mie.f90:649 @ 4070fd) [36] flaps (main_explicit_Mie.f90:3390 @ 4188f3)
 [178] MAIN__._omp_fn.1 (main_explicit_Mie.f90:2513 @ 403131) [423] flaps (main_explicit_Mie.f90:651 @ 40710e) [132] flaps (main_explicit_Mie.f90:3384 @ 41890b)
  [40] MAIN__._omp_fn.1 (main_explicit_Mie.f90:2513 @ 403154) [424] flaps (main_explicit_Mie.f90:644 @ 407118) [116] flaps (main_explicit_Mie.f90:3390 @ 418917)
 [188] MAIN__._omp_fn.1 (main_explicit_Mie.f90:2543 @ 403187) [385] flaps (main_explicit_Mie.f90:665 @ 407158) [252] flaps (main_explicit_Mie.f90:3384 @ 418928)
 [157] MAIN__._omp_fn.1 (main_explicit_Mie.f90:2545 @ 40319a) [386] flaps (main_explicit_Mie.f90:669 @ 407181) [127] flaps (main_explicit_Mie.f90:3390 @ 418930)
 [383] MAIN__._omp_fn.1 (main_explicit_Mie.f90:2546 @ 4031cf) [425] flaps (main_explicit_Mie.f90:671 @ 4071a0) [333] flaps (main_explicit_Mie.f90:3384 @ 418934)
 [108] MAIN__._omp_fn.1 (main_explicit_Mie.f90:2545 @ 4031d6) [426] flaps (main_explicit_Mie.f90:664 @ 4071a8) [153] flaps (main_explicit_Mie.f90:3390 @ 41893c)
 [152] MAIN__._omp_fn.1 (main_explicit_Mie.f90:2546 @ 403214) [378] flaps (main_explicit_Mie.f90:676 @ 4071ee) [229] flaps (main_explicit_Mie.f90:3392 @ 418940)
  [88] MAIN__._omp_fn.1 (main_explicit_Mie.f90:2545 @ 403217) [328] flaps (main_explicit_Mie.f90:685 @ 407200) [168] flaps (main_explicit_Mie.f90:3390 @ 418948)
 [249] MAIN__._omp_fn.1 (main_explicit_Mie.f90:2546 @ 403224) [341] flaps (main_explicit_Mie.f90:689 @ 407226) [334] flaps (main_explicit_Mie.f90:3394 @ 41894c)
  [50] MAIN__._omp_fn.1 (main_explicit_Mie.f90:2548 @ 40323a) [379] flaps (main_explicit_Mie.f90:684 @ 407241) [124] flaps (main_explicit_Mie.f90:3397 @ 41895c)
 [139] MAIN__._omp_fn.1 (main_explicit_Mie.f90:2549 @ 4032b1) [363] flaps (main_explicit_Mie.f90:691 @ 407245) [119] flaps (main_explicit_Mie.f90:3390 @ 418966)
  [84] MAIN__._omp_fn.1 (main_explicit_Mie.f90:2548 @ 4032bc) [387] flaps (main_explicit_Mie.f90:684 @ 40724d) [56] flaps (main_explicit_Mie.f90:3397 @ 41896e)
 [232] MAIN__._omp_fn.1 (main_explicit_Mie.f90:2549 @ 4032c9) [368] flaps (main_explicit_Mie.f90:689 @ 40725b) [323] flaps (main_explicit_Mie.f90:3397 @ 418984)
 [228] MAIN__._omp_fn.1 (main_explicit_Mie.f90:2553 @ 4032d6) [349] flaps (main_explicit_Mie.f90:691 @ 407265) [325] flaps (main_explicit_Mie.f90:3399 @ 418988)
 [197] MAIN__._omp_fn.1 (main_explicit_Mie.f90:2549 @ 4032f7) [369] flaps (main_explicit_Mie.f90:699 @ 4072b0) [24] flaps (main_explicit_Mie.f90:3397 @ 41898c)
 [196] MAIN__._omp_fn.1 (main_explicit_Mie.f90:2553 @ 403308) [388] flaps (main_explicit_Mie.f90:703 @ 4072dc) [35] flaps (main_explicit_Mie.f90:3399 @ 4189b6)
  [81] MAIN__._omp_fn.1 (main_explicit_Mie.f90:2553 @ 403319) [427] flaps (main_explicit_Mie.f90:705 @ 407326) [320] flaps (main_explicit_Mie.f90:3401 @ 418a09)
  [47] MAIN__._omp_fn.1 (main_explicit_Mie.f90:2554 @ 40332b) [428] flaps (main_explicit_Mie.f90:703 @ 40732d) [237] flaps (main_explicit_Mie.f90:3405 @ 418a12)
 [318] MAIN__._omp_fn.1 (main_explicit_Mie.f90:2572 @ 40334e) [343] flaps (main_explicit_Mie.f90:724 @ 407347) [402] flaps (main_explicit_Mie.f90:3406 @ 418a70)
 [155] MAIN__._omp_fn.1 (main_explicit_Mie.f90:2572 @ 403364) [71] flaps (main_explicit_Mie.f90:726 @ 40737d) [187] flaps (main_explicit_Mie.f90:3409 @ 418b89)
 [140] MAIN__._omp_fn.1 (main_explicit_Mie.f90:2572 @ 40336d) [190] flaps (main_explicit_Mie.f90:725 @ 4073cc) [403] flaps (main_explicit_Mie.f90:3410 @ 418bf1)
 [144] MAIN__._omp_fn.1 (main_explicit_Mie.f90:2572 @ 403395) [19] flaps (main_explicit_Mie.f90:726 @ 4073d3) [226] flaps (main_explicit_Mie.f90:3413 @ 418d0a)
 [288] MAIN__._omp_fn.1 (main_explicit_Mie.f90:2572 @ 4033d8) [28] flaps (main_explicit_Mie.f90:727 @ 4073f5) [235] flaps (main_explicit_Mie.f90:3417 @ 418e8b)
 [289] MAIN__._omp_fn.1 (main_explicit_Mie.f90:2575 @ 4033dd) [164] flaps (main_explicit_Mie.f90:725 @ 40741b) [361] flaps (main_explicit_Mie.f90:3418 @ 418ef3)
 [419] MAIN__._omp_fn.1 (main_explicit_Mie.f90:2577 @ 4033e5) [370] flaps (main_explicit_Mie.f90:726 @ 407466) [162] flaps (main_explicit_Mie.f90:3422 @ 41900c)
  [18] MAIN__._omp_fn.1 (main_explicit_Mie.f90:2572 @ 4033f4) [350] flaps (main_explicit_Mie.f90:761 @ 4074a7) [329] flaps (main_explicit_Mie.f90:3423 @ 419072)
 [176] MAIN__._omp_fn.1 (main_explicit_Mie.f90:2575 @ 403479) [87] flaps (main_explicit_Mie.f90:763 @ 4074c3) [160] flaps (main_explicit_Mie.f90:3426 @ 4190f7)
  [15] MAIN__._omp_fn.1 (main_explicit_Mie.f90:2577 @ 40347f) [193] flaps (main_explicit_Mie.f90:763 @ 4074de) [143] flaps (main_explicit_Mie.f90:3431 @ 4191e2)
 [240] MAIN__._omp_fn.1 (main_explicit_Mie.f90:2583 @ 4034a9) [100] flaps (main_explicit_Mie.f90:762 @ 4074e4) [141] flaps (main_explicit_Mie.f90:3434 @ 41920a)
 [147] MAIN__._omp_fn.1 (main_explicit_Mie.f90:2577 @ 4034b7) [59] flaps (main_explicit_Mie.f90:763 @ 4074eb) [52] flaps (main_explicit_Mie.f90:3438 @ 419232)
 [222] MAIN__._omp_fn.1 (main_explicit_Mie.f90:2577 @ 4034c7) [352] flaps (main_explicit_Mie.f90:762 @ 4074fb) [253] flaps (main_explicit_Mie.f90:3442 @ 41925b)
 [200] MAIN__._omp_fn.1 (main_explicit_Mie.f90:2583 @ 4034d0) [353] flaps (main_explicit_Mie.f90:763 @ 407504) [211] flaps (main_explicit_Mie.f90:3444 @ 419267)
 [173] MAIN__._omp_fn.1 (main_explicit_Mie.f90:2583 @ 4034f8) [354] flaps (main_explicit_Mie.f90:761 @ 40753c) [364] flaps (main_explicit_Mie.f90:3451 @ 419270)
 [213] MAIN__._omp_fn.1 (main_explicit_Mie.f90:2583 @ 403524) [389] flaps (main_explicit_Mie.f90:978 @ 408aad) [357] flaps (main_explicit_Mie.f90:3455 @ 41927a)
 [286] MAIN__._omp_fn.1 (main_explicit_Mie.f90:2583 @ 403540) [390] flaps (main_explicit_Mie.f90:768 @ 4095ab) [166] flaps (main_explicit_Mie.f90:3451 @ 419282)
 [287] MAIN__._omp_fn.1 (main_explicit_Mie.f90:2587 @ 403544) [429] flaps (main_explicit_Mie.f90:1158 @ 40a732) [101] flaps (main_explicit_Mie.f90:3452 @ 4192a2)
  [26] MAIN__._omp_fn.1 (main_explicit_Mie.f90:2583 @ 40354b) [430] flaps (main_explicit_Mie.f90:1157 @ 40a739) [440] flaps (main_explicit_Mie.f90:3478 @ 4198ae)
 [170] MAIN__._omp_fn.1 (main_explicit_Mie.f90:2585 @ 4035ce) [431] flaps (main_explicit_Mie.f90:1163 @ 40a94f) [215] flaps (main_explicit_Mie.f90:3248 @ 4198ba)
   [7] MAIN__._omp_fn.1 (main_explicit_Mie.f90:2587 @ 4035d4) [432] flaps (main_explicit_Mie.f90:1161 @ 40a9a9) [441] flaps (main_explicit_Mie.f90:3484 @ 4198dc)
 [163] MAIN__._omp_fn.1 (main_explicit_Mie.f90:2597 @ 4035fe) [391] flaps (main_explicit_Mie.f90:1165 @ 40a9b7) [442] flaps (main_explicit_Mie.f90:3246 @ 419947)
 [120] MAIN__._omp_fn.1 (main_explicit_Mie.f90:2598 @ 403616) [392] flaps (main_explicit_Mie.f90:1165 @ 40aa19) [404] flaps (main_explicit_Mie.f90:3499 @ 41b594)
  [85] MAIN__._omp_fn.1 (main_explicit_Mie.f90:2599 @ 403626) [376] flaps (main_explicit_Mie.f90:1173 @ 40ac88) [405] flaps (main_explicit_Mie.f90:3609 @ 41b734)
  [76] MAIN__._omp_fn.1 (main_explicit_Mie.f90:2600 @ 403636) [433] flaps (main_explicit_Mie.f90:1171 @ 40acb0) [453] frame_dummy
 [161] MAIN__._omp_fn.1 (main_explicit_Mie.f90:2647 @ 403748) [393] flaps (main_explicit_Mie.f90:1179 @ 40ad9f) [356] impactionizationrate (main_explicit_Mie.f90:3746 @ 402d92)
 [366] MAIN__._omp_fn.1 (main_explicit_Mie.f90:2638 @ 40375e) [434] flaps (main_explicit_Mie.f90:1187 @ 40afc4) [131] impactionizationrate (main_explicit_Mie.f90:3746 @ 402da8)
  [83] MAIN__._omp_fn.1 (main_explicit_Mie.f90:2639 @ 40377d) [435] flaps (main_explicit_Mie.f90:1185 @ 40b044) [254] impactionizationrate (main_explicit_Mie.f90:3746 @ 402db4)
 [105] MAIN__._omp_fn.1 (main_explicit_Mie.f90:2639 @ 40383e) [436] flaps (main_explicit_Mie.f90:1193 @ 40b1f3) [248] impactionizationrate (main_explicit_Mie.f90:3746 @ 402dc8)
 [118] MAIN__._omp_fn.1 (main_explicit_Mie.f90:2641 @ 403850) [437] flaps (main_explicit_Mie.f90:1191 @ 40b1f9) [195] impactionizationrate (main_explicit_Mie.f90:3746 @ 402ded)
  [92] MAIN__._omp_fn.1 (main_explicit_Mie.f90:2641 @ 4038a9) [394] flaps (main_explicit_Mie.f90:1197 @ 40b2b9) [284] impactionizationrate (main_explicit_Mie.f90:3746 @ 402e37)
  [72] MAIN__._omp_fn.1 (main_explicit_Mie.f90:2643 @ 4038bb) [395] flaps (main_explicit_Mie.f90:1198 @ 40b2f2) [148] impactionizationrate (main_explicit_Mie.f90:3746 @ 402e45)
 [111] MAIN__._omp_fn.1 (main_explicit_Mie.f90:2645 @ 40391f) [396] flaps (main_explicit_Mie.f90:1209 @ 40b5e7) [177] impactionizationrate (main_explicit_Mie.f90:3746 @ 402e56)
 [351] MAIN__._omp_fn.1 (main_explicit_Mie.f90:2647 @ 40397d) [397] flaps (main_explicit_Mie.f90:1153 @ 40b685) [337] impactionizationrate (main_explicit_Mie.f90:3746 @ 40335c)
  [93] MAIN__._omp_fn.1 (main_explicit_Mie.f90:2645 @ 403984) [438] flaps (main_explicit_Mie.f90:1153 @ 40b6b6) [156] impactionizationrate (main_explicit_Mie.f90:3746 @ 403368)
  [65] MAIN__._omp_fn.1 (main_explicit_Mie.f90:2647 @ 403996) [439] flaps (main_explicit_Mie.f90:1214 @ 40b6c4) [192] impactionizationrate (main_explicit_Mie.f90:3746 @ 403384)
 [209] MAIN__._omp_fn.1 (main_explicit_Mie.f90:2661 @ 403ac8) [371] flaps (main_explicit_Mie.f90:1273 @ 40c511) [443] impactionizationrate (main_explicit_Mie.f90:3746 @ 4033c8)
 [270] MAIN__._omp_fn.1 (main_explicit_Mie.f90:2671 @ 403ae5) [372] flaps (main_explicit_Mie.f90:2168 @ 416301) [444] impactionizationrate (main_explicit_Mie.f90:3746 @ 4034a2)
 [260] MAIN__._omp_fn.1 (main_explicit_Mie.f90:2696 @ 403aec) [398] flaps (main_explicit_Mie.f90:2188 @ 416921) [338] impactionizationrate (main_explicit_Mie.f90:3746 @ 4034cb)
 [367] MAIN__._omp_fn.1 (main_explicit_Mie.f90:2671 @ 403af3) [399] flaps (main_explicit_Mie.f90:2190 @ 416952) [180] impactionizationrate (main_explicit_Mie.f90:3746 @ 4034eb)
 [204] MAIN__._omp_fn.1 (main_explicit_Mie.f90:2676 @ 403b03) [373] flaps (main_explicit_Mie.f90:2194 @ 416a34) [198] latticeheatcapacity (main_explicit_Mie.f90:3802 @ 401f00)
   [1] MAIN__._omp_fn.1 (main_explicit_Mie.f90:2696 @ 403b10) [400] flaps (main_explicit_Mie.f90:2196 @ 416a57) [121] latticeheatcapacity (main_explicit_Mie.f90:3813 @ 401f0d)
   [5] MAIN__._omp_fn.1 (main_explicit_Mie.f90:2781 @ 404235) [360] flaps (main_explicit_Mie.f90:3153 @ 417ef6) [269] latticeheatcapacity (main_explicit_Mie.f90:3814 @ 401f48)
   [4] MAIN__._omp_fn.1 (main_explicit_Mie.f90:2813 @ 4046c4) [401] flaps (main_explicit_Mie.f90:3175 @ 417f81) [227] latticeheatcapacity.2030 (main_explicit_Mie.f90:3814 @ 401f4a)
 [184] MAIN__._omp_fn.1 (main_explicit_Mie.f90:2960 @ 404b56) [217] flaps (main_explicit_Mie.f90:3250 @ 418387)
