 Hello from thread =                    0
OpenMP TEST
Number of Threads = 1
*******************************
 Pi =    3.1415926535897931     
 Read PolarizationSource TM:                     0
 Read phiMie0:    270.00000000000000      deg -> rad
 Importing data on Polarization.
 Loading GMSH mesh...
 MESH INFORMATIONS
 [GMSH] Quadrangles number
               120000
 [GMSH] Node number
               120704
 Latest running index while remeshing                 2604
 [Mesh] Building...

 [Mesh] Convergence (                  500 )=   1.0817200796192992E-005
 [Mesh] Convergence (                 1000 )=   1.8112629213610488E-006
 [Mesh] Convergence (                 1500 )=   2.5792603657464494E-007
 [Mesh] Convergence (                 2000 )=   3.5914706339099211E-008
 [Mesh] Convergence (                 2500 )=   4.9850516661535945E-009
 [Mesh] Convergence (                 3000 )=   6.9162929503363552E-010
 [Mesh] Convergence is reached. The show can go on.
 [Mesh) ITERATIONS=                 3490
 Vessel cells:                   51 *                   51 =                 2601
 Matter cells:                   51 *                   51 =                 2601
  -73.799999999999997       -74.200000000000003     
 Done.
 [Mesh] Calculation of normales and distances.
 NEEDLE CHECK
 North  -3.7660326630786244E-002  0.99929059827362665     
 South  -4.4254985284557589E-002 -0.99902026820153322     
 East  0.99776387854434379        6.6837434661633735E-002
 West -0.98355051411920225      -0.18063329199196024     
   1.0084235919080716E-007   1.0080401314662160E-007   6.2261963353734495E-009   6.0517118214716542E-009
 VESSEL CHECK
 North  -3.7660326630786486E-002  0.99929059827362954     
 South  -4.4254985284557596E-002 -0.99902026820153644     
 East  0.99776387854570758        6.6837434661703207E-002
 West -0.98355051411899175      -0.18063329199185602     
   1.0084235919080652E-007   1.0080401314662204E-007   6.2261963353814905E-009   6.0517118214533355E-009
 epsilon(   515.00000000000000      nm)= (  17.825399999999998     , 0.50668999999999997     )
 Re(sqrt(epsilon))=   4.2224400481392985     
 [Poisson eq.] Filling matrix
 Starting time loop.
 Time=  -1.9900000000000334E-013 Intensity=   1.5608081973338662E-015
   80.000000477192344      < Te <    80.000000477853732     
   80.000000477192344      < Th <    80.000000477853732     
   80.000000000000000      < Ts <   80.000000000000000     
   100000.00001007428      < Ne <   100000.00001008825     
   100000.00001007428      < Nh <   100000.00001008825     
 CFL_Te=   3.0172996512481956E-005 maxCFL_Ne=   2.3291356418542664E-005 maxCFL_Ts=   5.1020110945368359E-004 CPU=   240.09932757767899      NumThreads=                    1 Elapsed time=   4.1649429429429429E-003
 CFL_Limit=   1.0000000000000000E-003
 dt_init=   1.0000000000000001E-018 dt=   1.0000000000000001E-018
 Time=  -1.9800000000000668E-013 Intensity=   3.1054412247246876E-015
   80.000001427414261      < Te <    80.000001428728339     
   80.000001427414261      < Th <    80.000001428728339     
   80.000000000000000      < Ts <   80.000000000000000     
   100000.00003017709      < Ne <   100000.00003020490     
   100000.00003017709      < Nh <   100000.00003020490     
 CFL_Te=   3.0172996870869982E-005 maxCFL_Ne=   2.3291356695192224E-005 maxCFL_Ts=   5.1020110945368359E-004 CPU=   243.07873136492660      NumThreads=                    1 Elapsed time=   4.1138934467233618E-003
 CFL_Limit=   1.0000000000000000E-003
 dt_init=   1.0000000000000001E-018 dt=   1.0000000000000001E-018
 Time=  -1.9700000000001002E-013 Intensity=   6.1573230609639201E-015
   80.000003312372158      < Te <    80.000003314975743     
   80.000003312372158      < Th <    80.000003314975743     
   80.000000000000000      < Ts <   80.000000000000000     
   100000.00007009716      < Ne <   100000.00007015229     
   100000.00007009716      < Nh <   100000.00007015229     
 CFL_Te=   3.0172997581805335E-005 maxCFL_Ne=   2.3291357243982705E-005 maxCFL_Ts=   5.1020110945368359E-004 CPU=   244.10984275467905      NumThreads=                    1 Elapsed time=   4.0965165055018337E-003
 CFL_Limit=   1.0000000000000000E-003
 dt_init=   1.0000000000000001E-018 dt=   1.0000000000000001E-018
 Time=  -1.9600000000001335E-013 Intensity=   1.2166213048899516E-014
   80.000007040551225      < Te <    80.000007045693465     
   80.000007040551225      < Th <    80.000007045693465     
   80.000000000000000      < Ts <   80.000000000000000     
   100000.00014909677      < Ne <   100000.00014920572     
   100000.00014909677      < Nh <   100000.00014920572     
 CFL_Te=   3.0172998987934498E-005 maxCFL_Ne=   2.3291358329412303E-005 maxCFL_Ts=   5.1020110945368359E-004 CPU=   244.62491946769029      NumThreads=                    1 Elapsed time=   4.0878909727431858E-003
 CFL_Limit=   1.0000000000000000E-003
 dt_init=   1.0000000000000001E-018 dt=   1.0000000000000001E-018
 Time=  -1.9500000000001669E-013 Intensity=   2.3955969091122017E-014
   80.000014390740063      < Te <    80.000014400862980     
   80.000014390740063      < Th <    80.000014400862980     
   80.000000000000000      < Ts <   80.000000000000000     
   100000.00030489115      < Ne <   100000.00030510573     
   100000.00030489115      < Nh <   100000.00030510573     
 CFL_Te=   3.0173001760149759E-005 maxCFL_Ne=   2.3291360469361111E-005 maxCFL_Ts=   5.1020110945368359E-004 CPU=   244.70186682706654      NumThreads=                    1 Elapsed time=   4.0866055211042215E-003
 CFL_Limit=   1.0000000000000000E-003
 dt_init=   1.0000000000000001E-018 dt=   1.0000000000000001E-018
 Time=  -1.9400000000002002E-013 Intensity=   4.7007474681725239E-014
   80.000028833529129      < Te <    80.000028853390347     
   80.000028833529129      < Th <    80.000028853390347     
   80.000000000000000      < Ts <   80.000000000000000     
   100000.00061106883      < Ne <   100000.00061148992     
   100000.00061106883      < Nh <   100000.00061148992     
 CFL_Te=   3.0173007207427527E-005 maxCFL_Ne=   2.3291364674263969E-005 maxCFL_Ts=   5.1020110945368359E-004 CPU=   244.95121412137419      NumThreads=                    1 Elapsed time=   4.0824455742623778E-003
 CFL_Limit=   1.0000000000000000E-003
 dt_init=   1.0000000000000001E-018 dt=   1.0000000000000001E-018
 Time=  -1.9300000000002336E-013 Intensity=   9.1921043856280728E-014
   80.000057116609241      < Te <    80.000057155444424     
   80.000057116609241      < Th <    80.000057155444424     
   80.000000000000000      < Ts <   80.000000000000000     
   100000.00121070982      < Ne <   100000.00121153321     
   100000.00121070982      < Nh <   100000.00121153321     
 CFL_Te=   3.0173017874743434E-005 maxCFL_Ne=   2.3291372908657334E-005 maxCFL_Ts=   5.1020110945368359E-004 CPU=   245.03400034932835      NumThreads=                    1 Elapsed time=   4.0810662951850270E-003
 CFL_Limit=   1.0000000000000000E-003
 dt_init=   1.0000000000000001E-018 dt=   1.0000000000000001E-018
 Time=  -1.9200000000002670E-013 Intensity=   1.7912566855350728E-013
   80.000112313108730      < Te <    80.000112388783236     
   80.000112313108730      < Th <    80.000112388783236     
   80.000000000000000      < Ts <   80.000000000000000     
   100000.00238102887      < Ne <   100000.00238263342     
   100000.00238102887      < Nh <   100000.00238263342     
 CFL_Te=   3.0173038692790648E-005 maxCFL_Ne=   2.3291388978678231E-005 maxCFL_Ts=   5.1020110945368359E-004 CPU=   245.17845337790257      NumThreads=                    1 Elapsed time=   4.0786618327290905E-003
 CFL_Limit=   1.0000000000000000E-003
 dt_init=   1.0000000000000001E-018 dt=   1.0000000000000001E-018
 Time=  -1.9100000000003003E-013 Intensity=   3.4785283813530712E-013
   80.000219662255986      < Te <    80.000219809206712     
   80.000219662255986      < Th <    80.000219809206712     
   80.000000000000000      < Ts <   80.000000000000000     
   100000.00465723996      < Ne <   100000.00466035565     
   100000.00465723996      < Nh <   100000.00466035565     
 CFL_Te=   3.0173079180858499E-005 maxCFL_Ne=   2.3291420232526976E-005 maxCFL_Ts=   5.1020110945368359E-004 CPU=   245.28973654208693      NumThreads=                    1 Elapsed time=   4.0768114234914984E-003
 CFL_Limit=   1.0000000000000000E-003
 dt_init=   1.0000000000000001E-018 dt=   1.0000000000000001E-018
 Time=  -1.9000000000003337E-013 Intensity=   6.7317523082182542E-013
   80.000427720236516      < Te <    80.000428004609745     
   80.000427720236516      < Th <    80.000428004609745     
   80.000000000000000      < Ts <   80.000000000000000     
   100000.00906904222      < Ne <   100000.00907507184     
   100000.00906904222      < Nh <   100000.00907507184     
 CFL_Te=   3.0173157652517086E-005 maxCFL_Ne=   2.3291480806949777E-005 maxCFL_Ts=   5.1020110945368359E-004 CPU=   245.37777379462557      NumThreads=                    1 Elapsed time=   4.0753487348734871E-003
 CFL_Limit=   1.0000000000000000E-003
 dt_init=   1.0000000000000001E-018 dt=   1.0000000000000001E-018
 Time=  -1.8900000000003671E-013 Intensity=   1.2982417001071079E-012
   80.000829573122630      < Te <    80.000830121528054     
   80.000829573122630      < Th <    80.000830121528054     
   80.000000000000000      < Ts <   80.000000000000000     
   100000.01759051721      < Ne <   100000.01760214553     
   100000.01759051721      < Nh <   100000.01760214553     
 CFL_Te=   3.0173309216337862E-005 maxCFL_Ne=   2.3291597803214944E-005 maxCFL_Ts=   5.1020110945368359E-004 CPU=   245.45656527912777      NumThreads=                    1 Elapsed time=   4.0740405491408310E-003
 CFL_Limit=   1.0000000000000000E-003
 dt_init=   1.0000000000000001E-018 dt=   1.0000000000000001E-018
 Time=  -1.8800000000004004E-013 Intensity=   2.4950418329827070E-012
   80.001603047293514      < Te <    80.001604101219570     
   80.001603047293514      < Th <    80.001604101219570     
   80.000000000000000      < Ts <   80.000000000000000     
   100000.03399297041      < Ne <   100000.03401531844     
   100000.03399297041      < Nh <   100000.03401531844     
 CFL_Te=   3.0173600941754482E-005 maxCFL_Ne=   2.3291822994055512E-005 maxCFL_Ts=   5.1020110945368359E-004 CPU=   245.51985099304278      NumThreads=                    1 Elapsed time=   4.0729904158679888E-003
 CFL_Limit=   1.0000000000000000E-003
 dt_init=   1.0000000000000001E-018 dt=   1.0000000000000001E-018
 Time=  -1.8700000000004338E-013 Intensity=   4.7785370591305342E-012
   80.003086658295103      < Te <    80.003088676723635     
   80.003086658295103      < Th <    80.003088676723635     
   80.000000000000000      < Ts <   80.000000000000000     
   100000.06545582501      < Ne <   100000.06549862589     
   100000.06545582501      < Nh <   100000.06549862589     
 CFL_Te=   3.0174160504121003E-005 maxCFL_Ne=   2.3292254935574963E-005 maxCFL_Ts=   5.1020110945368359E-004 CPU=   245.57053493627663      NumThreads=                    1 Elapsed time=   4.0721497807523653E-003
 CFL_Limit=   1.0000000000000000E-003
 dt_init=   1.0000000000000001E-018 dt=   1.0000000000000001E-018
 Time=  -1.8600000000004672E-013 Intensity=   9.1202540354820250E-012
   80.005922548783218      < Te <    80.005926401003180     
   80.005922548783218      < Th <    80.005926401003180     
   80.000000000000000      < Ts <   80.000000000000000     
   100000.12559849527      < Ne <   100000.12568018468     
   100000.12559849527      < Nh <   100000.12568018468     
 CFL_Te=   3.0175230095537487E-005 maxCFL_Ne=   2.3293080582489719E-005 maxCFL_Ts=   5.1020110945368359E-004 CPU=   245.61698516458671      NumThreads=                    1 Elapsed time=   4.0713796699764267E-003
 CFL_Limit=   1.0000000000000000E-003
 dt_init=   1.0000000000000001E-018 dt=   1.0000000000000001E-018
 Time=  -1.8500000000005005E-013 Intensity=   1.7346575960485076E-011
   80.011324538535632      < Te <    80.011331865145905     
   80.011324538535632      < Th <    80.011331865145905     
   80.000000000000000      < Ts <   80.000000000000000     
   100000.24016629418      < Ne <   100000.24032166667     
   100000.24016629418      < Nh <   100000.24032166667     
 CFL_Te=   3.0177267523250324E-005 maxCFL_Ne=   2.3294653328754650E-005 maxCFL_Ts=   5.1020110945368359E-004 CPU=   245.65135359644458      NumThreads=                    1 Elapsed time=   4.0708100540036004E-003
 CFL_Limit=   1.0000000000000000E-003
 dt_init=   1.0000000000000001E-018 dt=   1.0000000000000001E-018
 Time=  -1.8400000000005339E-013 Intensity=   3.2878760687561038E-011
   80.021578992973431      < Te <    80.021592879351417     
   80.021578992973431      < Th <    80.021592879351417     
   80.000000000000000      < Ts <   80.000000000000000     
   100000.45765550037      < Ne <   100000.45794999431     
   100000.45765550037      < Nh <   100000.45794999431     
 CFL_Te=   3.0181135118453157E-005 maxCFL_Ne=   2.3297638831440832E-005 maxCFL_Ts=   5.1020110945368359E-004 CPU=   245.66816574049861      NumThreads=                    1 Elapsed time=   4.0705314707169208E-003
 CFL_Limit=   1.0000000000000000E-003
 dt_init=   1.0000000000000001E-018 dt=   1.0000000000000001E-018
 Time=  -1.8300000000005673E-013 Intensity=   6.2102912198057113E-011
   80.040977362494033      < Te <    80.041003590659287     
   80.040977362494033      < Th <    80.041003590659287     
   80.000000000000000      < Ts <   80.000000000000000     
   100000.86909702657      < Ne <   100000.86965328126     
   100000.86909702657      < Nh <   100000.86965328126     
 CFL_Te=   3.0188451455110227E-005 maxCFL_Ne=   2.3303286512130424E-005 maxCFL_Ts=   5.1020110945368359E-004 CPU=   245.69990832686224      NumThreads=                    1 Elapsed time=   4.0700055885640333E-003
 CFL_Limit=   1.0000000000000000E-003
 dt_init=   1.0000000000000001E-018 dt=   1.0000000000000001E-018
 Time=  -1.8200000000006006E-013 Intensity=   1.1689699388427008E-010
   80.077546153950095      < Te <    80.077595521139955     
   80.077546153950095      < Th <    80.077595521139955     
   80.000000000000000      < Ts <   80.000000000000000     
   100001.64476134308      < Ne <   100001.64580838950     
   100001.64476134308      < Nh <   100001.64580838950     
 CFL_Te=   3.0202243830244759E-005 maxCFL_Ne=   2.3313933224326787E-005 maxCFL_Ts=   5.1020110945368359E-004 CPU=   245.72579240526954      NumThreads=                    1 Elapsed time=   4.0695768653814107E-003
 CFL_Limit=   1.0000000000000000E-003
 dt_init=   1.0000000000000001E-018 dt=   1.0000000000000001E-018
 Time=  -1.8100000000006340E-013 Intensity=   2.1927522735647163E-010
   80.146244545972763      < Te <    80.146337143145288     
   80.146244545972763      < Th <    80.146337143145288     
   80.000000000000000      < Ts <   80.000000000000000     
   100003.10201374262      < Ne <   100003.10397779541     
   100003.10201374262      < Nh <   100003.10397779541     
 CFL_Te=   3.0228154284383452E-005 maxCFL_Ne=   2.3333934213673419E-005 maxCFL_Ts=   5.1020110945368359E-004 CPU=   245.75806052224604      NumThreads=                    1 Elapsed time=   4.0690425285541346E-003
 CFL_Limit=   1.0000000000000000E-003
 dt_init=   1.0000000000000001E-018 dt=   1.0000000000000001E-018
 Time=  -1.8000000000006673E-013 Intensity=   4.0989313713879761E-010
   80.274852899378430      < Te <    80.275025976946026     
   80.274852899378430      < Th <    80.275025976946026     
   80.000000000000000      < Ts <   80.000000000000000     
   100005.83030682469      < Ne <   100005.83397825410     
   100005.83030682469      < Nh <   100005.83397825410     
 CFL_Te=   3.0276660526591623E-005 maxCFL_Ne=   2.3371377510836461E-005 maxCFL_Ts=   5.1020110945368359E-004 CPU=   245.78531462056503      NumThreads=                    1 Elapsed time=   4.0685913295664790E-003
 CFL_Limit=   1.0000000000000000E-003
 dt_init=   1.0000000000000001E-018 dt=   1.0000000000000001E-018
 Time=  -1.7900000000007007E-013 Intensity=   7.6356598600097579E-010
   80.514775482405256      < Te <    80.515097855039571     
   80.514775482405256      < Th <    80.515097855039571     
   80.000000000000000      < Ts <   80.000000000000000     
   100010.92059700612      < Ne <   100010.92743631356     
   100010.92059700612      < Nh <   100010.92743631356     
 CFL_Te=   3.0367150316837390E-005 maxCFL_Ne=   2.3441229058886718E-005 maxCFL_Ts=   5.1020110945368359E-004 CPU=   245.79742183916471      NumThreads=                    1 Elapsed time=   4.0683909233773042E-003
 CFL_Limit=   1.0000000000000000E-003
 dt_init=   1.0000000000000001E-018 dt=   1.0000000000000001E-018
 Time=  -1.7800000000007341E-013 Intensity=   1.4174813416816798E-009
   80.960779689666296      < Te <    80.961378008300500     
   80.960779689666296      < Th <    80.961378008300500     
   80.000000000000000      < Ts <   80.000000000000000     
   100020.38491526833      < Ne <   100020.39761177207     
   100020.38491526833      < Nh <   100020.39761177207     
 CFL_Te=   3.0535366358256481E-005 maxCFL_Ne=   2.3571079629660452E-005 maxCFL_Ts=   5.1020110945368359E-004 CPU=   245.82088845763488      NumThreads=                    1 Elapsed time=   4.0680025455702533E-003
 CFL_Limit=   1.0000000000000000E-003
 dt_init=   1.0000000000000001E-018 dt=   1.0000000000000001E-018
 Time=  -1.7700000000007674E-013 Intensity=   2.6223036413214384E-009
   81.786908727544372      < Te <    81.788015178061926     
   81.786908727544372      < Th <    81.788015178061926     
   80.000000000000000      < Ts <   80.000000000000000     
   100037.92095044412      < Ne <   100037.94443873467     
   100037.92095044412      < Nh <   100037.94443873467     
 CFL_Te=   3.0846951213715558E-005 maxCFL_Ne=   2.3811600516166537E-005 maxCFL_Ts=   5.1020110945368359E-004 CPU=   245.84607886888440      NumThreads=                    1 Elapsed time=   4.0675857211183095E-003
 CFL_Limit=   1.0000000000000000E-003
 dt_init=   1.0000000000000001E-018 dt=   1.0000000000000001E-018
 Time=  -1.7600000000008008E-013 Intensity=   4.8344097271306617E-009
   83.311496839187313      < Te <    83.313535280662762     
   83.311496839187313      < Th <    83.313535280662762     
   80.000000000000000      < Ts <   80.000000000000000     
   100070.30034742235      < Ne <   100070.34365004668     
   100070.30034742235      < Nh <   100070.34365004668     
 CFL_Te=   3.1421968607635609E-005 maxCFL_Ne=   2.4255472198088150E-005 maxCFL_Ts=   5.1020110945368359E-004 CPU=   245.86864555461722      NumThreads=                    1 Elapsed time=   4.0672123838493271E-003
 CFL_Limit=   1.0000000000000000E-003
 dt_init=   1.0000000000000001E-018 dt=   1.0000000000000001E-018
 Time=  -1.7500000000008342E-013 Intensity=   8.8817548566826219E-009
   86.114154250354957      < Te <    86.117894709990082     
   86.114154250354957      < Th <    86.117894709990082     
   80.000000000000000      < Ts <   80.000000000000000     
   100129.88046849586      < Ne <   100129.96002453174     
   100129.88046849586      < Nh <   100129.96002453174     
 CFL_Te=   3.2479025755283762E-005 maxCFL_Ne=   2.5071443579426155E-005 maxCFL_Ts=   5.1020110945368359E-004 CPU=   245.86545698121139      NumThreads=                    1 Elapsed time=   4.0672651306052250E-003
 CFL_Limit=   1.0000000000000000E-003
 dt_init=   1.0000000000000001E-018 dt=   1.0000000000000001E-018
 Time=  -1.7400000000008675E-013 Intensity=   1.6261064004507730E-008
   91.244536537035970      < Te <    91.251369660284467     
   91.244536537035970      < Th <    91.251369660284467     
   80.000000000000000      < Ts <   80.000000000000000     
   100239.13244011372      < Ne <   100239.27809639359     
   100239.13244011372      < Nh <   100239.27809639359     
 CFL_Te=   3.4414013329848509E-005 maxCFL_Ne=   2.6565113535955201E-005 maxCFL_Ts=   5.1020110945368359E-004 CPU=   245.87990619736902      NumThreads=                    1 Elapsed time=   4.0670261163890924E-003
 CFL_Limit=   1.0000000000000000E-003
 dt_init=   1.0000000000000001E-018 dt=   1.0000000000000001E-018
 Time=  -1.7300000000009009E-013 Intensity=   2.9668390479681111E-008
   100.59039630664506      < Te <    100.60281376822196     
   100.59039630664506      < Th <    100.60281376822196     
   80.000000000000000      < Ts <   80.000000000000000     
   100438.77469290303      < Ne <   100439.04044967891     
   100438.77469290303      < Nh <   100439.04044967891     
 CFL_Te=   3.7938920737854600E-005 maxCFL_Ne=   2.9286086261260908E-005 maxCFL_Ts=   5.1020110945368359E-004 CPU=   245.88747080433498      NumThreads=                    1 Elapsed time=   4.0669009963331974E-003
 CFL_Limit=   1.0000000000000000E-003
 dt_init=   1.0000000000000001E-018 dt=   1.0000000000000001E-018
 Time=  -1.7200000000009343E-013 Intensity=   5.3942846938300164E-008
   117.51384715740187      < Te <    117.53626227883532     
   117.51384715740187      < Th <    117.53626227883532     
   80.000000000000000      < Ts <   80.000000000000000     
   100802.33035884002      < Ne <   100802.81357554716     
   100802.33035884002      < Nh <   100802.81357554716     
 CFL_Te=   4.4321810995770049E-005 maxCFL_Ne=   3.4213214551074253E-005 maxCFL_Ts=   5.1020110945368359E-004 CPU=   245.86589610479453      NumThreads=                    1 Elapsed time=   4.0672578663523695E-003
 CFL_Limit=   1.0000000000000000E-003
 dt_init=   1.0000000000000001E-018 dt=   1.0000000000000001E-018
 Time=  -1.7100000000009676E-013 Intensity=   9.7739157377142928E-008
   147.91469047965612      < Te <    147.95478029115554     
   147.91469047965612      < Th <    147.95478029115554     
   80.000000000000000      < Ts <   80.000000000000000     
   101462.08833598536      < Ne <   101462.96394064977     
   101462.08833598536      < Nh <   101462.96394064977     
 CFL_Te=   5.5787867676481601E-005 maxCFL_Ne=   4.3064179247703472E-005 maxCFL_Ts=   5.1020110945368359E-004 CPU=   245.82792941819753      NumThreads=                    1 Elapsed time=   4.0678860305527779E-003
 CFL_Limit=   1.0000000000000000E-003
 dt_init=   1.0000000000000001E-018 dt=   1.0000000000000001E-018
 Time=  -1.7000000000010010E-013 Intensity=   1.7648108606485697E-007
   201.89944838651283      < Te <    201.97017210787283     
   201.89944838651283      < Th <    201.97017210787283     
   80.000000000000000      < Ts <   80.000000000000000     
   102655.23452836044      < Ne <   102656.81575209860     
   102655.23452836044      < Nh <   102656.81575209860     
 CFL_Te=   7.6148891466858900E-005 maxCFL_Ne=   5.8781415819609734E-005 maxCFL_Ts=   5.1020110945368359E-004 CPU=   245.83758308491232      NumThreads=                    1 Elapsed time=   4.0677262908763627E-003
 CFL_Limit=   1.0000000000000000E-003
 dt_init=   1.0000000000000001E-018 dt=   1.0000000000000001E-018
 Time=  -1.6900000000010343E-013 Intensity=   3.1755766135123548E-007
   296.08517298577397      < Te <    296.20729471255970     
   296.08517298577397      < Th <    296.20729471255970     
   80.000000000000000      < Ts <   80.000000000000000     
   104805.52904010504      < Ne <   104808.37491453617     
   104805.52904010504      < Nh <   104808.37491453617     
 CFL_Te=   1.1167221053015872E-004 maxCFL_Ne=   8.6202852596363246E-005 maxCFL_Ts=   5.1020110945368359E-004 CPU=   245.81251415896017      NumThreads=                    1 Elapsed time=   4.0681411335849547E-003
 CFL_Limit=   1.0000000000000000E-003
 dt_init=   1.0000000000000001E-018 dt=   1.0000000000000001E-018
 Time=  -1.6800000000010677E-013 Intensity=   5.6943200375045409E-007
   455.87956294379507      < Te <    456.08335036328651     
   455.87956294379507      < Th <    456.08335036328651     
   80.000000000000000      < Ts <   80.000000000000000     
   108667.39779727787      < Ne <   108672.50289935780     
   108667.39779727787      < Nh <   108672.50289935780     
 CFL_Te=   1.7194065487248649E-004 maxCFL_Ne=   1.3272575413032520E-004 maxCFL_Ts=   5.1020110945368359E-004 CPU=   245.81072431345913      NumThreads=                    1 Elapsed time=   4.0681707553361047E-003
 CFL_Limit=   1.0000000000000000E-003
 dt_init=   1.0000000000000001E-018 dt=   1.0000000000000001E-018
 Time=  -1.6700000000011011E-013 Intensity=   1.0175505639765076E-006
   715.21605042197712      < Te <    715.53819340245946     
   715.21605042197712      < Th <    715.53819340245809     
   80.000000000000000      < Ts <   80.000000000000000     
   115579.21671958864      < Ne <   115588.34528806021     
   115579.21671958864      < Nh <   115588.34528806023     
 CFL_Te=   2.6975264109144892E-004 maxCFL_Ne=   2.0822960138090486E-004 maxCFL_Ts=   5.1020110945368359E-004 CPU=   245.80505688764333      NumThreads=                    1 Elapsed time=   4.0682645534713168E-003
 CFL_Limit=   1.0000000000000000E-003
 dt_init=   1.0000000000000001E-018 dt=   1.0000000000000001E-018
 Time=  -1.6600000000011344E-013 Intensity=   1.8120283017422144E-006
   1108.1977858318824      < Te <    1108.6666888114696     
   1108.1977858318824      < Th <    1108.6666888114685     
   80.000000000000000      < Ts <   80.000000000000000     
   127906.92845607921      < Ne <   127923.20137294328     
   127906.92845607921      < Nh <   127923.20137294329     
 CFL_Te=   4.1797059714863608E-004 maxCFL_Ne=   3.2264329645172656E-004 maxCFL_Ts=   5.1020110945368359E-004 CPU=   245.74253533106400      NumThreads=                    1 Elapsed time=   4.0692995970469719E-003
 CFL_Limit=   1.0000000000000000E-003
 dt_init=   1.0000000000000001E-018 dt=   1.0000000000000001E-018
 Time=  -1.6500000000011678E-013 Intensity=   3.2156502290740630E-006
   1647.0852268051087      < Te <    1647.6924366966086     
   1647.0852268051087      < Th <    1647.6924366966073     
   80.000000000000000      < Ts <   80.000000000000000     
   149818.21441564220      < Ne <   149847.13740582162     
   149818.21441564220      < Nh <   149847.13740582165     
 CFL_Te=   6.2121870730449480E-004 maxCFL_Ne=   4.7953634966771674E-004 maxCFL_Ts=   5.1020110945368359E-004 CPU=   245.72860578241202      NumThreads=                    1 Elapsed time=   4.0695302722934942E-003
 CFL_Limit=   1.0000000000000000E-003
 dt_init=   1.0000000000000001E-018 dt=   1.0000000000000001E-018
 Time=  -1.6400000000012012E-013 Intensity=   5.6867937975120608E-006
   2294.3745560435709      < Te <    2295.0521851481285     
   2294.3745560435709      < Th <    2295.0521851481276     
   80.000000000000000      < Ts <   80.000000000000000     
   188628.65238772603      < Ne <   188679.90891912804     
   188628.65238772603      < Nh <   188679.90891912804     
 CFL_Te=   8.6535193945677658E-004 maxCFL_Ne=   6.6798957405321156E-004 maxCFL_Ts=   5.1020110945368359E-004 CPU=   245.70241569586264      NumThreads=                    1 Elapsed time=   4.0699640545570712E-003
 CFL_Limit=   1.0000000000000000E-003
 dt_init=   1.0000000000000001E-018 dt=   1.0000000000000001E-018
 Time=  -1.6300000000012345E-013 Intensity=   1.0022152535589665E-005
   2960.1233023381869      < Te <    2960.7641767982273     
   2960.1233023381869      < Th <    2960.7641767982268     
   80.000000000000000      < Ts <   80.000000000000000     
   257134.00699676355      < Ne <   257224.56516576480     
   257134.00699676355      < Nh <   257224.56516576480     
 CFL_Te=   1.1164473697595594E-003 maxCFL_Ne=   8.6181644052059272E-004 maxCFL_Ts=   5.1020110945368359E-004 CPU=   245.67325174653837      NumThreads=                    1 Elapsed time=   4.0704472012757101E-003
 CFL_Limit=   1.0000000000000000E-003
 dt_init=   1.0000000000000001E-018 dt=   1.0000000000000001E-018
 Time=  -1.6200000000012679E-013 Intensity=   1.7601488071436876E-005
   3545.0804175833955      < Te <    3545.6055646639807     
   3545.0804175833950      < Th <    3545.6055646639807     
   80.000000000000000      < Ts <   80.000000000000000     
   377636.43830296275      < Ne <   377795.90127099544     
   377636.43830296275      < Nh <   377795.90127099544     
 CFL_Te=   1.3370728814336551E-003 maxCFL_Ne=   1.0321224324278450E-003 maxCFL_Ts=   5.1020110945368359E-004 CPU=   245.56589859667091      NumThreads=                    1 Elapsed time=   4.0722266638595758E-003
 CFL_Limit=   1.0000000000000000E-003
 dt_init=   1.0000000000000001E-018 dt=   1.0000000000000001E-018
 Time=  -1.6100000000013013E-013 Intensity=   3.0805808613878608E-005
   3992.7930001849631      < Te <    3993.1810110529145     
   3992.7930001849627      < Th <    3993.1810110529145     
   80.000000000000000      < Ts <   80.000000000000000     
   588869.74682026333      < Ne <   589149.52620006423     
   588869.74682026345      < Nh <   589149.52620006423     
 CFL_Te=   1.5059365544490349E-003 maxCFL_Ne=   1.1624726523041856E-003 maxCFL_Ts=   5.1020110945368359E-004 CPU=   245.45268208334073      NumThreads=                    1 Elapsed time=   4.0741050026923764E-003
 CFL_Limit=   1.0000000000000000E-003
 dt_init=   1.0000000000000001E-018 dt=   1.0000000000000001E-018
 Time=  -1.6000000000013346E-013 Intensity=   5.3729239106903670E-005
   4301.0673893847334      < Te <    4301.3373626532084     
   4301.0673893847325      < Th <    4301.3373626532084     
   80.000000000000000      < Ts <   80.000000000000000     
   957867.96275062778      < Ne <   958356.96006613446     
   957867.96275062778      < Nh <   958356.96006613446     
 CFL_Te=   1.6222097027792975E-003 maxCFL_Ne=   1.2522267565265649E-003 maxCFL_Ts=   5.1020110945368359E-004 CPU=   245.38400142321370      NumThreads=                    1 Elapsed time=   4.0752453061326539E-003
 CFL_Limit=   1.0000000000000000E-003
 dt_init=   1.0000000000000001E-018 dt=   1.0000000000000001E-018
 Time=  -1.5900000000013680E-013 Intensity=   9.3386396508871733E-005
   4498.4665624791705      < Te <    4498.6520468079543     
   4498.4665624791705      < Th <    4498.6520468079489     
   80.000000000000000      < Ts <   80.000000000000000     
   1600232.2537565941      < Ne <   1601083.5903397938     
   1600232.2537565941      < Nh <   1601083.5903397938     
 CFL_Te=   1.6966644986873692E-003 maxCFL_Ne=   1.3097001875941535E-003 maxCFL_Ts=   5.1020110945368359E-004 CPU=   245.31267691177626      NumThreads=                    1 Elapsed time=   4.0764301812239324E-003
 CFL_Limit=   1.0000000000000000E-003
 dt_init=   1.0000000000000001E-018 dt=   1.0000000000000001E-018
 Time=  -1.5800000000014014E-013 Intensity=   1.6175264648251087E-004
   4619.2090042780219      < Te <    4619.3400871423446     
   4619.2090042780219      < Th <    4619.3400871423491     
   80.000000000000000      < Ts <   80.000000000000000     
   2714613.4454195304      < Ne <   2716089.8736371347     
   2714613.4454195304      < Nh <   2716089.8736371347     
 CFL_Te=   1.7422065499094841E-003 maxCFL_Ne=   1.3448552518099672E-003 maxCFL_Ts=   5.1020110945368359E-004 CPU=   245.22433790859276      NumThreads=                    1 Elapsed time=   4.0778986642539105E-003
 CFL_Limit=   1.0000000000000000E-003
 dt_init=   1.0000000000000001E-018 dt=   1.0000000000000001E-018
 Time=  -1.5700000000014347E-013 Intensity=   2.7919910540149856E-004
   4691.0836571949649      < Te <    4691.1817590249457     
   4691.0836571949649      < Th <    4691.1817590249548     
   80.000000000000000      < Ts <   80.000000000000000     
   4641168.4820808824      < Ne <   4643719.2568149185     
   4641168.4820808824      < Nh <   4643719.2568149185     
 CFL_Te=   1.7693167909315023E-003 maxCFL_Ne=   1.3657823161189952E-003 maxCFL_Ts=   5.1020110945368359E-004 CPU=   245.08989171517163      NumThreads=                    1 Elapsed time=   4.0801356310611880E-003
 CFL_Limit=   1.0000000000000000E-003
 dt_init=   1.0000000000000001E-018 dt=   1.0000000000000001E-018
 Time=  -1.5600000000014681E-013 Intensity=   4.8025456292409118E-004
   4733.2120828506959      < Te <    4733.2908406535917     
   4733.2120828506959      < Th <    4733.2908406536044     
   80.000000000000000      < Ts <   80.000000000000000     
   7960299.0384624898      < Ne <   7964689.5678846827     
   7960299.0384624898      < Nh <   7964689.5678846827     
 CFL_Te=   1.7852072859877548E-003 maxCFL_Ne=   1.3780485680018604E-003 maxCFL_Ts=   5.1020110945368359E-004 CPU=   244.97312082694114      NumThreads=                    1 Elapsed time=   4.0820805018295875E-003
 CFL_Limit=   1.0000000000000000E-003
 dt_init=   1.0000000000000001E-018 dt=   1.0000000000000001E-018
 Time=  -1.5500000000015014E-013 Intensity=   8.2323500183163778E-004
   4757.6885576526529      < Te <    4757.7561597073773     
   4757.6885576526529      < Th <    4757.7561597073845     
   80.000000000000000      < Ts <   80.000000000000000     
   13658824.895312106      < Ne <   13666354.609503219     
   13658824.895312106      < Nh <   13666354.609503219     
 CFL_Te=   1.7944396982373005E-003 maxCFL_Ne=   1.3851752774191885E-003 maxCFL_Ts=   5.1020110945368359E-004 CPU=   244.83817425796497      NumThreads=                    1 Elapsed time=   4.0843304073423852E-003
 CFL_Limit=   1.0000000000000000E-003
 dt_init=   1.0000000000000001E-018 dt=   1.0000000000000001E-018
 Time=  -1.5400000000015348E-013 Intensity=   1.4062774236661619E-003
   4771.8280623143228      < Te <    4771.8892754394074     
   4771.8280623143228      < Th <    4771.8892754394119     
   80.000000000000000      < Ts <   80.000000000000000     
   23408631.153527442      < Ne <   23421498.282097466     
   23408631.153527442      < Nh <   23421498.282097466     
 CFL_Te=   1.7997730979262860E-003 maxCFL_Ne=   1.3892922433807035E-003 maxCFL_Ts=   5.1020110945368359E-004 CPU=   244.69128847201191      NumThreads=                    1 Elapsed time=   4.0867821909171941E-003
 CFL_Limit=   1.0000000000000000E-003
 dt_init=   1.0000000000000001E-018 dt=   1.0000000000000001E-018
 Time=  -1.5300000000015682E-013 Intensity=   2.3939387363958401E-003
   4779.9515161491590      < Te <    4780.0090716723307     
   4779.9515161491590      < Th <    4780.0090716723325     
   80.000000000000000      < Ts <   80.000000000000000     
   40032217.544581003      < Ne <   40054127.640224852     
   40032217.544581003      < Nh <   40054127.640224852     
 CFL_Te=   1.8028372737468011E-003 maxCFL_Ne=   1.3916575417458447E-003 maxCFL_Ts=   5.1020110945368359E-004 CPU=   244.34911922537975      NumThreads=                    1 Elapsed time=   4.0925050320219578E-003
 CFL_Limit=   1.0000000000000000E-003
 dt_init=   1.0000000000000001E-018 dt=   1.0000000000000001E-018
 Time=  -1.5200000000016015E-013 Intensity=   4.0611582196023030E-003
   4784.5808254894655      < Te <    4784.6362768178187     
   4784.5808254894655      < Th <    4784.6362768178205     
   80.000000000000000      < Ts <   80.000000000000000     
   68277683.339345813      < Ne <   68314860.723032072     
   68277683.339345813      < Nh <   68314860.723032072     
 CFL_Te=   1.8045834635179771E-003 maxCFL_Ne=   1.3930054567814335E-003 maxCFL_Ts=   5.1020110945368359E-004 CPU=   244.27785648127565      NumThreads=                    1 Elapsed time=   4.0936989312277345E-003
 CFL_Limit=   1.0000000000000000E-003
 dt_init=   1.0000000000000001E-018 dt=   1.0000000000000001E-018
 Time=  -1.5100000000016349E-013 Intensity=   6.8656496377184186E-003
   4787.1799076558473      < Te <    4787.2341358758995     
   4787.1799076558482      < Th <    4787.2341358759013     
   80.000000000000000      < Ts <   80.000000000000000     
   116104121.17519251      < Ne <   116166983.96515079     
   116104121.17519251      < Nh <   116166983.96515079     
 CFL_Te=   1.8055638479760772E-003 maxCFL_Ne=   1.3937622301338434E-003 maxCFL_Ts=   5.1020110945368359E-004 CPU=   244.22088208013091      NumThreads=                    1 Elapsed time=   4.0946539521214721E-003
 CFL_Limit=   1.0000000000000000E-003
 dt_init=   1.0000000000000001E-018 dt=   1.0000000000000001E-018
 Time=  -1.5000000000016683E-013 Intensity=   1.1566666520934519E-002
   4788.5970691562852      < Te <    4788.6505739749764     
   4788.5970691562861      < Th <    4788.6505739749664     
   80.000000000000000      < Ts <   80.000000000000000     
   196805807.17772830      < Ne <   196911731.15092507     
   196805807.17772830      < Nh <   196911731.15092507     
 CFL_Te=   1.8060984062491267E-003 maxCFL_Ne=   1.3941748611093231E-003 maxCFL_Ts=   5.1020110945368359E-004 CPU=   244.17588098246657      NumThreads=                    1 Elapsed time=   4.0954085881717631E-003
 CFL_Limit=   1.0000000000000000E-003
 dt_init=   1.0000000000000001E-018 dt=   1.0000000000000001E-018
 Time=  -1.4900000000017016E-013 Intensity=   1.9419124322407912E-002
   4789.3240745902058      < Te <    4789.3771397830378     
   4789.3240745902067      < Th <    4789.3771397830333     
   80.000000000000000      < Ts <   80.000000000000000     
   332509747.86409402      < Ne <   332687610.29612005     
   332509747.86409402      < Nh <   332687610.29612005     
 CFL_Te=   1.8063726323607249E-003 maxCFL_Ne=   1.3943865366474015E-003 maxCFL_Ts=   5.1020110945368359E-004 CPU=   244.13558665962424      NumThreads=                    1 Elapsed time=   4.0960845310692370E-003
 CFL_Limit=   1.0000000000000000E-003
 dt_init=   1.0000000000000001E-018 dt=   1.0000000000000001E-018
 Time=  -1.4800000000017350E-013 Intensity=   3.2489716342295395E-002
   4789.6464550869487      < Te <    4789.6992421064015     
   4789.6464550869496      < Th <    4789.6992421063978     
   80.000000000000000      < Ts <   80.000000000000000     
   559913480.66329479      < Ne <   560211103.21384585     
   559913480.66329479      < Nh <   560211103.21384585     
 CFL_Te=   1.8064942297650603E-003 maxCFL_Ne=   1.3944803953037353E-003 maxCFL_Ts=   5.1020110945368359E-004 CPU=   244.07842959659578      NumThreads=                    1 Elapsed time=   4.0970437316102237E-003
 CFL_Limit=   1.0000000000000000E-003
 dt_init=   1.0000000000000001E-018 dt=   1.0000000000000001E-018
 Time=  -1.4700000000017684E-013 Intensity=   5.4169776937058010E-002
   4789.7303741211563      < Te <    4789.7829749905359     
   4789.7303741211590      < Th <    4789.7829749905331     
   80.000000000000000      < Ts <   80.000000000000000     
   939663669.28661358      < Ne <   940159965.02523553     
   939663669.28661358      < Nh <   940159965.02523541     
 CFL_Te=   1.8065258764401282E-003 maxCFL_Ne=   1.3945048194489603E-003 maxCFL_Ts=   5.1020110945368359E-004 CPU=   244.05807980892155      NumThreads=                    1 Elapsed time=   4.0973853468933381E-003
 CFL_Limit=   1.0000000000000000E-003
 dt_init=   1.0000000000000001E-018 dt=   1.0000000000000001E-018
 Time=  -1.4600000000018017E-013 Intensity=   9.0004251555476325E-002
   4789.6726774518147      < Te <    4789.7252517861307     
   4789.6726774518138      < Th <    4789.7252517861261     
   80.000000000000000      < Ts <   80.000000000000000     
   1571629629.3217247      < Ne <   1572454354.5679364     
   1571629629.3217247      < Nh <   1572454354.5679364     
 CFL_Te=   1.8065041439110630E-003 maxCFL_Ne=   1.3944880393205765E-003 maxCFL_Ts=   5.1020110945368359E-004 CPU=   244.03342699826055      NumThreads=                    1 Elapsed time=   4.0977992740606310E-003
 CFL_Limit=   1.0000000000000000E-003
 dt_init=   1.0000000000000001E-018 dt=   1.0000000000000001E-018
 Time=  -1.4500000000018351E-013 Intensity=  0.14902662029678132     
   4789.5302420909520      < Te <    4789.5827779266174     
   4789.5302420909529      < Th <    4789.5827779266265     
   80.000000000000000      < Ts <   80.000000000000000     
   2619686026.9532118      < Ne <   2621051781.4864912     
   2619686026.9532118      < Nh <   2621051781.4864912     
 CFL_Te=   1.8064504306446751E-003 maxCFL_Ne=   1.3944465727635847E-003 maxCFL_Ts=   5.1020110945368359E-004 CPU=   243.98013539724170      NumThreads=                    1 Elapsed time=   4.0986943398970896E-003
 CFL_Limit=   1.0000000000000000E-003
 dt_init=   1.0000000000000001E-018 dt=   1.0000000000000001E-018
 Time=  -1.4400000000018685E-013 Intensity=  0.24590056693320117     
   4789.3363362640275      < Te <    4789.3888253994037     
   4789.3363362640284      < Th <    4789.3888253994046     
   80.000000000000000      < Ts <   80.000000000000000     
   4351777803.1856823      < Ne <   4354031684.2960253     
   4351777803.1856823      < Nh <   4354031684.2960253     
 CFL_Te=   1.8063772921776584E-003 maxCFL_Ne=   1.3943901115961357E-003 maxCFL_Ts=   5.1020110945368359E-004 CPU=   243.92534355570686      NumThreads=                    1 Elapsed time=   4.0996150109823392E-003
 CFL_Limit=   1.0000000000000000E-003
 dt_init=   1.0000000000000001E-018 dt=   1.0000000000000001E-018
 Time=  -1.4300000000019018E-013 Intensity=  0.40434311979042498     
   4789.1105310999919      < Te <    4789.1629682571993     
   4789.1105310999919      < Th <    4789.1629682572002     
   80.000000000000000      < Ts <   80.000000000000000     
   7204453652.2835646      < Ne <   7208160327.9492664     
   7204453652.2835646      < Nh <   7208160327.9492664     
 CFL_Te=   1.8062921149633148E-003 maxCFL_Ne=   1.3943243575286800E-003 maxCFL_Ts=   5.1020110945368359E-004 CPU=   243.87460114251007      NumThreads=                    1 Elapsed time=   4.1004680082106703E-003
 CFL_Limit=   1.0000000000000000E-003
 dt_init=   1.0000000000000001E-018 dt=   1.0000000000000001E-018
 Time=  -1.4200000000019352E-013 Intensity=  0.66257559509688757     
   4788.8643667729075      < Te <    4788.9167484642403     
   4788.8643667729075      < Th <    4788.9167484642430     
   80.000000000000000      < Ts <   80.000000000000000     
   11886430161.686735      < Ne <   11892504983.648874     
   11886430161.686735      < Nh <   11892504983.648874     
 CFL_Te=   1.8061992544593753E-003 maxCFL_Ne=   1.3942526725959842E-003 maxCFL_Ts=   5.1020110945368359E-004 CPU=   243.79363116912609      NumThreads=                    1 Elapsed time=   4.1018298763771787E-003
 CFL_Limit=   1.0000000000000000E-003
 dt_init=   1.0000000000000001E-018 dt=   1.0000000000000001E-018
 Time=  -1.4100000000019685E-013 Intensity=   1.0819711056619992     
   4788.6046591911381      < Te <    4788.6569830228564     
   4788.6046591911299      < Th <    4788.6569830228591     
   80.000000000000000      < Ts <   80.000000000000000     
   19544182470.169300      < Ne <   19554103985.502728     
   19544182470.169300      < Nh <   19554103985.502724     
 CFL_Te=   1.8061012831147769E-003 maxCFL_Ne=   1.3941770425011809E-003 maxCFL_Ts=   5.1020110945368359E-004 CPU=   243.72615824630222      NumThreads=                    1 Elapsed time=   4.1029654231427657E-003
 CFL_Limit=   1.0000000000000000E-003
 dt_init=   1.0000000000000001E-018 dt=   1.0000000000000001E-018
 Time=  -1.4000000000020019E-013 Intensity=   1.7607217970199551     
   4788.3354359947853      < Te <    4788.3877002401487     
   4788.3354359947798      < Th <    4788.3877002401505     
   80.000000000000000      < Ts <   80.000000000000000     
   32025737014.133736      < Ne <   32041884987.209904     
   32025737014.133736      < Nh <   32041884987.209900     
 CFL_Te=   1.8059997210422452E-003 maxCFL_Ne=   1.3940986406344271E-003 maxCFL_Ts=   5.1020110945368359E-004 CPU=   243.65594523247540      NumThreads=                    1 Elapsed time=   4.1041477524625409E-003
 CFL_Limit=   1.0000000000000000E-003
 dt_init=   1.0000000000000001E-018 dt=   1.0000000000000001E-018
 Time=  -1.3900000000020353E-013 Intensity=   2.8553586656755012     
   4788.0590735857058      < Te <    4788.1112769230640     
   4788.0590735856977      < Th <    4788.1112769230649     
   80.000000000000000      < Ts <   80.000000000000000     
   52299357973.299194      < Ne <   52325549066.707085     
   52299357973.299194      < Nh <   52325549066.707085     
 CFL_Te=   1.8058954651502782E-003 maxCFL_Ne=   1.3940181593266969E-003 maxCFL_Ts=   5.1020110945368359E-004 CPU=   243.58879164265582      NumThreads=                    1 Elapsed time=   4.1052792012983815E-003
 CFL_Limit=   1.0000000000000000E-003
 dt_init=   1.0000000000000001E-018 dt=   1.0000000000000001E-018
 Time=  -1.3800000000020686E-013 Intensity=   4.6145084551220714     
   4787.7769670246607      < Te <    4787.8291083770264     
   4787.7769670246562      < Th <    4787.8291083770264     
   80.000000000000000      < Ts <   80.000000000000000     
   85115630210.915497      < Ne <   85157963779.804688     
   85115630210.915497      < Nh <   85157963779.804688     
 CFL_Te=   1.8057890419729762E-003 maxCFL_Ne=   1.3939360050127839E-003 maxCFL_Ts=   5.1020110945368359E-004 CPU=   243.53023604698109      NumThreads=                    1 Elapsed time=   4.1062662946176548E-003
 CFL_Limit=   1.0000000000000000E-003
 dt_init=   1.0000000000000001E-018 dt=   1.0000000000000001E-018
 Time=  -1.3700000000021020E-013 Intensity=   7.4316470194783788     
   4787.4899259618524      < Te <    4787.5420043983559     
   4787.4899259618487      < Th <    4787.5420043983559     
   80.000000000000000      < Ts <   80.000000000000000     
   138050573108.30106      < Ne <   138118761713.26401     
   138050573108.30106      < Nh <   138118761713.26401     
 CFL_Te=   1.8056807571007060E-003 maxCFL_Ne=   1.3938524135788139E-003 maxCFL_Ts=   5.1020110945368359E-004 CPU=   243.46535098582018      NumThreads=                    1 Elapsed time=   4.1073606406450899E-003
 CFL_Limit=   1.0000000000000000E-003
 dt_init=   1.0000000000000001E-018 dt=   1.0000000000000001E-018
 Time=  -1.3600000000021354E-013 Intensity=   11.927228832021447     
   4787.1984093846204      < Te <    4787.2504240599774     
   4787.1984093846186      < Th <    4787.2504240599774     
   80.000000000000000      < Ts <   80.000000000000000     
   223143004236.22205      < Ne <   223252458937.97711     
   223143004236.22205      < Nh <   223252458937.97711     
 CFL_Te=   1.8055707837778346E-003 maxCFL_Ne=   1.3937675187518752E-003 maxCFL_Ts=   5.1020110945368359E-004 CPU=   243.40566478944211      NumThreads=                    1 Elapsed time=   4.1083678182471609E-003
 CFL_Limit=   1.0000000000000000E-003
 dt_init=   1.0000000000000001E-018 dt=   1.0000000000000001E-018
 Time=  -1.3500000000021687E-013 Intensity=   19.076068766845733     
   4786.9026652363436      < Te <    4786.9546153536994     
   4786.9026652363427      < Th <    4786.9546153536994     
   80.000000000000000      < Ts <   80.000000000000000     
   359455194030.97742      < Ne <   359630280568.22601     
   359455194030.97736      < Nh <   359630280568.22601     
 CFL_Te=   1.8054592155974367E-003 maxCFL_Ne=   1.3936813927756140E-003 maxCFL_Ts=   5.1020110945368359E-004 CPU=   243.32454939409175      NumThreads=                    1 Elapsed time=   4.1097373959599380E-003
 CFL_Limit=   1.0000000000000000E-003
 dt_init=   1.0000000000000001E-018 dt=   1.0000000000000001E-018
 Time=  -1.3400000000022021E-013 Intensity=   30.404163347642267     
   4786.6028137135381      < Te <    4786.6546985013447     
   4786.6028137135372      < Th <    4786.6546985013447     
   80.000000000000000      < Ts <   80.000000000000000     
   577062632798.50574      < Ne <   577341737286.87891     
   577062632798.50574      < Nh <   577341737286.87891     
 CFL_Te=   1.8053460979389649E-003 maxCFL_Ne=   1.3935940706772784E-003 maxCFL_Ts=   5.1020110945368359E-004 CPU=   243.26300004453253      NumThreads=                    1 Elapsed time=   4.1107772238973316E-003
 CFL_Limit=   1.0000000000000000E-003
 dt_init=   1.0000000000000001E-018 dt=   1.0000000000000001E-018
 Time=  -1.3300000000022355E-013 Intensity=   48.291654511588462     
   4786.2988971096884      < Te <    4786.3507158075772     
   4786.2988971096875      < Th <    4786.3507158075772     
   80.000000000000000      < Ts <   80.000000000000000     
   923247484475.14355      < Ne <   923690865029.60120     
   923247484475.14355      < Nh <   923690865029.60120     
 CFL_Te=   1.8052314467803695E-003 maxCFL_Ne=   1.3935055647889103E-003 maxCFL_Ts=   5.1020110945368359E-004 CPU=   243.21235549984706      NumThreads=                    1 Elapsed time=   4.1116332184062453E-003
 CFL_Limit=   1.0000000000000000E-003
 dt_init=   1.0000000000000001E-018 dt=   1.0000000000000001E-018
 Time=  -1.3200000000022688E-013 Intensity=   76.437409953695052     
   4785.9909097268101      < Te <    4786.0426615765991     
   4785.9909097268101      < Th <    4786.0426615765973     
   80.000000000000000      < Ts <   80.000000000000000     
   1472077257503.7690      < Ne <   1472779168808.8271     
   1472077257503.7690      < Nh <   1472779168808.8274     
 CFL_Te=   1.8051152599871587E-003 maxCFL_Ne=   1.3934158734614968E-003 maxCFL_Ts=   5.1020110945368359E-004 CPU=   243.14544930455284      NumThreads=                    1 Elapsed time=   4.1127646141855025E-003
 CFL_Limit=   1.0000000000000000E-003
 dt_init=   1.0000000000000001E-018 dt=   1.0000000000000001E-018
 Time=  -1.3100000000023022E-013 Intensity=   120.56873118644961     
   4785.6788158717027      < Te <    4785.7305001118748     
   4785.6788158717054      < Th <    4785.7305001118757     
   80.000000000000000      < Ts <   80.000000000000000     
   2339164000127.8374      < Ne <   2340271346851.0874     
   2339164000127.8374      < Nh <   2340271346851.0879     
 CFL_Te=   1.8049975241045881E-003 maxCFL_Ne=   1.3933249863078414E-003 maxCFL_Ts=   5.1020110945368359E-004 CPU=   243.08024020283301      NumThreads=                    1 Elapsed time=   4.1138679111291472E-003
 CFL_Limit=   1.0000000000000000E-003
 dt_init=   1.0000000000000001E-018 dt=   1.0000000000000001E-018
 Time=  -1.3000000000023355E-013 Intensity=   189.52140549630647     
   4785.3625607069516      < Te <    4785.4141765691147     
   4785.3625607069534      < Th <    4785.4141765691156     
   80.000000000000000      < Ts <   80.000000000000000     
   3704321343046.4336      < Ne <   3706062271101.9072     
   3704321343046.4336      < Nh <   3706062271101.9072     
 CFL_Te=   1.8048782184530035E-003 maxCFL_Ne=   1.3932328873638108E-003 maxCFL_Ts=   5.1020110945368359E-004 CPU=   243.01911964614939      NumThreads=                    1 Elapsed time=   4.1149025700367150E-003
 CFL_Limit=   1.0000000000000000E-003
 dt_init=   1.0000000000000001E-018 dt=   1.0000000000000001E-018
 Time=  -1.2900000000023689E-013 Intensity=   296.87709817134032     
   4785.0420768028080      < Te <    4785.0936235093113     
   4785.0420768028089      < Th <    4785.0936235093122     
   80.000000000000000      < Ts <   80.000000000000000     
   5846216224747.4082      < Ne <   5848943781868.0127     
   5846216224747.4082      < Nh <   5848943781868.0127     
 CFL_Te=   1.8047573176006762E-003 maxCFL_Ne=   1.3931395569971236E-003 maxCFL_Ts=   5.1020110945368359E-004 CPU=   242.95938527288882      NumThreads=                    1 Elapsed time=   4.1159142663981180E-003
 CFL_Limit=   1.0000000000000000E-003
 dt_init=   1.0000000000000001E-018 dt=   1.0000000000000001E-018
 Time=  -1.2800000000024023E-013 Intensity=   463.43622111120186     
   4784.7172880938833      < Te <    4784.7687648563478     
   4784.7172880938842      < Th <    4784.7687648563478     
   80.000000000000000      < Ts <   80.000000000000000     
   9195167871103.3965      < Ne <   9199426430759.9219     
   9195167871103.3965      < Nh <   9199426430759.9219     
 CFL_Te=   1.8046347928571569E-003 maxCFL_Ne=   1.3930449730600301E-003 maxCFL_Ts=   5.1020110945368359E-004 CPU=   242.89704522705938      NumThreads=                    1 Elapsed time=   4.1169706245920085E-003
 CFL_Limit=   1.0000000000000000E-003
 dt_init=   1.0000000000000001E-018 dt=   1.0000000000000001E-018
 Time=  -1.2700000000024356E-013 Intensity=   720.93830669028659     
   4784.3881122638204      < Te <    4784.4395182820454     
   4784.3881122638213      < Th <    4784.4395182820454     
   80.000000000000000      < Ts <   80.000000000000000     
   14413297714505.352      < Ne <   14419923654334.861     
   14413297714505.352      < Nh <   14419923654334.861     
 CFL_Te=   1.8045106131732718E-003 maxCFL_Ne=   1.3929491115840780E-003 maxCFL_Ts=   5.1020110945368359E-004 CPU=   242.82960346443687      NumThreads=                    1 Elapsed time=   4.1181140426581183E-003
 CFL_Limit=   1.0000000000000000E-003
 dt_init=   1.0000000000000001E-018 dt=   1.0000000000000001E-018
 Time=  -1.2600000000024690E-013 Intensity=   1117.6377956527222     
   4784.0544621741255      < Te <    4784.1057966352791     
   4784.0544621741255      < Th <    4784.1057966352791     
   80.000000000000000      < Ts <   80.000000000000000     
   22515744109712.172      < Ne <   22526017839328.508     
   22515744109712.172      < Nh <   22526017839328.508     
 CFL_Te=   1.8043847456804202E-003 maxCFL_Ne=   1.3928519471963596E-003 maxCFL_Ts=   5.1020110945368359E-004 CPU=   242.77428353059992      NumThreads=                    1 Elapsed time=   4.1190524196272928E-003
 CFL_Limit=   1.0000000000000000E-003
 dt_init=   1.0000000000000001E-018 dt=   1.0000000000000001E-018
 Time=  -1.2500000000025024E-013 Intensity=   1726.6285113882675     
   4783.7162467095859      < Te <    4783.7675087875668     
   4783.7162467095859      < Th <    4783.7675087875668     
   80.000000000000000      < Ts <   80.000000000000000     
   35053295669175.332      < Ne <   35069170338553.066     
   35053295669175.332      < Nh <   35069170338553.062     
 CFL_Te=   1.8042571560096831E-003 maxCFL_Ne=   1.3927534533658343E-003 maxCFL_Ts=   5.1020110945368359E-004 CPU=   242.71715130770514      NumThreads=                    1 Elapsed time=   4.1200219869598261E-003
 CFL_Limit=   1.0000000000000000E-003
 dt_init=   1.0000000000000001E-018 dt=   1.0000000000000001E-018
 Time=  -1.2400000000025357E-013 Intensity=   2658.2240688393576     
   4783.3733712658095      < Te <    4783.4245601208841     
   4783.3733712658022      < Th <    4783.4245601208850     
   80.000000000000000      < Ts <   80.000000000000000     
   54386532819259.258      < Ne <   54410977095397.633     
   54386532819259.258      < Nh <   54410977095397.617     
 CFL_Te=   1.8041278084758511E-003 maxCFL_Ne=   1.3926536025453760E-003 maxCFL_Ts=   5.1020110945368359E-004 CPU=   242.64629108300403      NumThreads=                    1 Elapsed time=   4.1212251608573804E-003
 CFL_Limit=   1.0000000000000000E-003
 dt_init=   1.0000000000000001E-018 dt=   1.0000000000000001E-018
 Time=  -1.2300000000025691E-013 Intensity=   4078.2994800764554     
   4783.0257380163803      < Te <    4783.0768527946557     
   4783.0257380163730      < Th <    4783.0768527946575     
   80.000000000000000      < Ts <   80.000000000000000     
   84095783969336.656      < Ne <   84133293845527.078     
   84095783969336.656      < Nh <   84133293845527.062     
 CFL_Te=   1.8039966661782441E-003 maxCFL_Ne=   1.3925523662496045E-003 maxCFL_Ts=   5.1020110945368359E-004 CPU=   242.57478012082680      NumThreads=                    1 Elapsed time=   4.1224400966246317E-003
 CFL_Limit=   1.0000000000000000E-003
 dt_init=   1.0000000000000001E-018 dt=   1.0000000000000001E-018
 Time=  -1.2200000000026025E-013 Intensity=   6235.3594163176358     
   4782.6732460427274      < Te <    4782.7242858757782     
   4782.6732460427202      < Th <    4782.7242858757882     
   80.000000000000000      < Ts <   80.000000000000000     
   129591877998656.64      < Ne <   129649238119891.77     
   129591877998656.64      < Nh <   129649238119891.75     
 CFL_Te=   1.8038636910497619E-003 maxCFL_Ne=   1.3924497150927418E-003 maxCFL_Ts=   5.1020110945368359E-004 CPU=   242.50351250632451      NumThreads=                    1 Elapsed time=   4.1236516109180894E-003
 CFL_Limit=   1.0000000000000000E-003
 dt_init=   1.0000000000000001E-018 dt=   1.0000000000000001E-018
 Time=  -1.2100000000026358E-013 Intensity=   9500.3306333555556     
   4782.3157913782215      < Te <    4782.3667553827127     
   4782.3157913782179      < Th <    4782.3667553827263     
   80.000000000000000      < Ts <   80.000000000000000     
   199022619169057.34      < Ne <   199110031055828.75     
   199022619169057.34      < Nh <   199110031055828.75     
 CFL_Te=   1.8037288438735538E-003 maxCFL_Ne=   1.3923456188014687E-003 maxCFL_Ts=   5.1020110945368359E-004 CPU=   242.44332119747978      NumThreads=                    1 Elapsed time=   4.1246753882960546E-003
 CFL_Limit=   1.0000000000000000E-003
 dt_init=   1.0000000000000001E-018 dt=   1.0000000000000001E-018
 Time=  -1.2000000000026692E-013 Intensity=   14424.833136721963     
   4781.9532669975451      < Te <    4782.0041542748831     
   4781.9532669975415      < Th <    4782.0041542748913     
   80.000000000000000      < Ts <   80.000000000000000     
   304613100790453.50      < Ne <   304745848475659.56     
   304613100790453.50      < Nh <   304745848475659.56     
 CFL_Te=   1.8035920842790207E-003 maxCFL_Ne=   1.3922400462118699E-003 maxCFL_Ts=   5.1020110945368359E-004 CPU=   242.38273937003572      NumThreads=                    1 Elapsed time=   4.1257063213290170E-003
 CFL_Limit=   1.0000000000000000E-003
 dt_init=   1.0000000000000001E-018 dt=   1.0000000000000001E-018
 Time=  -1.1900000000027026E-013 Intensity=   21826.179677817076     
   4781.5855627706787      < Te <    4781.6363724066186     
   4781.5855627706760      < Th <    4781.6363724066250     
   80.000000000000000      < Ts <   80.000000000000000     
   464640011449116.31      < Ne <   464840911234307.81     
   464640011449116.31      < Nh <   464840911234307.88     
 CFL_Te=   1.8034533707244819E-003 maxCFL_Ne=   1.3921329652559883E-003 maxCFL_Ts=   5.1020110945368359E-004 CPU=   242.31340021642683      NumThreads=                    1 Elapsed time=   4.1268869121841006E-003
 CFL_Limit=   1.0000000000000000E-003
 dt_init=   1.0000000000000001E-018 dt=   1.0000000000000001E-018
 Time=  -1.1800000000027359E-013 Intensity=   32910.880694273634     
   4781.2125653931471      < Te <    4781.2632964574905     
   4781.2125653931489      < Th <    4781.2632964574932     
   80.000000000000000      < Ts <   80.000000000000000     
   706328826604425.50      < Ne <   706631816445273.75     
   706328826604425.50      < Nh <   706631816445273.75     
 CFL_Te=   1.8033126604708736E-003 maxCFL_Ne=   1.3920243429415976E-003 maxCFL_Ts=   5.1020110945368359E-004 CPU=   242.24878699013848      NumThreads=                    1 Elapsed time=   4.1279876461908071E-003
 CFL_Limit=   1.0000000000000000E-003
 dt_init=   1.0000000000000001E-018 dt=   1.0000000000000001E-018
 Time=  -1.1700000000027693E-013 Intensity=   49453.397363885415     
   4780.8341583000292      < Te <    4780.8848098461276     
   4780.8341583000310      < Th <    4780.8848098461294     
   80.000000000000000      < Ts <   80.000000000000000     
   1070089181732406.5      < Ne <   1070544560489093.9     
   1070089181732406.5      < Nh <   1070544560489093.9     
 CFL_Te=   1.8031699095492702E-003 maxCFL_Ne=   1.3919141453270830E-003 maxCFL_Ts=   5.1020110945368359E-004 CPU=   242.18944934764028      NumThreads=                    1 Elapsed time=   4.1289990240846270E-003
 CFL_Limit=   1.0000000000000000E-003
 dt_init=   1.0000000000000001E-018 dt=   1.0000000000000001E-018
 Time=  -1.1600000000028026E-013 Intensity=   74053.844592670546     
   4780.4502215676575      < Te <    4780.5007926321859     
   4780.4502215676584      < Th <    4780.5007926321859     
   80.000000000000000      < Ts <   80.000000000000000     
   1615683022469227.5      < Ne <   1616365068364583.2     
   1615683022469227.5      < Nh <   1616365068364583.2     
 CFL_Te=   1.8030250727239206E-003 maxCFL_Ne=   1.3918023374929122E-003 maxCFL_Ts=   5.1020110945368359E-004 CPU=   242.15448750010177      NumThreads=                    1 Elapsed time=   4.1295951618471648E-003
 CFL_Limit=   1.0000000000000000E-003
 dt_init=   1.0000000000000001E-018 dt=   1.0000000000000001E-018
 Time=  -1.1500000000028360E-013 Intensity=   110508.05584217943     
   4780.0606318063692      < Te <    4780.1111214088578     
   4780.0606318063692      < Th <    4780.1111214088578     
   80.000000000000000      < Ts <   80.000000000000000     
   2431173386666466.5      < Ne <   2432191393264389.5     
   2431173386666466.5      < Nh <   2432191393264389.5     
 CFL_Te=   1.8028781034516658E-003 maxCFL_Ne=   1.3916888835103307E-003 maxCFL_Ts=   5.1020110945368359E-004 CPU=   242.11267246251725      NumThreads=                    1 Elapsed time=   4.1303083800985898E-003
 CFL_Limit=   1.0000000000000000E-003
 dt_init=   1.0000000000000001E-018 dt=   1.0000000000000001E-018
 Time=  -1.1400000000028694E-013 Intensity=   164336.90995111573     
   4779.6652620452051      < Te <    4779.7156691876444     
   4779.6652620452051      < Th <    4779.7156691876444     
   80.000000000000000      < Ts <   80.000000000000000     
   3645857887496045.0      < Ne <   3647372089355634.5     
   3645857887496045.0      < Nh <   3647372089355634.5     
 CFL_Te=   1.8027289538385528E-003 maxCFL_Ne=   1.3915737464078478E-003 maxCFL_Ts=   5.1020110945368359E-004 CPU=   242.05729226661276      NumThreads=                    1 Elapsed time=   4.1312533517831604E-003
 CFL_Limit=   1.0000000000000000E-003
 dt_init=   1.0000000000000001E-018 dt=   1.0000000000000001E-018
 Time=  -1.1300000000029027E-013 Intensity=   243540.47277285621     
   4779.2639816099891      < Te <    4779.3143052764508     
   4779.2639816099891      < Th <    4779.3143052764508     
   80.000000000000000      < Ts <   80.000000000000000     
   5448889858194315.0      < Ne <   5451134324946797.0     
   5448889858194315.0      < Nh <   5451134324946797.0     
 CFL_Te=   1.8025775745938066E-003 maxCFL_Ne=   1.3914568881357072E-003 maxCFL_Ts=   5.1020110945368359E-004 CPU=   242.00350181423210      NumThreads=                    1 Elapsed time=   4.1321716111679448E-003
 CFL_Limit=   1.0000000000000000E-003
 dt_init=   1.0000000000000001E-018 dt=   1.0000000000000001E-018
 Time=  -1.1200000000029361E-013 Intensity=   359668.18468342372     
   4778.8566559950614      < Te <    4778.9068951513018     
   4778.8566559950614      < Th <    4778.9068951513018     
   80.000000000000000      < Ts <   80.000000000000000     
   8115985848548294.0      < Ne <   8119301270641810.0     
   8115985848548294.0      < Nh <   8119301270641810.0     
 CFL_Te=   1.8024239149814596E-003 maxCFL_Ne=   1.3913382695285726E-003 maxCFL_Ts=   5.1020110945368359E-004 CPU=   241.93870258802929      NumThreads=                    1 Elapsed time=   4.1332783440720918E-003
 CFL_Limit=   1.0000000000000000E-003
 dt_init=   1.0000000000000001E-018 dt=   1.0000000000000001E-018
 Time=  -1.1100000000029695E-013 Intensity=   529331.51455927780     
   4778.4431467288650      < Te <    4778.4933003218712     
   4778.4431467288596      < Th <    4778.4933003218712     
   80.000000000000000      < Ts <   80.000000000000000     
   12047584223538590.      < Ne <   12052464683549542.     
   12047584223538590.      < Nh <   12052464683549540.     
 CFL_Te=   1.8022679227696627E-003 maxCFL_Ne=   1.3912178502663573E-003 maxCFL_Ts=   5.1020110945368359E-004 CPU=   241.88774009523669      NumThreads=                    1 Elapsed time=   4.1341491702153958E-003
 CFL_Limit=   1.0000000000000000E-003
 dt_init=   1.0000000000000001E-018 dt=   1.0000000000000001E-018
 Time=  -1.1000000000030028E-013 Intensity=   776333.50412123953     
   4778.0233112335945      < Te <    4778.0733781911340     
   4778.0233112335873      < Th <    4778.0733781911340     
   80.000000000000114      < Ts <   80.000000000000114     
   17823155246816038.      < Ne <   17830314685979852.     
   17823155246816038.      < Nh <   17830314685979854.     
 CFL_Te=   1.8021095441777060E-003 maxCFL_Ne=   1.3910955888333948E-003 maxCFL_Ts=   5.1020110945368370E-004 CPU=   241.83066514834016      NumThreads=                    1 Elapsed time=   4.1351248791653243E-003
 CFL_Limit=   1.0000000000000000E-003
 dt_init=   1.0000000000000001E-018 dt=   1.0000000000000001E-018
 Time=  -1.0900000000030362E-013 Intensity=   1134654.8075546226     
   4777.5970026786845      < Te <    4777.6469819089079     
   4777.5970026786781      < Th <    4777.6469819089079     
   80.000000000000114      < Ts <   80.000000000000114     
   26278201589468944.      < Ne <   26288667899467700.     
   26278201589468944.      < Nh <   26288667899467700.     
 CFL_Te=   1.8019487238208267E-003 maxCFL_Ne=   1.3909714424757403E-003 maxCFL_Ts=   5.1020110945368370E-004 CPU=   241.79910844659855      NumThreads=                    1 Elapsed time=   4.1356645457642392E-003
 CFL_Limit=   1.0000000000000000E-003
 dt_init=   1.0000000000000001E-018 dt=   1.0000000000000001E-018
 Time=  -1.0800000000030696E-013 Intensity=   1652623.9253586698     
   4777.1640698281426      < Te <    4777.2139602190573     
   4777.1640698281371      < Th <    4777.2139602190573     
   80.000000000002643      < Ts <   80.000000000002714     
   38613007990766800.      < Ne <   38628255698721840.     
   38613007990766800.      < Nh <   38628255698721840.     
 CFL_Te=   1.8017854046525701E-003 maxCFL_Ne=   1.3908453671567654E-003 maxCFL_Ts=   5.1020110945369096E-004 CPU=   241.77565799658316      NumThreads=                    1 Elapsed time=   4.1360656746268981E-003
 CFL_Limit=   1.0000000000000000E-003
 dt_init=   1.0000000000000001E-018 dt=   1.0000000000000001E-018
 Time=  -1.0700000000031029E-013 Intensity=   2398717.8343097451     
   4776.7243568814911      < Te <    4776.7741573005706     
   4776.7243568814883      < Th <    4776.7741573005706     
   80.000000000079254      < Ts <   80.000000000079325     
   56545637019092168.      < Ne <   56567773671837760.     
   56545637019092168.      < Nh <   56567773671837760.     
 CFL_Te=   1.8016195279048242E-003 maxCFL_Ne=   1.3907173175108237E-003 maxCFL_Ts=   5.1020110945390726E-004 CPU=   241.73997089876946      NumThreads=                    1 Elapsed time=   4.1366762653361859E-003
 CFL_Limit=   1.0000000000000000E-003
 dt_init=   1.0000000000000001E-018 dt=   1.0000000000000001E-018
 Time=  -1.0600000000031363E-013 Intensity=   3469597.8688117159     
   4776.2777033082211      < Te <    4776.3274126018232     
   4776.2777033082202      < Th <    4776.3274126018287     
   80.000000000173728      < Ts <   80.000000000173827     
   82526338504265424.      < Ne <   82558365469764064.     
   82526338504265424.      < Nh <   82558365469764064.     
 CFL_Te=   1.8014510330253658E-003 maxCFL_Ne=   1.3905872467950507E-003 maxCFL_Ts=   5.1020110945417408E-004 CPU=   241.69982030661407      NumThreads=                    1 Elapsed time=   4.1373634400365964E-003
 CFL_Limit=   1.0000000000000000E-003
 dt_init=   1.0000000000000001E-018 dt=   1.0000000000000001E-018
 Time=  -1.0500000000031696E-013 Intensity=   5001197.1000020979     
   4775.8239436754475      < Te <    4775.8735606683776     
   4775.8239436754502      < Th <    4775.8735606683795     
   80.000000000308376      < Ts <   80.000000000308560     
   1.2003685666053187E+017 < Ne <   1.2008303264053088E+017
   1.2003685666053187E+017 < Nh <   1.2008303264053085E+017
 CFL_Te=   1.8012798576128781E-003 maxCFL_Ne=   1.3904551068391921E-003 maxCFL_Ts=   5.1020110945455409E-004 CPU=   241.65617931402855      NumThreads=                    1 Elapsed time=   4.1381106116906499E-003
 CFL_Limit=   1.0000000000000000E-003
 dt_init=   1.0000000000000001E-018 dt=   1.0000000000000001E-018
 Time=  -1.0400000000032030E-013 Intensity=   7183955.7564026807     
   4775.3629074687115      < Te <    4775.4124309637318     
   4775.3629074687142      < Th <    4775.4124309637318     
   80.000000000503263      < Ts <   80.000000000503505     
   1.7400662273457994E+017 < Ne <   1.7407296846491770E+017
   1.7400662273457994E+017 < Nh <   1.7407296846491766E+017
 CFL_Te=   1.8011059373493460E-003 maxCFL_Ne=   1.3903208479934459E-003 maxCFL_Ts=   5.1020110945510422E-004 CPU=   241.61628197405113      NumThreads=                    1 Elapsed time=   4.1387939249367183E-003
 CFL_Limit=   1.0000000000000000E-003
 dt_init=   1.0000000000000001E-018 dt=   1.0000000000000001E-018
 Time=  -1.0300000000032364E-013 Intensity=   10283671.077769637     
   4774.8944189058075      < Te <    4774.9438476830182     
   4774.8944189057956      < Th <    4774.9438476830182     
   80.000000000780943      < Ts <   80.000000000781270     
   2.5138921779477331E+017 < Ne <   2.5148421403247306E+017
   2.5138921779477331E+017 < Nh <   2.5148421403247302E+017
 CFL_Te=   1.8009292059298133E-003 maxCFL_Ne=   1.3901844190742096E-003 maxCFL_Ts=   5.1020110945588864E-004 CPU=   241.57464980940387      NumThreads=                    1 Elapsed time=   4.1395071907957817E-003
 CFL_Limit=   1.0000000000000000E-003
 dt_init=   1.0000000000000001E-018 dt=   1.0000000000000001E-018
 Time=  -1.0200000000032697E-013 Intensity=   14669913.588145595     
   4774.4182967432671      < Te <    4774.4676295596637     
   4774.4182967432598      < Th <    4774.4676295596637     
   80.000000001176190      < Ts <   80.000000001176630     
   3.6195769442632723E+017 < Ne <   3.6209324346486330E+017
   3.6195769442632723E+017 < Nh <   3.6209324346486330E+017
 CFL_Te=   1.8007495949894515E-003 maxCFL_Ne=   1.3900457673077932E-003 maxCFL_Ts=   5.1020110945700472E-004 CPU=   241.53674044839065      NumThreads=                    1 Elapsed time=   4.1401568893560141E-003
 CFL_Limit=   1.0000000000000000E-003
 dt_init=   1.0000000000000001E-018 dt=   1.0000000000000001E-018
 Time=  -1.0100000000033031E-013 Intensity=   20854596.145682670     
   4773.9343540757800      < Te <    4773.9835896647228     
   4773.9343540757764      < Th <    4773.9835896647228     
   80.000000001743501      < Ts <   80.000000001744169     
   5.1939753609881971E+017 < Ne <   5.1959028110263654E+017
   5.1939753609881971E+017 < Nh <   5.1959028110263654E+017
 CFL_Te=   1.8005670340278774E-003 maxCFL_Ne=   1.3899048382720143E-003 maxCFL_Ts=   5.1020110945860673E-004 CPU=   241.48913913335807      NumThreads=                    1 Elapsed time=   4.1409729795250459E-003
 CFL_Limit=   1.0000000000000000E-003
 dt_init=   1.0000000000000001E-018 dt=   1.0000000000000001E-018
 Time=  -1.0000000000033365E-013 Intensity=   29544106.652997654     
   4773.4423981286382      < Te <    4773.4915351990994     
   4773.4423981286354      < Th <    4773.4915351990994     
   80.000000002554458      < Ts <   80.000000002555424     
   7.4280271918086298E+017 < Ne <   7.4307584736247398E+017
   7.4280271918086298E+017 < Nh <   7.4307584736247398E+017
 CFL_Te=   1.8003814503308182E-003 maxCFL_Ne=   1.3897615758356832E-003 maxCFL_Ts=   5.1020110946089668E-004 CPU=   241.43922958366500      NumThreads=                    1 Elapsed time=   4.1418289882898833E-003
 CFL_Limit=   1.0000000000000000E-003
 dt_init=   1.0000000000000001E-018 dt=   1.0000000000000001E-018
 Time=  -9.9000000000336983E-014 Intensity=   41709481.477622546     
   4772.9422300427423      < Te <    4772.9912672788987     
   4772.9422300427395      < Th <    4772.9912672788987     
   80.000000003707541      < Ts <   80.000000003708934     
   1.0587154496321750E+018 < Ne <   1.0591011469674813E+018
   1.0587154496321750E+018 < Nh <   1.0591011469674813E+018
 CFL_Te=   1.8001927688891123E-003 maxCFL_Ne=   1.3896159220961391E-003 maxCFL_Ts=   5.1020110946415297E-004 CPU=   241.39312016247132      NumThreads=                    1 Elapsed time=   4.1426201348528204E-003
 CFL_Limit=   1.0000000000000000E-003
 dt_init=   1.0000000000000001E-018 dt=   1.0000000000000001E-018
 Time=  -9.8000000000340320E-014 Intensity=   58680468.053666398     
   4772.4336446534417      < Te <    4772.4825807140096     
   4772.4336446534398      < Th <    4772.4825807140096     
   80.000000005346138      < Ts <   80.000000005348085     
   1.5038961125866171E+018 < Ne <   1.5044388922300997E+018
   1.5038961125866171E+018 < Nh <   1.5044388922300997E+018
 CFL_Te=   1.8000009123152376E-003 maxCFL_Ne=   1.3894678173147685E-003 maxCFL_Ts=   5.1020110946878023E-004 CPU=   241.35566337754906      NumThreads=                    1 Elapsed time=   4.1432630417945274E-003
 CFL_Limit=   1.0000000000000000E-003
 dt_init=   1.0000000000000001E-018 dt=   1.0000000000000001E-018
 Time=  -9.7000000000343656E-014 Intensity=   82271079.851560473     
   4771.9164302632107      < Te <    4771.9652637807976     
   4771.9164302632107      < Th <    4771.9652637807976     
   80.000000007665747      < Ts <   80.000000007668504     
   2.1290698689427709E+018 < Ne <   2.1298310663504069E+018
   2.1290698689427707E+018 < Nh <   2.1298310663504069E+018
 CFL_Te=   1.7998058007575649E-003 maxCFL_Ne=   1.3893171998508439E-003 maxCFL_Ts=   5.1020110947533033E-004 CPU=   241.32018398279504      NumThreads=                    1 Elapsed time=   4.1438721929339117E-003
 CFL_Limit=   1.0000000000000000E-003
 dt_init=   1.0000000000000001E-018 dt=   1.0000000000000001E-018
 Time=  -9.6000000000346993E-014 Intensity=   114946479.92309830     
   4771.3903684090146      < Te <    4771.4390979895452     
   4771.3903684090146      < Th <    4771.4390979895452     
   80.000000010940354      < Ts <   80.000000010944220     
   3.0039740019584671E+018 < Ne <   3.0050378214314399E+018
   3.0039740019584666E+018 < Nh <   3.0050378214314399E+018
 CFL_Te=   1.7996073518126317E-003 maxCFL_Ne=   1.3891640060937898E-003 maxCFL_Ts=   5.1020110948457728E-004 CPU=   241.27774479755112      NumThreads=                    1 Elapsed time=   4.1446010730872415E-003
 CFL_Limit=   1.0000000000000000E-003
 dt_init=   1.0000000000000001E-018 dt=   1.0000000000000001E-018
 Time=  -9.5000000000350329E-014 Intensity=   160043855.31729019     
   4770.8552336260645      < Te <    4770.9038578480577     
   4770.8552336260636      < Th <    4770.9038578480577     
   80.000000015549361      < Ts <   80.000000015554818     
   4.2241303388720568E+018 < Ne <   4.2256119543571809E+018
   4.2241303388720563E+018 < Nh <   4.2256119543571809E+018
 CFL_Te=   1.7994054804360505E-003 maxCFL_Ne=   1.3890081703944010E-003 maxCFL_Ts=   5.1020110949759258E-004 CPU=   241.23003031405841      NumThreads=                    1 Elapsed time=   4.1454208611510588E-003
 CFL_Limit=   1.0000000000000000E-003
 dt_init=   1.0000000000000001E-018 dt=   1.0000000000000001E-018
 Time=  -9.4000000000353665E-014 Intensity=   222063501.29492137     
   4770.3107932093635      < Te <    4770.3593106232993     
   4770.3107932093626      < Th <    4770.3593106232984     
   80.000000022016238      < Ts <   80.000000022023841     
   5.9198957548262205E+018 < Ne <   5.9219521192031918E+018
   5.9198957548262195E+018 < Nh <   5.9219521192031918E+018
 CFL_Te=   1.7992000988525277E-003 maxCFL_Ne=   1.3888496249954160E-003 maxCFL_Ts=   5.1020110951585402E-004 CPU=   241.18684542794267      NumThreads=                    1 Elapsed time=   4.1461631053123140E-003
 CFL_Limit=   1.0000000000000000E-003
 dt_init=   1.0000000000000001E-018 dt=   1.0000000000000001E-018
 Time=  -9.3000000000357002E-014 Intensity=   307050784.68967545     
   4769.7568069757081      < Te <    4769.8052161033556     
   4769.7568069757081      < Th <    4769.8052161033547     
   80.000000031058931      < Ts <   80.000000031069561     
   8.2685081598413988E+018 < Ne <   8.2713523699859640E+018
   8.2685081598413978E+018 < Nh <   8.2713523699859640E+018
 CFL_Te=   1.7989911164661234E-003 maxCFL_Ne=   1.3886882999622251E-003 maxCFL_Ts=   5.1020110954138893E-004 CPU=   241.14241651970985      NumThreads=                    1 Elapsed time=   4.1469270086636322E-003
 CFL_Limit=   1.0000000000000000E-003
 dt_init=   1.0000000000000001E-018 dt=   1.0000000000000001E-018
 Time=  -9.2000000000360338E-014 Intensity=   423095192.00701851     
   4769.1930270295325      < Te <    4769.2413263631297     
   4769.1930270295325      < Th <    4769.2413263631288     
   80.000000043663448      < Ts <   80.000000043678256     
   1.1510054313506052E+019 < Ne <   1.1513974623350139E+019
   1.1510054313506052E+019 < Nh <   1.1513974623350139E+019
 CFL_Te=   1.7987784397718927E-003 maxCFL_Ne=   1.3885241231146493E-003 maxCFL_Ts=   5.1020110957698220E-004 CPU=   241.10638332091145      NumThreads=                    1 Elapsed time=   4.1475467643218916E-003
 CFL_Limit=   1.0000000000000000E-003
 dt_init=   1.0000000000000001E-018 dt=   1.0000000000000001E-018
 Time=  -9.1000000000363675E-014 Intensity=   580979513.56964755     
   4768.6191975366892      < Te <    4768.6673855383797     
   4768.6191975366892      < Th <    4768.6673855383788     
   80.000000061173864      < Ts <   80.000000061194612     
   1.5968550004551127E+019 < Ne <   1.5973934887490722E+019
   1.5968550004551127E+019 < Nh <   1.5973934887490722E+019
 CFL_Te=   1.7985619722706116E-003 maxCFL_Ne=   1.3883570199611460E-003 maxCFL_Ts=   5.1020110962642887E-004 CPU=   241.06517993402801      NumThreads=                    1 Elapsed time=   4.1482556720703863E-003
 CFL_Limit=   1.0000000000000000E-003
 dt_init=   1.0000000000000001E-018 dt=   1.0000000000000001E-018
 Time=  -9.0000000000367011E-014 Intensity=   795020627.86572671     
   4768.0350545124757      < Te <    4768.0831296134002     
   4768.0350545124757      < Th <    4768.0831296133993     
   80.000000085418833      < Ts <   80.000000085447297     
   2.2079655424776139E+019 < Ne <   2.2087026474873713E+019
   2.2079655424776139E+019 < Nh <   2.2087026474873713E+019
 CFL_Te=   1.7983416143887612E-003 maxCFL_Ne=   1.3881869136370055E-003 maxCFL_Ts=   5.1020110969489277E-004 CPU=   241.03472027367312      NumThreads=                    1 Elapsed time=   4.1487798889080808E-003
 CFL_Limit=   1.0000000000000000E-003
 dt_init=   1.0000000000000001E-018 dt=   1.0000000000000001E-018
 Time=  -8.9000000000370348E-014 Intensity=   1084153623.5544016     
   4767.4403256307369      < Te <    4767.4882862303821     
   4767.4403256307369      < Th <    4767.4882862303812     
   80.000000118876770      < Ts <   80.000000118917029     
   3.0426964275787370E+019 < Ne <   3.0437019221836399E+019
   3.0426964275787370E+019 < Nh <   3.0437019221836399E+019
 CFL_Te=   1.7981172634065447E-003 maxCFL_Ne=   1.3880137248488398E-003 maxCFL_Ts=   5.1020110978937632E-004 CPU=   241.00772168121978      NumThreads=                    1 Elapsed time=   4.1492446508527101E-003
 CFL_Limit=   1.0000000000000000E-003
 dt_init=   1.0000000000000001E-018 dt=   1.0000000000000001E-018
 Time=  -8.8000000000373684E-014 Intensity=   1473323459.8778813     
   4766.8347300643727      < Te <    4766.8825745296863     
   4766.8347300643682      < Th <    4766.8825745296854     
   80.000000164893947      < Ts <   80.000000164948972     
   4.1789322378085360E+019 < Ne <   4.1802991086445019E+019
   4.1789322378085360E+019 < Nh <   4.1802991086445019E+019
 CFL_Te=   1.7978888133976705E-003 maxCFL_Ne=   1.3878373718280480E-003 maxCFL_Ts=   5.1020110991932197E-004 CPU=   240.98688833286118      NumThreads=                    1 Elapsed time=   4.1496033536013712E-003
 CFL_Limit=   1.0000000000000000E-003
 dt_init=   1.0000000000000001E-018 dt=   1.0000000000000001E-018
 Time=  -8.7000000000377020E-014 Intensity=   1995263384.2989130     
   4766.2179783688925      < Te <    4766.2657050334665     
   4766.2179783688889      < Th <    4766.2657050334656     
   80.000000227973274      < Ts <   80.000000228048151     
   5.7202271520362545E+019 < Ne <   5.7220788605719347E+019
   5.7202271520362545E+019 < Nh <   5.7220788605719347E+019
 CFL_Te=   1.7976561551854614E-003 maxCFL_Ne=   1.3876577702969530E-003 maxCFL_Ts=   5.1020111009744695E-004 CPU=   240.94172835419420      NumThreads=                    1 Elapsed time=   4.1503811184169775E-003
 CFL_Limit=   1.0000000000000000E-003
 dt_init=   1.0000000000000001E-018 dt=   1.0000000000000001E-018
 Time=  -8.6000000000380357E-014 Intensity=   2692757295.9581451     
   4765.5897724249080      < Te <    4765.6373795882419     
   4765.5897724249044      < Th <    4765.6373795882409     
   80.000000314151848      < Ts <   80.000000314253867     
   7.8037501620850164E+019 < Ne <   7.8062500196714414E+019
   7.8037501620850164E+019 < Nh <   7.8062500196714414E+019
 CFL_Te=   1.7974191763210994E-003 maxCFL_Ne=   1.3874748334520169E-003 maxCFL_Ts=   5.1020111034079960E-004 CPU=   240.89995145168311      NumThreads=                    1 Elapsed time=   4.1511008780778782E-003
 CFL_Limit=   1.0000000000000000E-003
 dt_init=   1.0000000000000001E-018 dt=   1.0000000000000001E-018
 Time=  -8.5000000000383693E-014 Intensity=   3621504588.3236294     
   4764.9498054590349      < Te <    4764.9972913855563     
   4764.9498054590322      < Th <    4764.9972913855554     
   80.000000431494570      < Ts <   80.000000431633069     
   1.0610515727816047E+020 < Ne <   1.0613878949303054E+020
   1.0610515727816047E+020 < Nh <   1.0613878949303054E+020
 CFL_Te=   1.7971777610914638E-003 maxCFL_Ne=   1.3872884719698909E-003 maxCFL_Ts=   5.1020111067215726E-004 CPU=   240.86224120590646      NumThreads=                    1 Elapsed time=   4.1517507891372964E-003
 CFL_Limit=   1.0000000000000000E-003
 dt_init=   1.0000000000000001E-018 dt=   1.0000000000000001E-018
 Time=  -8.4000000000387030E-014 Intensity=   4853731164.6627903     
   4764.2977621674008      < Te <    4764.3451250856306     
   4764.2977621673981      < Th <    4764.3451250856306     
   80.000000590737756      < Ts <   80.000000590924344     
   1.4378501564763116E+020 < Ne <   1.4383010700470819E+020
   1.4378501564763116E+020 < Nh <   1.4383010700470819E+020
 CFL_Te=   1.7969317905656699E-003 maxCFL_Ne=   1.3870985940433323E-003 maxCFL_Ts=   5.1020111112183477E-004 CPU=   240.82691157474378      NumThreads=                    1 Elapsed time=   4.1523598565504881E-003
 CFL_Limit=   1.0000000000000000E-003
 dt_init=   1.0000000000000001E-018 dt=   1.0000000000000001E-018
 Time=  -8.3000000000390366E-014 Intensity=   6482719740.0118294     
   4763.6333189720845      < Te <    4763.6805570736951     
   4763.6333189720817      < Th <    4763.6805570736851     
   80.000000806118749      < Ts <   80.000000806371105     
   1.9419396744500114E+020 < Ne <   1.9425421353379627E+020
   1.9419396744500114E+020 < Nh <   1.9425421353379627E+020
 CFL_Te=   1.7966811426917279E-003 maxCFL_Ne=   1.3869051054558135E-003 maxCFL_Ts=   5.1020111173003739E-004 CPU=   240.79474965817144      NumThreads=                    1 Elapsed time=   4.1529144693544387E-003
 CFL_Limit=   1.0000000000000000E-003
 dt_init=   1.0000000000000001E-018 dt=   1.0000000000000001E-018
 Time=  -8.2000000000393702E-014 Intensity=   8628466652.9902210     
   4762.9561444475676      < Te <    4763.0032558864323     
   4762.9561444475648      < Th <    4763.0032558864259     
   80.000001096457140      < Ts <   80.000001096795074     
   2.6139893183604988E+020 < Ne <   2.6147914805812635E+020
   2.6139893183604988E+020 < Nh <   2.6147914805812632E+020
 CFL_Te=   1.7964256924572930E-003 maxCFL_Ne=   1.3867079097056403E-003 maxCFL_Ts=   5.1020111254990814E-004 CPU=   240.75920099178938      NumThreads=                    1 Elapsed time=   4.1535276570140427E-003
 CFL_Limit=   1.0000000000000000E-003
 dt_init=   1.0000000000000001E-018 dt=   1.0000000000000001E-018
 Time=  -8.1000000000397039E-014 Intensity=   11444711601.408195     
   4762.2658999628620      < Te <    4762.3128828541430     
   4762.2658999628602      < Th <    4762.3128828541385     
   80.000001486530792      < Ts <   80.000001486986633     
   3.5068636279932440E+020 < Ne <   3.5079279999662378E+020
   3.5068636279932440E+020 < Nh <   3.5079279999662378E+020
 CFL_Te=   1.7961653121317648E-003 maxCFL_Ne=   1.3865069081927951E-003 maxCFL_Ts=   5.1020111365141538E-004 CPU=   240.72969757577940      NumThreads=                    1 Elapsed time=   4.1540367061908079E-003
 CFL_Limit=   1.0000000000000000E-003
 dt_init=   1.0000000000000001E-018 dt=   1.0000000000000001E-018
 Time=  -8.0000000000400375E-014 Intensity=   15127631309.328072     
   4761.5622405946488      < Te <    4761.6090930137043     
   4761.5622405946469      < Th <    4761.6090930137016     
   80.000002008848810      < Ts <   80.000002009459777     
   4.6890190625029921E+020 < Ne <   4.6904264789521229E+020
   4.6890190625029921E+020 < Nh <   4.6904264789521229E+020
 CFL_Te=   1.7958998716105512E-003 maxCFL_Ne=   1.3863020004847052E-003 maxCFL_Ts=   5.1020111512636022E-004 CPU=   240.70173098562034      NumThreads=                    1 Elapsed time=   4.1545193543279530E-003
 CFL_Limit=   1.0000000000000000E-003
 dt_init=   1.0000000000000001E-018 dt=   1.0000000000000001E-018
 Time=  -7.9000000000403712E-014 Intensity=   19926538345.339001     
   4760.8448163784988      < Te <    4760.8915363599199     
   4760.8448163784979      < Th <    4760.8915363599172     
   80.000002705911783      < Ts <   80.000002706726335     
   6.2487659322857318E+020 < Ne <   6.2506205306472222E+020
   6.2487659322857318E+020 < Nh <   6.2506205306472222E+020
 CFL_Te=   1.7956292388868337E-003 maxCFL_Ne=   1.3860930846804028E-003 maxCFL_Ts=   5.1020111709475756E-004 CPU=   240.67983744588125      NumThreads=                    1 Elapsed time=   4.1548972718782806E-003
 CFL_Limit=   1.0000000000000000E-003
 dt_init=   1.0000000000000001E-018 dt=   1.0000000000000001E-018
 Time=  -7.8000000000407048E-014 Intensity=   26156982205.223495     
   4760.1132739786935      < Te <    4760.1598595151881     
   4760.1132739786926      < Th <    4760.1598595151845     
   80.000003633079828      < Ts <   80.000003634161814     
   8.2995925549833676E+020 < Ne <   8.3020279828552758E+020
   8.2995925549833676E+020 < Nh <   8.3020279828552758E+020
 CFL_Te=   1.7953532806811775E-003 maxCFL_Ne=   1.3858800578965620E-003 maxCFL_Ts=   5.1020111971293537E-004 CPU=   240.65784289557203      NumThreads=                    1 Elapsed time=   4.1552770022705108E-003
 CFL_Limit=   1.0000000000000000E-003
 dt_init=   1.0000000000000001E-018 dt=   1.0000000000000001E-018
 Time=  -7.7000000000410384E-014 Intensity=   34216711204.134338     
   4759.3672588729396      < Te <    4759.4137079142683     
   4759.3672588729387      < Th <    4759.4137079142629     
   80.000004862199106      < Ts <   80.000004863633762     
   1.0986786764069723E+021 < Ne <   1.0989973887777336E+021
   1.0986786764069723E+021 < Nh <   1.0989973887777336E+021
 CFL_Te=   1.7950718632652849E-003 maxCFL_Ne=   1.3856628169033483E-003 maxCFL_Ts=   5.1020112318377671E-004 CPU=   240.63655828482084      NumThreads=                    1 Elapsed time=   4.1556445418255436E-003
 CFL_Limit=   1.0000000000000000E-003
 dt_init=   1.0000000000000001E-018 dt=   1.0000000000000001E-018
 Time=  -7.6000000000413721E-014 Intensity=   44605020284.252617     
   4758.6063737254526      < Te <    4758.6526881465052     
   4758.6064170163954      < Th <    4758.6527274681703     
   80.000006486185740      < Ts <   80.000006488079123     
   1.4495633901265106E+021 < Ne <   1.4499790340367217E+021
   1.4495633901268797E+021 < Nh <   1.4499790335569408E+021
 CFL_Te=   1.7947848382446985E-003 maxCFL_Ne=   1.3854412471121541E-003 maxCFL_Ts=   5.1020112776966101E-004 CPU=   240.61997462828194      NumThreads=                    1 Elapsed time=   4.1559309510560572E-003
 CFL_Limit=   1.0000000000000000E-003
 dt_init=   1.0000000000000001E-018 dt=   1.0000000000000001E-018
 Time=  -7.5000000000417057E-014 Intensity=   57946080788.916267     
   4757.8303454858942      < Te <    4757.8765202391123     
   4757.8304026400956      < Th <    4757.8765723626739     
   80.000008624748801      < Ts <   80.000008627239836     
   1.9061520564594745E+021 < Ne <   1.9066922408504934E+021
   1.9061520564601165E+021 < Nh <   1.9066922400361239E+021
 CFL_Te=   1.7944921000358350E-003 maxCFL_Ne=   1.3852152670808739E-003 maxCFL_Ts=   5.1020113380862851E-004 CPU=   240.59853093634791      NumThreads=                    1 Elapsed time=   4.1563013544108351E-003
 CFL_Limit=   1.0000000000000000E-003
 dt_init=   1.0000000000000001E-018 dt=   1.0000000000000001E-018
 Time=  -7.4000000000420394E-014 Intensity=   75016922429.376877     
   4757.0388346061045      < Te <    4757.0848649570817     
   4757.0388777245098      < Th <    4757.0849045317045     
   80.000011431572617      < Ts <   80.000011434839834     
   2.4982330109078337E+021 < Ne <   2.4989326287581914E+021
   2.4982330109084754E+021 < Nh <   2.4989326279783099E+021
 CFL_Te=   1.7942652454036342E-003 maxCFL_Ne=   1.3849847780405683E-003 maxCFL_Ts=   5.1020114173465857E-004 CPU=   240.57656364747044      NumThreads=                    1 Elapsed time=   4.1566808704830991E-003
 CFL_Limit=   1.0000000000000000E-003
 dt_init=   1.0000000000000001E-018 dt=   1.0000000000000001E-018
 Time=  -7.3000000000423730E-014 Intensity=   96780813434.073303     
   4756.2315061547015      < Te <    4756.2773816355611     
   4756.2315191595189      < Th <    4756.2774008162087     
   80.000015103237416      < Ts <   80.000015107507792     
   3.2633579224260286E+021 < Ne <   3.2642609027430167E+021
   3.2633579224263830E+021 < Nh <   3.2642609023600857E+021
 CFL_Te=   1.7938889727666888E-003 maxCFL_Ne=   1.3847497085139782E-003 maxCFL_Ts=   5.1020115210286194E-004 CPU=   240.55755619253301      NumThreads=                    1 Elapsed time=   4.1570093071598988E-003
 CFL_Limit=   1.0000000000000000E-003
 dt_init=   1.0000000000000001E-018 dt=   1.0000000000000001E-018
 Time=  -7.2000000000427066E-014 Intensity=   124426860014.13104     
   4755.4080161283982      < Te <    4755.4537459043795     
   4756.8759491534947      < Th <    4756.9216759255532     
   80.000019890286737      < Ts <   80.000019895848752     
   4.2486815136139706E+021 < Ne <   4.2498429481623004E+021
   4.2486815136132995E+021 < Nh <   4.2498429491368553E+021
 CFL_Te=   1.7935783313091163E-003 maxCFL_Ne=   1.3845098934403004E-003 maxCFL_Ts=   5.1020116562073214E-004 CPU=   240.53460737492381      NumThreads=                    1 Elapsed time=   4.1574059172337285E-003
 CFL_Limit=   1.0000000000000000E-003
 dt_init=   1.0000000000000001E-018 dt=   1.0000000000000001E-018
 Time=  -7.1000000000430403E-014 Intensity=   159416717950.19141     
   4754.5681210694393      < Te <    4754.6137019891139     
   4755.6269219108126      < Th <    4755.6725025675305     
   80.000026110841389      < Ts <   80.000026118059978     
   5.5131869713111806E+021 < Ne <   5.5146756814097497E+021
   5.5131869713099454E+021 < Nh <   5.5146756830769101E+021
 CFL_Te=   1.7932615016564098E-003 maxCFL_Ne=   1.3842653099222935E-003 maxCFL_Ts=   5.1020118318658911E-004 CPU=   240.51761686712481      NumThreads=                    1 Elapsed time=   4.1576996023224991E-003
 CFL_Limit=   1.0000000000000000E-003
 dt_init=   1.0000000000000001E-018 dt=   1.0000000000000001E-018
 Time=  -7.0000000000433739E-014 Intensity=   203539373738.42984     
   4753.7115923346018      < Te <    4753.7570217241491     
   4753.7115431782622      < Th <    4753.7569798823415     
   80.000034167393537      < Ts <   80.000034176731845     
   7.1303649726188602E+021 < Ne <   7.1322665963658297E+021
   7.1303649726170504E+021 < Nh <   7.1322665986964240E+021
 CFL_Te=   1.7929383975925960E-003 maxCFL_Ne=   1.3840158863354492E-003 maxCFL_Ts=   5.1020120593700156E-004 CPU=   240.49605378829597      NumThreads=                    1 Elapsed time=   4.1580723851721933E-003
 CFL_Limit=   1.0000000000000000E-003
 dt_init=   1.0000000000000001E-018 dt=   1.0000000000000001E-018
 Time=  -6.9000000000437076E-014 Intensity=   258975005990.62778     
   4752.8382548405561      < Te <    4752.8835301384061     
   4752.8382168879443      < Th <    4752.8834977515326     
   80.000044567294893      < Ts <   80.000044579335992     
   9.1914230654625183E+021 < Ne <   9.1938437502847135E+021
   9.1914230654607137E+021 < Nh <   9.1938437525159857E+021
 CFL_Te=   1.7926089530396544E-003 maxCFL_Ne=   1.3837615697088845E-003 maxCFL_Ts=   5.1020123530464096E-004 CPU=   240.47474423815041      NumThreads=                    1 Elapsed time=   4.1584408506935167E-003
 CFL_Limit=   1.0000000000000000E-003
 dt_init=   1.0000000000000001E-018 dt=   1.0000000000000001E-018
 Time=  -6.8000000000440412E-014 Intensity=   328368974519.18799     
   4750.6444627953406      < Te <    4750.6895146961533     
   4751.9479886838672      < Th <    4751.9931103508825     
   80.000057947735314      < Ts <   80.000057963208292     
   1.1809111374488840E+022 < Ne <   1.1812182168483834E+022
   1.1809111374484950E+022 < Nh <   1.1812182173344204E+022
 CFL_Te=   1.7912898964701251E-003 maxCFL_Ne=   1.3831600022008556E-003 maxCFL_Ts=   5.1020127308881421E-004 CPU=   240.45619403271374      NumThreads=                    1 Elapsed time=   4.1587616572852822E-003
 CFL_Limit=   1.0000000000000000E-003
 dt_init=   1.0000000000000001E-018 dt=   1.0000000000000001E-018
 Time=  -6.7000000000443749E-014 Intensity=   414916998789.13025     
   4750.9363025327993      < Te <    4750.9812036118356     
   4751.0408043917623      < Th <    4751.0857661496839     
   80.000075106072984      < Ts <   80.000075125891129     
   1.5122260083569437E+022 < Ne <   1.5126142147392635E+022
   1.5122260083561172E+022 < Nh <   1.5126142157630076E+022
 CFL_Te=   1.7919704013557183E-003 maxCFL_Ne=   1.3832381755864529E-003 maxCFL_Ts=   5.1020132154110792E-004 CPU=   240.42943116264718      NumThreads=                    1 Elapsed time=   4.1592245806359451E-003
 CFL_Limit=   1.0000000000000000E-003
 dt_init=   1.0000000000000001E-018 dt=   1.0000000000000001E-018
 Time=  -6.6000000000447085E-014 Intensity=   522462572428.35376     
   4750.0394536617687      < Te <    4750.0842031620914     
   4750.1167704601821      < Th <    4750.1615697722364     
   80.000097036374626      < Ts <   80.000097061674339     
   1.9301133568359895E+022 < Ne <   1.9306024303748517E+022
   1.9301133568343978E+022 < Nh <   1.9306024323371678E+022
 CFL_Te=   1.7914946879538697E-003 maxCFL_Ne=   1.3829691148947679E-003 maxCFL_Ts=   5.1020138346856642E-004 CPU=   240.38297110521486      NumThreads=                    1 Elapsed time=   4.1600284554362344E-003
 CFL_Limit=   1.0000000000000000E-003
 dt_init=   1.0000000000000001E-018 dt=   1.0000000000000001E-018
 Time=  -6.5000000000450421E-014 Intensity=   655607608773.53906     
   4748.5101502556972      < Te <    4748.5547502193267     
   4749.1761046303955      < Th <    4749.2207388787619     
   80.000124973445821      < Ts <   80.000125005637841     
   2.4553715291234066E+022 < Ne <   2.4559855541476617E+022
   2.4553715291213674E+022 < Nh <   2.4559855566031642E+022
 CFL_Te=   1.7907490271881746E-003 maxCFL_Ne=   1.3825197256246541E-003 maxCFL_Ts=   5.1020146235801131E-004 CPU=   240.37049351351502      NumThreads=                    1 Elapsed time=   4.1602444018103840E-003
 CFL_Limit=   1.0000000000000000E-003
 dt_init=   1.0000000000000001E-018 dt=   1.0000000000000001E-018
 Time=  -6.4000000000453758E-014 Intensity=   819837215909.35339     
   4747.6325353985085      < Te <    4747.6769728745076     
   4748.2191893466461      < Th <    4748.2636558359964     
   80.000160445345003      < Ts <   80.000160486169676     
   3.1133046002972138E+022 < Ne <   3.1140728417206332E+022
   3.1133046002942980E+022 < Nh <   3.1140728451913128E+022
 CFL_Te=   1.7904239355344533E-003 maxCFL_Ne=   1.3822759317276636E-003 maxCFL_Ts=   5.1020156252431419E-004 CPU=   240.35460609949507      NumThreads=                    1 Elapsed time=   4.1605193935249519E-003
 CFL_Limit=   1.0000000000000000E-003
 dt_init=   1.0000000000000001E-018 dt=   1.0000000000000001E-018
 Time=  -6.3000000000457094E-014 Intensity=   1021659349832.0970     
   4750.3267222177165      < Te <    4750.3708050565001     
   4745.9442664663256      < Th <    4745.9885686980979     
   80.000205336123244      < Ts <   80.000205387725586     
   3.9345745347637684E+022 < Ne <   3.9355324107070644E+022
   3.9345745347601219E+022 < Nh <   3.9355324149123156E+022
 CFL_Te=   1.7926782362679911E-003 maxCFL_Ne=   1.3830299611853141E-003 maxCFL_Ts=   5.1020168928755092E-004 CPU=   240.34341275351665      NumThreads=                    1 Elapsed time=   4.1607131584902078E-003
 CFL_Limit=   1.0000000000000000E-003
 dt_init=   1.0000000000000001E-018 dt=   1.0000000000000001E-018
 Time=  -6.2000000000460431E-014 Intensity=   1268759882568.7170     
   4743.4899216734057      < Te <    4743.5339395875417     
   4746.1546853978853      < Th <    4746.1988003228716     
   80.000261960650960      < Ts <   80.000262025662039     
   4.9561852694892466E+022 < Ne <   4.9573754791388214E+022
   4.9561852694899773E+022 < Nh <   4.9573754776894839E+022
 CFL_Te=   1.7878014889668393E-003 maxCFL_Ne=   1.3810394600506321E-003 maxCFL_Ts=   5.1020184918425151E-004 CPU=   240.33502708697264      NumThreads=                    1 Elapsed time=   4.1608583323067558E-003
 CFL_Limit=   1.0000000000000000E-003
 dt_init=   1.0000000000000001E-018 dt=   1.0000000000000001E-018
 Time=  -6.1000000000463767E-014 Intensity=   1570173339800.8652     
   4745.0002966161801      < Te <    4745.0441450703511     
   4743.5813513327139      < Th <    4743.6252989682671     
   80.000333150927972      < Ts <   80.000333232565069     
   6.2226126327987590E+022 < Ne <   6.2240864220681133E+022
   6.2226126327986482E+022 < Nh <   6.2240864216966574E+022
 CFL_Te=   1.7894577767880945E-003 maxCFL_Ne=   1.3815541858390493E-003 maxCFL_Ts=   5.1020205021106162E-004 CPU=   240.32997051306407      NumThreads=                    1 Elapsed time=   4.1609458773084699E-003
 CFL_Limit=   1.0000000000000000E-003
 dt_init=   1.0000000000000001E-018 dt=   1.0000000000000001E-018
 Time=  -6.0000000000467103E-014 Intensity=   1936469201836.5583     
   4743.8626230354512      < Te <    4743.9062280253011     
   4743.5020584266067      < Th <    4743.5458193558079     
   80.000422361388871      < Ts <   80.000422463570160     
   7.7870942076350386E+022 < Ne <   7.7889128562015771E+022
   7.7870942076343121E+022 < Nh <   7.7889128566511410E+022
 CFL_Te=   1.7892229715990584E-003 maxCFL_Ne=   1.3812590043746781E-003 maxCFL_Ts=   5.1020230212201932E-004 CPU=   240.33068378706795      NumThreads=                    1 Elapsed time=   4.1609335280966293E-003
 CFL_Limit=   1.0000000000000000E-003
 dt_init=   1.0000000000000001E-018 dt=   1.0000000000000001E-018
 Time=  -5.9000000000470440E-014 Intensity=   2379953215735.2983     
   4739.2698364019061      < Te <    4739.3133207513838     
   4742.6341566658048      < Th <    4742.6777320315541     
   80.000533787443615      < Ts <   80.000533914919259     
   9.7130927417134049E+022 < Ne <   9.7153292073198208E+022
   9.7130927417091284E+022 < Nh <   9.7153292123082945E+022
 CFL_Te=   1.7858842407790976E-003 maxCFL_Ne=   1.3799015746129482E-003 maxCFL_Ts=   5.1020261676315072E-004 CPU=   240.32918636870050      NumThreads=                    1 Elapsed time=   4.1609594536131458E-003
 CFL_Limit=   1.0000000000000000E-003
 dt_init=   1.0000000000000001E-018 dt=   1.0000000000000001E-018
 Time=  -5.8000000000473776E-014 Intensity=   2914882629713.4609     
   4740.7939692019518      < Te <    4740.8372683258585     
   4742.1881047578854      < Th <    4742.2314825386120     
   80.000672506858564      < Ts <   80.000672665370274     
   1.2075946239969023E+023 < Ne <   1.2078687036315055E+023
   1.2075946239963094E+023 < Nh <   1.2078687043124371E+023
 CFL_Te=   1.7875397975863913E-003 maxCFL_Ne=   1.3803287932427698E-003 maxCFL_Ts=   5.1020300847149909E-004 CPU=   240.32444271957226      NumThreads=                    1 Elapsed time=   4.1610415847998933E-003
 CFL_Limit=   1.0000000000000000E-003
 dt_init=   1.0000000000000001E-018 dt=   1.0000000000000001E-018
 Time=  -5.7000000000477113E-014 Intensity=   3557693630525.8501     
   4738.3137850343437      < Te <    4738.3569215830139     
   4743.8980231047990      < Th <    4743.9412062431929     
   80.000844644026685      < Ts <   80.000844840494210     
   1.4964716416573019E+023 < Ne <   1.4968063703489198E+023
   1.4964716416544472E+023 < Nh <   1.4968063738628886E+023
 CFL_Te=   1.7859424177566927E-003 maxCFL_Ne=   1.3796540741232849E-003 maxCFL_Ts=   5.1020349453869795E-004 CPU=   240.32223894932719      NumThreads=                    1 Elapsed time=   4.1610797418163764E-003
 CFL_Limit=   1.0000000000000000E-003
 dt_init=   1.0000000000000001E-018 dt=   1.0000000000000001E-018
 Time=  -5.6000000000475123E-014 Intensity=   4327238540091.5210     
   4735.8279143759592      < Te <    4735.8708270922898     
   4737.6357010922120      < Th <    4737.6787292537228     
   80.001057551373009      < Ts <   80.001057794087203     
   1.8484245451373309E+023 < Ne <   1.8488319352138758E+023
   1.8484245451333154E+023 < Nh <   1.8488319400300830E+023
 CFL_Te=   1.7845462335272398E-003 maxCFL_Ne=   1.3789579915575974E-003 maxCFL_Ts=   5.1020409572273930E-004 CPU=   240.31990539874741      NumThreads=                    1 Elapsed time=   4.1611201466676849E-003
 CFL_Limit=   1.0000000000000000E-003
 dt_init=   1.0000000000000001E-018 dt=   1.0000000000000001E-018
 Time=  -5.5000000000472148E-014 Intensity=   5245029512467.2617     
   4734.4172166653643      < Te <    4734.4599510520720     
   4738.8391010930163      < Th <    4738.8819158121323     
   80.001320031520166      < Ts <   80.001320330403857     
   2.2757428439703633E+023 < Ne <   2.2762369608337585E+023
   2.2757428439637605E+023 < Nh <   2.2762369687097484E+023
 CFL_Te=   1.7839059822327007E-003 maxCFL_Ne=   1.3785813064966742E-003 maxCFL_Ts=   5.1020483687468771E-004 CPU=   240.31710740534237      NumThreads=                    1 Elapsed time=   4.1611685942661673E-003
 CFL_Limit=   1.0000000000000000E-003
 dt_init=   1.0000000000000001E-018 dt=   1.0000000000000001E-018
 Time=  -5.4000000000469174E-014 Intensity=   6335484573989.4004     
   4731.8112939742787      < Te <    4731.8538472242244     
   4737.6595696347022      < Th <    4737.7021675625547     
   80.001642577473461      < Ts <   80.001642944330371     
   2.7927705562196300E+023 < Ne <   2.7933677988098635E+023
   2.7927705562095288E+023 < Nh <   2.7933678107557151E+023
 CFL_Te=   1.7823498384182887E-003 maxCFL_Ne=   1.3779109356069862E-003 maxCFL_Ts=   5.1020574761593196E-004 CPU=   240.31472437593700      NumThreads=                    1 Elapsed time=   4.1612098576017638E-003
 CFL_Limit=   1.0000000000000000E-003
 dt_init=   1.0000000000000001E-018 dt=   1.0000000000000001E-018
 Time=  -5.3000000000466199E-014 Intensity=   7626170880185.0996     
   4732.8545531680402      < Te <    4732.8968911156453     
   4733.0773813740579      < Th <    4733.1197836299625     
   80.002037652128877      < Ts <   80.002038100968690     
   3.4161773953881297E+023 < Ne <   3.4168968031115376E+023
   3.4161773953763937E+023 < Nh <   3.4168968165822965E+023
 CFL_Te=   1.7833391627348316E-003 maxCFL_Ne=   1.3783139253055604E-003 maxCFL_Ts=   5.1020686312605557E-004 CPU=   240.30626735351021      NumThreads=                    1 Elapsed time=   4.1613563017435500E-003
 CFL_Limit=   1.0000000000000000E-003
 dt_init=   1.0000000000000001E-018 dt=   1.0000000000000001E-018
 Time=  -5.2000000000463225E-014 Intensity=   9148039040900.9219     
   4724.9629787985868      < Te <    4725.0051608678205     
   4734.6318105685405      < Th <    4734.6739781560354     
   80.002520003450442      < Ts <   80.002520550827953     
   4.1652514044913237E+023 < Ne <   4.1661149817701584E+023
   4.1652514044744250E+023 < Nh <   4.1661150012410537E+023
 CFL_Te=   1.7780760100471196E-003 maxCFL_Ne=   1.3760922876362880E-003 maxCFL_Ts=   5.1020822503082249E-004 CPU=   240.30647036801241      NumThreads=                    1 Elapsed time=   4.1613527861674741E-003
 CFL_Limit=   1.0000000000000000E-003
 dt_init=   1.0000000000000001E-018 dt=   1.0000000000000001E-018
 Time=  -5.1000000000460250E-014 Intensity=   10935641313518.789     
   4725.6151506545120      < Te <    4725.6570968677979     
   4732.2201702431139      < Th <    4732.2621343000019     
   80.003107013871542      < Ts <   80.003107679282849     
   5.0622119541580302E+023 < Ne <   5.0632450241221358E+023
   5.0622119541333932E+023 < Nh <   5.0632450524517032E+023
 CFL_Te=   1.7787865211949174E-003 maxCFL_Ne=   1.3762926972397292E-003 maxCFL_Ts=   5.1020988238594249E-004 CPU=   240.30624510851538      NumThreads=                    1 Elapsed time=   4.1613566869576311E-003
 CFL_Limit=   1.0000000000000000E-003
 dt_init=   1.0000000000000001E-018 dt=   1.0000000000000001E-018
 Time=  -5.0000000000457276E-014 Intensity=   13027325412948.617     
   4720.9370417069495      < Te <    4720.9787866772513     
   4729.8415667775816      < Th <    4729.8833235004240     
   80.003819097167408      < Ts <   80.003819903468752     
   6.1325412796903534E+023 < Ne <   6.1337728554160960E+023
   6.1325412796543804E+023 < Nh <   6.1337728966673389E+023
 CFL_Te=   1.7755287973979272E-003 maxCFL_Ne=   1.3750829857870094E-003 maxCFL_Ts=   5.1021189279373521E-004 CPU=   240.30447792821658      NumThreads=                    1 Elapsed time=   4.1613872892485955E-003
 CFL_Limit=   1.0000000000000000E-003
 dt_init=   1.0000000000000001E-018 dt=   1.0000000000000001E-018
 Time=  -4.9000000000454301E-014 Intensity=   15465394672232.328     
   4719.7672214295881      < Te <    4719.8087108027139     
   4728.5821790813543      < Th <    4728.6237283705477     
   80.004680132965987      < Ts <   80.004681106880483     
   7.4053319977934678E+023 < Ne <   7.4067951704135561E+023
   7.4053319977409484E+023 < Nh <   7.4067952304972870E+023
 CFL_Te=   1.7749893796031493E-003 maxCFL_Ne=   1.3748068834327776E-003 maxCFL_Ts=   5.1021432362437582E-004 CPU=   240.28993135919885      NumThreads=                    1 Elapsed time=   4.1616392095311892E-003
 CFL_Limit=   1.0000000000000000E-003
 dt_init=   1.0000000000000001E-018 dt=   1.0000000000000001E-018
 Time=  -4.8000000000451327E-014 Intensity=   18296224350932.652     
   4716.9345276775293      < Te <    4716.9757898712742     
   4726.8334886361672      < Th <    4726.8748119570673     
   80.005717954418401      < Ts <   80.005719127045907     
   8.9136471497209198E+023 < Ne <   8.9153794943251966E+023
   8.9136471496475537E+023 < Nh <   8.9153795777529096E+023
 CFL_Te=   1.7730530917460610E-003 maxCFL_Ne=   1.3740604688200163E-003 maxCFL_Ts=   5.1021725338513664E-004 CPU=   240.27027004426776      NumThreads=                    1 Elapsed time=   4.1619797564457659E-003
 CFL_Limit=   1.0000000000000000E-003
 dt_init=   1.0000000000000001E-018 dt=   1.0000000000000001E-018
 Time=  -4.7000000000448352E-014 Intensity=   21570323077272.793     
   4713.5397817631947      < Te <    4713.5808133697201     
   4727.4729561343438      < Th <    4727.5140297829739     
   80.006964871674782      < Ts <   80.006966279089085     
   1.0694888354452091E+024 < Ne <   1.0696932337375924E+024
   1.0694888354350246E+024 < Nh <   1.0696932452588962E+024
 CFL_Te=   1.7708709815385645E-003 maxCFL_Ne=   1.3732641571844073E-003 maxCFL_Ts=   5.1022077318763504E-004 CPU=   240.25182600982200      NumThreads=                    1 Elapsed time=   4.1622992699298688E-003
 CFL_Limit=   1.0000000000000000E-003
 dt_init=   1.0000000000000001E-018 dt=   1.0000000000000001E-018
 Time=  -4.6000000000445378E-014 Intensity=   25342327775997.262     
   4708.5796404999010      < Te <    4708.6204449380084     
   4726.8230924450163      < Th <    4726.8639347117360     
   80.008458259998960      < Ts <   80.008459943871586     
   1.2791166688086095E+024 < Ne <   1.2793570079846145E+024
   1.2791166687935151E+024 < Nh <   1.2793570250773565E+024
 CFL_Te=   1.7673249958520556E-003 maxCFL_Ne=   1.3720181970446582E-003 maxCFL_Ts=   5.1022498839362355E-004 CPU=   240.23008101175631      NumThreads=                    1 Elapsed time=   4.1626760303638335E-003
 CFL_Limit=   1.0000000000000000E-003
 dt_init=   1.0000000000000001E-018 dt=   1.0000000000000001E-018
 Time=  -4.5000000000442403E-014 Intensity=   29670920032119.410     
   4704.2244376765238      < Te <    4704.2650000195536     
   4722.5079236709844      < Th <    4722.5487011201649     
   80.010241152963530      < Ts <   80.010243161219975     
   1.5249669798258526E+024 < Ne <   1.5252486082934805E+024
   1.5249669798059747E+024 < Nh <   1.5252486305819977E+024
 CFL_Te=   1.7642587324703596E-003 maxCFL_Ne=   1.3710381394882300E-003 maxCFL_Ts=   5.1023002026973671E-004 CPU=   240.21289000075421      NumThreads=                    1 Elapsed time=   4.1629739353157115E-003
 CFL_Limit=   1.0000000000000000E-003
 dt_init=   1.0000000000000001E-018 dt=   1.0000000000000001E-018
 Time=  -4.4000000000439429E-014 Intensity=   34618651727650.289     
   4701.8104863172730      < Te <    4701.8507798186984     
   4719.4787458562614      < Th <    4719.5192468922842     
   80.012362973876989      < Ts <   80.012365361493622     
   1.8123017698149636E+024 < Ne <   1.8126306469677911E+024
   1.8123017697880723E+024 < Nh <   1.8126306769366124E+024
 CFL_Te=   1.7625919662014563E-003 maxCFL_Ne=   1.3704727864487559E-003 maxCFL_Ts=   5.1023600802540267E-004 CPU=   240.18956300619254      NumThreads=                    1 Elapsed time=   4.1633782396041001E-003
 CFL_Limit=   1.0000000000000000E-003
 dt_init=   1.0000000000000001E-018 dt=   1.0000000000000001E-018
 Time=  -4.3000000000436454E-014 Intensity=   40251668020127.945     
   4695.8467156401985      < Te <    4695.8867618308368     
   4716.5476664025837      < Th <    4716.5878937435982     
   80.014880213319387      < Ts <   80.014883043088460     
   2.1469598613078172E+024 < Ne <   2.1473425949801599E+024
   2.1469598612719464E+024 < Nh <   2.1473426346958820E+024
 CFL_Te=   1.7581805320354680E-003 maxCFL_Ne=   1.3690629515307386E-003 maxCFL_Ts=   5.1024311068934415E-004 CPU=   240.16455262129881      NumThreads=                    1 Elapsed time=   4.1638118077185204E-003
 CFL_Limit=   1.0000000000000000E-003
 dt_init=   1.0000000000000001E-018 dt=   1.0000000000000001E-018
 Time=  -4.2000000000433480E-014 Intensity=   46639316361475.031     
   4690.3462426304213      < Te <    4690.3860257648348     
   4716.1547726921544      < Th <    4716.1947063633534     
   80.017857205531897      < Ts <   80.017860548931253     
   2.5353875168538280E+024 < Ne <   2.5358313967069059E+024
   2.5353875168057963E+024 < Nh <   2.5358314496116157E+024
 CFL_Te=   1.7540343085382425E-003 maxCFL_Ne=   1.3678852174803203E-003 maxCFL_Ts=   5.1025150925301896E-004 CPU=   240.14310540441420      NumThreads=                    1 Elapsed time=   4.1641836783777118E-003
 CFL_Limit=   1.0000000000000000E-003
 dt_init=   1.0000000000000001E-018 dt=   1.0000000000000001E-018
 Time=  -4.1000000000430505E-014 Intensity=   53853631331017.234     
   4686.8707761033520      < Te <    4686.9104713353154     
   4714.2399713286804      < Th <    4714.2798272208029     
   80.021366949534425      < Ts <   80.021370887579025     
   2.9846650335840821E+024 < Ne <   2.9851780615213269E+024
   2.9846650335200490E+024 < Nh <   2.9851781316910106E+024
 CFL_Te=   1.7513876060563638E-003 maxCFL_Ne=   1.3671203099140028E-003 maxCFL_Ts=   5.1026140892469394E-004 CPU=   240.12598459673038      NumThreads=                    1 Elapsed time=   4.1644805816388776E-003
 CFL_Limit=   1.0000000000000000E-003
 dt_init=   1.0000000000000001E-018 dt=   1.0000000000000001E-018
 Time=  -4.0000000000427531E-014 Intensity=   61968686616540.070     
   4679.1379581693964      < Te <    4679.1773240061157     
   4711.9180931092596      < Th <    4711.9579160568701     
   80.025491944875668      < Ts <   80.025496569006904     
   3.5025281564078352E+024 < Ne <   3.5031190704537711E+024
   3.5025281563234606E+024 < Nh <   3.5031191624190137E+024
 CFL_Te=   1.7457938111928996E-003 maxCFL_Ne=   1.3653915734649948E-003 maxCFL_Ts=   5.1027304140485600E-004 CPU=   240.09905480469700      NumThreads=                    1 Elapsed time=   4.1649476746729672E-003
 CFL_Limit=   1.0000000000000000E-003
 dt_init=   1.0000000000000001E-018 dt=   1.0000000000000001E-018
 Time=  -3.9000000000424557E-014 Intensity=   71059807549628.938     
   4677.9973308122335      < Te <    4678.0367180544772     
   4710.3840841947831      < Th <    4710.4238969410690     
   80.030325053637796      < Ts <   80.030330466975983     
   4.0973830939177689E+024 < Ne <   4.0980613844414156E+024
   4.0973830938075482E+024 < Nh <   4.0980615038357442E+024
 CFL_Te=   1.7445777323795326E-003 maxCFL_Ne=   1.3654384242304893E-003 maxCFL_Ts=   5.1028666721036756E-004 CPU=   240.07552733532219      NumThreads=                    1 Elapsed time=   4.1653558407195070E-003
 CFL_Limit=   1.0000000000000000E-003
 dt_init=   1.0000000000000001E-018 dt=   1.0000000000000001E-018
 Time=  -3.8000000000421582E-014 Intensity=   81202640199290.359     
   4666.4743982732643      < Te <    4666.5135736799257     
   4707.4066491961894      < Th <    4707.4464926067585     
   80.035970396574996      < Ts <   80.035976714275762     
   4.7783138672424609E+024 < Ne <   4.7790897816478519E+024
   4.7783138670974510E+024 < Nh <   4.7790899380263119E+024
 CFL_Te=   1.7352128928877402E-003 maxCFL_Ne=   1.3628266465397722E-003 maxCFL_Ts=   5.1030257806308646E-004 CPU=   240.04947693273951      NumThreads=                    1 Elapsed time=   4.1658078691843778E-003
 CFL_Limit=   1.0000000000000000E-003
 dt_init=   1.0000000000000001E-018 dt=   1.0000000000000001E-018
 Time=  -3.7000000000418608E-014 Intensity=   92472076146549.109     
   4658.8573180552767      < Te <    4658.8966543696633     
   4706.4833453322062      < Th <    4706.5232348839263     
   80.042544327838826      < Ts <   80.042551678828829     
   5.5550807223259706E+024 < Ne <   5.5559652710803698E+024
   5.5550807221379004E+024 < Nh <   5.5559654726897843E+024
 CFL_Te=   1.7292864585307145E-003 maxCFL_Ne=   1.3614979557971386E-003 maxCFL_Ts=   5.1032109946011212E-004 CPU=   240.03067982000451      NumThreads=                    1 Elapsed time=   4.1661340989822028E-003
 CFL_Limit=   1.0000000000000000E-003
 dt_init=   1.0000000000000001E-018 dt=   1.0000000000000001E-018
 Time=  -3.6000000000415633E-014 Intensity=   104941035678066.33     
   4653.3080643038866      < Te <    4653.3475415736575     
   4703.8964459177832      < Th <    4703.9364312370417     
   80.050176273212614      < Ts <   80.050184800538162     
   6.4381082717580221E+024 < Ne <   6.4391132093422393E+024
   6.4381082715147262E+024 < Nh <   6.4391134687143394E+024
 CFL_Te=   1.7244388598249322E-003 maxCFL_Ne=   1.3604157869623347E-003 maxCFL_Ts=   5.1034259281003034E-004 CPU=   240.00903891259833      NumThreads=                    1 Elapsed time=   4.1665097470106527E-003
 CFL_Limit=   1.0000000000000000E-003
 dt_init=   1.0000000000000001E-018 dt=   1.0000000000000001E-018
 Time=  -3.5000000000412659E-014 Intensity=   118679116202069.20     
   4642.7075536700277      < Te <    4642.7472221512180     
   4702.3722840378068      < Th <    4702.4123910302160     
   80.059009690532065      < Ts <   80.059019552569353     
   7.4384621853298708E+024 < Ne <   7.4395999874379669E+024
   7.4384621850177169E+024 < Nh <   7.4396003181661050E+024
 CFL_Te=   1.7157742897410432E-003 maxCFL_Ne=   1.3585369215210743E-003 maxCFL_Ts=   5.1036745785306890E-004 CPU=   239.98506370453759      NumThreads=                    1 Elapsed time=   4.1669259934908696E-003
 CFL_Limit=   1.0000000000000000E-003
 dt_init=   1.0000000000000001E-018 dt=   1.0000000000000001E-018
 Time=  -3.4000000000409684E-014 Intensity=   133751117135382.09     
   4636.9696955806039      < Te <    4637.0095307357342     
   4699.4134429351225      < Th <    4699.4537210053595     
   80.069202930399200      < Ts <   80.069214302013776     
   8.5678132186361125E+024 < Ne <   8.5690970428497043E+024
   8.5678132182386787E+024 < Nh <   8.5690974612763779E+024
 CFL_Te=   1.7103532833449059E-003 maxCFL_Ne=   1.3575785193634215E-003 maxCFL_Ts=   5.1039613472672780E-004 CPU=   239.96528727977375      NumThreads=                    1 Elapsed time=   4.1672694052373813E-003
 CFL_Limit=   1.0000000000000000E-003
 dt_init=   1.0000000000000001E-018 dt=   1.0000000000000001E-018
 Time=  -3.3000000000406710E-014 Intensity=   150215457241630.41     
   4632.7879427145799      < Te <    4632.8279615021147     
   4698.7820122118301      < Th <    4698.8224813937450     
   80.080930174551170      < Ts <   80.080943248010072     
   9.8383875701202748E+024 < Ne <   9.8398312062164890E+024
   9.8383875696209269E+024 < Nh <   9.8398317281005356E+024
 CFL_Te=   1.7060709021647343E-003 maxCFL_Ne=   1.3571091155685831E-003 maxCFL_Ts=   5.1042910616110645E-004 CPU=   239.94650212709465      NumThreads=                    1 Elapsed time=   4.1675956562614155E-003
 CFL_Limit=   1.0000000000000000E-003
 dt_init=   1.0000000000000001E-018 dt=   1.0000000000000001E-018
 Time=  -3.2000000000403735E-014 Intensity=   168122505300390.12     
   4618.4999495890170      < Te <    4618.5402495773287     
   4699.9788972486867      < Th <    4700.0194724350904     
   80.094382068097133      < Ts <   80.094397053563881     
   1.1262902618416896E+025 < Ne <   1.1264520407851344E+025
   1.1262902617786680E+025 < Nh <   1.1264521062539106E+025
 CFL_Te=   1.6939547325957396E-003 maxCFL_Ne=   1.3547460474220515E-003 maxCFL_Ts=   5.1046689870712239E-004 CPU=   239.92928636303614      NumThreads=                    1 Elapsed time=   4.1678946958017609E-003
 CFL_Limit=   1.0000000000000000E-003
 dt_init=   1.0000000000000001E-018 dt=   1.0000000000000001E-018
 Time=  -3.1000000000400761E-014 Intensity=   187512849914437.84     
   4613.7123820164616      < Te <    4613.7529236257333     
   4696.5567030608709      < Th <    4696.5975044350680     
   80.109766585007620      < Ts <   80.109783712026143     
   1.2854487509895070E+025 < Ne <   1.2856294273688183E+025
   1.2854487509113889E+025 < Nh <   1.2856295078880782E+025
 CFL_Te=   1.6889806233852888E-003 maxCFL_Ne=   1.3543718293352735E-003 maxCFL_Ts=   5.1051008449567667E-004 CPU=   239.89637471407465      NumThreads=                    1 Elapsed time=   4.1684664938845791E-003
 CFL_Limit=   1.0000000000000000E-003
 dt_init=   1.0000000000000001E-018 dt=   1.0000000000000001E-018
 Time=  -3.0000000000397786E-014 Intensity=   208415539059412.91     
   4597.4403616743866      < Te <    4597.4812571862431     
   4694.9825594685144      < Th <    4695.0237281071268     
   80.127309637827906      < Ts <   80.127329155183489     
   1.4626587948749402E+025 < Ne <   1.4628598871771326E+025
   1.4626587947780082E+025 < Nh <   1.4628599863914710E+025
 CFL_Te=   1.6750188277363162E-003 maxCFL_Ne=   1.3519831627736185E-003 maxCFL_Ts=   5.1055928213048320E-004 CPU=   239.87259157259192      NumThreads=                    1 Elapsed time=   4.1688797934105494E-003
 CFL_Limit=   1.0000000000000000E-003
 dt_init=   1.0000000000000001E-018 dt=   1.0000000000000001E-018
 Time=  -2.9000000000394812E-014 Intensity=   230846324469446.38     
   4591.2820019100782      < Te <    4591.3232099561128     
   4694.2564957923450      < Th <    4694.2980499452851     
   80.147255428059452      < Ts <   80.147277605216502     
   1.6592855306374607E+025 < Ne <   1.6595085828047726E+025
   1.6592855305190891E+025 < Nh <   1.6595087029439910E+025
 CFL_Te=   1.6685277322500639E-003 maxCFL_Ne=   1.3515848556921875E-003 maxCFL_Ts=   5.1061515668406250E-004 CPU=   239.84826767614823      NumThreads=                    1 Elapsed time=   4.1693025748688588E-003
 CFL_Limit=   1.0000000000000000E-003
 dt_init=   1.0000000000000001E-018 dt=   1.0000000000000001E-018
 Time=  -2.8000000000393169E-014 Intensity=   254805949951478.75     
   4585.8049604548651      < Te <    4585.8465089460733     
   4696.9850387124452      < Th <    4697.0268310151951     
   80.169867142777974      < Ts <   80.169892270111092     
   1.8767020021386449E+025 < Ne <   1.8769485693592588E+025
   1.8767020019945541E+025 < Nh <   1.8769487144243455E+025
 CFL_Te=   1.6620991230745744E-003 maxCFL_Ne=   1.3514735512391957E-003 maxCFL_Ts=   5.1067842046917508E-004 CPU=   239.82635021172675      NumThreads=                    1 Elapsed time=   4.1696836028116448E-003
 CFL_Limit=   1.0000000000000000E-003
 dt_init=   1.0000000000000001E-018 dt=   1.0000000000000001E-018
 Time=  -2.7000000000393350E-014 Intensity=   280278526036764.94     
   4579.8115604358863      < Te <    4579.8534858593684     
   4691.3357899586099      < Th <    4691.3781129070521     
   80.195426821035838      < Ts <   80.195455208920350     
   2.1162750012517633E+025 < Ne <   2.1165466348420836E+025
   2.1162750010777759E+025 < Nh <   2.1165468085067017E+025
 CFL_Te=   1.6550986074724556E-003 maxCFL_Ne=   1.3513958669391689E-003 maxCFL_Ts=   5.1074983126297589E-004 CPU=   239.80700597639387      NumThreads=                    1 Elapsed time=   4.1700199538725656E-003
 CFL_Limit=   1.0000000000000000E-003
 dt_init=   1.0000000000000001E-018 dt=   1.0000000000000001E-018
 Time=  -2.6000000000393531E-014 Intensity=   307230035826042.69     
   4560.7530123953202      < Te <    4560.7954381840946     
   4692.8944626647981      < Th <    4692.9372835911163     
   80.224235550428958      < Ts <   80.224267529974398     
   2.3793494985540719E+025 < Ne <   2.3796477298223753E+025
   2.3793494983465103E+025 < Nh <   2.3796479350387710E+025
 CFL_Te=   1.6381799255595388E-003 maxCFL_Ne=   1.3495767761575168E-003 maxCFL_Ts=   5.1083019121072866E-004 CPU=   239.78886727977596      NumThreads=                    1 Elapsed time=   4.1703353927321418E-003
 CFL_Limit=   1.0000000000000000E-003
 dt_init=   1.0000000000000001E-018 dt=   1.0000000000000001E-018
 Time=  -2.5000000000393712E-014 Intensity=   335607018287598.88     
   4554.7955470709403      < Te <    4554.8384080756323     
   4695.1139804315408      < Th <    4695.1569944115217     
   80.256612959139190      < Ts <   80.256648883524065     
   2.6672317911600203E+025 < Ne <   2.6675581116690300E+025
   2.6672317909127380E+025 < Nh <   2.6675583539660461E+025
 CFL_Te=   1.6305790861854098E-003 maxCFL_Ne=   1.3500098560267802E-003 maxCFL_Ts=   5.1092034349030900E-004 CPU=   239.77056078697720      NumThreads=                    1 Elapsed time=   4.1706537980217024E-003
 CFL_Limit=   1.0000000000000000E-003
 dt_init=   1.0000000000000001E-018 dt=   1.0000000000000001E-018
 Time=  -2.4000000000393893E-014 Intensity=   365335475466819.69     
   4549.2868440561706      < Te <    4549.3311502893621     
   4696.4670335340743      < Th <    4696.5102652224059     
   80.292897050217917      < Ts <   80.292937292223286     
   2.9811715725214840E+025 < Ne <   2.9815274166398646E+025
   2.9811715722295164E+025 < Nh <   2.9815276999711455E+025
 CFL_Te=   1.6229360997383694E-003 maxCFL_Ne=   1.3507625699644321E-003 maxCFL_Ts=   5.1102116963846513E-004 CPU=   239.75090915968431      NumThreads=                    1 Elapsed time=   4.1709956533843937E-003
 CFL_Limit=   1.0000000000000000E-003
 dt_init=   1.0000000000000001E-018 dt=   1.0000000000000001E-018
 Time=  -2.3000000000394074E-014 Intensity=   396320048935522.31     
   4543.7984368785847      < Te <    4543.8420949216043     
   4699.8521853167922      < Th <    4699.8961215186628     
   80.333443737495742      < Ts <   80.333488690995964     
   3.3223431107345945E+025 < Ne <   3.3227298361027864E+025
   3.3223431103928070E+025 < Nh <   3.3227301643965428E+025
 CFL_Te=   1.6148311697445849E-003 maxCFL_Ne=   1.3517117157388733E-003 maxCFL_Ts=   5.1113358572281843E-004 CPU=   239.72970666883893      NumThreads=                    1 Elapsed time=   4.1713645500822041E-003
 CFL_Limit=   1.0000000000000000E-003
 dt_init=   1.0000000000000001E-018 dt=   1.0000000000000001E-018
 Time=  -2.2000000000394255E-014 Intensity=   428443508250113.94     
   4539.2282113229858      < Te <    4539.2723768557180     
   4703.4797752011491      < Th <    4703.5244086294133     
   80.378624345582978      < Ts <   80.378674420051240     
   3.6918257964695907E+025 < Ne <   3.6922446612136116E+025
   3.6918257960725412E+025 < Nh <   3.6922450385121412E+025
 CFL_Te=   1.6075863964939480E-003 maxCFL_Ne=   1.3533140212296805E-003 maxCFL_Ts=   5.1125853254484785E-004 CPU=   239.70517907253111      NumThreads=                    1 Elapsed time=   4.1717913808504547E-003
 CFL_Limit=   1.0000000000000000E-003
 dt_init=   1.0000000000000001E-018 dt=   1.0000000000000001E-018
 Time=  -2.1000000000394436E-014 Intensity=   461566590148741.44     
   4517.0887178466692      < Te <    4517.1335055187037     
   4706.0066360721758      < Th <    4706.0519674186653     
   80.428825233413917      < Ts <   80.428880852571382     
   4.0905843935196189E+025 < Ne <   4.0910365356049026E+025
   4.0905843930625485E+025 < Nh <   4.0910369650029364E+025
 CFL_Te=   1.5867825697026628E-003 maxCFL_Ne=   1.3532752309237516E-003 maxCFL_Ts=   5.1139697141705184E-004 CPU=   239.68068206079747      NumThreads=                    1 Elapsed time=   4.1722177665797014E-003
 CFL_Limit=   1.0000000000000000E-003
 dt_init=   1.0000000000000001E-018 dt=   1.0000000000000001E-018
 Time=  -2.0000000000394617E-014 Intensity=   495528221703117.62     
   4530.2247218977527      < Te <    4530.2699620998956     
   4710.6878162289613      < Th <    4710.7333946440895     
   80.484446126573459      < Ts <   80.484507736614702     
   4.5194492848656952E+025 < Ne <   4.5199357021480653E+025
   4.5194492843425931E+025 < Nh <   4.5199361878311894E+025
 CFL_Te=   1.5913967938331354E-003 maxCFL_Ne=   1.3572104284205340E-003 maxCFL_Ts=   5.1154987601823422E-004 CPU=   239.66014862401641      NumThreads=                    1 Elapsed time=   4.1725752309735055E-003
 CFL_Limit=   1.0000000000000000E-003
 dt_init=   1.0000000000000001E-018 dt=   1.0000000000000001E-018
 Time=  -1.9000000000394798E-014 Intensity=   530146153691453.75     
   4527.6683981985307      < Te <    4527.7142113240507     
   4714.7177909988595      < Th <    4714.7641320929297     
   80.545897540427120      < Ts <   80.545965593815069     
   4.9790970749105488E+025 < Ne <   4.9796186052733249E+025
   4.9790970743190511E+025 < Nh <   4.9796191473670348E+025
 CFL_Te=   1.5841117557699952E-003 maxCFL_Ne=   1.3601666462565393E-003 maxCFL_Ts=   5.1171822143901717E-004 CPU=   239.63571399588020      NumThreads=                    1 Elapsed time=   4.1730006906115502E-003
 CFL_Limit=   1.0000000000000000E-003
 dt_init=   1.0000000000000001E-018 dt=   1.0000000000000001E-018
 Time=  -1.8000000000394979E-014 Intensity=   565218022189581.75     
   4506.5514088014661      < Te <    4506.5971183789989     
   4719.8451377963211      < Th <    4719.8922061122639     
   80.613596920197210      < Ts <   80.613671880178217     
   5.4700319128166247E+025 < Ne <   5.4705892112178794E+025
   5.4700319121535547E+025 < Nh <   5.4705898106427515E+025
 CFL_Te=   1.5628743755329122E-003 maxCFL_Ne=   1.3622762736254256E-003 maxCFL_Ts=   5.1190296947492791E-004 CPU=   239.61298151589239      NumThreads=                    1 Elapsed time=   4.1733965900911541E-003
 CFL_Limit=   1.0000000000000000E-003
 dt_init=   1.0000000000000001E-018 dt=   1.0000000000000001E-018
 Time=  -1.7000000000395159E-014 Intensity=   600522846942722.75     
   4504.8125881877295      < Te <    4504.8589795692415     
   4724.9761883014398      < Th <    4725.0239632781550     
   80.687967280119935      < Ts <   80.688049618073137     
   5.9925679912328773E+025 < Ne <   5.9931615127616141E+025
   5.9925679904940785E+025 < Nh <   5.9931621713278783E+025
 CFL_Te=   1.5555414709626256E-003 maxCFL_Ne=   1.3665015736280416E-003 maxCFL_Ts=   5.1210506056246596E-004 CPU=   239.59110901286923      NumThreads=                    1 Elapsed time=   4.1737775834840632E-003
 CFL_Limit=   1.0000000000000000E-003
 dt_init=   1.0000000000000001E-018 dt=   1.0000000000000001E-018
 Time=  -1.6000000000395340E-014 Intensity=   635822964720123.25     
   4503.7826892952889      < Te <    4503.8297203388947     
   4731.1270468371104      < Th <    4731.1754897737783     
   80.769432557352886      < Ts <   80.769522741779681     
   6.5468135338871150E+025 < Ne <   6.5474435173970771E+025
   6.5468135330722488E+025 < Nh <   6.5474442328734327E+025
 CFL_Te=   1.5483960073577284E-003 maxCFL_Ne=   1.3714756776982962E-003 maxCFL_Ts=   5.1232539659247349E-004 CPU=   239.57200010832361      NumThreads=                    1 Elapsed time=   4.1741104951657348E-003
 CFL_Limit=   1.0000000000000000E-003
 dt_init=   1.0000000000000001E-018 dt=   1.0000000000000001E-018
 Time=  -1.5000000000395521E-014 Intensity=   670866384807023.38     
   4521.9870349442062      < Te <    4522.0345826427656     
   4736.9999871411046      < Th <    4737.0490630300919     
   80.858414023843025      < Ts <   80.858512524494046     
   7.1326566992971892E+025 < Ne <   7.1333231517683969E+025
   7.1326566984078578E+025 < Nh <   7.1333239199836103E+025
 CFL_Te=   1.5546544156783927E-003 maxCFL_Ne=   1.3770189860021907E-003 maxCFL_Ts=   5.1256482661348759E-004 CPU=   239.55497220482371      NumThreads=                    1 Elapsed time=   4.1744071967956585E-003
 CFL_Limit=   1.0000000000000000E-003
 dt_init=   1.0000000000000001E-018 dt=   1.0000000000000001E-018
 Time=  -1.4000000000395702E-014 Intensity=   705389542389682.62     
   4523.0478100336813      < Te <    4523.0959191061775     
   4743.8616170997839      < Th <    4743.9112890057968     
   80.955327859828216      < Ts <   80.955435134667866     
   7.7497537798757072E+025 < Ne <   7.7504564630883466E+025
   7.7497537789121932E+025 < Nh <   7.7504572813616933E+025
 CFL_Te=   1.5479451873129074E-003 maxCFL_Ne=   1.3830183755731864E-003 maxCFL_Ts=   5.1282413570337610E-004 CPU=   239.53643742467207      NumThreads=                    1 Elapsed time=   4.1747302028505530E-003
 CFL_Limit=   1.0000000000000000E-003
 dt_init=   1.0000000000000001E-018 dt=   1.0000000000000001E-018
 Time=  -1.3000000000395883E-014 Intensity=   739120414180290.00     
   4525.3765021171648      < Te <    4525.4251203609283     
   4765.0566130176385      < Th <    4765.1067446250090     
   81.060574489576169      < Ts <   81.060690988995859     
   8.3975199936030960E+025 < Ne <   8.3982584141139905E+025
   8.3975199925702852E+025 < Nh <   8.3982592752624066E+025
 CFL_Te=   1.5417648823156961E-003 maxCFL_Ne=   1.3898544182926664E-003 maxCFL_Ts=   5.1310401206190227E-004 CPU=   239.52198922502905      NumThreads=                    1 Elapsed time=   4.1749820266418535E-003
 CFL_Limit=   1.0000000000000000E-003
 dt_init=   1.0000000000000001E-018 dt=   1.0000000000000001E-018
 Time=  -1.2000000000396064E-014 Intensity=   771781949554557.50     
   4528.8931296597329      < Te <    4528.9422011734587     
   4772.8178171766986      < Th <    4772.8677450585255     
   81.174539652110226      < Ts <   81.174665810510476     
   9.0751232874950163E+025 < Ne <   9.0758966897315333E+025
   9.0751232864012685E+025 < Nh <   9.0758975835075962E+025
 CFL_Te=   1.5363965002050831E-003 maxCFL_Ne=   1.3976458581832932E-003 maxCFL_Ts=   5.1340504604882576E-004 CPU=   239.50542264627569      NumThreads=                    1 Elapsed time=   4.1752708099511166E-003
 CFL_Limit=   1.0000000000000000E-003
 dt_init=   1.0000000000000001E-018 dt=   1.0000000000000001E-018
 Time=  -1.1000000000396245E-014 Intensity=   803095760163556.25     
   4533.8225512014778      < Te <    4533.8720141303684     
   4780.8917109330132      < Th <    4780.9421678083536     
   81.297587491430093      < Ts <   81.297723718915421     
   9.7814812984575250E+025 < Ne <   9.7822886604320779E+025
   9.7814812973122342E+025 < Nh <   9.7822895761184508E+025
 CFL_Te=   1.5311023997014923E-003 maxCFL_Ne=   1.4063202424448647E-003 maxCFL_Ts=   5.1372770837332447E-004 CPU=   239.48771537716206      NumThreads=                    1 Elapsed time=   4.1755795215847697E-003
 CFL_Limit=   1.0000000000000000E-003
 dt_init=   1.0000000000000001E-018 dt=   1.0000000000000001E-018
 Time=  -1.0000000000396426E-014 Intensity=   832786001736457.38     
   4556.6668940029376      < Te <    4556.7166156766843     
   4789.3433577527940      < Th <    4789.3934412498438     
   81.430054806740372      < Ts <   81.430201489629837     
   1.0515261741646753E+026 < Ne <   1.0516101774397012E+026
   1.0515261740460935E+026 < Nh <   1.0516102700390298E+026
 CFL_Te=   1.5388168350200216E-003 maxCFL_Ne=   1.4134059566064565E-003 maxCFL_Ts=   5.1407233232178486E-004 CPU=   239.47125436716570      NumThreads=                    1 Elapsed time=   4.1758665466660357E-003
 CFL_Limit=   1.0000000000000000E-003
 dt_init=   1.0000000000000001E-018 dt=   1.0000000000000001E-018
 Time=  -9.0000000003966072E-015 Intensity=   860583374017608.00     
   4563.9113647704589      < Te <    4563.9613348058292     
   4814.2325978091703      < Th <    4814.2830586394966     
   81.572246690215536      < Ts <   81.572404183394070     
   1.1274886353104268E+026 < Ne <   1.1275757507455791E+026
   1.1274886351892880E+026 < Nh <   1.1275758429089353E+026
 CFL_Te=   1.5348431525834191E-003 maxCFL_Ne=   1.4234676704757002E-003 maxCFL_Ts=   5.1443910068423558E-004 CPU=   239.45506761976966      NumThreads=                    1 Elapsed time=   4.1761488280043354E-003
 CFL_Limit=   1.0000000000000000E-003
 dt_init=   1.0000000000000001E-018 dt=   1.0000000000000001E-018
 Time=  -8.0000000003967882E-015 Intensity=   886229158756621.38     
   4572.8153800476230      < Te <    4572.8655176282928     
   4823.2383749335413      < Th <    4823.2891847798837     
   81.724431931696245      < Ts <   81.724600536813838     
   1.2058538536698650E+026 < Ne <   1.2059439004062483E+026
   1.2058538535478141E+026 < Nh <   1.2059439906173024E+026
 CFL_Te=   1.5315140029721461E-003 maxCFL_Ne=   1.4346399850133844E-003 maxCFL_Ts=   5.1482803325774383E-004 CPU=   239.43994416041863      NumThreads=                    1 Elapsed time=   4.1764126011072976E-003
 CFL_Limit=   1.0000000000000000E-003
 dt_init=   1.0000000000000001E-018 dt=   1.0000000000000001E-018
 Time=  -7.0000000003969692E-015 Intensity=   909479211709325.25     
   4583.4211248023930      < Te <    4583.4713424583661     
   4832.8151162761178      < Th <    4832.8660452998602     
   81.886837880190896      < Ts <   81.887017856499611     
   1.2864174552553018E+026 < Ne <   1.2865102276092998E+026
   1.2864174551338467E+026 < Nh <   1.2865103145862702E+026
 CFL_Te=   1.5292315914510535E-003 maxCFL_Ne=   1.4470146989750755E-003 maxCFL_Ts=   5.1523897438731812E-004 CPU=   239.42585758993559      NumThreads=                    1 Elapsed time=   4.1766583194731578E-003
 CFL_Limit=   1.0000000000000000E-003
 dt_init=   1.0000000000000001E-018 dt=   1.0000000000000001E-018
 Time=  -6.0000000003971501E-015 Intensity=   930107822824041.50     
   4608.9932279789355      < Te <    4609.0433750441762     
   4859.7568767166485      < Th <    4859.8077120030202     
   82.059642473813781      < Ts <   82.059834053572388     
   1.3689538305017780E+026 < Ne <   1.3690491002770637E+026
   1.3689538303835441E+026 < Nh <   1.3690491818421279E+026
 CFL_Te=   1.5377633136871047E-003 maxCFL_Ne=   1.4550877173433797E-003 maxCFL_Ts=   5.1567157515962044E-004 CPU=   239.41211228426212      NumThreads=                    1 Elapsed time=   4.1768981128768711E-003
 CFL_Limit=   1.0000000000000000E-003
 dt_init=   1.0000000000000001E-018 dt=   1.0000000000000001E-018
 Time=  -5.0000000003973311E-015 Intensity=   947911359402454.62     
   4621.8239894131484      < Te <    4621.8740213523961     
   4869.4318741391908      < Th <    4869.4826344301755     
   82.242980973418696      < Ts <   82.243184312225495     
   1.4532179642095689E+026 < Ne <   1.4533154813581286E+026
   1.4532179640968830E+026 < Nh <   1.4533155557451971E+026
 CFL_Te=   1.5362965182808184E-003 maxCFL_Ne=   1.4689004711781334E-003 maxCFL_Ts=   5.1612531419273800E-004 CPU=   239.40033557125832      NumThreads=                    1 Elapsed time=   4.1771035851465906E-003
 CFL_Limit=   1.0000000000000000E-003
 dt_init=   1.0000000000000001E-018 dt=   1.0000000000000001E-018
 Time=  -4.0000000003975121E-015 Intensity=   962711610085232.12     
   4648.3027868236441      < Te <    4648.3525461222553     
   4897.3038142184778      < Th <    4897.3542903167800     
   82.436935736330852      < Ts <   82.437150958799947     
   1.5389475697637731E+026 < Ne <   1.5390470644723302E+026
   1.5389475696583035E+026 < Nh <   1.5390471306449896E+026
 CFL_Te=   1.5450978224517921E-003 maxCFL_Ne=   1.4773156614180936E-003 maxCFL_Ts=   5.1659947722514543E-004 CPU=   239.38766121693152      NumThreads=                    1 Elapsed time=   4.1773247414527625E-003
 CFL_Limit=   1.0000000000000000E-003
 dt_init=   1.0000000000000001E-018 dt=   1.0000000000000001E-018
 Time=  -3.0000000003976930E-015 Intensity=   974358752874274.25     
   4663.3039403344465      < Te <    4663.3528396315414     
   4906.2892775391965      < Th <    4906.3392578975718     
   82.641529396670336      < Ts <   82.641756548507004     
   1.6258655140729678E+026 < Ne <   1.6259667009997078E+026
   1.6258655139787960E+026 < Nh <   1.6259667559915661E+026
 CFL_Te=   1.5447579562998183E-003 maxCFL_Ne=   1.4925958767125140E-003 maxCFL_Ts=   5.1709314797797204E-004 CPU=   239.37914513902581      NumThreads=                    1 Elapsed time=   4.1774733526566124E-003
 CFL_Limit=   1.0000000000000000E-003
 dt_init=   1.0000000000000001E-018 dt=   1.0000000000000001E-018
 Time=  -2.0000000003978740E-015 Intensity=   982733878077672.88     
   4690.2922855689749      < Te <    4690.3407586712265     
   4934.6543570408267      < Th <    4934.7037485955098     
   82.856744120578128      < Ts <   82.856983231010517     
   1.7136825095985017E+026 < Ne <   1.7137850869924446E+026
   1.7136825095162936E+026 < Nh <   1.7137851309043786E+026
 CFL_Te=   1.5536978366088694E-003 maxCFL_Ne=   1.5012338670772406E-003 maxCFL_Ts=   5.1760526338065103E-004 CPU=   239.36733539729866      NumThreads=                    1 Elapsed time=   4.1776794579770609E-003
 CFL_Limit=   1.0000000000000000E-003
 dt_init=   1.0000000000000001E-018 dt=   1.0000000000000001E-018
 Time=  -1.0000000003979017E-015 Intensity=   987751006879763.25     
   4707.2762933802505      < Te <    4707.3242570670900     
   4944.8476675714464      < Th <    4944.8964969404906     
   83.082494369790112      < Ts <   83.082745367588515     
   1.8020999798242727E+026 < Ne <   1.8022036373913649E+026
   1.8020999797585301E+026 < Nh <   1.8022036673101614E+026
 CFL_Te=   1.5546095269931286E-003 maxCFL_Ne=   1.5179585433787236E-003 maxCFL_Ts=   5.1813455800339464E-004 CPU=   239.35428087288548      NumThreads=                    1 Elapsed time=   4.1779073110920157E-003
 CFL_Limit=   1.0000000000000000E-003
 dt_init=   1.0000000000000001E-018 dt=   1.0000000000000001E-018
 Time=  -3.9788984726558512E-025 Intensity=   989358557611635.62     
   4734.3433849268167      < Te <    4734.3906611402317     
   4973.2462794008970      < Th <    4973.2943079938286     
   83.318648644458079      < Ts <   83.318911427997165     
   1.8908131304561584E+026 < Ne <   1.8909175464161513E+026
   1.8908131304075273E+026 < Nh <   1.8909175627138727E+026
 CFL_Te=   1.5635483746153911E-003 maxCFL_Ne=   1.5266866448370169E-003 maxCFL_Ts=   5.1867962774216866E-004 CPU=   239.34145510789716      NumThreads=                    1 Elapsed time=   4.1781311956559783E-003
 CFL_Limit=   1.0000000000000000E-003
 dt_init=   1.0000000000000001E-018 dt=   1.0000000000000001E-018
