 Hello from thread =                    0
 Hello from thread =                    2
 Hello from thread =                    3
 Hello from thread =                    1
OpenMP TEST
Number of Threads = 4
*******************************
 Pi =    3.1415926535897931     
 Read PolarizationSource TM:                     0
 Read phiMie0:    270.00000000000000      deg -> rad
 Importing data on Polarization.
 Loading GMSH mesh...
 MESH INFORMATIONS
 [GMSH] Quadrangles number
               120000
 [GMSH] Node number
               120704
 Latest running index while remeshing                 2604
 [Mesh] Building...

 [Mesh] Convergence (                  500 )=   1.0817200796192992E-005
 [Mesh] Convergence (                 1000 )=   1.8112629213610488E-006
 [Mesh] Convergence (                 1500 )=   2.5792603657464494E-007
 [Mesh] Convergence (                 2000 )=   3.5914706339099211E-008
 [Mesh] Convergence (                 2500 )=   4.9850516661535945E-009
 [Mesh] Convergence (                 3000 )=   6.9162929503363552E-010
 [Mesh] Convergence is reached. The show can go on.
 [Mesh) ITERATIONS=                 3490
 Vessel cells:                   51 *                   51 =                 2601
 Matter cells:                   51 *                   51 =                 2601
  -73.799999999999997       -74.200000000000003     
 Done.
 [Mesh] Calculation of normales and distances.
 NEEDLE CHECK
 North  -3.7660326630786244E-002  0.99929059827362665     
 South  -4.4254985284557589E-002 -0.99902026820153322     
 East  0.99776387854434379        6.6837434661633735E-002
 West -0.98355051411920225      -0.18063329199196024     
   1.0084235919080716E-007   1.0080401314662160E-007   6.2261963353734495E-009   6.0517118214716542E-009
 VESSEL CHECK
 North  -3.7660326630786486E-002  0.99929059827362954     
 South  -4.4254985284557596E-002 -0.99902026820153644     
 East  0.99776387854570758        6.6837434661703207E-002
 West -0.98355051411899175      -0.18063329199185602     
   1.0084235919080652E-007   1.0080401314662204E-007   6.2261963353814905E-009   6.0517118214533355E-009
 epsilon(   515.00000000000000      nm)= (  17.825399999999998     , 0.50668999999999997     )
 Re(sqrt(epsilon))=   4.2224400481392985     
 [Poisson eq.] Filling matrix
 Starting time loop.
 Time=  -1.9900000000000334E-013 Intensity=   1.5608081973338662E-015
   80.000000477192344      < Te <    80.000000477952170     
   80.000000477192344      < Th <    80.000000478080068     
   80.000000000000000      < Ts <   80.000000000000000     
   100000.00001007428      < Ne <   100000.00001008825     
   100000.00001007428      < Nh <   100000.00001008825     
 CFL_Te=   3.0172996512481956E-005 maxCFL_Ne=   2.3291356418542616E-005 maxCFL_Ts=   5.1020110945368359E-004 CPU=   656.86929780409048      NumThreads=                    4 Elapsed time=   6.0894914914914923E-003
 CFL_Limit=   1.0000000000000000E-003
 dt_init=   1.0000000000000001E-018 dt=   1.0000000000000001E-018
 Time=  -1.9800000000000668E-013 Intensity=   3.1054412247246876E-015
   80.000001427414261      < Te <    80.000001429087305     
   80.000001427414261      < Th <    80.000001429413402     
   80.000000000000000      < Ts <   80.000000000000000     
   100000.00003017709      < Ne <   100000.00003020490     
   100000.00003017709      < Nh <   100000.00003020490     
 CFL_Te=   3.0172996870869982E-005 maxCFL_Ne=   2.3291356695192078E-005 maxCFL_Ts=   5.1020110945368359E-004 CPU=   662.06894724413382      NumThreads=                    4 Elapsed time=   6.0416668334167083E-003
 CFL_Limit=   1.0000000000000000E-003
 dt_init=   1.0000000000000001E-018 dt=   1.0000000000000001E-018
 Time=  -1.9700000000001002E-013 Intensity=   6.1573230609639201E-015
   80.000003312372158      < Te <    80.000003315593290     
   80.000003312372158      < Th <    80.000003316747126     
   80.000000000000000      < Ts <   80.000000000000000     
   100000.00007009716      < Ne <   100000.00007015229     
   100000.00007009716      < Nh <   100000.00007015229     
 CFL_Te=   3.0172997581805335E-005 maxCFL_Ne=   2.3291357243982404E-005 maxCFL_Ts=   5.1020110945368359E-004 CPU=   663.96927763895269      NumThreads=                    4 Elapsed time=   6.0243751250416812E-003
 CFL_Limit=   1.0000000000000000E-003
 dt_init=   1.0000000000000001E-018 dt=   1.0000000000000001E-018
 Time=  -1.9600000000001335E-013 Intensity=   1.2166213048899516E-014
   80.000007040551225      < Te <    80.000007047155677     
   80.000007040551225      < Th <    80.000007049575515     
   80.000000000000000      < Ts <   80.000000000000000     
   100000.00014909677      < Ne <   100000.00014920571     
   100000.00014909677      < Nh <   100000.00014920571     
 CFL_Te=   3.0172998987934498E-005 maxCFL_Ne=   2.3291358329411744E-005 maxCFL_Ts=   5.1020110945368359E-004 CPU=   664.80397426099785      NumThreads=                    4 Elapsed time=   6.0168112028007002E-003
 CFL_Limit=   1.0000000000000000E-003
 dt_init=   1.0000000000000001E-018 dt=   1.0000000000000001E-018
 Time=  -1.9500000000001669E-013 Intensity=   2.3955969091122017E-014
   80.000014390740063      < Te <    80.000014404163764     
   80.000014390740063      < Th <    80.000014408592648     
   80.000000000000000      < Ts <   80.000000000000000     
   100000.00030489115      < Ne <   100000.00030510564     
   100000.00030489115      < Nh <   100000.00030510564     
 CFL_Te=   3.0173001760149759E-005 maxCFL_Ne=   2.3291360469360078E-005 maxCFL_Ts=   5.1020110945368359E-004 CPU=   664.71489495237529      NumThreads=                    4 Elapsed time=   6.0176175235047017E-003
 CFL_Limit=   1.0000000000000000E-003
 dt_init=   1.0000000000000001E-018 dt=   1.0000000000000001E-018
 Time=  -1.9400000000002002E-013 Intensity=   4.7007474681725239E-014
   80.000028833529129      < Te <    80.000028860513794     
   80.000028833529129      < Th <    80.000028867716509     
   80.000000000000000      < Ts <   80.000000000000000     
   100000.00061106883      < Ne <   100000.00061148973     
   100000.00061106883      < Nh <   100000.00061148973     
 CFL_Te=   3.0173007207427523E-005 maxCFL_Ne=   2.3291364674261902E-005 maxCFL_Ts=   5.1020110945368359E-004 CPU=   664.92267170451726      NumThreads=                    4 Elapsed time=   6.0157371228538080E-003
 CFL_Limit=   1.0000000000000000E-003
 dt_init=   1.0000000000000001E-018 dt=   1.0000000000000001E-018
 Time=  -1.9300000000002336E-013 Intensity=   9.1921043856280728E-014
   80.000057116609241      < Te <    80.000057169985325     
   80.000057116609241      < Th <    80.000057183357853     
   80.000000000000000      < Ts <   80.000000000000000     
   100000.00121070982      < Ne <   100000.00121153287     
   100000.00121070982      < Nh <   100000.00121153287     
 CFL_Te=   3.0173017874743431E-005 maxCFL_Ne=   2.3291372908653099E-005 maxCFL_Ts=   5.1020110945368359E-004 CPU=   665.14308131452583      NumThreads=                    4 Elapsed time=   6.0137436776682377E-003
 CFL_Limit=   1.0000000000000000E-003
 dt_init=   1.0000000000000001E-018 dt=   1.0000000000000001E-018
 Time=  -1.9200000000002670E-013 Intensity=   1.7912566855350728E-013
   80.000112313108744      < Te <    80.000112409557389     
   80.000112313108744      < Th <    80.000112451407574     
   80.000000000000000      < Ts <   80.000000000000000     
   100000.00238102887      < Ne <   100000.00238263275     
   100000.00238102887      < Nh <   100000.00238263275     
 CFL_Te=   3.0173038692790644E-005 maxCFL_Ne=   2.3291388978669788E-005 maxCFL_Ts=   5.1020110945368359E-004 CPU=   665.27942723591514      NumThreads=                    4 Elapsed time=   6.0125111888986119E-003
 CFL_Limit=   1.0000000000000000E-003
 dt_init=   1.0000000000000001E-018 dt=   1.0000000000000001E-018
 Time=  -1.9100000000003003E-013 Intensity=   3.4785283813530712E-013
   80.000219662256029      < Te <    80.000219844985253     
   80.000219662256029      < Th <    80.000219930151786     
   80.000000000000000      < Ts <   80.000000000000000     
   100000.00465723996      < Ne <   100000.00466035461     
   100000.00465723996      < Nh <   100000.00466035461     
 CFL_Te=   3.0173079180858492E-005 maxCFL_Ne=   2.3291420232510239E-005 maxCFL_Ts=   5.1020110945368359E-004 CPU=   665.42570700187343      NumThreads=                    4 Elapsed time=   6.0111894654961660E-003
 CFL_Limit=   1.0000000000000000E-003
 dt_init=   1.0000000000000001E-018 dt=   1.0000000000000001E-018
 Time=  -1.9000000000003337E-013 Intensity=   6.7317523082182542E-013
   80.000427720236658      < Te <    80.000428103202523     
   80.000427720236658      < Th <    80.000428248322763     
   80.000000000000000      < Ts <   80.000000000000000     
   100000.00906904222      < Ne <   100000.00907506979     
   100000.00906904222      < Nh <   100000.00907506979     
 CFL_Te=   3.0173157652517076E-005 maxCFL_Ne=   2.3291480806917156E-005 maxCFL_Ts=   5.1020110945368359E-004 CPU=   665.52715912736744      NumThreads=                    4 Elapsed time=   6.0102731273127307E-003
 CFL_Limit=   1.0000000000000000E-003
 dt_init=   1.0000000000000001E-018 dt=   1.0000000000000001E-018
 Time=  -1.8900000000003671E-013 Intensity=   1.2982417001071079E-012
   80.000829573122843      < Te <    80.000830325829497     
   80.000829573122843      < Th <    80.000830533261862     
   80.000000000000000      < Ts <   80.000000000000000     
   100000.01759051721      < Ne <   100000.01760214157     
   100000.01759051721      < Nh <   100000.01760214157     
 CFL_Te=   3.0173309216337835E-005 maxCFL_Ne=   2.3291597803151458E-005 maxCFL_Ts=   5.1020110945368359E-004 CPU=   665.62634938699239      NumThreads=                    4 Elapsed time=   6.0093774888626238E-003
 CFL_Limit=   1.0000000000000000E-003
 dt_init=   1.0000000000000001E-018 dt=   1.0000000000000001E-018
 Time=  -1.8800000000004004E-013 Intensity=   2.4950418329827070E-012
   80.001603047293969      < Te <    80.001604390908483     
   80.001603047293969      < Th <    80.001604795424100     
   80.000000000000000      < Ts <   80.000000000000000     
   100000.03399297041      < Ne <   100000.03401531083     
   100000.03399297041      < Nh <   100000.03401531083     
 CFL_Te=   3.0173600941754438E-005 maxCFL_Ne=   2.3291822993932617E-005 maxCFL_Ts=   5.1020110945368359E-004 CPU=   665.63765302343404      NumThreads=                    4 Elapsed time=   6.0092754396199677E-003
 CFL_Limit=   1.0000000000000000E-003
 dt_init=   1.0000000000000001E-018 dt=   1.0000000000000001E-018
 Time=  -1.8700000000004338E-013 Intensity=   4.7785370591305342E-012
   80.003086658295800      < Te <    80.003089277788291     
   80.003086658295800      < Th <    80.003089936545507     
   80.000000000000000      < Ts <   80.000000000000000     
   100000.06545582501      < Ne <   100000.06549861169     
   100000.06545582501      < Nh <   100000.06549861169     
 CFL_Te=   3.0174160504120915E-005 maxCFL_Ne=   2.3292254935337916E-005 maxCFL_Ts=   5.1020110945368359E-004 CPU=   665.66301712313009      NumThreads=                    4 Elapsed time=   6.0090464651127006E-003
 CFL_Limit=   1.0000000000000000E-003
 dt_init=   1.0000000000000001E-018 dt=   1.0000000000000001E-018
 Time=  -1.8600000000004672E-013 Intensity=   9.1202540354820250E-012
   80.005922548784412      < Te <    80.005927646659728     
   80.005922548784412      < Th <    80.005928932579110     
   80.000000000000000      < Ts <   80.000000000000000     
   100000.12559849530      < Ne <   100000.12568015739     
   100000.12559849530      < Nh <   100000.12568015739     
 CFL_Te=   3.0175230095537314E-005 maxCFL_Ne=   2.3293080582034669E-005 maxCFL_Ts=   5.1020110945368359E-004 CPU=   665.69904361578199      NumThreads=                    4 Elapsed time=   6.0087212658047002E-003
 CFL_Limit=   1.0000000000000000E-003
 dt_init=   1.0000000000000001E-018 dt=   1.0000000000000001E-018
 Time=  -1.8500000000005005E-013 Intensity=   1.7346575960485076E-011
   80.011324538537721      < Te <    80.011334121569831     
   80.011324538537721      < Th <    80.011337055974124     
   80.000000000000000      < Ts <   80.000000000000000     
   100000.24016629423      < Ne <   100000.24032161421     
   100000.24016629423      < Nh <   100000.24032161421     
 CFL_Te=   3.0177267523249992E-005 maxCFL_Ne=   2.3294653327884208E-005 maxCFL_Ts=   5.1020110945368359E-004 CPU=   665.69942228638865      NumThreads=                    4 Elapsed time=   6.0087178478565239E-003
 CFL_Limit=   1.0000000000000000E-003
 dt_init=   1.0000000000000001E-018 dt=   1.0000000000000001E-018
 Time=  -1.8400000000005339E-013 Intensity=   3.2878760687561038E-011
   80.021578992977467      < Te <    80.021597320790121     
   80.021578992977467      < Th <    80.021603613337376     
   80.000000000000000      < Ts <   80.000000000000000     
   100000.45765550045      < Ne <   100000.45794989449     
   100000.45765550045      < Nh <   100000.45794989449     
 CFL_Te=   3.0181135118452527E-005 maxCFL_Ne=   2.3297638829781820E-005 maxCFL_Ts=   5.1020110945368359E-004 CPU=   665.68127198172738      NumThreads=                    4 Elapsed time=   6.0088816801050068E-003
 CFL_Limit=   1.0000000000000000E-003
 dt_init=   1.0000000000000001E-018 dt=   1.0000000000000001E-018
 Time=  -1.8300000000005673E-013 Intensity=   6.2102912198057113E-011
   80.040977362502034      < Te <    80.041011555592362     
   80.040977362502034      < Th <    80.041022277987068     
   80.000000000000000      < Ts <   80.000000000000000     
   100000.86909702668      < Ne <   100000.86965309166     
   100000.86909702668      < Nh <   100000.86965309166     
 CFL_Te=   3.0188451455109034E-005 maxCFL_Ne=   2.3303286508979824E-005 maxCFL_Ts=   5.1020110945368359E-004 CPU=   665.70141462725451      NumThreads=                    4 Elapsed time=   6.0086998646979228E-003
 CFL_Limit=   1.0000000000000000E-003
 dt_init=   1.0000000000000001E-018 dt=   1.0000000000000001E-018
 Time=  -1.8200000000006006E-013 Intensity=   1.1689699388427008E-010
   80.077546153964363      < Te <    80.077611600072316     
   80.077546153964363      < Th <    80.077630368065812     
   80.000000000000000      < Ts <   80.000000000000000     
   100001.64476134343      < Ne <   100001.64580803066     
   100001.64476134343      < Nh <   100001.64580803066     
 CFL_Te=   3.0202243830242499E-005 maxCFL_Ne=   2.3313933218363126E-005 maxCFL_Ts=   5.1020110945368359E-004 CPU=   665.69612641709614      NumThreads=                    4 Elapsed time=   6.0087475970887275E-003
 CFL_Limit=   1.0000000000000000E-003
 dt_init=   1.0000000000000001E-018 dt=   1.0000000000000001E-018
 Time=  -1.8100000000006340E-013 Intensity=   2.1927522735647163E-010
   80.146244545999835      < Te <    80.146363188202955     
   80.146244545999835      < Th <    80.146398036263136     
   80.000000000000000      < Ts <   80.000000000000000     
   100003.10201374321      < Ne <   100003.10397711775     
   100003.10201374321      < Nh <   100003.10397711775     
 CFL_Te=   3.0228154284379190E-005 maxCFL_Ne=   2.3333934202422311E-005 maxCFL_Ts=   5.1020110945368359E-004 CPU=   665.68176201992640      NumThreads=                    4 Elapsed time=   6.0088772566977205E-003
 CFL_Limit=   1.0000000000000000E-003
 dt_init=   1.0000000000000001E-018 dt=   1.0000000000000001E-018
 Time=  -1.8000000000006673E-013 Intensity=   4.0989313713879761E-010
   80.274852899429192      < Te <    80.275082543859497     
   80.274852899429192      < Th <    80.275148181231600     
   80.000000000000000      < Ts <   80.000000000000000     
   100005.83030682562      < Ne <   100005.83397697915     
   100005.83030682562      < Nh <   100005.83397697915     
 CFL_Te=   3.0276660526583607E-005 maxCFL_Ne=   2.3371377489675532E-005 maxCFL_Ts=   5.1020110945368359E-004 CPU=   665.67419666706564      NumThreads=                    4 Elapsed time=   6.0089455472773640E-003
 CFL_Limit=   1.0000000000000000E-003
 dt_init=   1.0000000000000001E-018 dt=   1.0000000000000001E-018
 Time=  -1.7900000000007007E-013 Intensity=   7.6356598600097579E-010
   80.514775482500667      < Te <    80.515230248232356     
   80.514775482500667      < Th <    80.515312540389772     
   80.000000000000000      < Ts <   80.000000000000000     
   100010.92059700783      < Ne <   100010.92743392248     
   100010.92059700783      < Nh <   100010.92743392248     
 CFL_Te=   3.0367150316822356E-005 maxCFL_Ne=   2.3441229019198552E-005 maxCFL_Ts=   5.1020110945368359E-004 CPU=   665.66848622075906      NumThreads=                    4 Elapsed time=   6.0089970950997669E-003
 CFL_Limit=   1.0000000000000000E-003
 dt_init=   1.0000000000000001E-018 dt=   1.0000000000000001E-018
 Time=  -1.7800000000007341E-013 Intensity=   1.4174813416816798E-009
   80.960779689844912      < Te <    80.961583999775314     
   80.960779689844912      < Th <    80.961817922012074     
   80.000000000000000      < Ts <   80.000000000000000     
   100020.38491527138      < Ne <   100020.39760729687     
   100020.38491527138      < Nh <   100020.39760729687     
 CFL_Te=   3.0535366358228346E-005 maxCFL_Ne=   2.3571079555391817E-005 maxCFL_Ts=   5.1020110945368359E-004 CPU=   665.64268517608616      NumThreads=                    4 Elapsed time=   6.0092300104550205E-003
 CFL_Limit=   1.0000000000000000E-003
 dt_init=   1.0000000000000001E-018 dt=   1.0000000000000001E-018
 Time=  -1.7700000000007674E-013 Intensity=   2.6223036413214384E-009
   81.786908727878796      < Te <    81.788351317592770     
   81.786908727878796      < Th <    81.788859138299586     
   80.000000000000000      < Ts <   80.000000000000000     
   100037.92095044946      < Ne <   100037.94443036673     
   100037.92095044946      < Nh <   100037.94443036673     
 CFL_Te=   3.0846951213662981E-005 maxCFL_Ne=   2.3811600377364068E-005 maxCFL_Ts=   5.1020110945368359E-004 CPU=   665.60109427262478      NumThreads=                    4 Elapsed time=   6.0096055045871554E-003
 CFL_Limit=   1.0000000000000000E-003
 dt_init=   1.0000000000000001E-018 dt=   1.0000000000000001E-018
 Time=  -1.7600000000008008E-013 Intensity=   4.8344097271306617E-009
   83.311496839812222      < Te <    83.314172898701855     
   83.311496839812222      < Th <    83.315191675218841     
   80.000000000000000      < Ts <   80.000000000000000     
   100070.30034743261      < Ne <   100070.34363438787     
   100070.30034743261      < Nh <   100070.34363438787     
 CFL_Te=   3.1421968607537299E-005 maxCFL_Ne=   2.4255471938547843E-005 maxCFL_Ts=   5.1020110945368359E-004 CPU=   665.58438598214502      NumThreads=                    4 Elapsed time=   6.0097563648485348E-003
 CFL_Limit=   1.0000000000000000E-003
 dt_init=   1.0000000000000001E-018 dt=   1.0000000000000001E-018
 Time=  -1.7500000000008342E-013 Intensity=   8.8817548566826219E-009
   86.114154251527864      < Te <    86.118945251383323     
   86.114154251527864      < Th <    86.120476792976135     
   80.000000000000000      < Ts <   80.000000000000000     
   100129.88046851470      < Ne <   100129.95999510572     
   100129.88046851470      < Nh <   100129.95999510572     
 CFL_Te=   3.2479025755099271E-005 maxCFL_Ne=   2.5071443092372395E-005 maxCFL_Ts=   5.1020110945368359E-004 CPU=   665.56559077811869      NumThreads=                    4 Elapsed time=   6.0099260770430816E-003
 CFL_Limit=   1.0000000000000000E-003
 dt_init=   1.0000000000000001E-018 dt=   1.0000000000000001E-018
 Time=  -1.7400000000008675E-013 Intensity=   1.6261064004507730E-008
   91.244536539257197      < Te <    91.253427448182379     
   91.244536539257197      < Th <    91.256002024216684     
   80.000000000000000      < Ts <   80.000000000000000     
   100239.13244014983      < Ne <   100239.27804054158     
   100239.13244014983      < Nh <   100239.27804054158     
 CFL_Te=   3.4414013329499200E-005 maxCFL_Ne=   2.6565112613798827E-005 maxCFL_Ts=   5.1020110945368359E-004 CPU=   665.53401646073564      NumThreads=                    4 Elapsed time=   6.0102112004307854E-003
 CFL_Limit=   1.0000000000000000E-003
 dt_init=   1.0000000000000001E-018 dt=   1.0000000000000001E-018
 Time=  -1.7300000000009009E-013 Intensity=   2.9668390479681111E-008
   100.59039631092435      < Te <    100.60653378159327     
   100.59039631092435      < Th <    100.61083526290822     
   80.000000000000000      < Ts <   80.000000000000000     
   100438.77469297295      < Ne <   100439.04034159688     
   100438.77469297295      < Nh <   100439.04034159688     
 CFL_Te=   3.7938920737181690E-005 maxCFL_Ne=   2.9286084484813724E-005 maxCFL_Ts=   5.1020110945368359E-004 CPU=   665.47697570501896      NumThreads=                    4 Elapsed time=   6.0107263602355646E-003
 CFL_Limit=   1.0000000000000000E-003
 dt_init=   1.0000000000000001E-018 dt=   1.0000000000000001E-018
 Time=  -1.7200000000009343E-013 Intensity=   5.3942846938300164E-008
   117.51384716586283      < Te <    117.54351062720291     
   117.51384716589304      < Th <    117.55459494370491     
   80.000000000000000      < Ts <   80.000000000000000     
   100802.33035897999      < Ne <   100802.81335933249     
   100802.33035897999      < Nh <   100802.81335933249     
 CFL_Te=   4.4321810994434970E-005 maxCFL_Ne=   3.4213211026599657E-005 maxCFL_Ts=   5.1020110945368359E-004 CPU=   665.40125800264195      NumThreads=                    4 Elapsed time=   6.0114103360834319E-003
 CFL_Limit=   1.0000000000000000E-003
 dt_init=   1.0000000000000001E-018 dt=   1.0000000000000001E-018
 Time=  -1.7100000000009676E-013 Intensity=   9.7739157377142928E-008
   147.91469049703571      < Te <    147.97740892825777     
   147.91469049726021      < Th <    147.99908717708928     
   80.000000000000000      < Ts <   80.000000000000000     
   101462.08833628001      < Ne <   101462.96348563059     
   101462.08833628001      < Nh <   101462.96348563059     
 CFL_Te=   5.5787867673714188E-005 maxCFL_Ne=   4.3064171941937305E-005 maxCFL_Ts=   5.1020110945368359E-004 CPU=   665.33725404859922      NumThreads=                    4 Elapsed time=   6.0119886202972513E-003
 CFL_Limit=   1.0000000000000000E-003
 dt_init=   1.0000000000000001E-018 dt=   1.0000000000000001E-018
 Time=  -1.7000000000010010E-013 Intensity=   1.7648108606485697E-007
   201.89944842433005      < Te <    202.00631399584029     
   201.89944842506964      < Th <    202.06461362565236     
   80.000000000000000      < Ts <   80.000000000000000     
   102655.23452902456      < Ne <   102656.81472791315     
   102655.23452902456      < Nh <   102656.81472791315     
 CFL_Te=   7.6148891460799754E-005 maxCFL_Ne=   5.8781399823852498E-005 maxCFL_Ts=   5.1020110945368359E-004 CPU=   665.23241472946836      NumThreads=                    4 Elapsed time=   6.0129360978699292E-003
 CFL_Limit=   1.0000000000000000E-003
 dt_init=   1.0000000000000001E-018 dt=   1.0000000000000001E-018
 Time=  -1.6900000000010343E-013 Intensity=   3.1755766135123548E-007
   296.08517307285598      < Te <    296.29429168729223     
   296.08517307479542      < Th <    296.44547593530933     
   80.000000000000000      < Ts <   80.000000000000000     
   104805.52904171725      < Ne <   104808.37243006397     
   104805.52904171725      < Nh <   104808.37243006397     
 CFL_Te=   1.1167221051617845E-004 maxCFL_Ne=   8.6202815689380514E-005 maxCFL_Ts=   5.1020110945368359E-004 CPU=   665.15725814556538      NumThreads=                    4 Elapsed time=   6.0136155037259264E-003
 CFL_Limit=   1.0000000000000000E-003
 dt_init=   1.0000000000000001E-018 dt=   1.0000000000000001E-018
 Time=  -1.6800000000010677E-013 Intensity=   5.6943200375045409E-007
   455.87956315056039      < Te <    456.35899493841907     
   455.87956315522638      < Th <    456.58380957142737     
   80.000000000000000      < Ts <   80.000000000000000     
   108667.39780146530      < Ne <   108672.49645446842     
   108667.39780146530      < Nh <   108672.49645446842     
 CFL_Te=   1.7194065483932186E-004 maxCFL_Ne=   1.3272566657416922E-004 maxCFL_Ts=   5.1020110945368359E-004 CPU=   665.09948050521859      NumThreads=                    4 Elapsed time=   6.0141379105597042E-003
 CFL_Limit=   1.0000000000000000E-003
 dt_init=   1.0000000000000001E-018 dt=   1.0000000000000001E-018
 Time=  -1.6700000000011011E-013 Intensity=   1.0175505639765076E-006
   715.21605090278103      < Te <    716.20737359877410     
   715.21605091348454      < Th <    716.92439706514085     
   80.000000000000000      < Ts <   80.000000000000000     
   115579.21673096764      < Ne <   115588.32780516909     
   115579.21673096764      < Nh <   115588.32780516909     
 CFL_Te=   2.6975264101593993E-004 maxCFL_Ne=   2.0822939823092145E-004 maxCFL_Ts=   5.1020110945368359E-004 CPU=   665.04412144724620      NumThreads=                    4 Elapsed time=   6.0146385345010460E-003
 CFL_Limit=   1.0000000000000000E-003
 dt_init=   1.0000000000000001E-018 dt=   1.0000000000000001E-018
 Time=  -1.6600000000011344E-013 Intensity=   1.8120283017422144E-006
   1108.1977868470594      < Te <    1110.1677626443375     
   1108.1977868702265      < Th <    1111.6900624589261     
   80.000000000000000      < Ts <   80.000000000000000     
   127906.92848748119      < Ne <   127923.15325792199     
   127906.92848748119      < Nh <   127923.15325792199     
 CFL_Te=   4.1797059700897994E-004 maxCFL_Ne=   3.2264286852165335E-004 maxCFL_Ts=   5.1020110945368359E-004 CPU=   664.94577224846500      NumThreads=                    4 Elapsed time=   6.0155281331803877E-003
 CFL_Limit=   1.0000000000000000E-003
 dt_init=   1.0000000000000001E-018 dt=   1.0000000000000001E-018
 Time=  -1.6500000000011678E-013 Intensity=   3.2156502290740630E-006
   1647.0852285580952      < Te <    1651.1395267602416     
   1647.0852286035954      < Th <    1654.7762578905390     
   80.000000000000000      < Ts <   80.000000000000000     
   149818.21450097521      < Ne <   149847.00720084427     
   149818.21450097521      < Nh <   149847.00720084427     
 CFL_Te=   6.2121870713607158E-004 maxCFL_Ne=   4.7953561101540744E-004 maxCFL_Ts=   5.1020110945368359E-004 CPU=   664.88702669608608      NumThreads=                    4 Elapsed time=   6.0160596302751505E-003
 CFL_Limit=   1.0000000000000000E-003
 dt_init=   1.0000000000000001E-018 dt=   1.0000000000000001E-018
 Time=  -1.6400000000012012E-013 Intensity=   5.6867937975120608E-006
   2294.3745581167973      < Te <    2304.4529689193778     
   2294.3745581941444      < Th <    2310.9252651464553     
   80.000000000000000      < Ts <   80.000000000000000     
   188628.65260999257      < Ne <   188679.57176198566     
   188628.65260999257      < Nh <   188679.57176198554     
 CFL_Te=   8.6535193939197912E-004 maxCFL_Ne=   6.6798869089969325E-004 maxCFL_Ts=   5.1020110945368359E-004 CPU=   664.79245080979763      NumThreads=                    4 Elapsed time=   6.0169154976527119E-003
 CFL_Limit=   1.0000000000000000E-003
 dt_init=   1.0000000000000001E-018 dt=   1.0000000000000001E-018
 Time=  -1.6300000000012345E-013 Intensity=   1.0022152535589665E-005
   2960.1233030457288      < Te <    2973.6856919097422     
   2960.1233031556517      < Th <    2990.9550806681923     
   80.000000000000000      < Ts <   80.000000000000000     
   257134.00754132075      < Ne <   257223.74532191316     
   257134.00754132075      < Nh <   257223.74532191097     
 CFL_Te=   1.1164473700065309E-003 maxCFL_Ne=   8.6191890783301171E-004 maxCFL_Ts=   5.1020110945368359E-004 CPU=   664.70045652277338      NumThreads=                    4 Elapsed time=   6.0177482364388224E-003
 CFL_Limit=   1.0000000000000000E-003
 dt_init=   1.0000000000000001E-018 dt=   1.0000000000000001E-018
 Time=  -1.6200000000012679E-013 Intensity=   1.7601488071436876E-005
   3545.0847959550688      < Te <    3567.5018123045502     
   3545.0847960846695      < Th <    3596.1872741858665     
   80.000000000000000      < Ts <   80.000000000000000     
   377636.43954808038      < Ne <   377794.04301017261     
   377636.43954808038      < Nh <   377794.04301013873     
 CFL_Te=   1.3370728822994439E-003 maxCFL_Ne=   1.0321403768194437E-003 maxCFL_Ts=   5.1020110945368359E-004 CPU=   664.57300838798903      NumThreads=                    4 Elapsed time=   6.0189022869022871E-003
 CFL_Limit=   1.0000000000000000E-003
 dt_init=   1.0000000000000001E-018 dt=   1.0000000000000001E-018
 Time=  -1.6100000000013013E-013 Intensity=   3.0805808613878608E-005
   3992.8061214795553      < Te <    4026.9246934746920     
   3992.8061216086940      < Th <    4061.6034525076789     
   80.000000000000000      < Ts <   80.000000000000000     
   588869.74948411307      < Ne <   589145.58696425823     
   588869.74948411307      < Nh <   589145.58696398640     
 CFL_Te=   1.5059365587871891E-003 maxCFL_Ne=   1.1624733741349461E-003 maxCFL_Ts=   5.1020110945368359E-004 CPU=   664.41598215939428      NumThreads=                    4 Elapsed time=   6.0203247775583984E-003
 CFL_Limit=   1.0000000000000000E-003
 dt_init=   1.0000000000000001E-018 dt=   1.0000000000000001E-018
 Time=  -1.6000000000013346E-013 Intensity=   5.3729239106903670E-005
   4301.0901196425575      < Te <    4343.7820051884464     
   4301.0901197548446      < Th <    4376.6081860941949     
   80.000000000000000      < Ts <   80.000000000000000     
   957867.96813317935      < Ne <   958349.06997261685     
   957867.96813317935      < Nh <   958349.06997146446     
 CFL_Te=   1.6222097228902864E-003 maxCFL_Ne=   1.2522277795914175E-003 maxCFL_Ts=   5.1020110945368359E-004 CPU=   664.29817410258840      NumThreads=                    4 Elapsed time=   6.0213924348108700E-003
 CFL_Limit=   1.0000000000000000E-003
 dt_init=   1.0000000000000001E-018 dt=   1.0000000000000001E-018
 Time=  -1.5900000000013680E-013 Intensity=   9.3386396508871733E-005
   4498.4978838067727      < Te <    4533.5273076901885     
   4498.4587909056645      < Th <    4593.7014294257997     
   80.000000000000000      < Ts <   80.000000000000000     
   1600232.2641484782      < Ne <   1601068.4715337751     
   1600232.2641484782      < Nh <   1601068.4715294044     
 CFL_Te=   1.6966645433221892E-003 maxCFL_Ne=   1.3099106270291776E-003 maxCFL_Ts=   5.1020110945368359E-004 CPU=   664.18509721991336      NumThreads=                    4 Elapsed time=   6.0224175711602723E-003
 CFL_Limit=   1.0000000000000000E-003
 dt_init=   1.0000000000000001E-018 dt=   1.0000000000000001E-018
 Time=  -1.5800000000014014E-013 Intensity=   1.6175264648251087E-004
   4619.2418825389032      < Te <    4651.8543542232183     
   4619.0989793383960      < Th <    4719.0434883013031     
   80.000000000000000      < Ts <   80.000000000000000     
   2714613.4648008035      < Ne <   2716061.8478490836     
   2714613.4648008035      < Nh <   2716061.8478353452     
 CFL_Te=   1.7422066111082955E-003 maxCFL_Ne=   1.3449043633989111E-003 maxCFL_Ts=   5.1020110945368359E-004 CPU=   664.06032069137666      NumThreads=                    4 Elapsed time=   6.0235491797423742E-003
 CFL_Limit=   1.0000000000000000E-003
 dt_init=   1.0000000000000001E-018 dt=   1.0000000000000001E-018
 Time=  -1.5700000000014347E-013 Intensity=   2.7919910540149856E-004
   4691.0777297274317      < Te <    4729.0727968373503     
   4690.9174324553342      < Th <    4788.6563699853496     
   80.000000000000000      < Ts <   80.000000000000000     
   4641168.5173142357      < Ne <   4643668.5634348933     
   4641168.5173142357      < Nh <   4643668.5634052483     
 CFL_Te=   1.7693168566420418E-003 maxCFL_Ne=   1.3657939522895930E-003 maxCFL_Ts=   5.1020110945368359E-004 CPU=   663.92192899436873      NumThreads=                    4 Elapsed time=   6.0248047629014633E-003
 CFL_Limit=   1.0000000000000000E-003
 dt_init=   1.0000000000000001E-018 dt=   1.0000000000000001E-018
 Time=  -1.5600000000014681E-013 Intensity=   4.8025456292409118E-004
   4733.1802657245707      < Te <    4777.3924024247654     
   4733.0063487533280      < Th <    4839.8926232947124     
   80.000000000000000      < Ts <   80.000000000000000     
   7960299.1013220949      < Ne <   7964599.4876596630     
   7960299.1013220949      < Nh <   7964599.4875985887     
 CFL_Te=   1.7852073551574900E-003 maxCFL_Ne=   1.3780500479047225E-003 maxCFL_Ts=   5.1020110945368359E-004 CPU=   663.77054481586026      NumThreads=                    4 Elapsed time=   6.0261788222459606E-003
 CFL_Limit=   1.0000000000000000E-003
 dt_init=   1.0000000000000001E-018 dt=   1.0000000000000001E-018
 Time=  -1.5500000000015014E-013 Intensity=   8.2323500183163778E-004
   4757.6481527945934      < Te <    4792.0158159209341     
   4757.4378443296182      < Th <    4877.7364286963411     
   80.000000000000000      < Ts <   80.000000000000000     
   13658825.005917948      < Ne <   13666196.592537934     
   13658825.005917948      < Nh <   13666196.592532258     
 CFL_Te=   1.7944397731665786E-003 maxCFL_Ne=   1.3851767981355664E-003 maxCFL_Ts=   5.1020110945368359E-004 CPU=   663.65401115849136      NumThreads=                    4 Elapsed time=   6.0272369830440681E-003
 CFL_Limit=   1.0000000000000000E-003
 dt_init=   1.0000000000000001E-018 dt=   1.0000000000000001E-018
 Time=  -1.5400000000015348E-013 Intensity=   1.4062774236661619E-003
   4771.7764901989931      < Te <    4809.8219908311021     
   4771.5515405808201      < Th <    4881.3598885777474     
   80.000000000000000      < Ts <   80.000000000000000     
   23408631.346135695      < Ne <   23421223.758015838     
   23408631.346135695      < Nh <   23421223.758002125     
 CFL_Te=   1.7997731745461579E-003 maxCFL_Ne=   1.3892937945028821E-003 maxCFL_Ts=   5.1020110945368359E-004 CPU=   663.54678936375137      NumThreads=                    4 Elapsed time=   6.0282109176286441E-003
 CFL_Limit=   1.0000000000000000E-003
 dt_init=   1.0000000000000001E-018 dt=   1.0000000000000001E-018
 Time=  -1.5300000000015682E-013 Intensity=   2.3939387363958401E-003
   4779.8915896751359      < Te <    4830.6533593576241     
   4779.6509293985855      < Th <    4905.3276344515525     
   80.000000000000000      < Ts <   80.000000000000000     
   40032217.877309702      < Ne <   40053654.337023914     
   40032217.877309702      < Nh <   40053654.336997673     
 CFL_Te=   1.8028373449246627E-003 maxCFL_Ne=   1.3916591152328642E-003 maxCFL_Ts=   5.1020110945368359E-004 CPU=   663.42102667272877      NumThreads=                    4 Elapsed time=   6.0293536670993006E-003
 CFL_Limit=   1.0000000000000000E-003
 dt_init=   1.0000000000000001E-018 dt=   1.0000000000000001E-018
 Time=  -1.5200000000016015E-013 Intensity=   4.0611582196023030E-003
   4784.4957186493857      < Te <    4843.3757848230307     
   4784.2541493395956      < Th <    4920.7416127827619     
   80.000000000000000      < Ts <   80.000000000000000     
   68277683.910450026      < Ne <   68314049.757637352     
   68277683.910450026      < Nh <   68314049.756719977     
 CFL_Te=   1.8045835241837060E-003 maxCFL_Ne=   1.3930070466710777E-003 maxCFL_Ts=   5.1020110945368359E-004 CPU=   663.30536350114039      NumThreads=                    4 Elapsed time=   6.0304050292714437E-003
 CFL_Limit=   1.0000000000000000E-003
 dt_init=   1.0000000000000001E-018 dt=   1.0000000000000001E-018
 Time=  -1.5100000000016349E-013 Intensity=   6.8656496377184186E-003
   4787.0757775384145      < Te <    4838.5955912478194     
   4786.8247016621017      < Th <    4931.2944184134558     
   80.000000000000000      < Ts <   80.000000000000000     
   116104122.15020396      < Ne <   116165601.54663508     
   116104122.15020396      < Nh <   116165601.54477717     
 CFL_Te=   1.8055638964962837E-003 maxCFL_Ne=   1.3937638321437215E-003 maxCFL_Ts=   5.1020110945368359E-004 CPU=   663.21539251743968      NumThreads=                    4 Elapsed time=   6.0312231065940127E-003
 CFL_Limit=   1.0000000000000000E-003
 dt_init=   1.0000000000000001E-018 dt=   1.0000000000000001E-018
 Time=  -1.5000000000016683E-013 Intensity=   1.1566666520934519E-002
   4788.4894457770251      < Te <    4838.5348369885869     
   4788.2222741604701      < Th <    4942.4420558705633     
   80.000000000000000      < Ts <   80.000000000000000     
   196805808.83454195      < Ne <   196909384.36872268     
   196805808.83454195      < Nh <   196909384.36505392     
 CFL_Te=   1.8060984434775061E-003 maxCFL_Ne=   1.3941764722407133E-003 maxCFL_Ts=   5.1020110945368359E-004 CPU=   663.11741005085003      NumThreads=                    4 Elapsed time=   6.0321142822856461E-003
 CFL_Limit=   1.0000000000000000E-003
 dt_init=   1.0000000000000001E-018 dt=   1.0000000000000001E-018
 Time=  -1.4900000000017016E-013 Intensity=   1.9419124322407912E-002
   4789.2139054254512      < Te <    4842.9706419072490     
   4788.9283119437714      < Th <    4933.1169407637462     
   80.000000000000000      < Ts <   80.000000000000000     
   332509750.66761112      < Ne <   332683642.59472835     
   332509750.66761112      < Nh <   332683642.58776772     
 CFL_Te=   1.8063726603026208E-003 maxCFL_Ne=   1.3943881548446357E-003 maxCFL_Ts=   5.1020110945368359E-004 CPU=   663.03058547583964      NumThreads=                    4 Elapsed time=   6.0329041941998875E-003
 CFL_Limit=   1.0000000000000000E-003
 dt_init=   1.0000000000000001E-018 dt=   1.0000000000000001E-018
 Time=  -1.4800000000017350E-013 Intensity=   3.2489716342295395E-002
   4789.5385607790704      < Te <    4833.0714803413321     
   4789.2541465528275      < Th <    4914.0562603256549     
   80.000000000000000      < Ts <   80.000000000000000     
   559913485.38854301      < Ne <   560204420.06921411     
   559913485.38854301      < Nh <   560204420.05716813     
 CFL_Te=   1.8064942506403876E-003 maxCFL_Ne=   1.3944820191841038E-003 maxCFL_Ts=   5.1020110945368359E-004 CPU=   662.93262049877501      NumThreads=                    4 Elapsed time=   6.0337957076097622E-003
 CFL_Limit=   1.0000000000000000E-003
 dt_init=   1.0000000000000001E-018 dt=   1.0000000000000001E-018
 Time=  -1.4700000000017684E-013 Intensity=   5.4169776937058010E-002
   4789.6220450181809      < Te <    4838.0317150100991     
   4789.3728000750816      < Th <    4910.8129287151924     
   80.000000000000000      < Ts <   80.000000000000000     
   939663677.22109902      < Ne <   940148750.05573881     
   939663677.22109902      < Nh <   940148750.03778160     
 CFL_Te=   1.8065258922125140E-003 maxCFL_Ne=   1.3945064480992365E-003 maxCFL_Ts=   5.1020110945368359E-004 CPU=   662.85525209386162      NumThreads=                    4 Elapsed time=   6.0344999716975796E-003
 CFL_Limit=   1.0000000000000000E-003
 dt_init=   1.0000000000000001E-018 dt=   1.0000000000000001E-018
 Time=  -1.4600000000018017E-013 Intensity=   9.0004251555476325E-002
   4789.5624614045073      < Te <    4842.2262097960938     
   4789.3300875900686      < Th <    4906.2609037285283     
   80.000000000000000      < Ts <   80.000000000000000     
   1571629642.5968106      < Ne <   1572435602.8199339     
   1571629642.5968106      < Nh <   1572435602.7916787     
 CFL_Te=   1.8065041561313088E-003 maxCFL_Ne=   1.3944896721491504E-003 maxCFL_Ts=   5.1020110945368359E-004 CPU=   662.78237295795384      NumThreads=                    4 Elapsed time=   6.0351635215466961E-003
 CFL_Limit=   1.0000000000000000E-003
 dt_init=   1.0000000000000001E-018 dt=   1.0000000000000001E-018
 Time=  -1.4500000000018351E-013 Intensity=  0.14902662029678132     
   4789.4260443966732      < Te <    4833.9615527496744     
   4789.1664566970594      < Th <    4939.6696458934448     
   80.000000000000000      < Ts <   80.000000000000000     
   2619686049.0848351      < Ne <   2621020533.1840448     
   2619686049.0848351      < Nh <   2621020533.1318235     
 CFL_Te=   1.8064504404565647E-003 maxCFL_Ne=   1.3944482093958131E-003 maxCFL_Ts=   5.1020110945368359E-004 CPU=   662.69040574900635      NumThreads=                    4 Elapsed time=   6.0360010727467783E-003
 CFL_Limit=   1.0000000000000000E-003
 dt_init=   1.0000000000000001E-018 dt=   1.0000000000000001E-018
 Time=  -1.4400000000018685E-013 Intensity=  0.24590056693320117     
   4789.2356454152214      < Te <    4838.4896852318498     
   4788.9489569589050      < Th <    4940.4961161455440     
   80.000000000000000      < Ts <   80.000000000000000     
   4351777839.9534502      < Ne <   4353979795.4251385     
   4351777839.9534502      < Nh <   4353979795.3313646     
 CFL_Te=   1.8063773003875821E-003 maxCFL_Ne=   1.3943917518019239E-003 maxCFL_Ts=   5.1020110945368359E-004 CPU=   662.60434437315178      NumThreads=                    4 Elapsed time=   6.0367850497330322E-003
 CFL_Limit=   1.0000000000000000E-003
 dt_init=   1.0000000000000001E-018 dt=   1.0000000000000001E-018
 Time=  -1.4300000000019018E-013 Intensity=  0.40434311979042498     
   4789.0090991420466      < Te <    4844.5740300474545     
   4788.7069330604882      < Th <    4925.0177933893401     
   80.000000000000000      < Ts <   80.000000000000000     
   7204453713.1548977      < Ne <   7208074470.6067333     
   7204453713.1548977      < Nh <   7208074470.4452000     
 CFL_Te=   1.8062921221222719E-003 maxCFL_Ne=   1.3943260011731508E-003 maxCFL_Ts=   5.1020110945368359E-004 CPU=   662.53101738414830      NumThreads=                    4 Elapsed time=   6.0374531833891831E-003
 CFL_Limit=   1.0000000000000000E-003
 dt_init=   1.0000000000000001E-018 dt=   1.0000000000000001E-018
 Time=  -1.4200000000019352E-013 Intensity=  0.66257559509688757     
   4788.7333504340995      < Te <    4854.4815517095767     
   4788.4770677077431      < Th <    4906.9556194966735     
   80.000000000000000      < Ts <   80.000000000000000     
   11886430262.115578      < Ne <   11892363498.756792     
   11886430262.115578      < Nh <   11892363498.521194     
 CFL_Te=   1.8061992609354806E-003 maxCFL_Ne=   1.3942543196064773E-003 maxCFL_Ts=   5.1020110945368359E-004 CPU=   662.45472782716718      NumThreads=                    4 Elapsed time=   6.0381484680770365E-003
 CFL_Limit=   1.0000000000000000E-003
 dt_init=   1.0000000000000001E-018 dt=   1.0000000000000001E-018
 Time=  -1.4100000000019685E-013 Intensity=   1.0819711056619992     
   4788.4659446479254      < Te <    4845.6467144036123     
   4788.2339340687813      < Th <    4905.0154973893750     
   80.000000000000000      < Ts <   80.000000000000000     
   19544182635.293037      < Ne <   19553871526.329834     
   19544182635.293037      < Nh <   19553871525.953079     
 CFL_Te=   1.8061012891499556E-003 maxCFL_Ne=   1.3941786928453805E-003 maxCFL_Ts=   5.1020110945368359E-004 CPU=   662.37327370600440      NumThreads=                    4 Elapsed time=   6.0388909981525119E-003
 CFL_Limit=   1.0000000000000000E-003
 dt_init=   1.0000000000000001E-018 dt=   1.0000000000000001E-018
 Time=  -1.4000000000020019E-013 Intensity=   1.7607217970199551     
   4788.1912746783601      < Te <    4851.4184927789938     
   4787.9791168302518      < Th <    4898.0769973212373     
   80.000000000000000      < Ts <   80.000000000000000     
   32025737284.697441      < Ne <   32041504347.830566     
   32025737284.697441      < Nh <   32041504347.236351     
 CFL_Te=   1.8059997267935433E-003 maxCFL_Ne=   1.3941002943060688E-003 maxCFL_Ts=   5.1020110945368359E-004 CPU=   662.28223552248767      NumThreads=                    4 Elapsed time=   6.0397211120185338E-003
 CFL_Limit=   1.0000000000000000E-003
 dt_init=   1.0000000000000001E-018 dt=   1.0000000000000001E-018
 Time=  -1.3900000000020353E-013 Intensity=   2.8553586656755012     
   4787.9125119889459      < Te <    4840.4384463303886     
   4787.7225414725199      < Th <    4885.7921339604918     
   80.000000000000000      < Ts <   80.000000000000000     
   52299358415.114815      < Ne <   52324927884.836838     
   52299358415.114815      < Nh <   52324927883.927711     
 CFL_Te=   1.8058954707187058E-003 maxCFL_Ne=   1.3940198163362935E-003 maxCFL_Ts=   5.1020110945368359E-004 CPU=   662.20279661293125      NumThreads=                    4 Elapsed time=   6.0404456466499456E-003
 CFL_Limit=   1.0000000000000000E-003
 dt_init=   1.0000000000000001E-018 dt=   1.0000000000000001E-018
 Time=  -1.3800000000020686E-013 Intensity=   4.6145084551220714     
   4787.6438375208354      < Te <    4837.5898776009799     
   4787.4484845426614      < Th <    4907.1601255532532     
   80.000000000000000      < Ts <   80.000000000000000     
   85115630929.910080      < Ne <   85156953165.940933     
   85115630929.910080      < Nh <   85156953164.414124     
 CFL_Te=   1.8057890474230745E-003 maxCFL_Ne=   1.3939376653816962E-003 maxCFL_Ts=   5.1020110945368359E-004 CPU=   662.13011580324542      NumThreads=                    4 Elapsed time=   6.0411086953015376E-003
 CFL_Limit=   1.0000000000000000E-003
 dt_init=   1.0000000000000001E-018 dt=   1.0000000000000001E-018
 Time=  -1.3700000000021020E-013 Intensity=   7.4316470194783788     
   4787.3642238690736      < Te <    4834.9158012362668     
   4787.1434041527928      < Th <    4900.5932281325504     
   80.000000000000000      < Ts <   80.000000000000000     
   138050574274.36871      < Ne <   138117123347.10965     
   138050574274.36871      < Nh <   138117123344.38611     
 CFL_Te=   1.8056807624852633E-003 maxCFL_Ne=   1.3938540773354414E-003 maxCFL_Ts=   5.1020110945368359E-004 CPU=   662.02706705424202      NumThreads=                    4 Elapsed time=   6.0420490325243260E-003
 CFL_Limit=   1.0000000000000000E-003
 dt_init=   1.0000000000000001E-018 dt=   1.0000000000000001E-018
 Time=  -1.3600000000021354E-013 Intensity=   11.927228832021447     
   4787.0746205027554      < Te <    4834.0156452966394     
   4786.8576938433434      < Th <    4898.0153298328541     
   80.000000000000000      < Ts <   80.000000000000000     
   223143006120.89902      < Ne <   223249812277.45947     
   223143006120.89905      < Nh <   223249812273.20886     
 CFL_Te=   1.8055707892037885E-003 maxCFL_Ne=   1.3937691859292540E-003 maxCFL_Ts=   5.1020110945368359E-004 CPU=   661.88523471710448      NumThreads=                    4 Elapsed time=   6.0433437553711784E-003
 CFL_Limit=   1.0000000000000000E-003
 dt_init=   1.0000000000000001E-018 dt=   1.0000000000000001E-018
 Time=  -1.3500000000021687E-013 Intensity=   19.076068766845733     
   4786.7679815094134      < Te <    4847.8304909547060     
   4786.5572464828319      < Th <    4897.7612770367659     
   80.000000000000000      < Ts <   80.000000000000000     
   359455197066.72394      < Ne <   359626020883.91327     
   359455197066.72394      < Nh <   359626020877.27924     
 CFL_Te=   1.8054592210541953E-003 maxCFL_Ne=   1.3936830634099099E-003 maxCFL_Ts=   5.1020110945368359E-004 CPU=   661.72974913370535      NumThreads=                    4 Elapsed time=   6.0447637502115421E-003
 CFL_Limit=   1.0000000000000000E-003
 dt_init=   1.0000000000000001E-018 dt=   1.0000000000000001E-018
 Time=  -1.3400000000022021E-013 Intensity=   30.404163347642267     
   4786.4626199523746      < Te <    4840.6458506343670     
   4786.2569558787554      < Th <    4898.6051578972183     
   80.000000000000000      < Ts <   80.000000000000000     
   577062637671.65869      < Ne <   577334904218.85291     
   577062637671.65869      < Nh <   577334904208.18457     
 CFL_Te=   1.8053461033598183E-003 maxCFL_Ne=   1.3935957448068545E-003 maxCFL_Ts=   5.1020110945368359E-004 CPU=   661.61660924445027      NumThreads=                    4 Elapsed time=   6.0457974363247935E-003
 CFL_Limit=   1.0000000000000000E-003
 dt_init=   1.0000000000000001E-018 dt=   1.0000000000000001E-018
 Time=  -1.3300000000022355E-013 Intensity=   48.291654511588462     
   4786.1646299449931      < Te <    4839.2925135079613     
   4785.9540109612708      < Th <    4904.8655650135497     
   80.000000000000000      < Ts <   80.000000000000000     
   923247492271.12451      < Ne <   923679938679.52466     
   923247492271.12451      < Nh <   923679938661.90613     
 CFL_Te=   1.8052314521363804E-003 maxCFL_Ne=   1.3935072424537207E-003 maxCFL_Ts=   5.1020110945368359E-004 CPU=   661.49719625658872      NumThreads=                    4 Elapsed time=   6.0468888192361080E-003
 CFL_Limit=   1.0000000000000000E-003
 dt_init=   1.0000000000000001E-018 dt=   1.0000000000000001E-018
 Time=  -1.3200000000022688E-013 Intensity=   76.437409953695052     
   4785.8613213633589      < Te <    4833.9126077486671     
   4785.6285778772835      < Th <    4907.3594207053975     
   80.000000000000000      < Ts <   80.000000000000000     
   1472077269933.1152      < Ne <   1472761757234.7803     
   1472077269933.1152      < Nh <   1472761757204.0349     
 CFL_Te=   1.8051152652817615E-003 maxCFL_Ne=   1.3934175547027235E-003 maxCFL_Ts=   5.1020110945368359E-004 CPU=   661.36678435667147      NumThreads=                    4 Elapsed time=   6.0480811776643783E-003
 CFL_Limit=   1.0000000000000000E-003
 dt_init=   1.0000000000000001E-018 dt=   1.0000000000000001E-018
 Time=  -1.3100000000023022E-013 Intensity=   120.56873118644961     
   4785.5519011544147      < Te <    4831.1254869440927     
   4785.3115196850886      < Th <    4905.0400238200355     
   80.000000000000000      < Ts <   80.000000000000000     
   2339164019876.7227      < Ne <   2340243696713.8340     
   2339164019876.7227      < Nh <   2340243696663.9902     
 CFL_Te=   1.8049975293526876E-003 maxCFL_Ne=   1.3933266711676931E-003 maxCFL_Ts=   5.1020110945368359E-004 CPU=   661.24222006706304      NumThreads=                    4 Elapsed time=   6.0492205104421808E-003
 CFL_Limit=   1.0000000000000000E-003
 dt_init=   1.0000000000000001E-018 dt=   1.0000000000000001E-018
 Time=  -1.3000000000023355E-013 Intensity=   189.52140549630647     
   4785.2464902320735      < Te <    4827.2350597413624     
   4784.9972523255919      < Th <    4895.7588707400946     
   80.000000000000000      < Ts <   80.000000000000000     
   3704321374318.3398      < Ne <   3706018503999.4028     
   3704321374318.3398      < Nh <   3706018503919.6465     
 CFL_Te=   1.8048782236694113E-003 maxCFL_Ne=   1.3932345758853788E-003 maxCFL_Ts=   5.1020110945368359E-004 CPU=   661.10014126991018      NumThreads=                    4 Elapsed time=   6.0505205645794945E-003
 CFL_Limit=   1.0000000000000000E-003
 dt_init=   1.0000000000000001E-018 dt=   1.0000000000000001E-018
 Time=  -1.2900000000023689E-013 Intensity=   296.87709817134032     
   4784.9257217786289      < Te <    4827.9952034726539     
   4784.6918160175182      < Th <    4889.0643931709219     
   80.000000000000000      < Ts <   80.000000000000000     
   5846216274097.0205      < Ne <   5848874756318.1787     
   5846216274097.0205      < Nh <   5848874756202.0938     
 CFL_Te=   1.8047573227964017E-003 maxCFL_Ne=   1.3931412492242843E-003 maxCFL_Ts=   5.1020110945368359E-004 CPU=   660.99013224422652      NumThreads=                    4 Elapsed time=   6.0515275567261514E-003
 CFL_Limit=   1.0000000000000000E-003
 dt_init=   1.0000000000000001E-018 dt=   1.0000000000000001E-018
 Time=  -1.2800000000024023E-013 Intensity=   463.43622111120186     
   4784.6051687726449      < Te <    4825.9156191522034     
   4784.3850193011940      < Th <    4881.4833188295688     
   80.000000000000000      < Ts <   80.000000000000000     
   9195167948715.8145      < Ne <   9199317931244.0566     
   9195167948715.8125      < Nh <   9199317931074.9414     
 CFL_Te=   1.8046347980392441E-003 maxCFL_Ne=   1.3930466690374394E-003 maxCFL_Ts=   5.1020110945368359E-004 CPU=   660.87917252262309      NumThreads=                    4 Elapsed time=   6.0525435908832075E-003
 CFL_Limit=   1.0000000000000000E-003
 dt_init=   1.0000000000000001E-018 dt=   1.0000000000000001E-018
 Time=  -1.2700000000024356E-013 Intensity=   720.93830669028659     
   4784.2853818364074      < Te <    4826.1585579241355     
   4784.0554347629541      < Th <    4899.8685867798304     
   80.000000000000000      < Ts <   80.000000000000000     
   14413297836151.133      < Ne <   14419753669892.436     
   14413297836151.131      < Nh <   14419753669625.938     
 CFL_Te=   1.8045106183457646E-003 maxCFL_Ne=   1.3929508113571171E-003 maxCFL_Ts=   5.1020110945368359E-004 CPU=   660.76892601585109      NumThreads=                    4 Elapsed time=   6.0535534322387983E-003
 CFL_Limit=   1.0000000000000000E-003
 dt_init=   1.0000000000000001E-018 dt=   1.0000000000000001E-018
 Time=  -1.2600000000024690E-013 Intensity=   1117.6377956527222     
   4783.9498001896272      < Te <    4830.6257065096142     
   4783.7175820913471      < Th <    4896.8095282303921     
   80.000000000000000      < Ts <   80.000000000000000     
   22515744299724.465      < Ne <   22525752500547.648     
   22515744299724.465      < Nh <   22525752500138.762     
 CFL_Te=   1.8043847508453907E-003 maxCFL_Ne=   1.3928536508111364E-003 maxCFL_Ts=   5.1020110945368359E-004 CPU=   660.66562282468442      NumThreads=                    4 Elapsed time=   6.0544999797294561E-003
 CFL_Limit=   1.0000000000000000E-003
 dt_init=   1.0000000000000001E-018 dt=   1.0000000000000001E-018
 Time=  -1.2500000000025024E-013 Intensity=   1726.6285113882675     
   4783.6111564668818      < Te <    4828.8694410585722     
   4783.3780149804843      < Th <    4887.7219557087465     
   80.000000000000000      < Ts <   80.000000000000000     
   35053295964966.539      < Ne <   35068757557370.945     
   35053295964966.539      < Nh <   35068757556738.934     
 CFL_Te=   1.8042571611680232E-003 maxCFL_Ne=   1.3927551608691805E-003 maxCFL_Ts=   5.1020110945368359E-004 CPU=   660.57211187129883      NumThreads=                    4 Elapsed time=   6.0553570580941084E-003
 CFL_Limit=   1.0000000000000000E-003
 dt_init=   1.0000000000000001E-018 dt=   1.0000000000000001E-018
 Time=  -1.2400000000025357E-013 Intensity=   2658.2240688393576     
   4783.2614970043196      < Te <    4825.1245438468786     
   4783.0384493507136      < Th <    4882.8208875929004     
   80.000000000000000      < Ts <   80.000000000000000     
   54386533278148.875      < Ne <   54410337222257.719     
   54386533278148.875      < Nh <   54410337221312.594     
 CFL_Te=   1.8041278136277830E-003 maxCFL_Ne=   1.3926553139848590E-003 maxCFL_Ts=   5.1020110945368359E-004 CPU=   660.46721100628167      NumThreads=                    4 Elapsed time=   6.0563188199844733E-003
 CFL_Limit=   1.0000000000000000E-003
 dt_init=   1.0000000000000001E-018 dt=   1.0000000000000001E-018
 Time=  -1.2300000000025691E-013 Intensity=   4078.2994800764554     
   4782.9189770669882      < Te <    4822.4950427088852     
   4782.6903106072859      < Th <    4886.1070428034209     
   80.000000000000000      < Ts <   80.000000000000000     
   84095784678834.500      < Ne <   84132305076700.891     
   84095784678834.500      < Nh <   84132305075206.344     
 CFL_Te=   1.8039966713236694E-003 maxCFL_Ne=   1.3925540816735235E-003 maxCFL_Ts=   5.1020110945368359E-004 CPU=   660.37465672052042      NumThreads=                    4 Elapsed time=   6.0571676385407607E-003
 CFL_Limit=   1.0000000000000000E-003
 dt_init=   1.0000000000000001E-018 dt=   1.0000000000000001E-018
 Time=  -1.2200000000026025E-013 Intensity=   6235.3594163176358     
   4782.5687097487171      < Te <    4821.7890513872162     
   4782.3355819847802      < Th <    4884.7772488274086     
   80.000000000000000      < Ts <   80.000000000000000     
   129591879091893.34      < Ne <   129647715519291.53     
   129591879091893.34      < Nh <   129647715516965.03     
 CFL_Te=   1.8038636961884387E-003 maxCFL_Ne=   1.3924514345501407E-003 maxCFL_Ts=   5.1020110945368359E-004 CPU=   660.26869246696413      NumThreads=                    4 Elapsed time=   6.0581397325606742E-003
 CFL_Limit=   1.0000000000000000E-003
 dt_init=   1.0000000000000001E-018 dt=   1.0000000000000001E-018
 Time=  -1.2100000000026358E-013 Intensity=   9500.3306333555556     
   4782.2117176722195      < Te <    4822.9707929268352     
   4781.9832566736577      < Th <    4885.8148779707171     
   80.000000000000000      < Ts <   80.000000000000000     
   199022620847852.00      < Ne <   199107694493287.28     
   199022620847852.00      < Nh <   199107694489805.38     
 CFL_Te=   1.8037288490051944E-003 maxCFL_Ne=   1.3923473423421604E-003 maxCFL_Ts=   5.1020110945368359E-004 CPU=   660.18676380944805      NumThreads=                    4 Elapsed time=   6.0588915429309236E-003
 CFL_Limit=   1.0000000000000000E-003
 dt_init=   1.0000000000000001E-018 dt=   1.0000000000000001E-018
 Time=  -1.2000000000026692E-013 Intensity=   14424.833136721963     
   4781.8430645116969      < Te <    4826.2917447069049     
   4781.6120124905501      < Th <    4895.9824565001281     
   80.000000000000000      < Ts <   80.000000000000000     
   304613103359677.62      < Ne <   304742275558208.00     
   304613103359677.62      < Nh <   304742275552796.75     
 CFL_Te=   1.8035920894033473E-003 maxCFL_Ne=   1.3922417738864074E-003 maxCFL_Ts=   5.1020110945368359E-004 CPU=   660.09837742366346      NumThreads=                    4 Elapsed time=   6.0597028212852665E-003
 CFL_Limit=   1.0000000000000000E-003
 dt_init=   1.0000000000000001E-018 dt=   1.0000000000000001E-018
 Time=  -1.1900000000027026E-013 Intensity=   21826.179677817076     
   4781.4679870108785      < Te <    4838.9942402111183     
   4781.2252137439400      < Th <    4895.7924727711143     
   80.000000000000000      < Ts <   80.000000000000000     
   464640015367687.81      < Ne <   464835466547699.31     
   464640015367687.81      < Nh <   464835466538917.50     
 CFL_Te=   1.8034533758412353E-003 maxCFL_Ne=   1.3921346971157308E-003 maxCFL_Ts=   5.1020110945368359E-004 CPU=   659.99952984638242      NumThreads=                    4 Elapsed time=   6.0606103779059003E-003
 CFL_Limit=   1.0000000000000000E-003
 dt_init=   1.0000000000000001E-018 dt=   1.0000000000000001E-018
 Time=  -1.1800000000027359E-013 Intensity=   32910.880694273634     
   4781.0787206481091      < Te <    4839.7983836430931     
   4780.8335584953047      < Th <    4906.2093900430746     
   80.000000000000000      < Ts <   80.000000000000000     
   706328832560704.62      < Ne <   706623549339661.12     
   706328832560704.62      < Nh <   706623549325585.50     
 CFL_Te=   1.8033126655798279E-003 maxCFL_Ne=   1.3920260790386814E-003 maxCFL_Ts=   5.1020110945368359E-004 CPU=   659.91503120156551      NumThreads=                    4 Elapsed time=   6.0613864071513068E-003
 CFL_Limit=   1.0000000000000000E-003
 dt_init=   1.0000000000000001E-018 dt=   1.0000000000000001E-018
 Time=  -1.1700000000027693E-013 Intensity=   49453.397363885415     
   4780.6888805092794      < Te <    4832.2328283173529     
   4780.4472065602331      < Th <    4884.8615210602547     
   80.000000000000000      < Ts <   80.000000000000000     
   1070089190755271.6      < Ne <   1070532049412922.6     
   1070089190755271.5      < Nh <   1070532049390691.4     
 CFL_Te=   1.8031699146502287E-003 maxCFL_Ne=   1.3919158857144608E-003 maxCFL_Ts=   5.1020110945368359E-004 CPU=   659.83031821694203      NumThreads=                    4 Elapsed time=   6.0621646043928241E-003
 CFL_Limit=   1.0000000000000000E-003
 dt_init=   1.0000000000000001E-018 dt=   1.0000000000000001E-018
 Time=  -1.1600000000028026E-013 Intensity=   74053.844592670546     
   4780.3083350404304      < Te <    4830.0990743054826     
   4780.0702714687823      < Th <    4884.1531948962602     
   80.000000000000000      < Ts <   80.000000000000000     
   1615683036091088.0      < Ne <   1616346193028405.5     
   1615683036091088.0      < Nh <   1616346192994052.0     
 CFL_Te=   1.8030250778166956E-003 maxCFL_Ne=   1.3918040822243339E-003 maxCFL_Ts=   5.1020110945368359E-004 CPU=   659.74391621146231      NumThreads=                    4 Elapsed time=   6.0629585233157538E-003
 CFL_Limit=   1.0000000000000000E-003
 dt_init=   1.0000000000000001E-018 dt=   1.0000000000000001E-018
 Time=  -1.1500000000028360E-013 Intensity=   110508.05584217943     
   4779.9073665146198      < Te <    4838.0871140263289     
   4779.6776999962431      < Th <    4893.7849215876995     
   80.000000000000000      < Ts <   80.000000000000000     
   2431173407161619.0      < Ne <   2432163022221411.5     
   2431173407161619.0      < Nh <   2432163022169932.0     
 CFL_Te=   1.8028781085361123E-003 maxCFL_Ne=   1.3916906326403931E-003 maxCFL_Ts=   5.1020110945368359E-004 CPU=   659.66345475985474      NumThreads=                    4 Elapsed time=   6.0636980435063940E-003
 CFL_Limit=   1.0000000000000000E-003
 dt_init=   1.0000000000000001E-018 dt=   1.0000000000000001E-018
 Time=  -1.1400000000028694E-013 Intensity=   164336.90995111573     
   4779.4970198516503      < Te <    4839.6705175446805     
   4779.2799081762350      < Th <    4901.2471547969299     
   80.000000000000000      < Ts <   80.000000000000000     
   3645857918227929.5      < Ne <   3647329594368370.0     
   3645857918227929.5      < Nh <   3647329594291801.0     
 CFL_Te=   1.8027289589145285E-003 maxCFL_Ne=   1.3915754999919904E-003 maxCFL_Ts=   5.1020110945368359E-004 CPU=   659.57351653072965      NumThreads=                    4 Elapsed time=   6.0645248781962570E-003
 CFL_Limit=   1.0000000000000000E-003
 dt_init=   1.0000000000000001E-018 dt=   1.0000000000000001E-018
 Time=  -1.1300000000029027E-013 Intensity=   243540.47277285621     
   4779.0807441719180      < Te <    4843.8283423998000     
   4778.8517704972091      < Th <    4907.6352398169101     
   80.000000000000000      < Ts <   80.000000000000000     
   5448889904119529.0      < Ne <   5451070891636131.0     
   5448889904119529.0      < Nh <   5451070891508739.0     
 CFL_Te=   1.8025775796611807E-003 maxCFL_Ne=   1.3914586462302290E-003 maxCFL_Ts=   5.1020110945368359E-004 CPU=   659.49510309023788      NumThreads=                    4 Elapsed time=   6.0652459453556925E-003
 CFL_Limit=   1.0000000000000000E-003
 dt_init=   1.0000000000000001E-018 dt=   1.0000000000000001E-018
 Time=  -1.1200000000029361E-013 Intensity=   359668.18468342372     
   4778.6672870808561      < Te <    4843.1359813516565     
   4778.4100873481902      < Th <    4921.0022261571930     
   80.000000000000000      < Ts <   80.000000000000000     
   8115985916945374.0      < Ne <   8119206886313645.0     
   8115985916945375.0      < Nh <   8119206886089423.0     
 CFL_Te=   1.8024239200401099E-003 maxCFL_Ne=   1.3913400321906358E-003 maxCFL_Ts=   5.1020110945368359E-004 CPU=   659.41201424613655      NumThreads=                    4 Elapsed time=   6.0660101932976506E-003
 CFL_Limit=   1.0000000000000000E-003
 dt_init=   1.0000000000000001E-018 dt=   1.0000000000000001E-018
 Time=  -1.1100000000029695E-013 Intensity=   529331.51455927780     
   4778.2479724710638      < Te <    4838.1769081100983     
   4777.9715198494432      < Th <    4915.7360920621950     
   80.000000000000000      < Ts <   80.000000000000000     
   12047584325057872.      < Ne <   12052324722814426.     
   12047584325057874.      < Nh <   12052324722441682.     
 CFL_Te=   1.8022679278194597E-003 maxCFL_Ne=   1.3912196175540164E-003 maxCFL_Ts=   5.1020110945368359E-004 CPU=   659.33639953515899      NumThreads=                    4 Elapsed time=   6.0667058618636164E-003
 CFL_Limit=   1.0000000000000000E-003
 dt_init=   1.0000000000000001E-018 dt=   1.0000000000000001E-018
 Time=  -1.1000000000030028E-013 Intensity=   776333.50412123953     
   4777.8380971411007      < Te <    4825.7177872587208     
   4777.5376335337905      < Th <    4909.3892913639029     
   80.000000000000114      < Ts <   80.000000000000114     
   17823155396986588.      < Ne <   17830107774546914.     
   17823155396986590.      < Nh <   17830107773934418.     
 CFL_Te=   1.8021095492185720E-003 maxCFL_Ne=   1.3910973608055972E-003 maxCFL_Ts=   5.1020110945368370E-004 CPU=   659.25718792069779      NumThreads=                    4 Elapsed time=   6.0674347937199292E-003
 CFL_Limit=   1.0000000000000000E-003
 dt_init=   1.0000000000000001E-018 dt=   1.0000000000000001E-018
 Time=  -1.0900000000030362E-013 Intensity=   1134654.8075546226     
   4777.4157148346694      < Te <    4833.8643726547652     
   4777.1159754864902      < Th <    4901.5498044129808     
   80.000000000000114      < Ts <   80.000000000000114     
   26278201810853176.      < Ne <   26288363088181380.     
   26278201810853176.      < Nh <   26288363087279336.     
 CFL_Te=   1.8019487288537649E-003 maxCFL_Ne=   1.3909732191923578E-003 maxCFL_Ts=   5.1020110945368370E-004 CPU=   659.18656751353467      NumThreads=                    4 Elapsed time=   6.0680848141188353E-003
 CFL_Limit=   1.0000000000000000E-003
 dt_init=   1.0000000000000001E-018 dt=   1.0000000000000001E-018
 Time=  -1.0800000000030696E-013 Intensity=   1652623.9253586698     
   4776.9879052127135      < Te <    4833.3575973818051     
   4776.7101014417076      < Th <    4883.7006674651002     
   80.000000000001180      < Ts <   80.000000000002842     
   38613008316029848.      < Ne <   38627808180152056.     
   38613008316029848.      < Nh <   38627808178920808.     
 CFL_Te=   1.8017854096829132E-003 maxCFL_Ne=   1.3908471486785959E-003 maxCFL_Ts=   5.1020110945368684E-004 CPU=   659.11657144179492      NumThreads=                    4 Elapsed time=   6.0687292253176657E-003
 CFL_Limit=   1.0000000000000000E-003
 dt_init=   1.0000000000000001E-018 dt=   1.0000000000000001E-018
 Time=  -1.0700000000031029E-013 Intensity=   2398717.8343097451     
   4776.5460382736301      < Te <    4835.2677372759799     
   4776.2848090653970      < Th <    4888.3770774095628     
   80.000000000035541      < Ts <   80.000000000039464     
   56545637495358224.      < Ne <   56567118969383608.     
   56545637495358216.      < Nh <   56567118967692592.     
 CFL_Te=   1.8016195329409927E-003 maxCFL_Ne=   1.3907191038996097E-003 maxCFL_Ts=   5.1020110945378865E-004 CPU=   659.04522744024689      NumThreads=                    4 Elapsed time=   6.0693861869482463E-003
 CFL_Limit=   1.0000000000000000E-003
 dt_init=   1.0000000000000001E-018 dt=   1.0000000000000001E-018
 Time=  -1.0600000000031363E-013 Intensity=   3469597.8688117159     
   4776.0894547486996      < Te <    4840.5239642954093     
   4775.8478981390226      < Th <    4884.0190875994194     
   80.000000000080860      < Ts <   80.000000000087482     
   82526339199276304.      < Ne <   82557411086316368.     
   82526339199276288.      < Nh <   82557411084016624.     
 CFL_Te=   1.8014510380726591E-003 maxCFL_Ne=   1.3907929754838832E-003 maxCFL_Ts=   5.1020110945392070E-004 CPU=   658.96517692672410      NumThreads=                    4 Elapsed time=   6.0701234906754319E-003
 CFL_Limit=   1.0000000000000000E-003
 dt_init=   1.0000000000000001E-018 dt=   1.0000000000000001E-018
 Time=  -1.0500000000031696E-013 Intensity=   5001197.1000020979     
   4775.6210674117710      < Te <    4839.8871516361851     
   4775.3930371246124      < Th <    4896.6052589209012     
   80.000000000146372      < Ts <   80.000000000158323     
   1.2003685767131434E+017 < Ne <   1.2008164628262570E+017
   1.2003685767131434E+017 < Nh <   1.2008164627939426E+017
 CFL_Te=   1.8012798626832849E-003 maxCFL_Ne=   1.3905049938908618E-003 maxCFL_Ts=   5.1020110945411402E-004 CPU=   658.89001003286774      NumThreads=                    4 Elapsed time=   6.0708159770102845E-003
 CFL_Limit=   1.0000000000000000E-003
 dt_init=   1.0000000000000001E-018 dt=   1.0000000000000001E-018
 Time=  -1.0400000000032030E-013 Intensity=   7183955.7564026807     
   4775.1567502727667      < Te <    4835.6617887665980     
   4774.9046138901513      < Th <    4900.4280505101970     
   80.000000000240064      < Ts <   80.000000000258552     
   1.7400662419956170E+017 < Ne <   1.7407096095612717E+017
   1.7400662419956170E+017 < Nh <   1.7407096095083949E+017
 CFL_Te=   1.8011059451609442E-003 maxCFL_Ne=   1.3903374309807467E-003 maxCFL_Ts=   5.1020110945438940E-004 CPU=   658.81223001842363      NumThreads=                    4 Elapsed time=   6.0715327034656600E-003
 CFL_Limit=   1.0000000000000000E-003
 dt_init=   1.0000000000000001E-018 dt=   1.0000000000000001E-018
 Time=  -1.0300000000032364E-013 Intensity=   10283671.077769637     
   4774.6980066344777      < Te <    4823.9618893346078     
   4774.4305628807979      < Th <    4891.1472984230923     
   80.000000000373305      < Ts <   80.000000000401570     
   2.5138921991080986E+017 < Ne <   2.5148131609646240E+017
   2.5138921991080982E+017 < Nh <   2.5148131608827098E+017
 CFL_Te=   1.8009292304976803E-003 maxCFL_Ne=   1.3901876301294703E-003 maxCFL_Ts=   5.1020110945478178E-004 CPU=   658.72750360839541      NumThreads=                    4 Elapsed time=   6.0723136320992993E-003
 CFL_Limit=   1.0000000000000000E-003
 dt_init=   1.0000000000000001E-018 dt=   1.0000000000000001E-018
 Time=  -1.0200000000032697E-013 Intensity=   14669913.588145595     
   4774.2320205878350      < Te <    4824.3900595985087     
   4773.9509912951671      < Th <    4900.5042393863623     
   80.000000000565493      < Ts <   80.000000000605269     
   3.6195769747243526E+017 < Ne <   3.6208907426898317E+017
   3.6195769747243526E+017 < Nh <   3.6208907425675053E+017
 CFL_Te=   1.8007496529357690E-003 maxCFL_Ne=   1.3900483600767894E-003 maxCFL_Ts=   5.1020110945534231E-004 CPU=   658.64760402761215      NumThreads=                    4 Elapsed time=   6.0730502556148522E-003
 CFL_Limit=   1.0000000000000000E-003
 dt_init=   1.0000000000000001E-018 dt=   1.0000000000000001E-018
 Time=  -1.0100000000033031E-013 Intensity=   20854596.145682670     
   4773.7584098729030      < Te <    4827.5565505562554     
   4773.4563798370491      < Th <    4900.6567633205177     
   80.000000000841084      < Ts <   80.000000000899433     
   5.1939754046908710E+017 < Ne <   5.1958430326639162E+017
   5.1939754046908710E+017 < Nh <   5.1958430324799910E+017
 CFL_Te=   1.8005671281308146E-003 maxCFL_Ne=   1.3899936411223177E-003 maxCFL_Ts=   5.1020110945614950E-004 CPU=   658.56044081900154      NumThreads=                    4 Elapsed time=   6.0738540490307986E-003
 CFL_Limit=   1.0000000000000000E-003
 dt_init=   1.0000000000000001E-018 dt=   1.0000000000000001E-018
 Time=  -1.0000000000033365E-013 Intensity=   29544106.652997654     
   4773.2597137323273      < Te <    4827.4072721313460     
   4772.9476812275216      < Th <    4898.5766255289609     
   80.000000001234085      < Ts <   80.000000001317815     
   7.4280272542991206E+017 < Ne <   7.4306730855608717E+017
   7.4280272542991219E+017 < Nh <   7.4306730852928013E+017
 CFL_Te=   1.8003815705997877E-003 maxCFL_Ne=   1.3897934165029398E-003 maxCFL_Ts=   5.1020110945729756E-004 CPU=   658.46864565822079      NumThreads=                    4 Elapsed time=   6.0747007870078692E-003
 CFL_Limit=   1.0000000000000000E-003
 dt_init=   1.0000000000000001E-018 dt=   1.0000000000000001E-018
 Time=  -9.9000000000336983E-014 Intensity=   41709481.477622546     
   4772.7596051432920      < Te <    4825.1080416227460     
   4772.4449252854020      < Th <    4888.4903534530631     
   80.000000001797673      < Ts <   80.000000001914941     
   1.0587154585377521E+018 < Ne <   1.0590889896377688E+018
   1.0587154585377522E+018 < Nh <   1.0590889895993230E+018
 CFL_Te=   1.8001929086505144E-003 maxCFL_Ne=   1.3896273386298757E-003 maxCFL_Ts=   5.1020110945893741E-004 CPU=   658.38027458695899      NumThreads=                    4 Elapsed time=   6.0755161635263708E-003
 CFL_Limit=   1.0000000000000000E-003
 dt_init=   1.0000000000000001E-018 dt=   1.0000000000000001E-018
 Time=  -9.8000000000340320E-014 Intensity=   58680468.053666398     
   4772.2415255613150      < Te <    4835.9441577669895     
   4771.9527037796815      < Th <    4878.1970209984447     
   80.000000002593438      < Ts <   80.000000002759947     
   1.5038961252354337E+018 < Ne <   1.5044216452922232E+018
   1.5038961252354337E+018 < Nh <   1.5044216452415560E+018
 CFL_Te=   1.8000010771962909E-003 maxCFL_Ne=   1.3894694320531786E-003 maxCFL_Ts=   5.1020110946125934E-004 CPU=   658.29322171961303      NumThreads=                    4 Elapsed time=   6.0763195913685420E-003
 CFL_Limit=   1.0000000000000000E-003
 dt_init=   1.0000000000000001E-018 dt=   1.0000000000000001E-018
 Time=  -9.7000000000343656E-014 Intensity=   82271079.851560473     
   4771.6975396201078      < Te <    4848.3455915965806     
   4771.4472657858551      < Th <    4882.3972509765645     
   80.000000003720928      < Ts <   80.000000003961716     
   2.1290698868477980E+018 < Ne <   2.1298066916206377E+018
   2.1290698868477980E+018 < Nh <   2.1298066915564196E+018
 CFL_Te=   1.7998059935721384E-003 maxCFL_Ne=   1.3893188677015151E-003 maxCFL_Ts=   5.1020110946455055E-004 CPU=   658.20846833707503      NumThreads=                    4 Elapsed time=   6.0771020009903007E-003
 CFL_Limit=   1.0000000000000000E-003
 dt_init=   1.0000000000000001E-018 dt=   1.0000000000000001E-018
 Time=  -9.6000000000346993E-014 Intensity=   114946479.92309830     
   4771.1506070161504      < Te <    4836.3318327910793     
   4770.9179230675300      < Th <    4894.2475101182090     
   80.000000005305836      < Ts <   80.000000005656034     
   3.0039740272185836E+018 < Ne <   3.0050034859122422E+018
   3.0039740272185836E+018 < Nh <   3.0050034858234516E+018
 CFL_Te=   1.7996075637863374E-003 maxCFL_Ne=   1.3891657197718540E-003 maxCFL_Ts=   5.1020110946919483E-004 CPU=   658.12316289718046      NumThreads=                    4 Elapsed time=   6.0778897104779850E-003
 CFL_Limit=   1.0000000000000000E-003
 dt_init=   1.0000000000000001E-018 dt=   1.0000000000000001E-018
 Time=  -9.5000000000350329E-014 Intensity=   160043855.31729019     
   4770.6087565240678      < Te <    4836.4989956701420     
   4770.3815918168284      < Th <    4881.1457709944843     
   80.000000007543051      < Ts <   80.000000008044822     
   4.2241303743885220E+018 < Ne <   4.2255637361509699E+018
   4.2241303743885220E+018 < Nh <   4.2255637360232192E+018
 CFL_Te=   1.7994056964941538E-003 maxCFL_Ne=   1.3890099223391194E-003 maxCFL_Ts=   5.1020110947573279E-004 CPU=   658.03495713962081      NumThreads=                    4 Elapsed time=   6.0787044162325353E-003
 CFL_Limit=   1.0000000000000000E-003
 dt_init=   1.0000000000000001E-018 dt=   1.0000000000000001E-018
 Time=  -9.4000000000353665E-014 Intensity=   222063501.29492137     
   4770.0612380184148      < Te <    4833.8220171335906     
   4769.8370315495549      < Th <    4885.4423614543375     
   80.000000010682967      < Ts <   80.000000011394150     
   5.9198958045951447E+018 < Ne <   5.9218846287135212E+018
   5.9198958045951447E+018 < Nh <   5.9218846285301053E+018
 CFL_Te=   1.7992003049302247E-003 maxCFL_Ne=   1.3888514083146191E-003 maxCFL_Ts=   5.1020110948494601E-004 CPU=   657.95388974983814      NumThreads=                    4 Elapsed time=   6.0794533816356756E-003
 CFL_Limit=   1.0000000000000000E-003
 dt_init=   1.0000000000000001E-018 dt=   1.0000000000000001E-018
 Time=  -9.3000000000357002E-014 Intensity=   307050784.68967545     
   4769.5083707512267      < Te <    4830.4375943518480     
   4769.2679375697435      < Th <    4897.8814338800876     
   80.000000015089114      < Ts <   80.000000016079284     
   8.2685082293470996E+018 < Ne <   8.2712582146473032E+018
   8.2685082293470996E+018 < Nh <   8.2712582143660923E+018
 CFL_Te=   1.7989913033049699E-003 maxCFL_Ne=   1.3886901088055277E-003 maxCFL_Ts=   5.1020110949779435E-004 CPU=   657.87009580908443      NumThreads=                    4 Elapsed time=   6.0802277311002902E-003
 CFL_Limit=   1.0000000000000000E-003
 dt_init=   1.0000000000000001E-018 dt=   1.0000000000000001E-018
 Time=  -9.2000000000360338E-014 Intensity=   423095192.00701851     
   4768.9483128850097      < Te <    4828.0073722245688     
   4768.6893294155634      < Th <    4888.0151566365066     
   80.000000021224352      < Ts <   80.000000022596709     
   1.1510054410248466E+019 < Ne <   1.1513843703916636E+019
   1.1510054410248466E+019 < Nh <   1.1513843703490359E+019
 CFL_Te=   1.7987786032681095E-003 maxCFL_Ne=   1.3885259527353679E-003 maxCFL_Ts=   5.1020110951566038E-004 CPU=   657.79067885075813      NumThreads=                    4 Elapsed time=   6.0809618144612452E-003
 CFL_Limit=   1.0000000000000000E-003
 dt_init=   1.0000000000000001E-018 dt=   1.0000000000000001E-018
 Time=  -9.1000000000363675E-014 Intensity=   580979513.56964755     
   4768.3735885880069      < Te <    4834.5119894804120     
   4768.1176421379014      < Th <    4878.2497562891667     
   80.000000029709554      < Ts <   80.000000031643339     
   1.5968550138749872E+019 < Ne <   1.5973753482248428E+019
   1.5968550138749872E+019 < Nh <   1.5973753481658255E+019
 CFL_Te=   1.7985621119219030E-003 maxCFL_Ne=   1.3883588666276766E-003 maxCFL_Ts=   5.1020110954044806E-004 CPU=   657.69189967126965      NumThreads=                    4 Elapsed time=   6.0818751181203490E-003
 CFL_Limit=   1.0000000000000000E-003
 dt_init=   1.0000000000000001E-018 dt=   1.0000000000000001E-018
 Time=  -9.0000000000367011E-014 Intensity=   795020627.86572671     
   4767.7788909196270      < Te <    4838.7140652113230     
   4767.5447707025751      < Th <    4868.0599174992312     
   80.000000041499320      < Ts <   80.000000044203205     
   2.2079655610306941E+019 < Ne <   2.2086776019533591E+019
   2.2079655610306941E+019 < Nh <   2.2086776018772718E+019
 CFL_Te=   1.7983417316510559E-003 maxCFL_Ne=   1.3881887744854324E-003 maxCFL_Ts=   5.1020110957479374E-004 CPU=   657.61253118613797      NumThreads=                    4 Elapsed time=   6.0826091509922813E-003
 CFL_Limit=   1.0000000000000000E-003
 dt_init=   1.0000000000000001E-018 dt=   1.0000000000000001E-018
 Time=  -8.9000000000370348E-014 Intensity=   1084153623.5544016     
   4767.1813462542414      < Te <    4825.2831878903344     
   4766.9707269332175      < Th <    4870.6556283295859     
   80.000000057683465      < Ts <   80.000000061516673     
   3.0426964531422196E+019 < Ne <   3.0436674543195853E+019
   3.0426964531422196E+019 < Nh <   3.0436674542230995E+019
 CFL_Te=   1.7981173606338580E-003 maxCFL_Ne=   1.3880155977249143E-003 maxCFL_Ts=   5.1020110962235433E-004 CPU=   657.53962444262322      NumThreads=                    4 Elapsed time=   6.0832835791313437E-003
 CFL_Limit=   1.0000000000000000E-003
 dt_init=   1.0000000000000001E-018 dt=   1.0000000000000001E-018
 Time=  -8.8000000000373684E-014 Intensity=   1473323459.8778813     
   4766.5836870826142      < Te <    4825.2933349667928     
   4766.3651630883160      < Th <    4879.6844852718905     
   80.000000080121907      < Ts <   80.000000085281911     
   4.1789322729129755E+019 < Ne <   4.1802518221923271E+019
   4.1789322729129755E+019 < Nh <   4.1802518220547080E+019
 CFL_Te=   1.7978888932566805E-003 maxCFL_Ne=   1.3878392551411930E-003 maxCFL_Ts=   5.1020110968782626E-004 CPU=   657.46224320221893      NumThreads=                    4 Elapsed time=   6.0839995624960928E-003
 CFL_Limit=   1.0000000000000000E-003
 dt_init=   1.0000000000000001E-018 dt=   1.0000000000000001E-018
 Time=  -8.7000000000377020E-014 Intensity=   1995263384.2989130     
   4765.9715890897915      < Te <    4823.7802127345249     
   4765.7423363348771      < Th <    4870.5269061323779     
   80.000000110718759      < Ts <   80.000000117826801     
   5.7202272000806838E+019 < Ne <   5.7220142116043653E+019
   5.7202272000806838E+019 < Nh <   5.7220142114081063E+019
 CFL_Te=   1.7976562203372273E-003 maxCFL_Ne=   1.3876596628949244E-003 maxCFL_Ts=   5.1020110977731317E-004 CPU=   657.38682103626536      NumThreads=                    4 Elapsed time=   6.0846975813945254E-003
 CFL_Limit=   1.0000000000000000E-003
 dt_init=   1.0000000000000001E-018 dt=   1.0000000000000001E-018
 Time=  -8.6000000000380357E-014 Intensity=   2692757295.9581451     
   4765.3411942519706      < Te <    4825.7535933372792     
   4765.1063431983666      < Th <    4880.9052930332009     
   80.000000152634286      < Ts <   80.000000162312404     
   7.8037502276186341E+019 < Ne <   7.8061619446569632E+019
   7.8037502276186341E+019 < Nh <   7.8061619443838812E+019
 CFL_Te=   1.7974192292473927E-003 maxCFL_Ne=   1.3874767345178360E-003 maxCFL_Ts=   5.1020110989969834E-004 CPU=   657.31573401529329      NumThreads=                    4 Elapsed time=   6.0853556259265421E-003
 CFL_Limit=   1.0000000000000000E-003
 dt_init=   1.0000000000000001E-018 dt=   1.0000000000000001E-018
 Time=  -8.5000000000383693E-014 Intensity=   3621504588.3236284     
   4764.6924918247369      < Te <    4829.2070891146413     
   4764.4489883540764      < Th <    4878.0915691858909     
   80.000000209726608      < Ts <   80.000000222908696     
   1.0610515816905467E+020 < Ne <   1.0613759382358498E+020
   1.0610515816905467E+020 < Nh <   1.0613759381972446E+020
 CFL_Te=   1.7971778040065446E-003 maxCFL_Ne=   1.3872903809394798E-003 maxCFL_Ts=   5.1020111006612457E-004 CPU=   657.23902617315446      NumThreads=                    4 Elapsed time=   6.0860658614422733E-003
 CFL_Limit=   1.0000000000000000E-003
 dt_init=   1.0000000000000001E-018 dt=   1.0000000000000001E-018
 Time=  -8.4000000000387030E-014 Intensity=   4853731164.6627903     
   4764.0364609291282      < Te <    4825.7581068451000     
   4763.7857714942311      < Th <    4878.6775732457554     
   80.000000286783802      < Ts <   80.000000304926573     
   1.4378501685469472E+020 < Ne <   1.4382848912087189E+020
   1.4378501685469472E+020 < Nh <   1.4382848911542857E+020
 CFL_Te=   1.7969318253823693E-003 maxCFL_Ne=   1.3871005105410197E-003 maxCFL_Ts=   5.1020111029102713E-004 CPU=   657.16208909244210      NumThreads=                    4 Elapsed time=   6.0867783860205690E-003
 CFL_Limit=   1.0000000000000000E-003
 dt_init=   1.0000000000000001E-018 dt=   1.0000000000000001E-018
 Time=  -8.3000000000390366E-014 Intensity=   6482719740.0118294     
   4763.3651622789139      < Te <    4831.8628940258250     
   4763.0988541187180      < Th <    4895.5452188356048     
   80.000000391388767      < Ts <   80.000000416360791     
   1.9419396907496292E+020 < Ne <   1.9425203186166560E+020
   1.9419396907496292E+020 < Nh <   1.9425203185378276E+020
 CFL_Te=   1.7966811710221249E-003 maxCFL_Ne=   1.3869070292446904E-003 maxCFL_Ts=   5.1020111059651204E-004 CPU=   657.08687960162717      NumThreads=                    4 Elapsed time=   6.0874750724365162E-003
 CFL_Limit=   1.0000000000000000E-003
 dt_init=   1.0000000000000001E-018 dt=   1.0000000000000001E-018
 Time=  -8.2000000000393702E-014 Intensity=   8628466652.9902210     
   4762.6809835761915      < Te <    4828.8312731402357     
   4762.4027651253618      < Th <    4883.9307114975290     
   80.000000532261723      < Ts <   80.000000566549062     
   2.6139893402970826E+020 < Ne <   2.6147621606187522E+020
   2.6139893402970826E+020 < Nh <   2.6147621605060687E+020
 CFL_Te=   1.7964257156339134E-003 maxCFL_Ne=   1.3867098406498879E-003 maxCFL_Ts=   5.1020111100762166E-004 CPU=   656.96867000794953      NumThreads=                    4 Elapsed time=   6.0885704031390089E-003
 CFL_Limit=   1.0000000000000000E-003
 dt_init=   1.0000000000000001E-018 dt=   1.0000000000000001E-018
 Time=  -8.1000000000397039E-014 Intensity=   11444711601.408194     
   4761.9929357803048      < Te <    4816.1054836714811     
   4761.6969878295777      < Th <    4886.7369576366827     
   80.000000721178168      < Ts <   80.000000768655681     
   3.5068636574175232E+020 < Ne <   3.5078887206935390E+020
   3.5068636574175232E+020 < Nh <   3.5078887205306080E+020
 CFL_Te=   1.7961653312392571E-003 maxCFL_Ne=   1.3865088462294960E-003 maxCFL_Ts=   5.1020111156082520E-004 CPU=   656.88899966424412      NumThreads=                    4 Elapsed time=   6.0893088513348853E-003
 CFL_Limit=   1.0000000000000000E-003
 dt_init=   1.0000000000000001E-018 dt=   1.0000000000000001E-018
 Time=  -8.0000000000400375E-014 Intensity=   15127631309.328072     
   4761.3003917365750      < Te <    4817.0062345791102     
   4760.9831518835663      < Th <    4881.3665341286833     
   80.000000975288302      < Ts <   80.000001039282040     
   4.6890191018388737E+020 < Ne <   4.6903740234043058E+020
   4.6890191018388737E+020 < Nh <   4.6903740231711339E+020
 CFL_Te=   1.7958998875210507E-003 maxCFL_Ne=   1.3863039456029915E-003 maxCFL_Ts=   5.1020111230280199E-004 CPU=   656.81553742942424      NumThreads=                    4 Elapsed time=   6.0899899165826376E-003
 CFL_Limit=   1.0000000000000000E-003
 dt_init=   1.0000000000000001E-018 dt=   1.0000000000000001E-018
 Time=  -7.9000000000403712E-014 Intensity=   19926538345.339001     
   4760.5867875863432      < Te <    4815.8243486544188     
   4760.2664055980613      < Th <    4880.7294614924449     
   80.000001313284869      < Ts <   80.000001399803182     
   6.2487659846963665E+020 < Ne <   6.2505507253946588E+020
   6.2487659846963665E+020 < Nh <   6.2505507250816981E+020
 CFL_Te=   1.7956292522947792E-003 maxCFL_Ne=   1.3860950369062224E-003 maxCFL_Ts=   5.1020111329242238E-004 CPU=   656.75357165897981      NumThreads=                    4 Elapsed time=   6.0905645170621246E-003
 CFL_Limit=   1.0000000000000000E-003
 dt_init=   1.0000000000000001E-018 dt=   1.0000000000000001E-018
 Time=  -7.8000000000407048E-014 Intensity=   26156982205.223495     
   4759.8611317741070      < Te <    4814.0354824939568     
   4759.5286175064466      < Th <    4881.8092419408558     
   80.000001764852485      < Ts <   80.000001879603744     
   8.2995926245816979E+020 < Ne <   8.3019353970715512E+020
   8.2995926245816979E+020 < Nh <   8.3019353966440297E+020
 CFL_Te=   1.7953532921352196E-003 maxCFL_Ne=   1.3858820172816440E-003 maxCFL_Ts=   5.1020111460876622E-004 CPU=   656.68678835174399      NumThreads=                    4 Elapsed time=   6.0911839113435354E-003
 CFL_Limit=   1.0000000000000000E-003
 dt_init=   1.0000000000000001E-018 dt=   1.0000000000000001E-018
 Time=  -7.7000000000410384E-014 Intensity=   34216711204.134335     
   4759.1200995591689      < Te <    4808.5470355108982     
   4758.7797146947723      < Th <    4877.9264632792483     
   80.000002362824546      < Ts <   80.000002515592968     
   1.0986786856184172E+021 < Ne <   1.0989851501722219E+021
   1.0986786856184172E+021 < Nh <   1.0989851501148714E+021
 CFL_Te=   1.7950718731962005E-003 maxCFL_Ne=   1.3856647835173732E-003 maxCFL_Ts=   5.1020111635785050E-004 CPU=   656.61933227575662      NumThreads=                    4 Elapsed time=   6.0918096732493756E-003
 CFL_Limit=   1.0000000000000000E-003
 dt_init=   1.0000000000000001E-018 dt=   1.0000000000000001E-018
 Time=  -7.6000000000413721E-014 Intensity=   44605020284.252617     
   4758.3616336612213      < Te <    4811.0980329807526     
   4758.0133966812928      < Th <    4877.8262436613941     
   80.000003148993386      < Ts <   80.000003354979114     
   1.4495634022777527E+021 < Ne <   1.4499629109637682E+021
   1.4495634022777527E+021 < Nh <   1.4499629108876225E+021
 CFL_Te=   1.7947848469894662E-003 maxCFL_Ne=   1.3854432210750670E-003 maxCFL_Ts=   5.1020111866413185E-004 CPU=   656.55668873976867      NumThreads=                    4 Elapsed time=   6.0923909063782776E-003
 CFL_Limit=   1.0000000000000000E-003
 dt_init=   1.0000000000000001E-018 dt=   1.0000000000000001E-018
 Time=  -7.5000000000417057E-014 Intensity=   57946080788.916252     
   4757.5828248602738      < Te <    4811.4761165261434     
   4757.2334497388692      < Th <    4875.2361334562129     
   80.000004188906502      < Ts <   80.000004462374534     
   1.9061520724350607E+021 < Ne <   1.9066710746191228E+021
   1.9061520724350607E+021 < Nh <   1.9066710745192687E+021
 CFL_Te=   1.7944921078559492E-003 maxCFL_Ne=   1.3852172484584643E-003 maxCFL_Ts=   5.1020112170282799E-004 CPU=   656.49468680025234      NumThreads=                    4 Elapsed time=   6.0929662957303656E-003
 CFL_Limit=   1.0000000000000000E-003
 dt_init=   1.0000000000000001E-018 dt=   1.0000000000000001E-018
 Time=  -7.4000000000420394E-014 Intensity=   75016922429.376862     
   4756.7942207038996      < Te <    4803.7469558432904     
   4756.4399594839169      < Th <    4874.4302461628668     
   80.000005551715319      < Ts <   80.000005909865536     
   2.4982330318411410E+021 < Ne <   2.4989049321055768E+021
   2.4982330318411404E+021 < Nh <   2.4989049319731432E+021
 CFL_Te=   1.7942652525020845E-003 maxCFL_Ne=   1.3849867669108690E-003 maxCFL_Ts=   5.1020112568922211E-004 CPU=   656.43218681614394      NumThreads=                    4 Elapsed time=   6.0935464170350558E-003
 CFL_Limit=   1.0000000000000000E-003
 dt_init=   1.0000000000000001E-018 dt=   1.0000000000000001E-018
 Time=  -7.3000000000423730E-014 Intensity=   96780813434.073257     
   4755.9955926954754      < Te <    4802.7131204358302     
   4755.6218930392133      < Th <    4876.1086554445092     
   80.000007331655553      < Ts <   80.000007798478180     
   3.2633579497642383E+021 < Ne <   3.2642247776058758E+021
   3.2633579497642378E+021 < Nh <   3.2642247774255275E+021
 CFL_Te=   1.7938889792992107E-003 maxCFL_Ne=   1.3847516780422324E-003 maxCFL_Ts=   5.1020113087704613E-004 CPU=   656.37239753821507      NumThreads=                    4 Elapsed time=   6.0941014811140247E-003
 CFL_Limit=   1.0000000000000000E-003
 dt_init=   1.0000000000000001E-018 dt=   1.0000000000000001E-018
 Time=  -7.2000000000427066E-014 Intensity=   124426860014.13100     
   4755.1715640242182      < Te <    4808.1426901388077     
   4756.2649353435563      < Th <    4866.4396147534007     
   80.000009660330619      < Ts <   80.000010271191130     
   4.2486815491987603E+021 < Ne <   4.2497959964236899E+021
   4.2486815491987598E+021 < Nh <   4.2497959961892912E+021
 CFL_Te=   1.7935784507635718E-003 maxCFL_Ne=   1.3848111646691675E-003 maxCFL_Ts=   5.1020113768896229E-004 CPU=   656.31301130828331      NumThreads=                    4 Elapsed time=   6.0946529035383083E-003
 CFL_Limit=   1.0000000000000000E-003
 dt_init=   1.0000000000000001E-018 dt=   1.0000000000000001E-018
 Time=  -7.1000000000430403E-014 Intensity=   159416717950.19135     
   4754.3230700271106      < Te <    4809.5074749164642     
   4755.0222166400781      < Th <    4878.5022382968409     
   80.000012689361128      < Ts <   80.000013481979920     
   5.5131870174765688E+021 < Ne <   5.5146148740031484E+021
   5.5131870174765688E+021 < Nh <   5.5146148737094422E+021
 CFL_Te=   1.7932615892619435E-003 maxCFL_Ne=   1.3844834445804477E-003 maxCFL_Ts=   5.1020114652194687E-004 CPU=   656.25696423921886      NumThreads=                    4 Elapsed time=   6.0951734121969933E-003
 CFL_Limit=   1.0000000000000000E-003
 dt_init=   1.0000000000000001E-018 dt=   1.0000000000000001E-018
 Time=  -7.0000000000433739E-014 Intensity=   203539373738.42972     
   4753.4600391708454      < Te <    4809.6538276368547     
   4753.0822077862867      < Th <    4876.7132893258531     
   80.000016601832954      < Ts <   80.000017648924597     
   7.1303650323123793E+021 < Ne <   7.1321881044199596E+021
   7.1303650323123793E+021 < Nh <   7.1321881040203683E+021
 CFL_Te=   1.7929384625314999E-003 maxCFL_Ne=   1.3841749359824219E-003 maxCFL_Ts=   5.1020115791919611E-004 CPU=   656.19768565675156      NumThreads=                    4 Elapsed time=   6.0957240286463737E-003
 CFL_Limit=   1.0000000000000000E-003
 dt_init=   1.0000000000000001E-018 dt=   1.0000000000000001E-018
 Time=  -6.9000000000437076E-014 Intensity=   258975005990.62750     
   4752.5819449513565      < Te <    4807.3993811514265     
   4752.2001860633609      < Th <    4873.0617503049025     
   80.000021656339243      < Ts <   80.000023007430940     
   9.1914231423929617E+021 < Ne <   9.1937427654964444E+021
   9.1914231423929617E+021 < Nh <   9.1937427649712599E+021
 CFL_Te=   1.7926090017365277E-003 maxCFL_Ne=   1.3838783538188009E-003 maxCFL_Ts=   5.1020117265881872E-004 CPU=   656.14750587018898      NumThreads=                    4 Elapsed time=   6.0961902075588369E-003
 CFL_Limit=   1.0000000000000000E-003
 dt_init=   1.0000000000000001E-018 dt=   1.0000000000000001E-018
 Time=  -6.8000000000440412E-014 Intensity=   328368974519.18756     
   4750.3811387743017      < Te <    4803.3596190900216     
   4751.3055037579534      < Th <    4870.0772485045254     
   80.000028178856496      < Ts <   80.000029931645187     
   1.1809111473302662E+022 < Ne <   1.1812052690088881E+022
   1.1809111473302660E+022 < Nh <   1.1812052689407210E+022
 CFL_Te=   1.7912899334248905E-003 maxCFL_Ne=   1.3832463478988301E-003 maxCFL_Ts=   5.1020119167307992E-004 CPU=   656.09577361025129      NumThreads=                    4 Elapsed time=   6.0966708838703322E-003
 CFL_Limit=   1.0000000000000000E-003
 dt_init=   1.0000000000000001E-018 dt=   1.0000000000000001E-018
 Time=  -6.7000000000443749E-014 Intensity=   414916998789.12958     
   4750.6735582788151      < Te <    4799.4120406580150     
   4750.3851974464733      < Th <    4872.9138335366461     
   80.000036535186595      < Ts <   80.000038797568251     
   1.5122260210072657E+022 < Ne <   1.5125976659454895E+022
   1.5122260210072657E+022 < Nh <   1.5125976658537756E+022
 CFL_Te=   1.7919704298262416E-003 maxCFL_Ne=   1.3833025256247853E-003 maxCFL_Ts=   5.1020121603257080E-004 CPU=   656.03558515693680      NumThreads=                    4 Elapsed time=   6.0972302272949419E-003
 CFL_Limit=   1.0000000000000000E-003
 dt_init=   1.0000000000000001E-018 dt=   1.0000000000000001E-018
 Time=  -6.6000000000447085E-014 Intensity=   522462572428.35266     
   4749.7843061260355      < Te <    4799.2043564322557     
   4749.4566058046375      < Th <    4868.4393951857255     
   80.000047191982475      < Ts <   80.000050158766769     
   1.9301133729776062E+022 < Ne <   1.9305813463396795E+022
   1.9301133729776066E+022 < Nh <   1.9305813462180321E+022
 CFL_Te=   1.7914947102057746E-003 maxCFL_Ne=   1.3830174359229163E-003 maxCFL_Ts=   5.1020124728126442E-004 CPU=   655.97944325233573      NumThreads=                    4 Elapsed time=   6.0977520578511775E-003
 CFL_Limit=   1.0000000000000000E-003
 dt_init=   1.0000000000000001E-018 dt=   1.0000000000000001E-018
 Time=  -6.5000000000450421E-014 Intensity=   655607608773.53748     
   4748.2567838927062      < Te <    4796.7225650515848     
   4748.5158687003131      < Th <    4864.8313301001190     
   80.000060738006255      < Ts <   80.000064576984698     
   2.4553715496526620E+022 < Ne <   2.4559587839789754E+022
   2.4553715496526625E+022 < Nh <   2.4559587838234817E+022
 CFL_Te=   1.7907490448593867E-003 maxCFL_Ne=   1.3825563120165097E-003 maxCFL_Ts=   5.1020128698658896E-004 CPU=   655.92819074307636      NumThreads=                    4 Elapsed time=   6.0982285202112602E-003
 CFL_Limit=   1.0000000000000000E-003
 dt_init=   1.0000000000000001E-018 dt=   1.0000000000000001E-018
 Time=  -6.4000000000453758E-014 Intensity=   819837215909.35083     
   4747.3707331944652      < Te <    4803.6264643882960     
   4747.5568155437604      < Th <    4860.0279683328945     
   80.000078006729183      < Ts <   80.000082929038484     
   3.1133046263205029E+022 < Ne <   3.1140389734141965E+022
   3.1133046263205033E+022 < Nh <   3.1140389732186078E+022
 CFL_Te=   1.7904239498065461E-003 maxCFL_Ne=   1.3823038931230743E-003 maxCFL_Ts=   5.1020133741258068E-004 CPU=   655.87304613847266      NumThreads=                    4 Elapsed time=   6.0987412480974119E-003
 CFL_Limit=   1.0000000000000000E-003
 dt_init=   1.0000000000000001E-018 dt=   1.0000000000000001E-018
 Time=  -6.3000000000457094E-014 Intensity=   1021659349832.0927     
   4750.0541516848580      < Te <    4805.4585305159926     
   4745.2852381064740      < Th <    4856.0475545770914     
   80.000099863356525      < Ts <   80.000106269103242     
   3.9345745676424796E+022 < Ne <   3.9354897074164293E+022
   3.9345745676424796E+022 < Nh <   3.9354897071741570E+022
 CFL_Te=   1.7926782479811946E-003 maxCFL_Ne=   1.3830515690490658E-003 maxCFL_Ts=   5.1020140147135253E-004 CPU=   655.82216117765836      NumThreads=                    4 Elapsed time=   6.0992144468207795E-003
 CFL_Limit=   1.0000000000000000E-003
 dt_init=   1.0000000000000001E-018 dt=   1.0000000000000001E-018
 Time=  -6.2000000000460431E-014 Intensity=   1268759882568.7104     
   4743.2119741218430      < Te <    4796.0468160738119     
   4745.5014178882384      < Th <    4853.4545398720011     
   80.000127304454551      < Ts <   80.000135376275239     
   4.9561853108980480E+022 < Ne <   4.9573218033916787E+022
   4.9561853108980480E+022 < Nh <   4.9573218030975405E+022
 CFL_Te=   1.7878014987292177E-003 maxCFL_Ne=   1.3810563107790176E-003 maxCFL_Ts=   5.1020148149615008E-004 CPU=   655.77379922501154      NumThreads=                    4 Elapsed time=   6.0996642511902260E-003
 CFL_Limit=   1.0000000000000000E-003
 dt_init=   1.0000000000000001E-018 dt=   1.0000000000000001E-018
 Time=  -6.1000000000463767E-014 Intensity=   1570173339800.8547     
   4744.7216791217188      < Te <    4796.8239225158868     
   4742.9284004666806      < Th <    4850.8672406648602     
   80.000161769251747      < Ts <   80.000171904695819     
   6.2226126847721062E+022 < Ne <   6.2240191793419155E+022
   6.2226126847721062E+022 < Nh <   6.2240191789664406E+022
 CFL_Te=   1.7894577850567444E-003 maxCFL_Ne=   1.3815675157897774E-003 maxCFL_Ts=   5.1020158192166705E-004 CPU=   655.72305370606819      NumThreads=                    4 Elapsed time=   6.1001362959445752E-003
 CFL_Limit=   1.0000000000000000E-003
 dt_init=   1.0000000000000001E-018 dt=   1.0000000000000001E-018
 Time=  -6.0000000000467103E-014 Intensity=   1936469201836.5425     
   4743.5803753104656      < Te <    4796.7704823193662     
   4742.8590463633473      < Th <    4846.1029498846501     
   80.000205015901756      < Ts <   80.000217742869282     
   7.7870942726570719E+022 < Ne <   7.7888288994158541E+022
   7.7870942726570719E+022 < Nh <   7.7888288989556718E+022
 CFL_Te=   1.7892229786656293E-003 maxCFL_Ne=   1.3812696906969318E-003 maxCFL_Ts=   5.1020170804310077E-004 CPU=   655.67441729710504      NumThreads=                    4 Elapsed time=   6.1005887899199277E-003
 CFL_Limit=   1.0000000000000000E-003
 dt_init=   1.0000000000000001E-018 dt=   1.0000000000000001E-018
 Time=  -5.9000000000470440E-014 Intensity=   2379953215735.2744     
   4738.9852105169903      < Te <    4788.0416402939418     
   4741.9993924323580      < Th <    4844.7417700322021     
   80.000259143400029      < Ts <   80.000275263012512     
   9.7130928227904286E+022 < Ne <   9.7152247320147558E+022
   9.7130928227904286E+022 < Nh <   9.7152247314460988E+022
 CFL_Te=   1.7858842468628736E-003 maxCFL_Ne=   1.3799102657161780E-003 maxCFL_Ts=   5.1020186640894172E-004 CPU=   655.62243392252856      NumThreads=                    4 Elapsed time=   6.1010724969680630E-003
 CFL_Limit=   1.0000000000000000E-003
 dt_init=   1.0000000000000001E-018 dt=   1.0000000000000001E-018
 Time=  -5.8000000000473776E-014 Intensity=   2914882629713.4248     
   4740.5041221459860      < Te <    4795.6078218433731     
   4741.5558531607248      < Th <    4843.5369315932103     
   80.000326377755812      < Ts <   80.000346413312982     
   1.2075946340734612E+023 < Ne <   1.2078557464734385E+023
   1.2075946340734612E+023 < Nh <   1.2078557464034344E+023
 CFL_Te=   1.7875398028296692E-003 maxCFL_Ne=   1.3803359868037974E-003 maxCFL_Ts=   5.1020206266848452E-004 CPU=   655.57356212851732      NumThreads=                    4 Elapsed time=   6.1015273206149337E-003
 CFL_Limit=   1.0000000000000000E-003
 dt_init=   1.0000000000000001E-018 dt=   1.0000000000000001E-018
 Time=  -5.7000000000477113E-014 Intensity=   3557693630525.7944     
   4738.0171791267403      < Te <    4790.4433846661395     
   4743.2632680627303      < Th <    4846.7517847800573     
   80.000409799137444      < Ts <   80.000434432859947     
   1.4964716541401309E+023 < Ne <   1.4967903544149619E+023
   1.4964716541401309E+023 < Nh <   1.4967903543252051E+023
 CFL_Te=   1.7859424222322654E-003 maxCFL_Ne=   1.3796601270646199E-003 maxCFL_Ts=   5.1020230484374895E-004 CPU=   655.52686397040907      NumThreads=                    4 Elapsed time=   6.1019619787550956E-003
 CFL_Limit=   1.0000000000000000E-003
 dt_init=   1.0000000000000001E-018 dt=   1.0000000000000001E-018
 Time=  -5.6000000000475123E-014 Intensity=   4327238540091.4380     
   4735.5300872721618      < Te <    4787.0459881199076     
   4736.9909343246045      < Th <    4846.9005552433373     
   80.000512607533054      < Ts <   80.000543824390377     
   1.8484245605504626E+023 < Ne <   1.8488122014908468E+023
   1.8484245605504622E+023 < Nh <   1.8488122013753333E+023
 CFL_Te=   1.7845462372558906E-003 maxCFL_Ne=   1.3789631772602423E-003 maxCFL_Ts=   5.1020260590597802E-004 CPU=   655.48320418515652      NumThreads=                    4 Elapsed time=   6.1023684122806406E-003
 CFL_Limit=   1.0000000000000000E-003
 dt_init=   1.0000000000000001E-018 dt=   1.0000000000000001E-018
 Time=  -5.5000000000472148E-014 Intensity=   5245029512467.1377     
   4734.1178645084319      < Te <    4782.7797581437435     
   4738.1853785745980      < Th <    4847.4195998918112     
   80.000639954070422      < Ts <   80.000679375973078     
   2.2757428629396276E+023 < Ne <   2.2762127267812144E+023
   2.2757428629396273E+023 < Nh <   2.2762127266326810E+023
 CFL_Te=   1.7839059852032203E-003 maxCFL_Ne=   1.3785858317273793E-003 maxCFL_Ts=   5.1020297740766876E-004 CPU=   655.43805243186193      NumThreads=                    4 Elapsed time=   6.1027887916468388E-003
 CFL_Limit=   1.0000000000000000E-003
 dt_init=   1.0000000000000001E-018 dt=   1.0000000000000001E-018
 Time=  -5.4000000000469174E-014 Intensity=   6335484573989.2178     
   4731.5156487999611      < Te <    4779.8454289021365     
   4736.9969908352105      < Th <    4842.4652583726920     
   80.000796487520049      < Ts <   80.000845472923032     
   2.7927705794893723E+023 < Ne <   2.7933381328458195E+023
   2.7927705794893716E+023 < Nh <   2.7933381326540039E+023
 CFL_Te=   1.7823498406252189E-003 maxCFL_Ne=   1.3779149538001706E-003 maxCFL_Ts=   5.1020343304630279E-004 CPU=   655.39175343009367      NumThreads=                    4 Elapsed time=   6.1032199124651538E-003
 CFL_Limit=   1.0000000000000000E-003
 dt_init=   1.0000000000000001E-018 dt=   1.0000000000000001E-018
 Time=  -5.3000000000466199E-014 Intensity=   7626170880184.8320     
   4732.5598832831574      < Te <    4779.1271624642714     
   4732.4072413152071      < Th <    4841.0739776137498     
   80.000988412625020      < Ts <   80.001050014099960     
   3.4161774238417901E+023 < Ne <   3.4168606077111944E+023
   3.4161774238417894E+023 < Nh <   3.4168606074716252E+023
 CFL_Te=   1.7833391735265945E-003 maxCFL_Ne=   1.3783175568368538E-003 maxCFL_Ts=   5.1020399561464637E-004 CPU=   655.35295742043115      NumThreads=                    4 Elapsed time=   6.1035812148381961E-003
 CFL_Limit=   1.0000000000000000E-003
 dt_init=   1.0000000000000001E-018 dt=   1.0000000000000001E-018
 Time=  -5.2000000000463225E-014 Intensity=   9148039040900.5273     
   4724.6681822548117      < Te <    4771.0239183401145     
   4733.9540703577477      < Th <    4836.1920957481580     
   80.001224317671429      < Ts <   80.001299112494124     
   4.1652514391697480E+023 < Ne <   4.1660709689903617E+023
   4.1652514391697473E+023 < Nh <   4.1660709686890563E+023
 CFL_Te=   1.7780760413515912E-003 maxCFL_Ne=   1.3760956152124265E-003 maxCFL_Ts=   5.1020468074260280E-004 CPU=   655.29133512607564      NumThreads=                    4 Elapsed time=   6.1041551834809691E-003
 CFL_Limit=   1.0000000000000000E-003
 dt_init=   1.0000000000000001E-018 dt=   1.0000000000000001E-018
 Time=  -5.1000000000460250E-014 Intensity=   10935641313518.219     
   4725.3236311856399      < Te <    4771.1723372505694     
   4731.5459792613337      < Th <    4829.9004828693105     
   80.001509745252221      < Ts <   80.001601802763815     
   5.0622119962851813E+023 < Ne <   5.0631916768752824E+023
   5.0622119962851813E+023 < Nh <   5.0631916765015109E+023
 CFL_Te=   1.7787865668421000E-003 maxCFL_Ne=   1.3762957953803202E-003 maxCFL_Ts=   5.1020551620720948E-004 CPU=   655.24775452178687      NumThreads=                    4 Elapsed time=   6.1045611715514862E-003
 CFL_Limit=   1.0000000000000000E-003
 dt_init=   1.0000000000000001E-018 dt=   1.0000000000000001E-018
 Time=  -5.0000000000457276E-014 Intensity=   13027325412947.795     
   4720.6458866239209      < Te <    4770.3830010974871     
   4729.1759252396241      < Th <    4821.9674761868810     
   80.001855392193193      < Ts <   80.001968307589877     
   6.1325413306999687E+023 < Ne <   6.1337084125132827E+023
   6.1325413306999687E+023 < Nh <   6.1337084120581423E+023
 CFL_Te=   1.7755288476780189E-003 maxCFL_Ne=   1.3750859037746570E-003 maxCFL_Ts=   5.1020652720295189E-004 CPU=   655.20274084490575      NumThreads=                    4 Elapsed time=   6.1049805665371101E-003
 CFL_Limit=   1.0000000000000000E-003
 dt_init=   1.0000000000000001E-018 dt=   1.0000000000000001E-018
 Time=  -4.9000000000454301E-014 Intensity=   15465394672231.150     
   4719.4733920888139      < Te <    4766.2773831955947     
   4727.9166447385169      < Th <    4827.4011390515852     
   80.002273846617626      < Ts <   80.002413619109561     
   7.4053320593578109E+023 < Ne <   7.4067175858308527E+023
   7.4053320593578109E+023 < Nh <   7.4067175852689636E+023
 CFL_Te=   1.7749894276151634E-003 maxCFL_Ne=   1.3748096636298673E-003 maxCFL_Ts=   5.1020775274207542E-004 CPU=   655.16061136083863      NumThreads=                    4 Elapsed time=   6.1053731415439830E-003
 CFL_Limit=   1.0000000000000000E-003
 dt_init=   1.0000000000000001E-018 dt=   1.0000000000000001E-018
 Time=  -4.8000000000451327E-014 Intensity=   18296224350930.977     
   4716.6338516020096      < Te <    4767.1841394925932     
   4726.1554801446237      < Th <    4831.5636003928848     
   80.002777718911958      < Ts <   80.002948548971872     
   8.9136472237859048E+023 < Ne <   8.9152864023794647E+023
   8.9136472237859048E+023 < Nh <   8.9152864016765114E+023
 CFL_Te=   1.7730531338322987E-003 maxCFL_Ne=   1.3740631413925433E-003 maxCFL_Ts=   5.1020922451616420E-004 CPU=   655.11501512999155      NumThreads=                    4 Elapsed time=   6.1057980776189321E-003
 CFL_Limit=   1.0000000000000000E-003
 dt_init=   1.0000000000000001E-018 dt=   1.0000000000000001E-018
 Time=  -4.7000000000448352E-014 Intensity=   21570323077270.426     
   4713.2375925623319      < Te <    4758.4535988520684     
   4726.7830024850091      < Th <    4830.5229188330986     
   80.003382557548633      < Ts <   80.003589003956733     
   1.0694888443269604E+024 < Ne <   1.0696820990345492E+024
   1.0694888443269604E+024 < Nh <   1.0696820989456787E+024
 CFL_Te=   1.7708710156183237E-003 maxCFL_Ne=   1.3732667460576175E-003 maxCFL_Ts=   5.1021098325215036E-004 CPU=   655.07154270929266      NumThreads=                    4 Elapsed time=   6.1062032758384035E-003
 CFL_Limit=   1.0000000000000000E-003
 dt_init=   1.0000000000000001E-018 dt=   1.0000000000000001E-018
 Time=  -4.6000000000445378E-014 Intensity=   25342327775993.938     
   4708.2767930925247      < Te <    4753.5835336944901     
   4726.1208425375098      < Th <    4834.7125352626163     
   80.004109750633603      < Ts <   80.004360637590082     
   1.2791166794251609E+024 < Ne <   1.2793437332082358E+024
   1.2791166794251609E+024 < Nh <   1.2793437330940436E+024
 CFL_Te=   1.7673250210226029E-003 maxCFL_Ne=   1.3720207199369478E-003 maxCFL_Ts=   5.1021310597225769E-004 CPU=   655.03007330118032      NumThreads=                    4 Elapsed time=   6.1065898544795747E-003
 CFL_Limit=   1.0000000000000000E-003
 dt_init=   1.0000000000000001E-018 dt=   1.0000000000000001E-018
 Time=  -4.5000000000442403E-014 Intensity=   29670920032114.766     
   4703.9214392805934      < Te <    4749.0372202752287     
   4721.7900873464496      < Th <    4829.8391724599769     
   80.004973905188947      < Ts <   80.005283431089879     
   1.5249669924752295E+024 < Ne <   1.5252328338012831E+024
   1.5249669924752295E+024 < Nh <   1.5252328336572509E+024
 CFL_Te=   1.7642587483520766E-003 maxCFL_Ne=   1.3710406112116900E-003 maxCFL_Ts=   5.1021563961694139E-004 CPU=   654.98214713679590      NumThreads=                    4 Elapsed time=   6.1070366841076392E-003
 CFL_Limit=   1.0000000000000000E-003
 dt_init=   1.0000000000000001E-018 dt=   1.0000000000000001E-018
 Time=  -4.4000000000439429E-014 Intensity=   34618651727643.855     
   4701.5113279006773      < Te <    4742.8522994466330     
   4718.7504923239549      < Th <    4821.7404637105919     
   80.006005439426559      < Ts <   80.006375422017129     
   1.8123017848380691E+024 < Ne <   1.8126119613178758E+024
   1.8123017848380691E+024 < Nh <   1.8126119611361748E+024
 CFL_Te=   1.7625919725235250E-003 maxCFL_Ne=   1.3704752187221369E-003 maxCFL_Ts=   5.1021864315431442E-004 CPU=   654.93257385521770      NumThreads=                    4 Elapsed time=   6.1074989390957632E-003
 CFL_Limit=   1.0000000000000000E-003
 dt_init=   1.0000000000000001E-018 dt=   1.0000000000000001E-018
 Time=  -4.3000000000436454E-014 Intensity=   40251668020119.102     
   4695.5484759327110      < Te <    4736.7017545342342     
   4715.8124636561288      < Th <    4817.4942154937971     
   80.007231767801144      < Ts <   80.007676348225345     
   2.1469598790931595E+024 < Ne <   2.1473205346306755E+024
   2.1469598790931595E+024 < Nh <   2.1473205344052198E+024
 CFL_Te=   1.7581805284540609E-003 maxCFL_Ne=   1.3690653512487547E-003 maxCFL_Ts=   5.1022222780317396E-004 CPU=   654.89110865342775      NumThreads=                    4 Elapsed time=   6.1078856425837106E-003
 CFL_Limit=   1.0000000000000000E-003
 dt_init=   1.0000000000000001E-018 dt=   1.0000000000000001E-018
 Time=  -4.2000000000433480E-014 Intensity=   46639316361462.930     
   4690.0525262553956      < Te <    4731.9212688254593     
   4715.4130214452507      < Th <    4818.3198420354511     
   80.008674361860514      < Ts <   80.009208972890434     
   2.5353875378418310E+024 < Ne <   2.5358054348890943E+024
   2.5353875378418310E+024 < Nh <   2.5358054346082722E+024
 CFL_Te=   1.7540342949138243E-003 maxCFL_Ne=   1.3678875913393279E-003 maxCFL_Ts=   5.1022644241608707E-004 CPU=   654.85136498408826      NumThreads=                    4 Elapsed time=   6.1082563370654245E-003
 CFL_Limit=   1.0000000000000000E-003
 dt_init=   1.0000000000000001E-018 dt=   1.0000000000000001E-018
 Time=  -4.1000000000430505E-014 Intensity=   53853631331000.812     
   4686.5802579415131      < Te <    4726.0768614015706     
   4713.4960436420879      < Th <    4811.7631698244104     
   80.010374407430177      < Ts <   80.011007508807097     
   2.9846650582728571E+024 < Ne <   2.9851476081067727E+024
   2.9846650582728571E+024 < Nh <   2.9851476077603551E+024
 CFL_Te=   1.7513875812120118E-003 maxCFL_Ne=   1.3671226632407300E-003 maxCFL_Ts=   5.1023139977803477E-004 CPU=   654.81016275058903      NumThreads=                    4 Elapsed time=   6.1086406832747374E-003
 CFL_Limit=   1.0000000000000000E-003
 dt_init=   1.0000000000000001E-018 dt=   1.0000000000000001E-018
 Time=  -4.0000000000427531E-014 Intensity=   61968686616517.875     
   4678.8467419948238      < Te <    4720.6459524076872     
   4711.1673139311488      < Th <    4814.8966941056915     
   80.012386417234637      < Ts <   80.013138906457257     
   3.5025281853584413E+024 < Ne <   3.5030834669118247E+024
   3.5025281853584413E+024 < Nh <   3.5030834664854826E+024
 CFL_Te=   1.7457937739527943E-003 maxCFL_Ne=   1.3653939106816255E-003 maxCFL_Ts=   5.1023727334345386E-004 CPU=   654.77156532147092      NumThreads=                    4 Elapsed time=   6.1090007750048431E-003
 CFL_Limit=   1.0000000000000000E-003
 dt_init=   1.0000000000000001E-018 dt=   1.0000000000000001E-018
 Time=  -3.9000000000424557E-014 Intensity=   71059807549599.203     
   4677.7020418282245      < Te <    4721.3822063880589     
   4709.6206841206040      < Th <    4811.9505372238964     
   80.014740400218827      < Ts <   80.015632099914484     
   4.0973831277589753E+024 < Ne <   4.0980198970854273E+024
   4.0973831277589753E+024 < Nh <   4.0980198965587441E+024
 CFL_Te=   1.7445776812425602E-003 maxCFL_Ne=   1.3654407535788914E-003 maxCFL_Ts=   5.1024412253823680E-004 CPU=   654.72883757921090      NumThreads=                    4 Elapsed time=   6.1093994496860225E-003
 CFL_Limit=   1.0000000000000000E-003
 dt_init=   1.0000000000000001E-018 dt=   1.0000000000000001E-018
 Time=  -3.8000000000421582E-014 Intensity=   81202640199250.766     
   4666.1688439641566      < Te <    4712.3346818659165     
   4706.6288797145507      < Th <    4813.7380641096588     
   80.017476777986715      < Ts <   80.018542269087277     
   4.7783139066731995E+024 < Ne <   4.7790416058537963E+024
   4.7783139066731995E+024 < Nh <   4.7790416052004631E+024
 CFL_Te=   1.7352128262727842E-003 maxCFL_Ne=   1.3628289641357874E-003 maxCFL_Ts=   5.1025211606161658E-004 CPU=   654.68940238235689      NumThreads=                    4 Elapsed time=   6.1097674491817850E-003
 CFL_Limit=   1.0000000000000000E-003
 dt_init=   1.0000000000000001E-018 dt=   1.0000000000000001E-018
 Time=  -3.7000000000418608E-014 Intensity=   92472076146496.750     
   4658.5465875177269      < Te <    4709.3306142060246     
   4705.6875620694218      < Th <    4815.0139178659247     
   80.020676775478833      < Ts <   80.021931740422048     
   5.5550807681265655E+024 < Ne <   5.5559095002172095E+024
   5.5550807681265655E+024 < Nh <   5.5559094993998085E+024
 CFL_Te=   1.7292863741793496E-003 maxCFL_Ne=   1.3615002633201832E-003 maxCFL_Ts=   5.1026144268668020E-004 CPU=   654.65315729778661      NumThreads=                    4 Elapsed time=   6.1101057184399900E-003
 CFL_Limit=   1.0000000000000000E-003
 dt_init=   1.0000000000000001E-018 dt=   1.0000000000000001E-018
 Time=  -3.6000000000415633E-014 Intensity=   104941035677997.53     
   4652.9891582659766      < Te <    4700.6727647785929     
   4703.0917918824007      < Th <    4804.2337330165255     
   80.024379692356433      < Ts <   80.025864004177208     
   6.4381083247903627E+024 < Ne <   6.4390488586500146E+024
   6.4381083247903627E+024 < Nh <   6.4390488576364968E+024
 CFL_Te=   1.7244387550150390E-003 maxCFL_Ne=   1.3604180792004630E-003 maxCFL_Ts=   5.1027226562479731E-004 CPU=   654.61320161903200      NumThreads=                    4 Elapsed time=   6.1104786614552525E-003
 CFL_Limit=   1.0000000000000000E-003
 dt_init=   1.0000000000000001E-018 dt=   1.0000000000000001E-018
 Time=  -3.5000000000412659E-014 Intensity=   118679116201979.36     
   4642.3806748810021      < Te <    4694.4836308914928     
   4701.5640539061287      < Th <    4800.6795508245486     
   80.028671055736623      < Ts <   80.030406565954067     
   7.4384622465441961E+024 < Ne <   7.4395259764121336E+024
   7.4384622465441961E+024 < Nh <   7.4395259751618719E+024
 CFL_Te=   1.7157741616589833E-003 maxCFL_Ne=   1.3585391937472116E-003 maxCFL_Ts=   5.1028473485141069E-004 CPU=   654.56985611990319      NumThreads=                    4 Elapsed time=   6.1108832962624019E-003
 CFL_Limit=   1.0000000000000000E-003
 dt_init=   1.0000000000000001E-018 dt=   1.0000000000000001E-018
 Time=  -3.4000000000409684E-014 Intensity=   133751117135265.58     
   4636.6391033831724      < Te <    4679.4645706909478     
   4698.5958872312103      < Th <    4806.8076782021326     
   80.033620431882383      < Ts <   80.035669166149916     
   8.5678132890754337E+024 < Ne <   8.5690121821528414E+024
   8.5678132890754337E+024 < Nh <   8.5690121805952178E+024
 CFL_Te=   1.7103531326956934E-003 maxCFL_Ne=   1.3575807703215652E-003 maxCFL_Ts=   5.1029917276320541E-004 CPU=   654.53315240245672      NumThreads=                    4 Elapsed time=   6.1112259712407906E-003
 CFL_Limit=   1.0000000000000000E-003
 dt_init=   1.0000000000000001E-018 dt=   1.0000000000000001E-018
 Time=  -3.3000000000406710E-014 Intensity=   150215457241480.31     
   4632.4582109423509      < Te <    4674.8878229354796     
   4697.9451569146704      < Th <    4808.5889983372172     
   80.039302745151517      < Ts <   80.041697745614911     
   9.8383876509280594E+024 < Ne <   9.8397341988189143E+024
   9.8383876509280594E+024 < Nh <   9.8397341968743120E+024
 CFL_Te=   1.7060707315903892E-003 maxCFL_Ne=   1.3571113432393478E-003 maxCFL_Ts=   5.1031574702708722E-004 CPU=   654.49491077533435      NumThreads=                    4 Elapsed time=   6.1115830454074576E-003
 CFL_Limit=   1.0000000000000000E-003
 dt_init=   1.0000000000000001E-018 dt=   1.0000000000000001E-018
 Time=  -3.2000000000403735E-014 Intensity=   168122505300198.00     
   4618.1682823802275      < Te <    4658.6465367409492     
   4699.1213078534320      < Th <    4809.8822264693526     
   80.045825625302996      < Ts <   80.048622923491322     
   1.1262902710831763E+025 < Ne <   1.1264409880658930E+025
   1.1262902710831763E+025 < Nh <   1.1264409878232080E+025
 CFL_Te=   1.6939545379574060E-003 maxCFL_Ne=   1.3547482451154284E-003 maxCFL_Ts=   5.1033477098192824E-004 CPU=   654.45722057940895      NumThreads=                    4 Elapsed time=   6.1119350115179261E-003
 CFL_Limit=   1.0000000000000000E-003
 dt_init=   1.0000000000000001E-018 dt=   1.0000000000000001E-018
 Time=  -3.1000000000400761E-014 Intensity=   187512849914193.53     
   4613.3816873749065      < Te <    4655.3996307584639     
   4695.6795288512358      < Th <    4805.5489779714444     
   80.053305347873575      < Ts <   80.056529235357388     
   1.2854487615265446E+025 < Ne <   1.2856168720810588E+025
   1.2854487615265446E+025 < Nh <   1.2856168717814786E+025
 CFL_Te=   1.6889803944108530E-003 maxCFL_Ne=   1.3543739961990812E-003 maxCFL_Ts=   5.1035648756879188E-004 CPU=   654.41670470712154      NumThreads=                    4 Elapsed time=   6.1123134101385215E-003
 CFL_Limit=   1.0000000000000000E-003
 dt_init=   1.0000000000000001E-018 dt=   1.0000000000000001E-018
 Time=  -3.0000000000397786E-014 Intensity=   208415539059104.16     
   4597.1077683740086      < Te <    4639.6633003872121     
   4694.0921581163402      < Th <    4800.0654962123681     
   80.061836518946251      < Ts <   80.065555369308385     
   1.4626588068525320E+025 < Ne <   1.4628456715408023E+025
   1.4626588068525320E+025 < Nh <   1.4628456711735894E+025
 CFL_Te=   1.6750185550830302E-003 maxCFL_Ne=   1.3519852904528998E-003 maxCFL_Ts=   5.1038126330103632E-004 CPU=   654.38175988032970      NumThreads=                    4 Elapsed time=   6.1126398155283267E-003
 CFL_Limit=   1.0000000000000000E-003
 dt_init=   1.0000000000000001E-018 dt=   1.0000000000000001E-018
 Time=  -2.9000000000394812E-014 Intensity=   230846324469058.75     
   4590.9486364331678      < Te <    4630.1347578479654     
   4693.3540817826124      < Th <    4796.6684859405914     
   80.071516333210653      < Ts <   80.075834550271665     
   1.6592855442118123E+025 < Ne <   1.6594925360438760E+025
   1.6592855442118123E+025 < Nh <   1.6594925355984286E+025
 CFL_Te=   1.6685274042500876E-003 maxCFL_Ne=   1.3515869413339410E-003 maxCFL_Ts=   5.1040944133022180E-004 CPU=   654.34521740669970      NumThreads=                    4 Elapsed time=   6.1129811811764991E-003
 CFL_Limit=   1.0000000000000000E-003
 dt_init=   1.0000000000000001E-018 dt=   1.0000000000000001E-018
 Time=  -2.8000000000393169E-014 Intensity=   254805949950995.38     
   4585.4722729845125      < Te <    4625.5467062943217     
   4696.0752779687764      < Th <    4798.4261933554963     
   80.082479290401025      < Ts <   80.087446257081609     
   1.8767020174767904E+025 < Ne <   1.8769305107664971E+025
   1.8767020174767904E+025 < Nh <   1.8769305102291048E+025
 CFL_Te=   1.6620987289984043E-003 maxCFL_Ne=   1.3514755880754468E-003 maxCFL_Ts=   5.1044127201156869E-004 CPU=   654.30629058014199      NumThreads=                    4 Elapsed time=   6.1133448624701315E-003
 CFL_Limit=   1.0000000000000000E-003
 dt_init=   1.0000000000000001E-018 dt=   1.0000000000000001E-018
 Time=  -2.7000000000393350E-014 Intensity=   280278526036165.84     
   4579.4796383438388      < Te <    4618.2251586130060     
   4690.4201502178348      < Th <    4796.2207047138672     
   80.094845331359295      < Ts <   80.100583850270709     
   2.1162750185316339E+025 < Ne <   2.1165263745302236E+025
   2.1162750185316339E+025 < Nh <   2.1165263738852827E+025
 CFL_Te=   1.6550981363805391E-003 maxCFL_Ne=   1.3513978466249143E-003 maxCFL_Ts=   5.1047728323340262E-004 CPU=   654.27335790804568      NumThreads=                    4 Elapsed time=   6.1136525760264512E-003
 CFL_Limit=   1.0000000000000000E-003
 dt_init=   1.0000000000000001E-018 dt=   1.0000000000000001E-018
 Time=  -2.6000000000393531E-014 Intensity=   307230035825304.94     
   4560.4185479225398      < Te <    4613.6676902279787     
   4691.9733917053918      < Th <    4791.4193225131912     
   80.108859068706963      < Ts <   80.115409961946156     
   2.3793495179649425E+025 < Ne <   2.3796250710147072E+025
   2.3793495179649425E+025 < Nh <   2.3796250702504268E+025
 CFL_Te=   1.6381793691631311E-003 maxCFL_Ne=   1.3495786866531616E-003 maxCFL_Ts=   5.1051795656824588E-004 CPU=   654.23749040486109      NumThreads=                    4 Elapsed time=   6.1139877470560182E-003
 CFL_Limit=   1.0000000000000000E-003
 dt_init=   1.0000000000000001E-018 dt=   1.0000000000000001E-018
 Time=  -2.5000000000393712E-014 Intensity=   335607018286696.19     
   4554.4599766656784      < Te <    4594.4816853111897     
   4694.1895232195566      < Th <    4788.2646894550307     
   80.124658573973377      < Ts <   80.132091416790459     
   2.6672318129007874E+025 < Ne <   2.6675328454588604E+025
   2.6672318129007874E+025 < Nh <   2.6675328445523882E+025
 CFL_Te=   1.6305784291843089E-003 maxCFL_Ne=   1.3500116894725152E-003 maxCFL_Ts=   5.1056368937503406E-004 CPU=   654.19884883895952      NumThreads=                    4 Elapsed time=   6.1143488819936113E-003
 CFL_Limit=   1.0000000000000000E-003
 dt_init=   1.0000000000000001E-018 dt=   1.0000000000000001E-018
 Time=  -2.4000000000393893E-014 Intensity=   365335475465723.00     
   4548.9477540850994      < Te <    4588.9211568383635     
   4695.5449301242370      < Th <    4787.6198423593187     
   80.142264113326235      < Ts <   80.150753821892280     
   2.9811715967847331E+025 < Ne <   2.9814993298306454E+025
   2.9811715967847331E+025 < Nh <   2.9814993287661227E+025
 CFL_Te=   1.6229353308022112E-003 maxCFL_Ne=   1.3507642893672680E-003 maxCFL_Ts=   5.1061469399332445E-004 CPU=   654.16204042625441      NumThreads=                    4 Elapsed time=   6.1146929243916159E-003
 CFL_Limit=   1.0000000000000000E-003
 dt_init=   1.0000000000000001E-018 dt=   1.0000000000000001E-018
 Time=  -2.3000000000394074E-014 Intensity=   396320048934197.19     
   4543.4537368759275      < Te <    4586.1806769067571     
   4698.9325952742711      < Th <    4791.2909082660817     
   80.161902364065753      < Ts <   80.171690177128269     
   3.3223431377581877E+025 < Ne <   3.3226987069934456E+025
   3.3223431377581877E+025 < Nh <   3.3226987057504799E+025
 CFL_Te=   1.6148302710981819E-003 maxCFL_Ne=   1.3517133247393357E-003 maxCFL_Ts=   5.1067179687544625E-004 CPU=   654.12796426945124      NumThreads=                    4 Elapsed time=   6.1150114633416013E-003
 CFL_Limit=   1.0000000000000000E-003
 dt_init=   1.0000000000000001E-018 dt=   1.0000000000000001E-018
 Time=  -2.2000000000394255E-014 Intensity=   428443508248522.81     
   4538.8736777035983      < Te <    4583.3155044281621     
   4702.5602379287939      < Th <    4795.5815486854981     
   80.183752283684044      < Ts <   80.194973831997956     
   3.6918258264828093E+025 < Ne <   3.6922102666962035E+025
   3.6918258264828093E+025 < Nh <   3.6922102652501614E+025
 CFL_Te=   1.6075853509383063E-003 maxCFL_Ne=   1.3533155023243339E-003 maxCFL_Ts=   5.1073516307984619E-004 CPU=   654.09577313458749      NumThreads=                    4 Elapsed time=   6.1153124118674832E-003
 CFL_Limit=   1.0000000000000000E-003
 dt_init=   1.0000000000000001E-018 dt=   1.0000000000000001E-018
 Time=  -2.1000000000394436E-014 Intensity=   461566590146842.81     
   4516.7264699212819      < Te <    4579.5025292141627     
   4705.0859569157574      < Th <    4794.8241386123955     
   80.208188819195158      < Ts <   80.220950544036398     
   4.0905844267600587E+025 < Ne <   4.0909986460410816E+025
   4.0905844267600587E+025 < Nh <   4.0909986443643899E+025
 CFL_Te=   1.5867813687070853E-003 maxCFL_Ne=   1.3532765683093653E-003 maxCFL_Ts=   5.1080605786048749E-004 CPU=   654.06036525830609      NumThreads=                    4 Elapsed time=   6.1156434672819410E-003
 CFL_Limit=   1.0000000000000000E-003
 dt_init=   1.0000000000000001E-018 dt=   1.0000000000000001E-018
 Time=  -2.0000000000394617E-014 Intensity=   495528221700866.06     
   4529.8528969400668      < Te <    4572.3538296372471     
   4709.7618977190668      < Th <    4800.9565754869045     
   80.235158034274264      < Ts <   80.249547116182526     
   4.5194493215792328E+025 < Ne <   4.5198940789244968E+025
   4.5194493215792328E+025 < Nh <   4.5198940769794873E+025
 CFL_Te=   1.5913953976770458E-003 maxCFL_Ne=   1.3572116103204180E-003 maxCFL_Ts=   5.1088386171486576E-004 CPU=   654.02694914121560      NumThreads=                    4 Elapsed time=   6.1159559330885181E-003
 CFL_Limit=   1.0000000000000000E-003
 dt_init=   1.0000000000000001E-018 dt=   1.0000000000000001E-018
 Time=  -1.9000000000394798E-014 Intensity=   530146153688800.00     
   4527.2900786804994      < Te <    4570.4870324380399     
   4713.7845352897575      < Th <    4804.3569590930356     
   80.265107867339225      < Ts <   80.281260594442216     
   4.9790971153514291E+025 < Ne <   4.9795730103887238E+025
   4.9790971153514291E+025 < Nh <   4.9795730081527200E+025
 CFL_Te=   1.5841101510292630E-003 maxCFL_Ne=   1.3601676525555396E-003 maxCFL_Ts=   5.1097012746307094E-004 CPU=   653.99157508222834      NumThreads=                    4 Elapsed time=   6.1162867419157010E-003
 CFL_Limit=   1.0000000000000000E-003
 dt_init=   1.0000000000000001E-018 dt=   1.0000000000000001E-018
 Time=  -1.8000000000394979E-014 Intensity=   565218022186473.12     
   4506.1685331959407      < Te <    4566.8673713454918     
   4718.9025282495631      < Th <    4809.6526399647000     
   80.298132016786255      < Ts <   80.316011110230761     
   5.4700319572435044E+025 < Ne <   5.4705394094143709E+025
   5.4700319572435044E+025 < Nh <   5.4705394068601916E+025
 CFL_Te=   1.5628725533318566E-003 maxCFL_Ne=   1.3622771021023342E-003 maxCFL_Ts=   5.1106454357660190E-004 CPU=   653.95421671196323      NumThreads=                    4 Elapsed time=   6.1166361463524535E-003
 CFL_Limit=   1.0000000000000000E-003
 dt_init=   1.0000000000000001E-018 dt=   1.0000000000000001E-018
 Time=  -1.7000000000395159E-014 Intensity=   600522846939103.50     
   4504.4262132219401      < Te <    4561.5706086078972     
   4724.0232510330225      < Th <    4817.0208330971300     
   80.334381229988423      < Ts <   80.354273662854382     
   5.9925680399089151E+025 < Ne <   5.9931072660241143E+025
   5.9925680399089151E+025 < Nh <   5.9931072631169205E+025
 CFL_Te=   1.5555393900794317E-003 maxCFL_Ne=   1.3665021860885197E-003 maxCFL_Ts=   5.1116824287877828E-004 CPU=   653.91667205979638      NumThreads=                    4 Elapsed time=   6.1169873332641168E-003
 CFL_Limit=   1.0000000000000000E-003
 dt_init=   1.0000000000000001E-018 dt=   1.0000000000000001E-018
 Time=  -1.6000000000395340E-014 Intensity=   635822964715935.38     
   4503.3956680364336      < Te <    4559.0813718388308     
   4730.1602134029081      < Th <    4822.9188476363788     
   80.373814745608428      < Ts <   80.396062499416573     
   6.5468135870796355E+025 < Ne <   6.5473845878633083E+025
   6.5468135870796355E+025 < Nh <   6.5473845845829841E+025
 CFL_Te=   1.5483936381271771E-003 maxCFL_Ne=   1.3714760370435819E-003 maxCFL_Ts=   5.1128116714466523E-004 CPU=   653.88479367224852      NumThreads=                    4 Elapsed time=   6.1172855504649489E-003
 CFL_Limit=   1.0000000000000000E-003
 dt_init=   1.0000000000000001E-018 dt=   1.0000000000000001E-018
 Time=  -1.5000000000395521E-014 Intensity=   670866384802206.50     
   4521.6009725363865      < Te <    4557.6021033547449     
   4736.0187729071749      < Th <    4827.2075871461429     
   80.416924478910431      < Ts <   80.441812314398135     
   7.1326567572755317E+025 < Ne <   7.1332593032124538E+025
   7.1326567572755317E+025 < Nh <   7.1332592995523883E+025
 CFL_Te=   1.5546517027198636E-003 maxCFL_Ne=   1.3770190546839743E-003 maxCFL_Ts=   5.1140418068376203E-004 CPU=   653.85381876034273      NumThreads=                    4 Elapsed time=   6.1175753436505066E-003
 CFL_Limit=   1.0000000000000000E-003
 dt_init=   1.0000000000000001E-018 dt=   1.0000000000000001E-018
 Time=  -1.4000000000395702E-014 Intensity=   705389542384175.38     
   4522.6617733444818      < Te <    4559.0661381582577     
   4742.8739302584381      < Th <    4846.7060929508589     
   80.464076305705134      < Ts <   80.491693137109735     
   7.7497538429091317E+025 < Ne <   7.7503874841962405E+025
   7.7497538429091231E+025 < Nh <   7.7503874801583648E+025
 CFL_Te=   1.5479421160480582E-003 maxCFL_Ne=   1.3830181147133993E-003 maxCFL_Ts=   5.1153804686263288E-004 CPU=   653.81955077796181      NumThreads=                    4 Elapsed time=   6.1178959779353654E-003
 CFL_Limit=   1.0000000000000000E-003
 dt_init=   1.0000000000000001E-018 dt=   1.0000000000000001E-018
 Time=  -1.3000000000395883E-014 Intensity=   739120414174031.25     
   4524.9892170946268      < Te <    4562.0944724175552     
   4764.0541969068336      < Th <    4850.6606429709473     
   80.515348205345575      < Ts <   80.545953746534153     
   8.3975200619587340E+025 < Ne <   8.3981840989401815E+025
   8.3975200619587254E+025 < Nh <   8.3981840945410973E+025
 CFL_Te=   1.5417614142983357E-003 maxCFL_Ne=   1.3898537859618368E-003 maxCFL_Ts=   5.1168351550519124E-004 CPU=   653.68888388959863      NumThreads=                    4 Elapsed time=   6.1191188936839244E-003
 CFL_Limit=   1.0000000000000000E-003
 dt_init=   1.0000000000000001E-018 dt=   1.0000000000000001E-018
 Time=  -1.2000000000396064E-014 Intensity=   771781949547486.88     
   4528.5041585082472      < Te <    4564.1574421383566     
   4771.8060388534477      < Th <    4859.2165407682169     
   80.571129557502886      < Ts <   80.604658351295939     
   9.0751233614368194E+025 < Ne <   9.0758168447764902E+025
   9.0751233614368108E+025 < Nh <   9.0758168400466059E+025
 CFL_Te=   1.5363925932962213E-003 maxCFL_Ne=   1.3976448089128993E-003 maxCFL_Ts=   5.1184027353123602E-004 CPU=   653.66449048459936      NumThreads=                    4 Elapsed time=   6.1193472465279073E-003
 CFL_Limit=   1.0000000000000000E-003
 dt_init=   1.0000000000000001E-018 dt=   1.0000000000000001E-018
 Time=  -1.1000000000396245E-014 Intensity=   803095760155615.75     
   4533.4316256287957      < Te <    4568.1000714410138     
   4779.8658688941659      < Th <    4868.1008163662718     
   80.631328317734216      < Ts <   80.668298821265068     
   9.7814813782433269E+025 < Ne <   9.7822031059578772E+025
   9.7814813782433183E+025 < Nh <   9.7822031009229936E+025
 CFL_Te=   1.5310980108957637E-003 maxCFL_Ne=   1.4063187270220894E-003 maxCFL_Ts=   5.1200995804691416E-004 CPU=   653.63423091310415      NumThreads=                    4 Elapsed time=   6.1196305377277140E-003
 CFL_Limit=   1.0000000000000000E-003
 dt_init=   1.0000000000000001E-018 dt=   1.0000000000000001E-018
 Time=  -1.0000000000396426E-014 Intensity=   832786001727593.12     
   4556.2754225882527      < Te <    4590.2724116223608     
   4788.3027045829103      < Th <    4875.1631300324925     
   80.695771480433734      < Ts <   80.736510100004821     
   1.0515261827525850E+026 < Ne <   1.0516010335955426E+026
   1.0515261827525842E+026 < Nh <   1.0516010330665507E+026
 CFL_Te=   1.5388118766568684E-003 maxCFL_Ne=   1.4134039245730428E-003 maxCFL_Ts=   5.1219082446782912E-004 CPU=   653.60011507481784      NumThreads=                    4 Elapsed time=   6.1199499628945423E-003
 CFL_Limit=   1.0000000000000000E-003
 dt_init=   1.0000000000000001E-018 dt=   1.0000000000000001E-018
 Time=  -9.0000000003966072E-015 Intensity=   860583374007770.12     
   4563.5179840355486      < Te <    4597.6355615937773     
   4813.1818385057613      < Th <    4899.2583191280683     
   80.765261861948360      < Ts <   80.810021906883165     
   1.1274886445319091E+026 < Ne <   1.1275660053992968E+026
   1.1274886445319082E+026 < Nh <   1.1275660048530358E+026
 CFL_Te=   1.5348376079204345E-003 maxCFL_Ne=   1.4234650602943551E-003 maxCFL_Ts=   5.1238511128997785E-004 CPU=   653.56810436952810      NumThreads=                    4 Elapsed time=   6.1202497081136557E-003
 CFL_Limit=   1.0000000000000000E-003
 dt_init=   1.0000000000000001E-018 dt=   1.0000000000000001E-018
 Time=  -8.0000000003967882E-015 Intensity=   886229158745767.38     
   4572.4179387553004      < Te <    4606.2946822439735     
   4822.1759931319020      < Th <    4906.4253221316094     
   80.839701345616405      < Ts <   80.888947881598867     
   1.2058538635475403E+026 < Ne <   1.2059335423397583E+026
   1.2058538635475394E+026 < Nh <   1.2059335417839359E+026
 CFL_Te=   1.5315078176583508E-003 maxCFL_Ne=   1.4346367331197086E-003 maxCFL_Ts=   5.1259279067932234E-004 CPU=   653.53376020157043      NumThreads=                    4 Elapsed time=   6.1205713363090440E-003
 CFL_Limit=   1.0000000000000000E-003
 dt_init=   1.0000000000000001E-018 dt=   1.0000000000000001E-018
 Time=  -7.0000000003969692E-015 Intensity=   909479211697420.75     
   4583.0204395212822      < Te <    4631.5103947357920     
   4831.7470483826792      < Th <    4932.3994107788076     
   80.919266349047149      < Ts <   80.972781796051919     
   1.2864174658099735E+026 < Ne <   1.2864992477115178E+026
   1.2864174658099727E+026 < Nh <   1.2864992471548425E+026
 CFL_Te=   1.5292247062428186E-003 maxCFL_Ne=   1.4470107362006073E-003 maxCFL_Ts=   5.1281319786360374E-004 CPU=   653.50471774102925      NumThreads=                    4 Elapsed time=   6.1208433411572083E-003
 CFL_Limit=   1.0000000000000000E-003
 dt_init=   1.0000000000000001E-018 dt=   1.0000000000000001E-018
 Time=  -6.0000000003971501E-015 Intensity=   930107822811060.75     
   4608.5868124653825      < Te <    4642.4472059718983     
   4858.6709203010741      < Th <    4942.6449690555864     
   81.003723055024423      < Ts <   81.062162969690945     
   1.3689538417531855E+026 < Ne <   1.3690374913837693E+026
   1.3689538417531844E+026 < Nh <   1.3690374908433880E+026
 CFL_Te=   1.5377556146859389E-003 maxCFL_Ne=   1.4550829850358154E-003 maxCFL_Ts=   5.1304586219231955E-004 CPU=   653.47220219175506      NumThreads=                    4 Elapsed time=   6.1211479028242411E-003
 CFL_Limit=   1.0000000000000000E-003
 dt_init=   1.0000000000000001E-018 dt=   1.0000000000000001E-018
 Time=  -5.0000000003973311E-015 Intensity=   947911359388383.25     
   4621.4118574681461      < Te <    4664.6571461751837     
   4868.3291236047489      < Th <    4951.5599350787725     
   81.093875249192834      < Ts <   81.157282733943546     
   1.4532179761748660E+026 < Ne <   1.4533032463137084E+026
   1.4532179761748647E+026 < Nh <   1.4533032462027544E+026
 CFL_Te=   1.5362879878654718E-003 maxCFL_Ne=   1.4688948762101891E-003 maxCFL_Ts=   5.1329237061818408E-004 CPU=   653.44496818727487      NumThreads=                    4 Elapsed time=   6.1214030174513712E-003
 CFL_Limit=   1.0000000000000000E-003
 dt_init=   1.0000000000000001E-018 dt=   1.0000000000000001E-018
 Time=  -4.0000000003975121E-015 Intensity=   962711610070068.12     
   4647.8853138183622      < Te <    4689.6725821410973     
   4896.1895061715013      < Th <    4979.3137738561627     
   81.189084685804360      < Ts <   81.257536082985297     
   1.5389475824571902E+026 < Ne <   1.5390342080659099E+026
   1.5389475824571883E+026 < Nh <   1.5390342079628274E+026
 CFL_Te=   1.5450883325175899E-003 maxCFL_Ne=   1.4773091459971534E-003 maxCFL_Ts=   5.1355056530862347E-004 CPU=   653.41360100318025      NumThreads=                    4 Elapsed time=   6.1216968760044706E-003
 CFL_Limit=   1.0000000000000000E-003
 dt_init=   1.0000000000000001E-018 dt=   1.0000000000000001E-018
 Time=  -3.0000000003976930E-015 Intensity=   974358752858036.75     
   4662.8796241419077      < Te <    4702.7382915821790     
   4905.1572845890432      < Th <    4987.1919432598506     
   81.289216368445466      < Ts <   81.363153303269854     
   1.6258655274998550E+026 < Ne <   1.6259532275191351E+026
   1.6258655274998526E+026 < Nh <   1.6259532274299898E+026
 CFL_Te=   1.5447474862163213E-003 maxCFL_Ne=   1.4925883390411109E-003 maxCFL_Ts=   5.1382127897209892E-004 CPU=   653.38582751268689      NumThreads=                    4 Elapsed time=   6.1219570911527476E-003
 CFL_Limit=   1.0000000000000000E-003
 dt_init=   1.0000000000000001E-018 dt=   1.0000000000000001E-018
 Time=  -2.0000000003978740E-015 Intensity=   982733878060378.12     
   4689.8619531407749      < Te <    4728.8075042437495     
   4933.5078039884474      < Th <    5017.1319314764760     
   81.394993535231464      < Ts <   81.474362659044900     
   1.7136825237745748E+026 < Ne <   1.7137710022333969E+026
   1.7136825237745721E+026 < Nh <   1.7137710021616922E+026
 CFL_Te=   1.5536862457662111E-003 maxCFL_Ne=   1.5012252472448721E-003 maxCFL_Ts=   5.1410505201155159E-004 CPU=   653.35723034670218      NumThreads=                    4 Elapsed time=   6.1222250465911452E-003
 CFL_Limit=   1.0000000000000000E-003
 dt_init=   1.0000000000000001E-018 dt=   1.0000000000000001E-018
 Time=  -1.0000000003979017E-015 Intensity=   987751006861447.75     
   4706.8387782701502      < Te <    4745.3250921365725     
   4943.6827955314529      < Th <    5044.4496738251755     
   81.505885403547026      < Ts <   81.591651558740125     
   1.8020999947578032E+026 < Ne <   1.8021889527222068E+026
   1.8020999947577994E+026 < Nh <   1.8021889526769860E+026
 CFL_Te=   1.5545967903331590E-003 maxCFL_Ne=   1.5179486932549527E-003 maxCFL_Ts=   5.1440077361356821E-004 CPU=   653.32649768719773      NumThreads=                    4 Elapsed time=   6.1225130377539592E-003
 CFL_Limit=   1.0000000000000000E-003
 dt_init=   1.0000000000000001E-018 dt=   1.0000000000000001E-018
 Time=  -3.9788984726558512E-025 Intensity=   989358557592354.75     
   4733.8991044620007      < Te <    4772.9422199892961     
   4972.0585137969856      < Th <    5054.1800559423027     
   81.621622378964574      < Ts <   81.714361205277513     
   1.8908131461479417E+026 < Ne <   1.8909022763857403E+026
   1.8908131461479365E+026 < Nh <   1.8909022763724173E+026
 CFL_Te=   1.5635343413773312E-003 maxCFL_Ne=   1.5266755154284377E-003 maxCFL_Ts=   5.1470850785506378E-004 CPU=   653.29448378490065      NumThreads=                    4 Elapsed time=   6.1228130640653211E-003
 CFL_Limit=   1.0000000000000000E-003
 dt_init=   1.0000000000000001E-018 dt=   1.0000000000000001E-018
