 Hello from thread =                    3
 Hello from thread =                    5
 Hello from thread =                    2
 Hello from thread =                    0
 Hello from thread =                    1
 Hello from thread =                    7
 Hello from thread =                    4
 Hello from thread =                    6
OpenMP TEST
Number of Threads = 8
*******************************
 Pi =    3.1415926535897931     
 Read PolarizationSource TM:                     0
 Read phiMie0:    270.00000000000000      deg -> rad
 Importing data on Polarization.
 Loading GMSH mesh...
 MESH INFORMATIONS
 [GMSH] Quadrangles number
               120000
 [GMSH] Node number
               120704
 Latest running index while remeshing                 2604
 [Mesh] Building...

 [Mesh] Convergence (                  500 )=   1.0817200796192992E-005
 [Mesh] Convergence (                 1000 )=   1.8112629213610488E-006
 [Mesh] Convergence (                 1500 )=   2.5792603657464494E-007
 [Mesh] Convergence (                 2000 )=   3.5914706339099211E-008
 [Mesh] Convergence (                 2500 )=   4.9850516661535945E-009
 [Mesh] Convergence (                 3000 )=   6.9162929503363552E-010
 [Mesh] Convergence is reached. The show can go on.
 [Mesh) ITERATIONS=                 3490
 Vessel cells:                   51 *                   51 =                 2601
 Matter cells:                   51 *                   51 =                 2601
  -73.799999999999997       -74.200000000000003     
 Done.
 [Mesh] Calculation of normales and distances.
 NEEDLE CHECK
 North  -3.7660326630786244E-002  0.99929059827362665     
 South  -4.4254985284557589E-002 -0.99902026820153322     
 East  0.99776387854434379        6.6837434661633735E-002
 West -0.98355051411920225      -0.18063329199196024     
   1.0084235919080716E-007   1.0080401314662160E-007   6.2261963353734495E-009   6.0517118214716542E-009
 VESSEL CHECK
 North  -3.7660326630786486E-002  0.99929059827362954     
 South  -4.4254985284557596E-002 -0.99902026820153644     
 East  0.99776387854570758        6.6837434661703207E-002
 West -0.98355051411899175      -0.18063329199185602     
   1.0084235919080652E-007   1.0080401314662204E-007   6.2261963353814905E-009   6.0517118214533355E-009
 epsilon(   515.00000000000000      nm)= (  17.825399999999998     , 0.50668999999999997     )
 Re(sqrt(epsilon))=   4.2224400481392985     
 [Poisson eq.] Filling matrix
 Starting time loop.
 Time=  -1.9900000000000334E-013 Intensity=   1.5608081973338662E-015
   80.000000477192344      < Te <    80.000000478180098     
   80.000000477192344      < Th <    80.000000478241034     
   80.000000000000000      < Ts <   80.000000000000000     
   100000.00001007428      < Ne <   100000.00001008825     
   100000.00001007428      < Nh <   100000.00001008825     
 CFL_Te=   3.0172996512486944E-005 maxCFL_Ne=   2.3291356418542616E-005 maxCFL_Ts=   5.1020110945368359E-004 CPU=   872.42727016393712      NumThreads=                    8 Elapsed time=   9.1698188188188180E-003
 CFL_Limit=   1.0000000000000000E-003
 dt_init=   1.0000000000000001E-018 dt=   1.0000000000000001E-018
 Time=  -1.9800000000000668E-013 Intensity=   3.1054412247246876E-015
   80.000001427414261      < Te <    80.000001429478274     
   80.000001427414261      < Th <    80.000001429706543     
   80.000000000000000      < Ts <   80.000000000000000     
   100000.00003017709      < Ne <   100000.00003020490     
   100000.00003017709      < Nh <   100000.00003020490     
 CFL_Te=   3.0172996870881241E-005 maxCFL_Ne=   2.3291356695192078E-005 maxCFL_Ts=   5.1020110945368359E-004 CPU=   877.19779406037469      NumThreads=                    8 Elapsed time=   9.1199499749874957E-003
 CFL_Limit=   1.0000000000000000E-003
 dt_init=   1.0000000000000001E-018 dt=   1.0000000000000001E-018
 Time=  -1.9700000000001002E-013 Intensity=   6.1573230609639201E-015
   80.000003312372158      < Te <    80.000003316663808     
   80.000003312372158      < Th <    80.000003316958214     
   80.000000000000000      < Ts <   80.000000000000000     
   100000.00007009716      < Ne <   100000.00007015229     
   100000.00007009716      < Nh <   100000.00007015229     
 CFL_Te=   3.0172997581829692E-005 maxCFL_Ne=   2.3291357243982404E-005 maxCFL_Ts=   5.1020110945368359E-004 CPU=   878.76674361613971      NumThreads=                    8 Elapsed time=   9.1036672224074702E-003
 CFL_Limit=   1.0000000000000000E-003
 dt_init=   1.0000000000000001E-018 dt=   1.0000000000000001E-018
 Time=  -1.9600000000001335E-013 Intensity=   1.2166213048899516E-014
   80.000007040551225      < Te <    80.000007048744521     
   80.000007040551225      < Th <    80.000007050140070     
   80.000000000000000      < Ts <   80.000000000000000     
   100000.00014909677      < Ne <   100000.00014920571     
   100000.00014909677      < Nh <   100000.00014920571     
 CFL_Te=   3.0172998988047059E-005 maxCFL_Ne=   2.3291358329411744E-005 maxCFL_Ts=   5.1020110945368359E-004 CPU=   879.44802376137056      NumThreads=                    8 Elapsed time=   9.0966149037259303E-003
 CFL_Limit=   1.0000000000000000E-003
 dt_init=   1.0000000000000001E-018 dt=   1.0000000000000001E-018
 Time=  -1.9500000000001669E-013 Intensity=   2.3955969091122017E-014
   80.000014390740063      < Te <    80.000014407411172     
   80.000014390740063      < Th <    80.000014409925257     
   80.000000000000000      < Ts <   80.000000000000000     
   100000.00030489115      < Ne <   100000.00030510564     
   100000.00030489115      < Nh <   100000.00030510564     
 CFL_Te=   3.0173001760255360E-005 maxCFL_Ne=   2.3291360469360078E-005 maxCFL_Ts=   5.1020110945368359E-004 CPU=   879.66833565065986      NumThreads=                    8 Elapsed time=   9.0943366673334677E-003
 CFL_Limit=   1.0000000000000000E-003
 dt_init=   1.0000000000000001E-018 dt=   1.0000000000000001E-018
 Time=  -1.9400000000002002E-013 Intensity=   4.7007474681725239E-014
   80.000028833529129      < Te <    80.000028867996377     
   80.000028833529129      < Th <    80.000028871480339     
   80.000000000000000      < Ts <   80.000000000000000     
   100000.00061106883      < Ne <   100000.00061148973     
   100000.00061106883      < Nh <   100000.00061148973     
 CFL_Te=   3.0173007208041219E-005 maxCFL_Ne=   2.3291364674261902E-005 maxCFL_Ts=   5.1020110945368359E-004 CPU=   879.68626038647324      NumThreads=                    8 Elapsed time=   9.0941513585597600E-003
 CFL_Limit=   1.0000000000000000E-003
 dt_init=   1.0000000000000001E-018 dt=   1.0000000000000001E-018
 Time=  -1.9300000000002336E-013 Intensity=   9.1921043856280728E-014
   80.000057116609241      < Te <    80.000057184479616     
   80.000057116609241      < Th <    80.000057196138457     
   80.000000000000000      < Ts <   80.000000000000000     
   100000.00121070982      < Ne <   100000.00121153287     
   100000.00121070982      < Nh <   100000.00121153287     
 CFL_Te=   3.0173017875630708E-005 maxCFL_Ne=   2.3291372908653099E-005 maxCFL_Ts=   5.1020110945368359E-004 CPU=   879.84837040899845      NumThreads=                    8 Elapsed time=   9.0924757822546075E-003
 CFL_Limit=   1.0000000000000000E-003
 dt_init=   1.0000000000000001E-018 dt=   1.0000000000000001E-018
 Time=  -1.9200000000002670E-013 Intensity=   1.7912566855350728E-013
   80.000112313108744      < Te <    80.000112444375972     
   80.000112313108744      < Th <    80.000112468811139     
   80.000000000000000      < Ts <   80.000000000000000     
   100000.00238102887      < Ne <   100000.00238263275     
   100000.00238102887      < Nh <   100000.00238263275     
 CFL_Te=   3.0173038694222442E-005 maxCFL_Ne=   2.3291388978669788E-005 maxCFL_Ts=   5.1020110945368359E-004 CPU=   879.83085117145288      NumThreads=                    8 Elapsed time=   9.0926568321040135E-003
 CFL_Limit=   1.0000000000000000E-003
 dt_init=   1.0000000000000001E-018 dt=   1.0000000000000001E-018
 Time=  -1.9100000000003003E-013 Intensity=   3.4785283813530712E-013
   80.000219662256029      < Te <    80.000219935311861     
   80.000219662256029      < Th <    80.000219966251308     
   80.000000000000000      < Ts <   80.000000000000000     
   100000.00465723996      < Ne <   100000.00466035461     
   100000.00465723996      < Nh <   100000.00466035461     
 CFL_Te=   3.0173079183598088E-005 maxCFL_Ne=   2.3291420232510239E-005 maxCFL_Ts=   5.1020110945368359E-004 CPU=   879.80536640455773      NumThreads=                    8 Elapsed time=   9.0929202133570395E-003
 CFL_Limit=   1.0000000000000000E-003
 dt_init=   1.0000000000000001E-018 dt=   1.0000000000000001E-018
 Time=  -1.9000000000003337E-013 Intensity=   6.7317523082182542E-013
   80.000427720236658      < Te <    80.000428228823466     
   80.000427720236658      < Th <    80.000428293544005     
   80.000000000000000      < Ts <   80.000000000000000     
   100000.00906904222      < Ne <   100000.00907506979     
   100000.00906904222      < Nh <   100000.00907506979     
 CFL_Te=   3.0173157655090660E-005 maxCFL_Ne=   2.3291480806917156E-005 maxCFL_Ts=   5.1020110945368359E-004 CPU=   879.76533783959019      NumThreads=                    8 Elapsed time=   9.0933339333933386E-003
 CFL_Limit=   1.0000000000000000E-003
 dt_init=   1.0000000000000001E-018 dt=   1.0000000000000001E-018
 Time=  -1.8900000000003671E-013 Intensity=   1.2982417001071079E-012
   80.000829573122843      < Te <    80.000830623947238     
   80.000829573122843      < Th <    80.000830663053449     
   80.000000000000000      < Ts <   80.000000000000000     
   100000.01759051721      < Ne <   100000.01760214157     
   100000.01759051721      < Nh <   100000.01760214157     
 CFL_Te=   3.0173309220507341E-005 maxCFL_Ne=   2.3291597803151458E-005 maxCFL_Ts=   5.1020110945368359E-004 CPU=   879.69630202735743      NumThreads=                    8 Elapsed time=   9.0940475497772524E-003
 CFL_Limit=   1.0000000000000000E-003
 dt_init=   1.0000000000000001E-018 dt=   1.0000000000000001E-018
 Time=  -1.8800000000004004E-013 Intensity=   2.4950418329827070E-012
   80.001603047293969      < Te <    80.001604988167998     
   80.001603047293969      < Th <    80.001605208174823     
   80.000000000000000      < Ts <   80.000000000000000     
   100000.03399297041      < Ne <   100000.03401531083     
   100000.03399297041      < Nh <   100000.03401531083     
 CFL_Te=   3.0173600964753263E-005 maxCFL_Ne=   2.3291822993932617E-005 maxCFL_Ts=   5.1020110945368359E-004 CPU=   879.68381089085437      NumThreads=                    8 Elapsed time=   9.0941766813901152E-003
 CFL_Limit=   1.0000000000000000E-003
 dt_init=   1.0000000000000001E-018 dt=   1.0000000000000001E-018
 Time=  -1.8700000000004338E-013 Intensity=   4.7785370591305342E-012
   80.003086658295800      < Te <    80.003090488672029     
   80.003086658295800      < Th <    80.003090780371153     
   80.000000000000000      < Ts <   80.000000000000000     
   100000.06545582501      < Ne <   100000.06549861169     
   100000.06545582501      < Nh <   100000.06549861169     
 CFL_Te=   3.0174160569299731E-005 maxCFL_Ne=   2.3292254935337916E-005 maxCFL_Ts=   5.1020110945368359E-004 CPU=   879.64718359078040      NumThreads=                    8 Elapsed time=   9.0945553504115702E-003
 CFL_Limit=   1.0000000000000000E-003
 dt_init=   1.0000000000000001E-018 dt=   1.0000000000000001E-018
 Time=  -1.8600000000004672E-013 Intensity=   9.1202540354820250E-012
   80.005922548784412      < Te <    80.005929697539074     
   80.005922548784412      < Th <    80.005930735408299     
   80.000000000000000      < Ts <   80.000000000000000     
   100000.12559849530      < Ne <   100000.12568015739     
   100000.12559849530      < Nh <   100000.12568015739     
 CFL_Te=   3.0175230168940353E-005 maxCFL_Ne=   2.3293080582034669E-005 maxCFL_Ts=   5.1020110945368359E-004 CPU=   879.64046337648676      NumThreads=                    8 Elapsed time=   9.0946248303450244E-003
 CFL_Limit=   1.0000000000000000E-003
 dt_init=   1.0000000000000001E-018 dt=   1.0000000000000001E-018
 Time=  -1.8500000000005005E-013 Intensity=   1.7346575960485076E-011
   80.011324538537721      < Te <    80.011338561939269     
   80.011324538537721      < Th <    80.011339946866926     
   80.000000000000000      < Ts <   80.000000000000000     
   100000.24016629423      < Ne <   100000.24032161421     
   100000.24016629423      < Nh <   100000.24032161421     
 CFL_Te=   3.0177267659707037E-005 maxCFL_Ne=   2.3294653327884208E-005 maxCFL_Ts=   5.1020110945368359E-004 CPU=   879.57615618226646      NumThreads=                    8 Elapsed time=   9.0952897526501778E-003
 CFL_Limit=   1.0000000000000000E-003
 dt_init=   1.0000000000000001E-018 dt=   1.0000000000000001E-018
 Time=  -1.8400000000005339E-013 Intensity=   3.2878760687561038E-011
   80.021578992977467      < Te <    80.021604539019677     
   80.021578992977467      < Th <    80.021607865909814     
   80.000000000000000      < Ts <   80.000000000000000     
   100000.45765550045      < Ne <   100000.45794989449     
   100000.45765550045      < Nh <   100000.45794989449     
 CFL_Te=   3.0181135373815637E-005 maxCFL_Ne=   2.3297638829781820E-005 maxCFL_Ts=   5.1020110945368359E-004 CPU=   879.50542099182474      NumThreads=                    8 Elapsed time=   9.0960212513282075E-003
 CFL_Limit=   1.0000000000000000E-003
 dt_init=   1.0000000000000001E-018 dt=   1.0000000000000001E-018
 Time=  -1.8300000000005673E-013 Intensity=   6.2102912198057113E-011
   80.040977362502034      < Te <    80.041026377785570     
   80.040977362502034      < Th <    80.041032328065640     
   80.000000000000000      < Ts <   80.000000000000000     
   100000.86909702668      < Ne <   100000.86965309166     
   100000.86909702668      < Nh <   100000.86965309166     
 CFL_Te=   3.0188451997050820E-005 maxCFL_Ne=   2.3303286508979824E-005 maxCFL_Ts=   5.1020110945368359E-004 CPU=   879.44486588426992      NumThreads=                    8 Elapsed time=   9.0966475675039720E-003
 CFL_Limit=   1.0000000000000000E-003
 dt_init=   1.0000000000000001E-018 dt=   1.0000000000000001E-018
 Time=  -1.8200000000006006E-013 Intensity=   1.1689699388427008E-010
   80.077546153964363      < Te <    80.077636602688600     
   80.077546153964363      < Th <    80.077648615720832     
   80.000000000000000      < Ts <   80.000000000000000     
   100001.64476134343      < Ne <   100001.64580803066     
   100001.64476134343      < Nh <   100001.64580803066     
 CFL_Te=   3.0202246051507473E-005 maxCFL_Ne=   2.3313933218363126E-005 maxCFL_Ts=   5.1020110945368359E-004 CPU=   879.38524087648045      NumThreads=                    8 Elapsed time=   9.0972643480193346E-003
 CFL_Limit=   1.0000000000000000E-003
 dt_init=   1.0000000000000001E-018 dt=   1.0000000000000001E-018
 Time=  -1.8100000000006340E-013 Intensity=   2.1927522735647163E-010
   80.146244545999835      < Te <    80.146406742036987     
   80.146244545999835      < Th <    80.146423166902721     
   80.000000000000000      < Ts <   80.000000000000000     
   100003.10201374321      < Ne <   100003.10397711775     
   100003.10201374321      < Nh <   100003.10397711775     
 CFL_Te=   3.0228157388038470E-005 maxCFL_Ne=   2.3333934202422311E-005 maxCFL_Ts=   5.1020110945368359E-004 CPU=   879.36145741005157      NumThreads=                    8 Elapsed time=   9.0975103952839632E-003
 CFL_Limit=   1.0000000000000000E-003
 dt_init=   1.0000000000000001E-018 dt=   1.0000000000000001E-018
 Time=  -1.8000000000006673E-013 Intensity=   4.0989313713879761E-010
   80.274852899429192      < Te <    80.275171426390742     
   80.274852899429192      < Th <    80.275196003735431     
   80.000000000000000      < Ts <   80.000000000000000     
   100005.83030682562      < Ne <   100005.83397697915     
   100005.83030682562      < Nh <   100005.83397697915     
 CFL_Te=   3.0276667246767641E-005 maxCFL_Ne=   2.3371377489675532E-005 maxCFL_Ts=   5.1020110945368359E-004 CPU=   879.29080815037162      NumThreads=                    8 Elapsed time=   9.0982413620681029E-003
 CFL_Limit=   1.0000000000000000E-003
 dt_init=   1.0000000000000001E-018 dt=   1.0000000000000001E-018
 Time=  -1.7900000000007007E-013 Intensity=   7.6356598600097579E-010
   80.514775482500667      < Te <    80.515367801429690     
   80.514775482500667      < Th <    80.515441712911283     
   80.000000000000000      < Ts <   80.000000000000000     
   100010.92059700783      < Ne <   100010.92743392248     
   100010.92059700783      < Nh <   100010.92743392248     
 CFL_Te=   3.0367159879392737E-005 maxCFL_Ne=   2.3441229019198552E-005 maxCFL_Ts=   5.1020110945368359E-004 CPU=   879.24649634596278      NumThreads=                    8 Elapsed time=   9.0986998904709748E-003
 CFL_Limit=   1.0000000000000000E-003
 dt_init=   1.0000000000000001E-018 dt=   1.0000000000000001E-018
 Time=  -1.7800000000007341E-013 Intensity=   1.4174813416816798E-009
   80.960779689844912      < Te <    80.961862578406851     
   80.960779689844912      < Th <    80.961951226686836     
   80.000000000000000      < Ts <   80.000000000000000     
   100020.38491527138      < Ne <   100020.39760729687     
   100020.38491527138      < Nh <   100020.39760729687     
 CFL_Te=   3.0535381502902082E-005 maxCFL_Ne=   2.3571079555391817E-005 maxCFL_Ts=   5.1020110945368359E-004 CPU=   879.15416289851635      NumThreads=                    8 Elapsed time=   9.0996554843401981E-003
 CFL_Limit=   1.0000000000000000E-003
 dt_init=   1.0000000000000001E-018 dt=   1.0000000000000001E-018
 Time=  -1.7700000000007674E-013 Intensity=   2.6223036413214384E-009
   81.786908727878796      < Te <    81.788838330332609     
   81.786908727878796      < Th <    81.789056648773766     
   80.000000000000000      < Ts <   80.000000000000000     
   100037.92095044946      < Ne <   100037.94443036673     
   100037.92095044946      < Nh <   100037.94443036673     
 CFL_Te=   3.0846965430224543E-005 maxCFL_Ne=   2.3811600377364068E-005 maxCFL_Ts=   5.1020110945368359E-004 CPU=   879.06582276245751      NumThreads=                    8 Elapsed time=   9.1005699378233842E-003
 CFL_Limit=   1.0000000000000000E-003
 dt_init=   1.0000000000000001E-018 dt=   1.0000000000000001E-018
 Time=  -1.7600000000008008E-013 Intensity=   4.8344097271306617E-009
   83.311496839812222      < Te <    83.315084329424764     
   83.311496839812222      < Th <    83.315458530088691     
   80.000000000000000      < Ts <   80.000000000000000     
   100070.30034743261      < Ne <   100070.34363438787     
   100070.30034743261      < Nh <   100070.34363438787     
 CFL_Te=   3.1421991807734319E-005 maxCFL_Ne=   2.4255471938547843E-005 maxCFL_Ts=   5.1020110945368359E-004 CPU=   879.00941254113195      NumThreads=                    8 Elapsed time=   9.1011539647485300E-003
 CFL_Limit=   1.0000000000000000E-003
 dt_init=   1.0000000000000001E-018 dt=   1.0000000000000001E-018
 Time=  -1.7500000000008342E-013 Intensity=   8.8817548566826219E-009
   86.114154251527864      < Te <    86.120835024322545     
   86.114154251527864      < Th <    86.122190805361612     
   80.000000000000000      < Ts <   80.000000000000000     
   100129.88046851470      < Ne <   100129.95999510572     
   100129.88046851470      < Nh <   100129.95999510572     
 CFL_Te=   3.2479143876282868E-005 maxCFL_Ne=   2.5071443092372395E-005 maxCFL_Ts=   5.1020110945368359E-004 CPU=   878.90911343563346      NumThreads=                    8 Elapsed time=   9.1021925677027080E-003
 CFL_Limit=   1.0000000000000000E-003
 dt_init=   1.0000000000000001E-018 dt=   1.0000000000000001E-018
 Time=  -1.7400000000008675E-013 Intensity=   1.6261064004507730E-008
   91.244536539257197      < Te <    91.257397270266111     
   91.244536539257197      < Th <    91.259732942383849     
   80.000000000000000      < Ts <   80.000000000000000     
   100239.13244014983      < Ne <   100239.27804054158     
   100239.13244014983      < Nh <   100239.27804054158     
 CFL_Te=   3.4414229611260878E-005 maxCFL_Ne=   2.6565112613798827E-005 maxCFL_Ts=   5.1020110945368359E-004 CPU=   878.87383772228759      NumThreads=                    8 Elapsed time=   9.1025579060733108E-003
 CFL_Limit=   1.0000000000000000E-003
 dt_init=   1.0000000000000001E-018 dt=   1.0000000000000001E-018
 Time=  -1.7300000000009009E-013 Intensity=   2.9668390479681111E-008
   100.59039631092435      < Te <    100.61468202618612     
   100.59039631092435      < Th <    100.61922470067499     
   80.000000000000000      < Ts <   80.000000000000000     
   100438.77469297295      < Ne <   100439.04034159688     
   100438.77469297295      < Nh <   100439.04034159688     
 CFL_Te=   3.7939491921281897E-005 maxCFL_Ne=   2.9286246789045533E-005 maxCFL_Ts=   5.1020110945368359E-004 CPU=   878.80278150731260      NumThreads=                    8 Elapsed time=   9.1032938997740662E-003
 CFL_Limit=   1.0000000000000000E-003
 dt_init=   1.0000000000000001E-018 dt=   1.0000000000000001E-018
 Time=  -1.7200000000009343E-013 Intensity=   5.3942846938300164E-008
   117.51384716589304      < Te <    117.56218996916213     
   117.51384716589304      < Th <    117.57095836098777     
   80.000000000000000      < Ts <   80.000000000000000     
   100802.33035897999      < Ne <   100802.81335933249     
   100802.33035897999      < Nh <   100802.81335933249     
 CFL_Te=   4.4323085403412480E-005 maxCFL_Ne=   3.4213779957736986E-005 maxCFL_Ts=   5.1020110945368359E-004 CPU=   878.75662700807527      NumThreads=                    8 Elapsed time=   9.1037720275724127E-003
 CFL_Limit=   1.0000000000000000E-003
 dt_init=   1.0000000000000001E-018 dt=   1.0000000000000001E-018
 Time=  -1.7100000000009676E-013 Intensity=   9.7739157377142928E-008
   147.91469049726021      < Te <    148.00364119566638     
   147.91469049726021      < Th <    148.02648898004833     
   80.000000000000000      < Ts <   80.000000000000000     
   101462.08833628001      < Ne <   101462.96348563059     
   101462.08833628001      < Nh <   101462.96348563059     
 CFL_Te=   5.5789014896330870E-005 maxCFL_Ne=   4.3066257780644816E-005 maxCFL_Ts=   5.1020110945368359E-004 CPU=   877.60302249640415      NumThreads=                    8 Elapsed time=   9.1157388875478477E-003
 CFL_Limit=   1.0000000000000000E-003
 dt_init=   1.0000000000000001E-018 dt=   1.0000000000000001E-018
 Time=  -1.7000000000010010E-013 Intensity=   1.7648108606485697E-007
   201.89944842506964      < Te <    202.06358205204327     
   201.89944842506964      < Th <    202.10786176892617     
   80.000000000000000      < Ts <   80.000000000000000     
   102655.23452902456      < Ne <   102656.81472791315     
   102655.23452902456      < Nh <   102656.81472791315     
 CFL_Te=   7.6149896683811152E-005 maxCFL_Ne=   5.8786506895083934E-005 maxCFL_Ts=   5.1020110945368359E-004 CPU=   872.14778045399987      NumThreads=                    8 Elapsed time=   9.1727573919130646E-003
 CFL_Limit=   1.0000000000000000E-003
 dt_init=   1.0000000000000001E-018 dt=   1.0000000000000001E-018
 Time=  -1.6900000000010343E-013 Intensity=   3.1755766135123548E-007
   296.08517307479542      < Te <    296.42520858239294     
   296.08517307479542      < Th <    296.56171950086815     
   80.000000000000000      < Ts <   80.000000000000000     
   104805.52904171725      < Ne <   104808.37243006397     
   104805.52904171725      < Nh <   104808.37243006397     
 CFL_Te=   1.1167475360293552E-004 maxCFL_Ne=   8.6217930395224572E-005 maxCFL_Ts=   5.1020110945368359E-004 CPU=   872.42938962839298      NumThreads=                    8 Elapsed time=   9.1697965418239304E-003
 CFL_Limit=   1.0000000000000000E-003
 dt_init=   1.0000000000000001E-018 dt=   1.0000000000000001E-018
 Time=  -1.6800000000010677E-013 Intensity=   5.6943200375045409E-007
   455.87956315522638      < Te <    456.63866686977389     
   455.87956315522638      < Th <    456.98020350269724     
   80.000000000000000      < Ts <   80.000000000000000     
   108667.39780146530      < Ne <   108672.49645446842     
   108667.39780146530      < Nh <   108672.49645446842     
 CFL_Te=   1.7194757453577460E-004 maxCFL_Ne=   1.3274910881489772E-004 maxCFL_Ts=   5.1020110945368359E-004 CPU=   872.66441115865030      NumThreads=                    8 Elapsed time=   9.1673269789680940E-003
 CFL_Limit=   1.0000000000000000E-003
 dt_init=   1.0000000000000001E-018 dt=   1.0000000000000001E-018
 Time=  -1.6700000000011011E-013 Intensity=   1.0175505639765076E-006
   715.21605091348454      < Te <    717.09624381811011     
   715.21605091348454      < Th <    718.04923299576831     
   80.000000000000000      < Ts <   80.000000000000000     
   115579.21673096764      < Ne <   115588.32780516909     
   115579.21673096764      < Nh <   115588.32780516909     
 CFL_Te=   2.6980568579529064E-004 maxCFL_Ne=   2.0834217196169700E-004 maxCFL_Ts=   5.1020110945368359E-004 CPU=   872.81703085322488      NumThreads=                    8 Elapsed time=   9.1657239916361124E-003
 CFL_Limit=   1.0000000000000000E-003
 dt_init=   1.0000000000000001E-018 dt=   1.0000000000000001E-018
 Time=  -1.6600000000011344E-013 Intensity=   1.8120283017422144E-006
   1108.1977868702265      < Te <    1112.3225009480482     
   1108.1977868702265      < Th <    1115.8131473745746     
   80.000000000000000      < Ts <   80.000000000000000     
   127906.92848748119      < Ne <   127923.15325792230     
   127906.92848748119      < Nh <   127923.15325792230     
 CFL_Te=   4.1803252817650106E-004 maxCFL_Ne=   3.2288092353303639E-004 maxCFL_Ts=   5.1020110945368359E-004 CPU=   872.95393277939536      NumThreads=                    8 Elapsed time=   9.1642865672519787E-003
 CFL_Limit=   1.0000000000000000E-003
 dt_init=   1.0000000000000001E-018 dt=   1.0000000000000001E-018
 Time=  -1.6500000000011678E-013 Intensity=   3.2156502290740630E-006
   1647.0852286035952      < Te <    1656.5697207206488     
   1647.0852286035954      < Th <    1662.4209663016338     
   80.000000000000000      < Ts <   80.000000000000000     
   149818.21450097521      < Ne <   149847.00720106487     
   149818.21450097521      < Nh <   149847.00720106487     
 CFL_Te=   6.2131458157302431E-004 maxCFL_Ne=   4.8023785982852907E-004 maxCFL_Ts=   5.1020110945368359E-004 CPU=   873.08119412506585      NumThreads=                    8 Elapsed time=   9.1629507700220006E-003
 CFL_Limit=   1.0000000000000000E-003
 dt_init=   1.0000000000000001E-018 dt=   1.0000000000000001E-018
 Time=  -1.6400000000012012E-013 Intensity=   5.6867937975120608E-006
   2294.3745581940507      < Te <    2312.8988014219299     
   2294.3745581941444      < Th <    2326.1648790006175     
   80.000000000000000      < Ts <   80.000000000000000     
   188628.65260999257      < Ne <   188679.57177334884     
   188628.65260999257      < Nh <   188679.57177334884     
 CFL_Te=   8.6539625105002663E-004 maxCFL_Ne=   6.6872478354945383E-004 maxCFL_Ts=   5.1020110945368359E-004 CPU=   873.15678077677387      NumThreads=                    8 Elapsed time=   9.1621575599322210E-003
 CFL_Limit=   1.0000000000000000E-003
 dt_init=   1.0000000000000001E-018 dt=   1.0000000000000001E-018
 Time=  -1.6300000000012345E-013 Intensity=   1.0022152535589665E-005
   2960.1233031541792      < Te <    2993.4111746379044     
   2960.1233031556517      < Th <    3013.1050236936176     
   80.000000000000000      < Ts <   80.000000000000000     
   257134.00754132075      < Ne <   257223.74551289104     
   257134.00754132075      < Nh <   257223.74551290605     
 CFL_Te=   1.1164747691192840E-003 maxCFL_Ne=   8.6282868189626336E-004 maxCFL_Ts=   5.1020110945368359E-004 CPU=   873.20990266263789      NumThreads=                    8 Elapsed time=   9.1616001783831995E-003
 CFL_Limit=   1.0000000000000000E-003
 dt_init=   1.0000000000000001E-018 dt=   1.0000000000000001E-018
 Time=  -1.6200000000012679E-013 Intensity=   1.7601488071436876E-005
   3545.0847960752453      < Te <    3598.3713096429888     
   3545.0847960846695      < Th <    3627.6999616964586     
   80.000000000000000      < Ts <   80.000000000000000     
   377636.43954808038      < Ne <   377794.04432874941     
   377636.43954808038      < Nh <   377794.04432872438     
 CFL_Te=   1.3370988295606761E-003 maxCFL_Ne=   1.0342037144152160E-003 maxCFL_Ts=   5.1020110945368359E-004 CPU=   873.24507555884338      NumThreads=                    8 Elapsed time=   9.1612311639780002E-003
 CFL_Limit=   1.0000000000000000E-003
 dt_init=   1.0000000000000001E-018 dt=   1.0000000000000001E-018
 Time=  -1.6100000000013013E-013 Intensity=   3.0805808613878608E-005
   3992.8061215772805      < Te <    4084.1185594410622     
   3992.8061215991870      < Th <    4107.9657343655190     
   80.000000000000000      < Ts <   80.000000000000000     
   588869.74948411307      < Ne <   589145.59370381793     
   588869.74948411307      < Nh <   589145.59370440466     
 CFL_Te=   1.5065314561078509E-003 maxCFL_Ne=   1.1648152501397020E-003 maxCFL_Ts=   5.1020110945368359E-004 CPU=   873.27000705749003      NumThreads=                    8 Elapsed time=   9.1609696146055034E-003
 CFL_Limit=   1.0000000000000000E-003
 dt_init=   1.0000000000000001E-018 dt=   1.0000000000000001E-018
 Time=  -1.6000000000013346E-013 Intensity=   5.3729239106903670E-005
   4301.0901196972673      < Te <    4388.9515899517337     
   4301.0901197326675      < Th <    4443.2066133555136     
   80.000000000000000      < Ts <   80.000000000000000     
   957867.96813317935      < Ne <   958349.08993077744     
   957867.96813317935      < Nh <   958349.08993369958     
 CFL_Te=   1.6226654032410299E-003 maxCFL_Ne=   1.2570314566457364E-003 maxCFL_Ts=   5.1020110945368359E-004 CPU=   873.30124844400098      NumThreads=                    8 Elapsed time=   9.1606418910472765E-003
 CFL_Limit=   1.0000000000000000E-003
 dt_init=   1.0000000000000001E-018 dt=   1.0000000000000001E-018
 Time=  -1.5900000000013680E-013 Intensity=   9.3386396508871733E-005
   4498.4324734079937      < Te <    4602.3708846245545     
   4498.3758614148965      < Th <    4647.1545958895267     
   80.000000000000000      < Ts <   80.000000000000000     
   1600232.2641484782      < Ne <   1601068.5160392502     
   1600232.2641484782      < Nh <   1601068.5160456635     
 CFL_Te=   1.6968950647478749E-003 maxCFL_Ne=   1.3144995668842171E-003 maxCFL_Ts=   5.1020110945368359E-004 CPU=   873.31728090867853      NumThreads=                    8 Elapsed time=   9.1604737188711923E-003
 CFL_Limit=   1.0000000000000000E-003
 dt_init=   1.0000000000000001E-018 dt=   1.0000000000000001E-018
 Time=  -1.5800000000014014E-013 Intensity=   1.6175264648251087E-004
   4619.0784124434540      < Te <    4735.1291090891236     
   4619.0132117330540      < Th <    4772.6690023444071     
   80.000000000000000      < Ts <   80.000000000000000     
   2714613.4648008035      < Ne <   2716061.9528614269     
   2714613.4648008035      < Nh <   2716061.9528455511     
 CFL_Te=   1.7425438422071001E-003 maxCFL_Ne=   1.3489127133402459E-003 maxCFL_Ts=   5.1020110945368359E-004 CPU=   872.23713251051015      NumThreads=                    8 Elapsed time=   9.1718177337555655E-003
 CFL_Limit=   1.0000000000000000E-003
 dt_init=   1.0000000000000001E-018 dt=   1.0000000000000001E-018
 Time=  -1.5700000000014347E-013 Intensity=   2.7919910540149856E-004
   4690.8992206550902      < Te <    4834.5026856515306     
   4690.8084799490707      < Th <    4866.7534270796232     
   80.000000000000000      < Ts <   80.000000000000000     
   4641168.5173142357      < Ne <   4643668.7960952064     
   4641168.5173142357      < Nh <   4643668.7960874038     
 CFL_Te=   1.7695256674655931E-003 maxCFL_Ne=   1.3692866116407712E-003 maxCFL_Ts=   5.1020110945368359E-004 CPU=   868.53461869885496      NumThreads=                    8 Elapsed time=   9.2109166724807564E-003
 CFL_Limit=   1.0000000000000000E-003
 dt_init=   1.0000000000000001E-018 dt=   1.0000000000000001E-018
 Time=  -1.5600000000014681E-013 Intensity=   4.8025456292409118E-004
   4732.9953286094187      < Te <    4874.1435388158498     
   4732.8632713326178      < Th <    4930.3567429511004     
   80.000000000000000      < Ts <   80.000000000000000     
   7960299.1013220949      < Ne <   7964600.0242752554     
   7960299.1013220949      < Nh <   7964600.0242552301     
 CFL_Te=   1.7853851229871799E-003 maxCFL_Ne=   1.3811588617286188E-003 maxCFL_Ts=   5.1020110945368359E-004 CPU=   865.00738391507866      NumThreads=                    8 Elapsed time=   9.2484759653628495E-003
 CFL_Limit=   1.0000000000000000E-003
 dt_init=   1.0000000000000001E-018 dt=   1.0000000000000001E-018
 Time=  -1.5500000000015014E-013 Intensity=   8.2323500183163778E-004
   4757.4299437468981      < Te <    4902.5126220323327     
   4757.3264525304539      < Th <    4965.7505860213168     
   80.000000000000000      < Ts <   80.000000000000000     
   13658825.005917948      < Ne <   13666197.657619646     
   13658825.005917948      < Nh <   13666197.657569464     
 CFL_Te=   1.7948817645309107E-003 maxCFL_Ne=   1.3879485770023937E-003 maxCFL_Ts=   5.1020110945368359E-004 CPU=   861.67314625363292      NumThreads=                    8 Elapsed time=   9.2842628725082789E-003
 CFL_Limit=   1.0000000000000000E-003
 dt_init=   1.0000000000000001E-018 dt=   1.0000000000000001E-018
 Time=  -1.5400000000015348E-013 Intensity=   1.4062774236661619E-003
   4771.5586469812097      < Te <    4912.4073843115521     
   4771.4720068427223      < Th <    4976.0489072837172     
   80.000000000000000      < Ts <   80.000000000000000     
   23408631.346135695      < Ne <   23421225.699743707     
   23408631.346135695      < Nh <   23421225.699625917     
 CFL_Te=   1.8002011099781648E-003 maxCFL_Ne=   1.3919031877851350E-003 maxCFL_Ts=   5.1020110945368359E-004 CPU=   858.50329783831057      NumThreads=                    8 Elapsed time=   9.3185431205026203E-003
 CFL_Limit=   1.0000000000000000E-003
 dt_init=   1.0000000000000001E-018 dt=   1.0000000000000001E-018
 Time=  -1.5300000000015682E-013 Intensity=   2.3939387363958401E-003
   4779.6762493942006      < Te <    4927.0260003887915     
   4779.5960517068243      < Th <    4988.0342452207869     
   80.000000000000000      < Ts <   80.000000000000000     
   40032217.877309702      < Ne <   40053657.868864276     
   40032217.877309702      < Nh <   40053657.868639536     
 CFL_Te=   1.8030977510352616E-003 maxCFL_Ne=   1.3954634048965750E-003 maxCFL_Ts=   5.1020110945368359E-004 CPU=   855.49084901216543      NumThreads=                    8 Elapsed time=   9.3513566033319867E-003
 CFL_Limit=   1.0000000000000000E-003
 dt_init=   1.0000000000000001E-018 dt=   1.0000000000000001E-018
 Time=  -1.5200000000016015E-013 Intensity=   4.0611582196023030E-003
   4784.2987796435573      < Te <    4906.1433031836577     
   4784.2169351348239      < Th <    5004.0518119086000     
   80.000000000000000      < Ts <   80.000000000000000     
   68277683.910450026      < Ne <   68314055.415058076     
   68277683.910450026      < Nh <   68314055.414593339     
 CFL_Te=   1.8060256571738043E-003 maxCFL_Ne=   1.3956604909828123E-003 maxCFL_Ts=   5.1020110945368359E-004 CPU=   852.61983860906878      NumThreads=                    8 Elapsed time=   9.3828452467759754E-003
 CFL_Limit=   1.0000000000000000E-003
 dt_init=   1.0000000000000001E-018 dt=   1.0000000000000001E-018
 Time=  -1.5100000000016349E-013 Intensity=   6.8656496377184186E-003
   4786.9125926199204      < Te <    4917.5342038175768     
   4786.8086214489686      < Th <    4997.6332634400751     
   80.000000000000000      < Ts <   80.000000000000000     
   116104122.15020396      < Ne <   116165610.19938105     
   116104122.15020396      < Nh <   116165610.19848898     
 CFL_Te=   1.8060086908378223E-003 maxCFL_Ne=   1.3961264458249639E-003 maxCFL_Ts=   5.1020110945368359E-004 CPU=   849.88557206325754      NumThreads=                    8 Elapsed time=   9.4130318986101764E-003
 CFL_Limit=   1.0000000000000000E-003
 dt_init=   1.0000000000000001E-018 dt=   1.0000000000000001E-018
 Time=  -1.5000000000016683E-013 Intensity=   1.1566666520934519E-002
   4788.3442609190415      < Te <    4904.5271971429420     
   4788.2280418579703      < Th <    5009.7524806505489     
   80.000000000000000      < Ts <   80.000000000000000     
   196805808.83454195      < Ne <   196909398.06676430     
   196805808.83454195      < Nh <   196909398.06508046     
 CFL_Te=   1.8065334371717128E-003 maxCFL_Ne=   1.3987262349080855E-003 maxCFL_Ts=   5.1020110945368359E-004 CPU=   847.24424833614466      NumThreads=                    8 Elapsed time=   9.4423774675493517E-003
 CFL_Limit=   1.0000000000000000E-003
 dt_init=   1.0000000000000001E-018 dt=   1.0000000000000001E-018
 Time=  -1.4900000000017016E-013 Intensity=   1.9419124322407912E-002
   4789.0848138672654      < Te <    4914.3762746923303     
   4788.9587897022757      < Th <    4996.9351740399925     
   80.000000000000000      < Ts <   80.000000000000000     
   332509750.66761112      < Ne <   332683665.10608774     
   332509750.66761112      < Nh <   332683665.10306078     
 CFL_Te=   1.8070472362526893E-003 maxCFL_Ne=   1.3965699859562486E-003 maxCFL_Ts=   5.1020110945368359E-004 CPU=   844.71788820710140      NumThreads=                    8 Elapsed time=   9.4706174826957399E-003
 CFL_Limit=   1.0000000000000000E-003
 dt_init=   1.0000000000000001E-018 dt=   1.0000000000000001E-018
 Time=  -1.4800000000017350E-013 Intensity=   3.2489716342295395E-002
   4789.4083753484656      < Te <    4918.5678897704611     
   4789.2809900306029      < Th <    4989.9853098451404     
   80.000000000000000      < Ts <   80.000000000000000     
   559913485.38854301      < Ne <   560204458.54005826     
   559913485.38854301      < Nh <   560204458.53521621     
 CFL_Te=   1.8068213820237370E-003 maxCFL_Ne=   1.3970163893800779E-003 maxCFL_Ts=   5.1020110945368359E-004 CPU=   842.32756347429779      NumThreads=                    8 Elapsed time=   9.4974928364007002E-003
 CFL_Limit=   1.0000000000000000E-003
 dt_init=   1.0000000000000001E-018 dt=   1.0000000000000001E-018
 Time=  -1.4700000000017684E-013 Intensity=   5.4169776937058010E-002
   4789.4895357736359      < Te <    4921.3198411470630     
   4789.3818573611297      < Th <    4983.8138809495131     
   80.000000000000000      < Ts <   80.000000000000000     
   939663677.22109902      < Ne <   940148815.08109319     
   939663677.22109902      < Nh <   940148815.07326031     
 CFL_Te=   1.8067686472707412E-003 maxCFL_Ne=   1.3967197601269803E-003 maxCFL_Ts=   5.1020110945368359E-004 CPU=   840.01472985696319      NumThreads=                    8 Elapsed time=   9.5236425215570117E-003
 CFL_Limit=   1.0000000000000000E-003
 dt_init=   1.0000000000000001E-018 dt=   1.0000000000000001E-018
 Time=  -1.4600000000018017E-013 Intensity=   9.0004251555476325E-002
   4789.4129706843387      < Te <    4912.7061855205457     
   4789.3210055964655      < Th <    4994.7681069379669     
   80.000000000000000      < Ts <   80.000000000000000     
   1571629642.5968106      < Ne <   1572435711.0900207     
   1571629642.5968106      < Nh <   1572435711.0765989     
 CFL_Te=   1.8068440851091694E-003 maxCFL_Ne=   1.3963628573580745E-003 maxCFL_Ts=   5.1020110945368359E-004 CPU=   837.80633067301949      NumThreads=                    8 Elapsed time=   9.5487461804848236E-003
 CFL_Limit=   1.0000000000000000E-003
 dt_init=   1.0000000000000001E-018 dt=   1.0000000000000001E-018
 Time=  -1.4500000000018351E-013 Intensity=  0.14902662029678132     
   4789.2633975841691      < Te <    4921.8070112549094     
   4789.1757172108128      < Th <    4983.8498670669724     
   80.000000000000000      < Ts <   80.000000000000000     
   2619686049.0848351      < Ne <   2621020722.5475688     
   2619686049.0848351      < Nh <   2621020722.5256777     
 CFL_Te=   1.8068056678367463E-003 maxCFL_Ne=   1.3972478562278008E-003 maxCFL_Ts=   5.1020110945368359E-004 CPU=   835.70285516708952      NumThreads=                    8 Elapsed time=   9.5727805051000914E-003
 CFL_Limit=   1.0000000000000000E-003
 dt_init=   1.0000000000000001E-018 dt=   1.0000000000000001E-018
 Time=  -1.4400000000018685E-013 Intensity=  0.24590056693320117     
   4789.0640152066135      < Te <    4918.4989695137765     
   4788.9577342725061      < Th <    4968.0862917196537     
   80.000000000000000      < Ts <   80.000000000000000     
   4351777839.9534502      < Ne <   4353980125.0385561     
   4351777839.9534502      < Nh <   4353980125.0532217     
 CFL_Te=   1.8065995628558937E-003 maxCFL_Ne=   1.3960835599367140E-003 maxCFL_Ts=   5.1020110945368359E-004 CPU=   833.67269504420608      NumThreads=                    8 Elapsed time=   9.5960921445025788E-003
 CFL_Limit=   1.0000000000000000E-003
 dt_init=   1.0000000000000001E-018 dt=   1.0000000000000001E-018
 Time=  -1.4300000000019018E-013 Intensity=  0.40434311979042498     
   4788.7911437052389      < Te <    4911.8963924808922     
   4788.7148335695983      < Th <    4989.5965079892321     
   80.000000000000000      < Ts <   80.000000000000000     
   7204453713.1548977      < Ne <   7208075000.6805687     
   7204453713.1548977      < Nh <   7208075000.7009315     
 CFL_Te=   1.8065938163633257E-003 maxCFL_Ne=   1.3973754108849950E-003 maxCFL_Ts=   5.1020110945368359E-004 CPU=   831.72966140473943      NumThreads=                    8 Elapsed time=   9.6185099212266877E-003
 CFL_Limit=   1.0000000000000000E-003
 dt_init=   1.0000000000000001E-018 dt=   1.0000000000000001E-018
 Time=  -1.4200000000019352E-013 Intensity=  0.66257559509688757     
   4788.5306165859065      < Te <    4924.7302508372504     
   4788.4525236368627      < Th <    4986.7709392462857     
   80.000000000000000      < Ts <   80.000000000000000     
   11886430262.115578      < Ne <   11892364283.812756     
   11886430262.115578      < Nh <   11892364283.734818     
 CFL_Te=   1.8064085644807950E-003 maxCFL_Ne=   1.3973493627999635E-003 maxCFL_Ts=   5.1020110945368359E-004 CPU=   829.83013488452525      NumThreads=                    8 Elapsed time=   9.6405272159864833E-003
 CFL_Limit=   1.0000000000000000E-003
 dt_init=   1.0000000000000001E-018 dt=   1.0000000000000001E-018
 Time=  -1.4100000000019685E-013 Intensity=   1.0819711056619992     
   4788.2914192254748      < Te <    4924.4582857753721     
   4788.1682642754677      < Th <    5004.6229605811532     
   80.000000000000000      < Ts <   80.000000000000000     
   19544182635.293037      < Ne <   19553872889.397076     
   19544182635.293037      < Nh <   19553872889.268059     
 CFL_Te=   1.8062880481031895E-003 maxCFL_Ne=   1.3965353618976598E-003 maxCFL_Ts=   5.1020110945368359E-004 CPU=   827.99118371620659      NumThreads=                    8 Elapsed time=   9.6619386260784080E-003
 CFL_Limit=   1.0000000000000000E-003
 dt_init=   1.0000000000000001E-018 dt=   1.0000000000000001E-018
 Time=  -1.4000000000020019E-013 Intensity=   1.7607217970199551     
   4788.0382287062785      < Te <    4918.2971397059209     
   4787.8716925911103      < Th <    5002.5798227925607     
   80.000000000000000      < Ts <   80.000000000000000     
   32025737284.697441      < Ne <   32041506544.352505     
   32025737284.697441      < Nh <   32041506544.132729     
 CFL_Te=   1.8069589884519433E-003 maxCFL_Ne=   1.3982838651666512E-003 maxCFL_Ts=   5.1020110945368359E-004 CPU=   826.21833453623265      NumThreads=                    8 Elapsed time=   9.6826706278437969E-003
 CFL_Limit=   1.0000000000000000E-003
 dt_init=   1.0000000000000001E-018 dt=   1.0000000000000001E-018
 Time=  -1.3900000000020353E-013 Intensity=   2.8553586656755012     
   4787.7852465568621      < Te <    4906.6301509484165     
   4787.6082588035824      < Th <    4994.7374415675358     
   80.000000000000000      < Ts <   80.000000000000000     
   52299358415.114815      < Ne <   52324931333.748138     
   52299358415.114815      < Nh <   52324931333.396088     
 CFL_Te=   1.8061719284063426E-003 maxCFL_Ne=   1.3963517366511052E-003 maxCFL_Ts=   5.1020110945368359E-004 CPU=   824.52005645223187      NumThreads=                    8 Elapsed time=   9.7026141903965631E-003
 CFL_Limit=   1.0000000000000000E-003
 dt_init=   1.0000000000000001E-018 dt=   1.0000000000000001E-018
 Time=  -1.3800000000020686E-013 Intensity=   4.6145084551220714     
   4787.5127998133139      < Te <    4920.1227145629555     
   4787.3326029181162      < Th <    4968.9807730324783     
   80.000000000000000      < Ts <   80.000000000000000     
   85115630929.910080      < Ne <   85156959082.679825     
   85115630929.910080      < Nh <   85156959082.107849     
 CFL_Te=   1.8060021437107804E-003 maxCFL_Ne=   1.3954332853112106E-003 maxCFL_Ts=   5.1020110945368359E-004 CPU=   822.89206104368839      NumThreads=                    8 Elapsed time=   9.7218096743495862E-003
 CFL_Limit=   1.0000000000000000E-003
 dt_init=   1.0000000000000001E-018 dt=   1.0000000000000001E-018
 Time=  -1.3700000000021020E-013 Intensity=   7.4316470194783788     
   4787.2315130100251      < Te <    4921.2677971292287     
   4787.0393230831942      < Th <    4970.1253338090182     
   80.000000000000000      < Ts <   80.000000000000000     
   138050574274.36871      < Ne <   138117133883.71341     
   138050574274.36871      < Nh <   138117133882.81775     
 CFL_Te=   1.8058603534826571E-003 maxCFL_Ne=   1.3965796342127743E-003 maxCFL_Ts=   5.1020110945368359E-004 CPU=   821.30172258825860      NumThreads=                    8 Elapsed time=   9.7406346291210970E-003
 CFL_Limit=   1.0000000000000000E-003
 dt_init=   1.0000000000000001E-018 dt=   1.0000000000000001E-018
 Time=  -1.3600000000021354E-013 Intensity=   11.927228832021447     
   4786.9355184029801      < Te <    4916.2100651528281     
   4786.7607168469958      < Th <    4967.5644313921630     
   80.000000000000000      < Ts <   80.000000000000000     
   223143006120.89902      < Ne <   223249829653.43628     
   223143006120.89905      < Nh <   223249829649.77759     
 CFL_Te=   1.8057259380939183E-003 maxCFL_Ne=   1.3963157914935044E-003 maxCFL_Ts=   5.1020110945368359E-004 CPU=   819.73919138615622      NumThreads=                    8 Elapsed time=   9.7592015656494616E-003
 CFL_Limit=   1.0000000000000000E-003
 dt_init=   1.0000000000000001E-018 dt=   1.0000000000000001E-018
 Time=  -1.3500000000021687E-013 Intensity=   19.076068766845733     
   4786.6277750191884      < Te <    4916.8897649703786     
   4786.4595033169917      < Th <    4984.4568778560488     
   80.000000000000000      < Ts <   80.000000000000000     
   359455197066.72394      < Ne <   359626048602.64984     
   359455197066.72394      < Nh <   359626048596.91425     
 CFL_Te=   1.8055993592971595E-003 maxCFL_Ne=   1.3964356214242965E-003 maxCFL_Ts=   5.1020110945368359E-004 CPU=   818.20500792754513      NumThreads=                    8 Elapsed time=   9.7775006538562120E-003
 CFL_Limit=   1.0000000000000000E-003
 dt_init=   1.0000000000000001E-018 dt=   1.0000000000000001E-018
 Time=  -1.3400000000022021E-013 Intensity=   30.404163347642267     
   4786.3159783335504      < Te <    4915.9958853327362     
   4786.1506474882590      < Th <    4986.4389553421324     
   80.000000000000000      < Ts <   80.000000000000000     
   577062637671.65869      < Ne <   577334945754.75427     
   577062637671.65869      < Nh <   577334945744.81030     
 CFL_Te=   1.8054937920058800E-003 maxCFL_Ne=   1.3965419736242869E-003 maxCFL_Ts=   5.1020110945368359E-004 CPU=   816.74742961899562      NumThreads=                    8 Elapsed time=   9.7949497113592621E-003
 CFL_Limit=   1.0000000000000000E-003
 dt_init=   1.0000000000000001E-018 dt=   1.0000000000000001E-018
 Time=  -1.3300000000022355E-013 Intensity=   48.291654511588462     
   4786.0171025717600      < Te <    4921.1029895866013     
   4785.8439412535854      < Th <    4967.8077055954964     
   80.000000000000000      < Ts <   80.000000000000000     
   923247492271.12451      < Ne <   923680009374.14819     
   923247492271.12451      < Nh <   923680009367.07764     
 CFL_Te=   1.8059721179307130E-003 maxCFL_Ne=   1.3948353862823757E-003 maxCFL_Ts=   5.1020110945368359E-004 CPU=   815.33660828513860      NumThreads=                    8 Elapsed time=   9.8118984462454671E-003
 CFL_Limit=   1.0000000000000000E-003
 dt_init=   1.0000000000000001E-018 dt=   1.0000000000000001E-018
 Time=  -1.3200000000022688E-013 Intensity=   76.437409953695052     
   4785.7031300897306      < Te <    4906.8631422961489     
   4785.5369621923473      < Th <    4978.7702443041935     
   80.000000000000000      < Ts <   80.000000000000000     
   1472077269933.1152      < Ne <   1472761872408.8064     
   1472077269933.1152      < Nh <   1472761872396.6851     
 CFL_Te=   1.8055880773515586E-003 maxCFL_Ne=   1.3954190235400256E-003 maxCFL_Ts=   5.1020110945368359E-004 CPU=   813.97793155766112      NumThreads=                    8 Elapsed time=   9.8282762834747562E-003
 CFL_Limit=   1.0000000000000000E-003
 dt_init=   1.0000000000000001E-018 dt=   1.0000000000000001E-018
 Time=  -1.3100000000023022E-013 Intensity=   120.56873118644961     
   4785.4044597616785      < Te <    4910.3575790019686     
   4785.2250414088730      < Th <    4964.6733845926819     
   80.000000000000000      < Ts <   80.000000000000000     
   2339164019876.7227      < Ne <   2340243878866.1357     
   2339164019876.7227      < Nh <   2340243878847.8057     
 CFL_Te=   1.8063968278372387E-003 maxCFL_Ne=   1.3955232892501361E-003 maxCFL_Ts=   5.1020110945368359E-004 CPU=   812.65673497410512      NumThreads=                    8 Elapsed time=   9.8442548442731048E-003
 CFL_Limit=   1.0000000000000000E-003
 dt_init=   1.0000000000000001E-018 dt=   1.0000000000000001E-018
 Time=  -1.3000000000023355E-013 Intensity=   189.52140549630647     
   4785.0891637844416      < Te <    4923.9376603829178     
   4784.9073133100364      < Th <    4997.1413152885998     
   80.000000000000000      < Ts <   80.000000000000000     
   3704321374318.3398      < Ne <   3706018808929.8706     
   3704321374318.3398      < Nh <   3706018808897.1758     
 CFL_Te=   1.8059893704991169E-003 maxCFL_Ne=   1.3954944243516258E-003 maxCFL_Ts=   5.1020110945368359E-004 CPU=   811.38023870498523      NumThreads=                    8 Elapsed time=   9.8597422248889264E-003
 CFL_Limit=   1.0000000000000000E-003
 dt_init=   1.0000000000000001E-018 dt=   1.0000000000000001E-018
 Time=  -1.2900000000023689E-013 Intensity=   296.87709817134032     
   4784.7610391044254      < Te <    4912.5884330590061     
   4784.5999306945141      < Th <    4989.8636525152569     
   80.000000000000000      < Ts <   80.000000000000000     
   5846216274097.0205      < Ne <   5848875264405.5869     
   5846216274097.0205      < Nh <   5848875264351.8213     
 CFL_Te=   1.8051585141307389E-003 maxCFL_Ne=   1.3947209759117962E-003 maxCFL_Ts=   5.1020110945368359E-004 CPU=   810.15237694595533      NumThreads=                    8 Elapsed time=   9.8746855871209450E-003
 CFL_Limit=   1.0000000000000000E-003
 dt_init=   1.0000000000000001E-018 dt=   1.0000000000000001E-018
 Time=  -1.2800000000024023E-013 Intensity=   463.43622111120186     
   4784.4359641541323      < Te <    4911.0126452569039     
   4784.2869111350792      < Th <    4987.2420106557674     
   80.000000000000000      < Ts <   80.000000000000000     
   9195167948715.8145      < Ne <   9199318729070.2129     
   9195167948715.8125      < Nh <   9199318728975.0508     
 CFL_Te=   1.8049148448219953E-003 maxCFL_Ne=   1.3956887465323962E-003 maxCFL_Ts=   5.1020110945368359E-004 CPU=   808.94568607893541      NumThreads=                    8 Elapsed time=   9.8894154918818308E-003
 CFL_Limit=   1.0000000000000000E-003
 dt_init=   1.0000000000000001E-018 dt=   1.0000000000000001E-018
 Time=  -1.2700000000024356E-013 Intensity=   720.93830669028659     
   4784.0757294099421      < Te <    4928.3136823280793     
   4783.9804020663869      < Th <    5019.2481887947579     
   80.000000000000000      < Ts <   80.000000000000000     
   14413297836151.133      < Ne <   14419755021456.633     
   14413297836151.131      < Nh <   14419755021294.324     
 CFL_Te=   1.8049899036963327E-003 maxCFL_Ne=   1.3960867364617080E-003 maxCFL_Ts=   5.1020110945368359E-004 CPU=   807.78439733270034      NumThreads=                    8 Elapsed time=   9.9036327346949966E-003
 CFL_Limit=   1.0000000000000000E-003
 dt_init=   1.0000000000000001E-018 dt=   1.0000000000000001E-018
 Time=  -1.2600000000024690E-013 Intensity=   1117.6377956527222     
   4783.7426071388072      < Te <    4944.6683796518637     
   4783.6582266695323      < Th <    5002.5198619946059     
   80.000000000000000      < Ts <   80.000000000000000     
   22515744299724.465      < Ne <   22525754787189.035     
   22515744299724.465      < Nh <   22525754786930.137     
 CFL_Te=   1.8046830607318352E-003 maxCFL_Ne=   1.3953877083279175E-003 maxCFL_Ts=   5.1020110945368359E-004 CPU=   806.66877070163855      NumThreads=                    8 Elapsed time=   9.9173295044527616E-003
 CFL_Limit=   1.0000000000000000E-003
 dt_init=   1.0000000000000001E-018 dt=   1.0000000000000001E-018
 Time=  -1.2500000000025024E-013 Intensity=   1726.6285113882675     
   4783.3976182274619      < Te <    4951.2686719148869     
   4783.3017874231346      < Th <    4982.4107762233107     
   80.000000000000000      < Ts <   80.000000000000000     
   35053295964966.539      < Ne <   35068761544121.559     
   35053295964966.543      < Nh <   35068761543759.836     
 CFL_Te=   1.8045076447215087E-003 maxCFL_Ne=   1.3956410643974294E-003 maxCFL_Ts=   5.1020110945368359E-004 CPU=   805.57644420749807      NumThreads=                    8 Elapsed time=   9.9307769703596040E-003
 CFL_Limit=   1.0000000000000000E-003
 dt_init=   1.0000000000000001E-018 dt=   1.0000000000000001E-018
 Time=  -1.2400000000025357E-013 Intensity=   2658.2240688393576     
   4783.0527653005065      < Te <    4927.9393926561925     
   4782.9270067117795      < Th <    4987.4145231199245     
   80.000000000000000      < Ts <   80.000000000000000     
   54386533278148.875      < Ne <   54410343493418.000     
   54386533278148.891      < Nh <   54410343492878.969     
 CFL_Te=   1.8043634933042193E-003 maxCFL_Ne=   1.3955847150883968E-003 maxCFL_Ts=   5.1020110945368359E-004 CPU=   804.51303985190975      NumThreads=                    8 Elapsed time=   9.9439034592560434E-003
 CFL_Limit=   1.0000000000000000E-003
 dt_init=   1.0000000000000001E-018 dt=   1.0000000000000001E-018
 Time=  -1.2300000000025691E-013 Intensity=   4078.2994800764554     
   4782.6894194654760      < Te <    4929.1114510412908     
   4782.5786310796684      < Th <    4979.3777978753151     
   80.000000000000000      < Ts <   80.000000000000000     
   84095784678834.500      < Ne <   84132314896824.109     
   84095784678834.500      < Nh <   84132314896004.547     
 CFL_Te=   1.8043583364471271E-003 maxCFL_Ne=   1.3951741636107665E-003 maxCFL_Ts=   5.1020110945368359E-004 CPU=   803.48506782848813      NumThreads=                    8 Elapsed time=   9.9566256055273437E-003
 CFL_Limit=   1.0000000000000000E-003
 dt_init=   1.0000000000000001E-018 dt=   1.0000000000000001E-018
 Time=  -1.2200000000026025E-013 Intensity=   6235.3594163176358     
   4782.3418438279350      < Te <    4931.7711701301432     
   4782.2185222373000      < Th <    4984.8927518805076     
   80.000000000000000      < Ts <   80.000000000000000     
   129591879091893.34      < Ne <   129647730630820.42     
   129591879091893.34      < Nh <   129647730629555.28     
 CFL_Te=   1.8041284602327804E-003 maxCFL_Ne=   1.3953207770692252E-003 maxCFL_Ts=   5.1020110945368359E-004 CPU=   802.47439051799847      NumThreads=                    8 Elapsed time=   9.9691654893011451E-003
 CFL_Limit=   1.0000000000000000E-003
 dt_init=   1.0000000000000001E-018 dt=   1.0000000000000001E-018
 Time=  -1.2100000000026358E-013 Intensity=   9500.3306333555556     
   4781.9933423311213      < Te <    4919.2494973952862     
   4781.8620413187100      < Th <    4996.6236335982994     
   80.000000000000000      < Ts <   80.000000000000000     
   199022620847852.00      < Ne <   199107717154736.28     
   199022620847852.00      < Nh <   199107717152589.09     
 CFL_Te=   1.8039522016136489E-003 maxCFL_Ne=   1.3941129425393271E-003 maxCFL_Ts=   5.1020110945368359E-004 CPU=   801.49230625494931      NumThreads=                    8 Elapsed time=   9.9813809035557404E-003
 CFL_Limit=   1.0000000000000000E-003
 dt_init=   1.0000000000000001E-018 dt=   1.0000000000000001E-018
 Time=  -1.2000000000026692E-013 Intensity=   14424.833136721963     
   4781.6454766749948      < Te <    4924.8787462488935     
   4781.4959406944708      < Th <    4998.2985630608409     
   80.000000000000000      < Ts <   80.000000000000000     
   304613103359677.62      < Ne <   304742307658874.56     
   304613103359677.62      < Nh <   304742307655035.50     
 CFL_Te=   1.8037890215697047E-003 maxCFL_Ne=   1.3936927926685521E-003 maxCFL_Ts=   5.1020110945368359E-004 CPU=   800.53677862785457      NumThreads=                    8 Elapsed time=   9.9932947661845774E-003
 CFL_Limit=   1.0000000000000000E-003
 dt_init=   1.0000000000000001E-018 dt=   1.0000000000000001E-018
 Time=  -1.1900000000027026E-013 Intensity=   21826.179677817076     
   4781.2859257372766      < Te <    4918.8451126928503     
   4781.1297606236631      < Th <    4993.3281025902070     
   80.000000000000000      < Ts <   80.000000000000000     
   464640015367687.81      < Ne <   464835514461176.06     
   464640015367687.81      < Nh <   464835514455198.25     
 CFL_Te=   1.8036300384104771E-003 maxCFL_Ne=   1.3959754930773659E-003 maxCFL_Ts=   5.1020110945368359E-004 CPU=   799.61980077053943      NumThreads=                    8 Elapsed time=   1.0004754750058643E-002
 CFL_Limit=   1.0000000000000000E-003
 dt_init=   1.0000000000000001E-018 dt=   1.0000000000000001E-018
 Time=  -1.1800000000027359E-013 Intensity=   32910.880694273634     
   4780.9078183859228      < Te <    4914.8140575524803     
   4780.7610134992001      < Th <    4976.5830720077747     
   80.000000000000000      < Ts <   80.000000000000000     
   706328832560704.62      < Ne <   706623620455494.50     
   706328832560704.62      < Nh <   706623620446698.62     
 CFL_Te=   1.8034955288256643E-003 maxCFL_Ne=   1.3948873166459012E-003 maxCFL_Ts=   5.1020110945368359E-004 CPU=   798.72054123522389      NumThreads=                    8 Elapsed time=   1.0016018853888463E-002
 CFL_Limit=   1.0000000000000000E-003
 dt_init=   1.0000000000000001E-018 dt=   1.0000000000000001E-018
 Time=  -1.1700000000027693E-013 Intensity=   49453.397363885415     
   4780.5291036669450      < Te <    4907.9471100691826     
   4780.3946647346684      < Th <    4970.6001694972028     
   80.000000000000000      < Ts <   80.000000000000000     
   1070089190755271.6      < Ne <   1070532155588915.4     
   1070089190755271.6      < Nh <   1070532155576779.6     
 CFL_Te=   1.8033708907839792E-003 maxCFL_Ne=   1.3941703481247180E-003 maxCFL_Ts=   5.1020110945368359E-004 CPU=   797.84498032516410      NumThreads=                    8 Elapsed time=   1.0027010506150676E-002
 CFL_Limit=   1.0000000000000000E-003
 dt_init=   1.0000000000000001E-018 dt=   1.0000000000000001E-018
 Time=  -1.1600000000028026E-013 Intensity=   74053.844592670546     
   4780.1390480527862      < Te <    4911.9113830537117     
   4780.0074646024814      < Th <    4979.3511166244061     
   80.000000000000000      < Ts <   80.000000000000000     
   1615683036091088.0      < Ne <   1616346346833053.5     
   1615683036091088.0      < Nh <   1616346346814528.2     
 CFL_Te=   1.8035693220804861E-003 maxCFL_Ne=   1.3948193508420245E-003 maxCFL_Ts=   5.1020110945368359E-004 CPU=   796.99160740530624      NumThreads=                    8 Elapsed time=   1.0037746854129215E-002
 CFL_Limit=   1.0000000000000000E-003
 dt_init=   1.0000000000000001E-018 dt=   1.0000000000000001E-018
 Time=  -1.1500000000028360E-013 Intensity=   110508.05584217943     
   4779.7482132333607      < Te <    4897.7332098926836     
   4779.6145248698967      < Th <    4964.4315123715769     
   80.000000000000000      < Ts <   80.000000000000000     
   2431173407161619.0      < Ne <   2432163237221362.0     
   2431173407161619.0      < Nh <   2432163237193442.5     
 CFL_Te=   1.8031814669293600E-003 maxCFL_Ne=   1.3941365841965672E-003 maxCFL_Ts=   5.1020110945368359E-004 CPU=   796.16032740296237      NumThreads=                    8 Elapsed time=   1.0048227379145637E-002
 CFL_Limit=   1.0000000000000000E-003
 dt_init=   1.0000000000000001E-018 dt=   1.0000000000000001E-018
 Time=  -1.1400000000028694E-013 Intensity=   164336.90995111573     
   4779.3488780766493      < Te <    4897.8756692905908     
   4779.2181051216785      < Th <    4970.9091132737994     
   80.000000000000000      < Ts <   80.000000000000000     
   3645857918227929.5      < Ne <   3647329896147680.5     
   3645857918227929.5      < Nh <   3647329896108822.5     
 CFL_Te=   1.8033987653715386E-003 maxCFL_Ne=   1.3939935227445239E-003 maxCFL_Ts=   5.1020110945368359E-004 CPU=   795.34501438463508      NumThreads=                    8 Elapsed time=   1.0058527878231142E-002
 CFL_Limit=   1.0000000000000000E-003
 dt_init=   1.0000000000000001E-018 dt=   1.0000000000000001E-018
 Time=  -1.1300000000029027E-013 Intensity=   243540.47277285621     
   4778.9419614004446      < Te <    4906.1477637109983     
   4778.8147113665245      < Th <    4963.2601176058852     
   80.000000000000000      < Ts <   80.000000000000000     
   5448889904119529.0      < Ne <   5451071326394755.0     
   5448889904119529.0      < Nh <   5451071326340795.0     
 CFL_Te=   1.8032762104147424E-003 maxCFL_Ne=   1.3933826521991945E-003 maxCFL_Ts=   5.1020110945368359E-004 CPU=   794.56105110091266      NumThreads=                    8 Elapsed time=   1.0068452246577545E-002
 CFL_Limit=   1.0000000000000000E-003
 dt_init=   1.0000000000000001E-018 dt=   1.0000000000000001E-018
 Time=  -1.1200000000029361E-013 Intensity=   359668.18468342372     
   4778.5401402601174      < Te <    4907.9097596172087     
   4778.4163985106088      < Th <    4972.4921467092227     
   80.000000000000000      < Ts <   80.000000000000000     
   8115985916945375.0      < Ne <   8119207538546615.0     
   8115985916945375.0      < Nh <   8119207538465589.0     
 CFL_Te=   1.8028704497432863E-003 maxCFL_Ne=   1.3942562114452918E-003 maxCFL_Ts=   5.1020110945368359E-004 CPU=   793.78495041590770      NumThreads=                    8 Elapsed time=   1.0078296389731701E-002
 CFL_Limit=   1.0000000000000000E-003
 dt_init=   1.0000000000000001E-018 dt=   1.0000000000000001E-018
 Time=  -1.1100000000029695E-013 Intensity=   529331.51455927780     
   4778.1225488917735      < Te <    4905.9343463686555     
   4778.0063337694137      < Th <    4962.1464707252335     
   80.000000000000000      < Ts <   80.000000000000000     
   12047584325057872.      < Ne <   12052325684579050.     
   12047584325057874.      < Nh <   12052325684452382.     
 CFL_Te=   1.8025825616290400E-003 maxCFL_Ne=   1.3938666311760026E-003 maxCFL_Ts=   5.1020110945368359E-004 CPU=   793.02716437368656      NumThreads=                    8 Elapsed time=   1.0087926819402465E-002
 CFL_Limit=   1.0000000000000000E-003
 dt_init=   1.0000000000000001E-018 dt=   1.0000000000000001E-018
 Time=  -1.1000000000030028E-013 Intensity=   776333.50412123953     
   4777.6993527065806      < Te <    4906.0036726361423     
   4777.5729287962058      < Th <    4960.2119320177899     
   80.000000000000114      < Ts <   80.000000000000114     
   17823155396986588.      < Ne <   17830109272135928.     
   17823155396986590.      < Nh <   17830109271954744.     
 CFL_Te=   1.8023835920127212E-003 maxCFL_Ne=   1.3938364221824573E-003 maxCFL_Ts=   5.1020110945368370E-004 CPU=   792.29853236301415      NumThreads=                    8 Elapsed time=   1.0097204113379037E-002
 CFL_Limit=   1.0000000000000000E-003
 dt_init=   1.0000000000000001E-018 dt=   1.0000000000000001E-018
 Time=  -1.0900000000030362E-013 Intensity=   1134654.8075546226     
   4777.2768001285613      < Te <    4898.5240969710112     
   4777.1224874916106      < Th <    4962.8811359308474     
   80.000000000000114      < Ts <   80.000000000000114     
   26278201810853176.      < Ne <   26288365344291104.     
   26278201810853176.      < Nh <   26288365344020992.     
 CFL_Te=   1.8022043715646113E-003 maxCFL_Ne=   1.3930806638974740E-003 maxCFL_Ts=   5.1020110945368370E-004 CPU=   791.58116947884389      NumThreads=                    8 Elapsed time=   1.0106354608292399E-002
 CFL_Limit=   1.0000000000000000E-003
 dt_init=   1.0000000000000001E-018 dt=   1.0000000000000001E-018
 Time=  -1.0800000000030696E-013 Intensity=   1652623.9253586698     
   4776.8441626698941      < Te <    4901.6165381467245     
   4776.6893199335827      < Th <    4946.8754377312380     
   80.000000000001364      < Ts <   80.000000000004334     
   38613008316029848.      < Ne <   38627811455674112.     
   38613008316029848.      < Nh <   38627811455266744.     
 CFL_Te=   1.8026626567711195E-003 maxCFL_Ne=   1.3923583368332412E-003 maxCFL_Ts=   5.1020110945368716E-004 CPU=   790.88635499447355      NumThreads=                    8 Elapsed time=   1.0115233306883770E-002
 CFL_Limit=   1.0000000000000000E-003
 dt_init=   1.0000000000000001E-018 dt=   1.0000000000000001E-018
 Time=  -1.0700000000031029E-013 Intensity=   2398717.8343097451     
   4776.3874828811149      < Te <    4904.8532625931530     
   4776.2565201105917      < Th <    4960.5091600791675     
   80.000000000040686      < Ts <   80.000000000043642     
   56545637495358224.      < Ne <   56567123662299928.     
   56545637495358216.      < Nh <   56567123662509504.     
 CFL_Te=   1.8021228362951362E-003 maxCFL_Ne=   1.3920442212181305E-003 maxCFL_Ts=   5.1020110945379819E-004 CPU=   790.20158531097002      NumThreads=                    8 Elapsed time=   1.0123998924719621E-002
 CFL_Limit=   1.0000000000000000E-003
 dt_init=   1.0000000000000001E-018 dt=   1.0000000000000001E-018
 Time=  -1.0600000000031363E-013 Intensity=   3469597.8688117159     
   4775.9269282140631      < Te <    4906.0393697249901     
   4775.8048612629746      < Th <    4972.2843834009755     
   80.000000000091276      < Ts <   80.000000000095795     
   82526339199276304.      < Ne <   82557418087535232.     
   82526339199276288.      < Nh <   82557418087869040.     
 CFL_Te=   1.8019471468939451E-003 maxCFL_Ne=   1.3925297880926278E-003 maxCFL_Ts=   5.1020110945394141E-004 CPU=   789.52568968485195      NumThreads=                    8 Elapsed time=   1.0132665858147427E-002
 CFL_Limit=   1.0000000000000000E-003
 dt_init=   1.0000000000000001E-018 dt=   1.0000000000000001E-018
 Time=  -1.0500000000031696E-013 Intensity=   5001197.1000020979     
   4775.4619611086891      < Te <    4913.6088991653960     
   4775.3340776628193      < Th <    4968.1027174540595     
   80.000000000165414      < Ts <   80.000000000173301     
   1.2003685767132264E+017 < Ne <   1.2008165631618947E+017
   1.2003685767132261E+017 < Nh <   1.2008165631487486E+017
 CFL_Te=   1.8015927124310591E-003 maxCFL_Ne=   1.3921205052509723E-003 maxCFL_Ts=   5.1020110945415077E-004 CPU=   788.86076190074641      NumThreads=                    8 Elapsed time=   1.0141206644280466E-002
 CFL_Limit=   1.0000000000000000E-003
 dt_init=   1.0000000000000001E-018 dt=   1.0000000000000001E-018
 Time=  -1.0400000000032030E-013 Intensity=   7183955.7564026807     
   4775.0093273734610      < Te <    4911.2694694886959     
   4774.8651688698073      < Th <    4973.5424134794703     
   80.000000000269253      < Ts <   80.000000000280536     
   1.7400662419965274E+017 < Ne <   1.7407097670587405E+017
   1.7400662419965270E+017 < Nh <   1.7407097670402698E+017
 CFL_Te=   1.8013603767491786E-003 maxCFL_Ne=   1.3922889894983840E-003 maxCFL_Ts=   5.1020110945444426E-004 CPU=   788.22850086472954      NumThreads=                    8 Elapsed time=   1.0149341201470848E-002
 CFL_Limit=   1.0000000000000000E-003
 dt_init=   1.0000000000000001E-018 dt=   1.0000000000000001E-018
 Time=  -1.0300000000032364E-013 Intensity=   10283671.077769637     
   4774.5467820778504      < Te <    4911.4881346769243     
   4774.3861802323263      < Th <    4974.9924067338288     
   80.000000000420414      < Ts <   80.000000000436401     
   2.5138921991111622E+017 < Ne <   2.5148134071697670E+017
   2.5138921991111619E+017 < Nh <   2.5148134071447450E+017
 CFL_Te=   1.8016296591600854E-003 maxCFL_Ne=   1.3923597240161857E-003 maxCFL_Ts=   5.1020110945487101E-004 CPU=   787.59206948521467      NumThreads=                    8 Elapsed time=   1.0157542603531996E-002
 CFL_Limit=   1.0000000000000000E-003
 dt_init=   1.0000000000000001E-018 dt=   1.0000000000000001E-018
 Time=  -1.0200000000032697E-013 Intensity=   14669913.588145595     
   4774.0712075041920      < Te <    4913.1928743845747     
   4773.9013665950242      < Th <    4968.3324891774046     
   80.000000000634770      < Ts <   80.000000000658048     
   3.6195769747311565E+017 < Ne <   3.6208911220731411E+017
   3.6195769747311565E+017 < Nh <   3.6208911220377139E+017
 CFL_Te=   1.8010637869529523E-003 maxCFL_Ne=   1.3919765365560215E-003 maxCFL_Ts=   5.1020110945547762E-004 CPU=   786.98623867241463      NumThreads=                    8 Elapsed time=   1.0165361993489729E-002
 CFL_Limit=   1.0000000000000000E-003
 dt_init=   1.0000000000000001E-018 dt=   1.0000000000000001E-018
 Time=  -1.0100000000033031E-013 Intensity=   20854596.145682670     
   4773.5808117827291      < Te <    4903.6937352140258     
   4773.4267491836581      < Th <    4959.1786511279161     
   80.000000000943047      < Ts <   80.000000000976655     
   5.1939754047030112E+017 < Ne <   5.1958436007461498E+017
   5.1939754047030112E+017 < Nh <   5.1958436006933517E+017
 CFL_Te=   1.8012628623893360E-003 maxCFL_Ne=   1.3921559471686909E-003 maxCFL_Ts=   5.1020110945634953E-004 CPU=   786.38758475676923      NumThreads=                    8 Elapsed time=   1.0173100586874614E-002
 CFL_Limit=   1.0000000000000000E-003
 dt_init=   1.0000000000000001E-018 dt=   1.0000000000000001E-018
 Time=  -1.0000000000033365E-013 Intensity=   29544106.652997654     
   4773.0898328445046      < Te <    4906.8469141008500     
   4772.9124698155410      < Th <    4964.1361714032055     
   80.000000001383043      < Ts <   80.000000001431985     
   7.4280272543180634E+017 < Ne <   7.4306738978650240E+017
   7.4280272543180634E+017 < Nh <   7.4306738977868890E+017
 CFL_Te=   1.8007032935690708E-003 maxCFL_Ne=   1.3916435936316902E-003 maxCFL_Ts=   5.1020110945759333E-004 CPU=   785.78788446608644      NumThreads=                    8 Elapsed time=   1.0180864528645287E-002
 CFL_Limit=   1.0000000000000000E-003
 dt_init=   1.0000000000000001E-018 dt=   1.0000000000000001E-018
 Time=  -9.9000000000336983E-014 Intensity=   41709481.477622546     
   4772.5865159132554      < Te <    4903.6774681558973     
   4772.3710901641962      < Th <    4959.1066001498984     
   80.000000002010353      < Ts <   80.000000002080043     
   1.0587154585404517E+018 < Ne <   1.0590891061840801E+018
   1.0587154585404517E+018 < Nh <   1.0590891061727460E+018
 CFL_Te=   1.8004505646946559E-003 maxCFL_Ne=   1.3917462405334774E-003 maxCFL_Ts=   5.1020110945936687E-004 CPU=   785.20756228179596      NumThreads=                    8 Elapsed time=   1.0188388885038467E-002
 CFL_Limit=   1.0000000000000000E-003
 dt_init=   1.0000000000000001E-018 dt=   1.0000000000000001E-018
 Time=  -9.8000000000340320E-014 Intensity=   58680468.053666398     
   4772.0857671504700      < Te <    4905.3308453359832     
   4771.8383015043510      < Th <    4963.5927407530917     
   80.000000002899597      < Ts <   80.000000003001361     
   1.5038961252390397E+018 < Ne <   1.5044218124622479E+018
   1.5038961252390397E+018 < Nh <   1.5044218124452147E+018
 CFL_Te=   1.8004013508827142E-003 maxCFL_Ne=   1.3923609642983697E-003 maxCFL_Ts=   5.1020110946188330E-004 CPU=   784.64727474482891      NumThreads=                    8 Elapsed time=   1.0195664035921922E-002
 CFL_Limit=   1.0000000000000000E-003
 dt_init=   1.0000000000000001E-018 dt=   1.0000000000000001E-018
 Time=  -9.7000000000343656E-014 Intensity=   82271079.851560473     
   4771.5666077419019      < Te <    4915.7188490613144     
   4771.2896312312423      < Th <    4967.2073407247526     
   80.000000004160142      < Ts <   80.000000004309214     
   2.1290698868523850E+018 < Ne <   2.1298069191622049E+018
   2.1290698868523850E+018 < Nh <   2.1298069191351951E+018
 CFL_Te=   1.8002422849705514E-003 maxCFL_Ne=   1.3916215541502300E-003 maxCFL_Ts=   5.1020110946544859E-004 CPU=   784.09331148132867      NumThreads=                    8 Elapsed time=   1.0202867289973690E-002
 CFL_Limit=   1.0000000000000000E-003
 dt_init=   1.0000000000000001E-018 dt=   1.0000000000000001E-018
 Time=  -9.6000000000346993E-014 Intensity=   114946479.92309830     
   4771.0469954030414      < Te <    4912.4041788837276     
   4770.7424639760475      < Th <    4960.0503716203884     
   80.000000005940649      < Ts <   80.000000006155545     
   3.0039740272241946E+018 < Ne <   3.0050038094335662E+018
   3.0039740272241946E+018 < Nh <   3.0050038093963044E+018
 CFL_Te=   1.7999350129785957E-003 maxCFL_Ne=   1.3911202846372435E-003 maxCFL_Ts=   5.1020110947048363E-004 CPU=   783.54394746679839      NumThreads=                    8 Elapsed time=   1.0210020798276908E-002
 CFL_Limit=   1.0000000000000000E-003
 dt_init=   1.0000000000000001E-018 dt=   1.0000000000000001E-018
 Time=  -9.5000000000350329E-014 Intensity=   160043855.31729019     
   4770.5214997808471      < Te <    4908.9561519869840     
   4770.1961338391047      < Th <    4957.6299930759506     
   80.000000008448183      < Ts <   80.000000008753204     
   4.2241303743951764E+018 < Ne <   4.2255641959166244E+018
   4.2241303743951764E+018 < Nh <   4.2255641958626632E+018
 CFL_Te=   1.7996941282023328E-003 maxCFL_Ne=   1.3909327491007830E-003 maxCFL_Ts=   5.1020110947756715E-004 CPU=   783.00049467459496      NumThreads=                    8 Elapsed time=   1.0217107210544864E-002
 CFL_Limit=   1.0000000000000000E-003
 dt_init=   1.0000000000000001E-018 dt=   1.0000000000000001E-018
 Time=  -9.4000000000353665E-014 Intensity=   222063501.29492137     
   4769.9620141096084      < Te <    4891.3150827960535     
   4769.6585253616140      < Th <    4958.7965137590772     
   80.000000011969902      < Ts <   80.000000012395816     
   5.9198958046028278E+018 < Ne <   5.9218852527451535E+018
   5.9198958046028278E+018 < Nh <   5.9218852526645166E+018
 CFL_Te=   1.7996281957231041E-003 maxCFL_Ne=   1.3907108915529316E-003 maxCFL_Ts=   5.1020110948751948E-004 CPU=   782.47456507136610      NumThreads=                    8 Elapsed time=   1.0223974499759434E-002
 CFL_Limit=   1.0000000000000000E-003
 dt_init=   1.0000000000000001E-018 dt=   1.0000000000000001E-018
 Time=  -9.3000000000357002E-014 Intensity=   307050784.68967545     
   4769.3980717924896      < Te <    4892.6781354108080     
   4769.1090749353925      < Th <    4957.7645435641361     
   80.000000016891150      < Ts <   80.000000017488333     
   8.2685082293557780E+018 < Ne <   8.2712590532937472E+018
   8.2685082293557780E+018 < Nh <   8.2712590531683400E+018
 CFL_Te=   1.7992921198486725E-003 maxCFL_Ne=   1.3905637463376220E-003 maxCFL_Ts=   5.1020110950143174E-004 CPU=   781.95042625109875      NumThreads=                    8 Elapsed time=   1.0230827596519594E-002
 CFL_Limit=   1.0000000000000000E-003
 dt_init=   1.0000000000000001E-018 dt=   1.0000000000000001E-018
 Time=  -9.2000000000360338E-014 Intensity=   423095192.00701851     
   4768.8236041404607      < Te <    4880.3881556331253     
   4768.5570105511561      < Th <    4968.4388069652696     
   80.000000023753813      < Ts <   80.000000024581595     
   1.1510054410258039E+019 < Ne <   1.1513844814905201E+019
   1.1510054410258039E+019 < Nh <   1.1513844814712773E+019
 CFL_Te=   1.7990422873878518E-003 maxCFL_Ne=   1.3899677107670806E-003 maxCFL_Ts=   5.1020110952082682E-004 CPU=   781.43225391565124      NumThreads=                    8 Elapsed time=   1.0237611718627025E-002
 CFL_Limit=   1.0000000000000000E-003
 dt_init=   1.0000000000000001E-018 dt=   1.0000000000000001E-018
 Time=  -9.1000000000363675E-014 Intensity=   580979513.56964755     
   4768.2387539239317      < Te <    4882.4856996644103     
   4768.0016714744870      < Th <    4956.2210237826666     
   80.000000033281978      < Ts <   80.000000034428183     
   1.5968550138760253E+019 < Ne <   1.5973754938538084E+019
   1.5968550138760253E+019 < Nh <   1.5973754938252493E+019
 CFL_Te=   1.7989623281806544E-003 maxCFL_Ne=   1.3906100861894068E-003 maxCFL_Ts=   5.1020110954776621E-004 CPU=   780.92915254920536      NumThreads=                    8 Elapsed time=   1.0244207139515042E-002
 CFL_Limit=   1.0000000000000000E-003
 dt_init=   1.0000000000000001E-018 dt=   1.0000000000000001E-018
 Time=  -9.0000000000367011E-014 Intensity=   795020627.86572671     
   4767.6483821359789      < Te <    4884.8560645412435     
   4767.4402543027118      < Th <    4949.8056415248539     
   80.000000046468500      < Ts <   80.000000048032874     
   2.2079655610317935E+019 < Ne <   2.2086777879107903E+019
   2.2079655610317935E+019 < Nh <   2.2086777878712259E+019
 CFL_Te=   1.7986348634609240E-003 maxCFL_Ne=   1.3906429089166100E-003 maxCFL_Ts=   5.1020110958505333E-004 CPU=   780.42987811178807      NumThreads=                    8 Elapsed time=   1.0250760797825435E-002
 CFL_Limit=   1.0000000000000000E-003
 dt_init=   1.0000000000000001E-018 dt=   1.0000000000000001E-018
 Time=  -8.9000000000370348E-014 Intensity=   1084153623.5544016     
   4767.0512142786629      < Te <    4888.3131659795936     
   4766.8583731149338      < Th <    4955.9005704832271     
   80.000000064688209      < Ts <   80.000000066848543     
   3.0426964531433767E+019 < Ne <   3.0436677016329867E+019
   3.0426964531433767E+019 < Nh <   3.0436677015764382E+019
 CFL_Te=   1.7983837815146286E-003 maxCFL_Ne=   1.3901977627581857E-003 maxCFL_Ts=   5.1020110963657147E-004 CPU=   779.93586786047274      NumThreads=                    8 Elapsed time=   1.0257253614897432E-002
 CFL_Limit=   1.0000000000000000E-003
 dt_init=   1.0000000000000001E-018 dt=   1.0000000000000001E-018
 Time=  -8.8000000000373684E-014 Intensity=   1473323459.8778813     
   4766.4390966620322      < Te <    4886.6711040349664     
   4766.2504567264268      < Th <    4952.0770703223325     
   80.000000089718583      < Ts <   80.000000092686975     
   4.1789322729141502E+019 < Ne <   4.1802521694150672E+019
   4.1789322729141502E+019 < Nh <   4.1802521693385581E+019
 CFL_Te=   1.7981455414751541E-003 maxCFL_Ne=   1.3901977215549125E-003 maxCFL_Ts=   5.1020110970736771E-004 CPU=   779.44495253709385      NumThreads=                    8 Elapsed time=   1.0263713908159895E-002
 CFL_Limit=   1.0000000000000000E-003
 dt_init=   1.0000000000000001E-018 dt=   1.0000000000000001E-018
 Time=  -8.7000000000377020E-014 Intensity=   1995263384.2989130     
   4765.8214397436677      < Te <    4899.2010719924729     
   4765.6285325730296      < Th <    4965.9987512436592     
   80.000000124023231      < Ts <   80.000000128198280     
   5.7202272000816456E+019 < Ne <   5.7220147288325071E+019
   5.7202272000816456E+019 < Nh <   5.7220147287282254E+019
 CFL_Te=   1.7981947269711067E-003 maxCFL_Ne=   1.3899268477714434E-003 maxCFL_Ts=   5.1020110980439751E-004 CPU=   778.96991618962659      NumThreads=                    8 Elapsed time=   1.0269972990911425E-002
 CFL_Limit=   1.0000000000000000E-003
 dt_init=   1.0000000000000001E-018 dt=   1.0000000000000001E-018
 Time=  -8.6000000000380357E-014 Intensity=   2692757295.9581451     
   4765.1902043228019      < Te <    4896.7785583254699     
   4765.0009624698087      < Th <    4971.4759894698836     
   80.000000170859508      < Ts <   80.000000176755762     
   7.8037502276190913E+019 < Ne <   7.8061626960257647E+019
   7.8037502276190913E+019 < Nh <   7.8061626958800749E+019
 CFL_Te=   1.7978614155685696E-003 maxCFL_Ne=   1.3896257010559780E-003 maxCFL_Ts=   5.1020110993684408E-004 CPU=   778.50163690325360      NumThreads=                    8 Elapsed time=   1.0276150518864203E-002
 CFL_Limit=   1.0000000000000000E-003
 dt_init=   1.0000000000000001E-018 dt=   1.0000000000000001E-018
 Time=  -8.5000000000383693E-014 Intensity=   3621504588.3236284     
   4764.5505310014705      < Te <    4886.1731496196307     
   4764.3673501438798      < Th <    4968.7658154718083     
   80.000000234705269      < Ts <   80.000000242880347     
   1.0610515816905014E+020 < Ne <   1.0613760399555912E+020
   1.0610515816905014E+020 < Nh <   1.0613760399345366E+020
 CFL_Te=   1.7975289215460051E-003 maxCFL_Ne=   1.3896350691550092E-003 maxCFL_Ts=   5.1020111011740429E-004 CPU=   778.04160759137062      NumThreads=                    8 Elapsed time=   1.0282226454143079E-002
 CFL_Limit=   1.0000000000000000E-003
 dt_init=   1.0000000000000001E-018 dt=   1.0000000000000001E-018
 Time=  -8.4000000000387030E-014 Intensity=   4853731164.6627903     
   4763.8943849824645      < Te <    4884.8703886741368     
   4763.7162456634060      < Th <    4953.5658697907256     
   80.000000321374543      < Ts <   80.000000332560077     
   1.4378501685467646E+020 < Ne <   1.4382850275358274E+020
   1.4378501685467646E+020 < Nh <   1.4382850275064629E+020
 CFL_Te=   1.7972385431730862E-003 maxCFL_Ne=   1.3900491632880011E-003 maxCFL_Ts=   5.1020111036251291E-004 CPU=   777.58474144642037      NumThreads=                    8 Elapsed time=   1.0288267726445918E-002
 CFL_Limit=   1.0000000000000000E-003
 dt_init=   1.0000000000000001E-018 dt=   1.0000000000000001E-018
 Time=  -8.3000000000390366E-014 Intensity=   6482719740.0118294     
   4763.2355741076208      < Te <    4894.4549654591292     
   4763.0512812707302      < Th <    4957.8966300918137     
   80.000000438462976      < Ts <   80.000000453651296     
   1.9419396907492537E+020 < Ne <   1.9425205013559162E+020
   1.9419396907492537E+020 < Nh <   1.9425205013154120E+020
 CFL_Te=   1.7969731739440810E-003 maxCFL_Ne=   1.3892281168103996E-003 maxCFL_Ts=   5.1020111069348081E-004 CPU=   777.14164638567706      NumThreads=                    8 Elapsed time=   1.0294133684903291E-002
 CFL_Limit=   1.0000000000000000E-003
 dt_init=   1.0000000000000001E-018 dt=   1.0000000000000001E-018
 Time=  -8.2000000000393702E-014 Intensity=   8628466652.9902210     
   4762.5572316498965      < Te <    4882.3780962885548     
   4762.3662090396419      < Th <    4962.3687497364317     
   80.000000596271903      < Ts <   80.000000616958118     
   2.6139893402964561E+020 < Ne <   2.6147624006302453E+020
   2.6139893402964561E+020 < Nh <   2.6147624005730497E+020
 CFL_Te=   1.7972082220313193E-003 maxCFL_Ne=   1.3895346354943809E-003 maxCFL_Ts=   5.1020111113990430E-004 CPU=   776.70059864475593      NumThreads=                    8 Elapsed time=   1.0299979186264291E-002
 CFL_Limit=   1.0000000000000000E-003
 dt_init=   1.0000000000000001E-018 dt=   1.0000000000000001E-018
 Time=  -8.1000000000397039E-014 Intensity=   11444711601.408194     
   4761.8576342708666      < Te <    4877.0029603149587     
   4761.6673006063847      < Th <    4967.1613839008305     
   80.000000808607183      < Ts <   80.000000836713610     
   3.5068636574166044E+020 < Ne <   3.5078890423454197E+020
   3.5068636574166044E+020 < Nh <   3.5078890422630790E+020
 CFL_Te=   1.7965936031798073E-003 maxCFL_Ne=   1.3878342991631039E-003 maxCFL_Ts=   5.1020111173999091E-004 CPU=   776.25898721700514      NumThreads=                    8 Elapsed time=   1.0305838813771544E-002
 CFL_Limit=   1.0000000000000000E-003
 dt_init=   1.0000000000000001E-018 dt=   1.0000000000000001E-018
 Time=  -8.0000000000400375E-014 Intensity=   15127631309.328072     
   4761.1465331741729      < Te <    4883.0638654221348     
   4760.9614778311407      < Th <    4952.3656071498399     
   80.000001092676698      < Ts <   80.000001130511379     
   4.6890191018376213E+020 < Ne <   4.6903744744859383E+020
   4.6890191018376213E+020 < Nh <   4.6903744743754623E+020
 CFL_Te=   1.7964985501992311E-003 maxCFL_Ne=   1.3884558992477128E-003 maxCFL_Ts=   5.1020111254296968E-004 CPU=   775.84121151019860      NumThreads=                    8 Elapsed time=   1.0311388311569265E-002
 CFL_Limit=   1.0000000000000000E-003
 dt_init=   1.0000000000000001E-018 dt=   1.0000000000000001E-018
 Time=  -7.9000000000403712E-014 Intensity=   19926538345.339001     
   4760.4236075504623      < Te <    4878.2944362811504     
   4760.2477992779759      < Th <    4951.5178686624322     
   80.000001471496532      < Ts <   80.000001521791461     
   6.2487659846947661E+020 < Ne <   6.2505513294488902E+020
   6.2487659846947661E+020 < Nh <   6.2505513293017711E+020
 CFL_Te=   1.7962484194822812E-003 maxCFL_Ne=   1.3880597799307351E-003 maxCFL_Ts=   5.1020111361438304E-004 CPU=   775.43059698492641      NumThreads=                    8 Elapsed time=   1.0316848511144720E-002
 CFL_Limit=   1.0000000000000000E-003
 dt_init=   1.0000000000000001E-018 dt=   1.0000000000000001E-018
 Time=  -7.8000000000407048E-014 Intensity=   26156982205.223495     
   4759.6964254098839      < Te <    4874.0150686252682     
   4759.5020866939221      < Th <    4946.9236857994092     
   80.000001976220716      < Ts <   80.000002042834808     
   8.2995926245796807E+020 < Ne <   8.3019362077287527E+020
   8.2995926245796807E+020 < Nh <   8.3019362075332405E+020
 CFL_Te=   1.7958526483277575E-003 maxCFL_Ne=   1.3875316502989163E-003 maxCFL_Ts=   5.1020111504062585E-004 CPU=   775.02610312884724      NumThreads=                    8 Elapsed time=   1.0322232977319486E-002
 CFL_Limit=   1.0000000000000000E-003
 dt_init=   1.0000000000000001E-018 dt=   1.0000000000000001E-018
 Time=  -7.7000000000410384E-014 Intensity=   34216711204.134335     
   4758.9514049578938      < Te <    4873.4477750525484     
   4758.7551819332830      < Th <    4956.0531677700856     
   80.000002645281270      < Ts <   80.000002734443740     
   1.0986786856181768E+021 < Ne <   1.0989852616234224E+021
   1.0986786856181768E+021 < Nh <   1.0989852615975430E+021
 CFL_Te=   1.7954564623234972E-003 maxCFL_Ne=   1.3872278595199194E-003 maxCFL_Ts=   5.1020111693228943E-004 CPU=   774.62814004445954      NumThreads=                    8 Elapsed time=   1.0327535996227613E-002
 CFL_Limit=   1.0000000000000000E-003
 dt_init=   1.0000000000000001E-018 dt=   1.0000000000000001E-018
 Time=  -7.6000000000413721E-014 Intensity=   44605020284.252617     
   4758.1823014316715      < Te <    4881.1953632932282     
   4757.9722093323226      < Th <    4951.8597868790921     
   80.000003528675094      < Ts <   80.000003646920703     
   1.4495634022774761E+021 < Ne <   1.4499630571673910E+021
   1.4495634022774761E+021 < Nh <   1.4499630571319856E+021
 CFL_Te=   1.7951104091693286E-003 maxCFL_Ne=   1.3868131449337258E-003 maxCFL_Ts=   5.1020111943013262E-004 CPU=   774.23026036989052      NumThreads=                    8 Elapsed time=   1.0332843353575432E-002
 CFL_Limit=   1.0000000000000000E-003
 dt_init=   1.0000000000000001E-018 dt=   1.0000000000000001E-018
 Time=  -7.5000000000417057E-014 Intensity=   57946080788.916252     
   4757.4022748787929      < Te <    4884.7826152749922     
   4757.1866214341226      < Th <    4948.4298131938585     
   80.000004692778703      < Ts <   80.000004849239801     
   1.9061520724347545E+021 < Ne <   1.9066712679580348E+021
   1.9061520724347545E+021 < Nh <   1.9066712679103131E+021
 CFL_Te=   1.7949288545595703E-003 maxCFL_Ne=   1.3861440076529071E-003 maxCFL_Ts=   5.1020112271768167E-004 CPU=   773.84541840972906      NumThreads=                    8 Elapsed time=   1.0337981991855935E-002
 CFL_Limit=   1.0000000000000000E-003
 dt_init=   1.0000000000000001E-018 dt=   1.0000000000000001E-018
 Time=  -7.4000000000420394E-014 Intensity=   75016922429.376862     
   4756.6132202894714      < Te <    4889.6817894795440     
   4756.4059106383247      < Th <    4951.7566694839852     
   80.000006219305490      < Ts <   80.000006429302388     
   2.4982330318408191E+021 < Ne <   2.4989052092825888E+021
   2.4982330318408191E+021 < Nh <   2.4989052092226260E+021
 CFL_Te=   1.7945769015752023E-003 maxCFL_Ne=   1.3867116873648212E-003 maxCFL_Ts=   5.1020112703389496E-004 CPU=   773.47216086084677      NumThreads=                    8 Elapsed time=   1.0342970833101850E-002
 CFL_Limit=   1.0000000000000000E-003
 dt_init=   1.0000000000000001E-018 dt=   1.0000000000000001E-018
 Time=  -7.3000000000423730E-014 Intensity=   96780813434.073257     
   4755.8038530970025      < Te <    4884.9151230917005     
   4755.5950565423609      < Th <    4947.3008609556027     
   80.000008218655154      < Ts <   80.000008496873363     
   3.2633579497639185E+021 < Ne <   3.2642251694810983E+021
   3.2633579497639185E+021 < Nh <   3.2642251694046849E+021
 CFL_Te=   1.7941533489609161E-003 maxCFL_Ne=   1.3868977083594490E-003 maxCFL_Ts=   5.1020113268506915E-004 CPU=   773.09647461419456      NumThreads=                    8 Elapsed time=   1.0347996999976378E-002
 CFL_Limit=   1.0000000000000000E-003
 dt_init=   1.0000000000000001E-018 dt=   1.0000000000000001E-018
 Time=  -7.2000000000427066E-014 Intensity=   124426860014.13100     
   4754.9760570463877      < Te <    4878.8532994560783     
   4756.2201727930087      < Th <    4952.8007165521203     
   80.000010820341373      < Ts <   80.000011186668132     
   4.2486815491984620E+021 < Ne <   4.2497965226385940E+021
   4.2486815491984620E+021 < Nh <   4.2497965225379690E+021
 CFL_Te=   1.7939325578763127E-003 maxCFL_Ne=   1.3859010642162900E-003 maxCFL_Ts=   5.1020114004008766E-004 CPU=   772.73403149306819      NumThreads=                    8 Elapsed time=   1.0352850623832999E-002
 CFL_Limit=   1.0000000000000000E-003
 dt_init=   1.0000000000000001E-018 dt=   1.0000000000000001E-018
 Time=  -7.1000000000430403E-014 Intensity=   159416717950.19135     
   4754.1316556058900      < Te <    4885.8917409045298     
   4754.9515403325677      < Th <    4944.9857429211488     
   80.000014200551860      < Ts <   80.000014682744890     
   5.5131870174763140E+021 < Ne <   5.5146155732705760E+021
   5.5131870174763140E+021 < Nh <   5.5146155731398060E+021
 CFL_Te=   1.7937097110041062E-003 maxCFL_Ne=   1.3858442755028100E-003 maxCFL_Ts=   5.1020114960043670E-004 CPU=   772.37396414717637      NumThreads=                    8 Elapsed time=   1.0357676943232119E-002
 CFL_Limit=   1.0000000000000000E-003
 dt_init=   1.0000000000000001E-018 dt=   1.0000000000000001E-018
 Time=  -7.0000000000433739E-014 Intensity=   203539373738.42972     
   4753.2801831653414      < Te <    4882.6725721904377     
   4753.0233526930879      < Th <    4946.8820290252079     
   80.000018582637068      < Ts <   80.000019215627361     
   7.1303650323122178E+021 < Ne <   7.1321890442802784E+021
   7.1303650323122178E+021 < Nh <   7.1321890441197540E+021
 CFL_Te=   1.7932565067074234E-003 maxCFL_Ne=   1.3856148458774855E-003 maxCFL_Ts=   5.1020116199523185E-004 CPU=   772.01277062659324      NumThreads=                    8 Elapsed time=   1.0362522880945238E-002
 CFL_Limit=   1.0000000000000000E-003
 dt_init=   1.0000000000000001E-018 dt=   1.0000000000000001E-018
 Time=  -6.9000000000437076E-014 Intensity=   258975005990.62750     
   4752.4135751761123      < Te <    4885.7810307970258     
   4752.1365255270039      < Th <    4950.7032145503608     
   80.000024246572735      < Ts <   80.000025066524699     
   9.1914231423929323E+021 < Ne <   9.1937439957624920E+021
   9.1914231423929323E+021 < Nh <   9.1937439955557695E+021
 CFL_Te=   1.7930451437828910E-003 maxCFL_Ne=   1.3856039612611343E-003 maxCFL_Ts=   5.1020117800258007E-004 CPU=   771.66202897560458      NumThreads=                    8 Elapsed time=   1.0367232933075827E-002
 CFL_Limit=   1.0000000000000000E-003
 dt_init=   1.0000000000000001E-018 dt=   1.0000000000000001E-018
 Time=  -6.8000000000440412E-014 Intensity=   328368974519.18756     
   4750.2143361449289      < Te <    4879.4102008935870     
   4751.2303737722532      < Th <    4948.4886208250891     
   80.000031533953020      < Ts <   80.000032598127305     
   1.1809111473302662E+022 < Ne <   1.1812054323213636E+022
   1.1809111473302662E+022 < Nh <   1.1812054322957672E+022
 CFL_Te=   1.7916210434948572E-003 maxCFL_Ne=   1.3851709684329729E-003 maxCFL_Ts=   5.1020119858938924E-004 CPU=   771.31566565320861      NumThreads=                    8 Elapsed time=   1.0371888393093887E-002
 CFL_Limit=   1.0000000000000000E-003
 dt_init=   1.0000000000000001E-018 dt=   1.0000000000000001E-018
 Time=  -6.7000000000443749E-014 Intensity=   414916998789.12958     
   4750.5007148432633      < Te <    4873.1595475608974     
   4750.3116978615471      < Th <    4946.9036980816691     
   80.000040875644885      < Ts <   80.000042252387672     
   1.5122260210072657E+022 < Ne <   1.5125978774606356E+022
   1.5122260210072657E+022 < Nh <   1.5125978774264435E+022
 CFL_Te=   1.7926227407036644E-003 maxCFL_Ne=   1.3850169529464878E-003 maxCFL_Ts=   5.1020122499949999E-004 CPU=   770.97401355377724      NumThreads=                    8 Elapsed time=   1.0376484627703969E-002
 CFL_Limit=   1.0000000000000000E-003
 dt_init=   1.0000000000000001E-018 dt=   1.0000000000000001E-018
 Time=  -6.6000000000447085E-014 Intensity=   522462572428.35266     
   4749.5946579866195      < Te <    4873.3208170598609     
   4749.3841469209956      < Th <    4933.8179773035827     
   80.000052829448279      < Ts <   80.000054590200051     
   1.9301133729776062E+022 < Ne <   1.9305816249196750E+022
   1.9301133729776066E+022 < Nh <   1.9305816248756575E+022
 CFL_Te=   1.7919988401941199E-003 maxCFL_Ne=   1.3849358216645169E-003 maxCFL_Ts=   5.1020125875682885E-004 CPU=   770.63855488704985      NumThreads=                    8 Elapsed time=   1.0381001507473937E-002
 CFL_Limit=   1.0000000000000000E-003
 dt_init=   1.0000000000000001E-018 dt=   1.0000000000000001E-018
 Time=  -6.5000000000450421E-014 Intensity=   655607608773.53748     
   4748.0617481388736      < Te <    4870.7225290289962     
   4748.4447870542936      < Th <    4935.4547564553577     
   80.000068017605500      < Ts <   80.000070269549695     
   2.4553715496526620E+022 < Ne <   2.4559591407511964E+022
   2.4553715496526625E+022 < Nh <   2.4559591406942168E+022
 CFL_Te=   1.7914005983886419E-003 maxCFL_Ne=   1.3845874696025262E-003 maxCFL_Ts=   5.1020130170102609E-004 CPU=   770.30737008825633      NumThreads=                    8 Elapsed time=   1.0385464699738518E-002
 CFL_Limit=   1.0000000000000000E-003
 dt_init=   1.0000000000000001E-018 dt=   1.0000000000000001E-018
 Time=  -6.4000000000453758E-014 Intensity=   819837215909.35083     
   4747.1742330501384      < Te <    4864.3484934276521     
   4747.4832836240685      < Th <    4936.4166666379751     
   80.000087347166570      < Ts <   80.000090234806578     
   3.1133046263205029E+022 < Ne <   3.1140394182871309E+022
   3.1133046263205037E+022 < Nh <   3.1140394182083665E+022
 CFL_Te=   1.7909023258543719E-003 maxCFL_Ne=   1.3846878098681265E-003 maxCFL_Ts=   5.1020135633034669E-004 CPU=   769.97840993679222      NumThreads=                    8 Elapsed time=   1.0389901712512592E-002
 CFL_Limit=   1.0000000000000000E-003
 dt_init=   1.0000000000000001E-018 dt=   1.0000000000000001E-018
 Time=  -6.3000000000457094E-014 Intensity=   1021659349832.0927     
   4749.8643655321275      < Te <    4863.8035047882822     
   4745.2106295105714      < Th <    4923.9777529178136     
   80.000111756593554      < Ts <   80.000115442768404     
   3.9345745676424796E+022 < Ne <   3.9354902598074874E+022
   3.9345745676424805E+022 < Nh <   3.9354902597030736E+022
 CFL_Te=   1.7930985948707528E-003 maxCFL_Ne=   1.3852938159396495E-003 maxCFL_Ts=   5.1020142540526955E-004 CPU=   769.65878809879985      NumThreads=                    8 Elapsed time=   1.0394216403039438E-002
 CFL_Limit=   1.0000000000000000E-003
 dt_init=   1.0000000000000001E-018 dt=   1.0000000000000001E-018
 Time=  -6.2000000000460431E-014 Intensity=   1268759882568.7104     
   4743.0237110535109      < Te <    4858.9336835139748     
   4745.4227801884872      < Th <    4928.5783665493282     
   80.000142580685520      < Ts <   80.000147238657647     
   4.9561853108980480E+022 < Ne <   4.9573224924690443E+022
   4.9561853108980489E+022 < Nh <   4.9573224923379513E+022
 CFL_Te=   1.7882022456892483E-003 maxCFL_Ne=   1.3828555452915876E-003 maxCFL_Ts=   5.1020151251136847E-004 CPU=   769.34226677375580      NumThreads=                    8 Elapsed time=   1.0398492771686751E-002
 CFL_Limit=   1.0000000000000000E-003
 dt_init=   1.0000000000000001E-018 dt=   1.0000000000000001E-018
 Time=  -6.1000000000463767E-014 Intensity=   1570173339800.8547     
   4744.5299958215137      < Te <    4861.2683719118304     
   4742.8505020789044      < Th <    4928.1398883046477     
   80.000181339937441      < Ts <   80.000187240631291     
   6.2226126847721062E+022 < Ne <   6.2240200402483431E+022
   6.2226126847721079E+022 < Nh <   6.2240200400730312E+022
 CFL_Te=   1.7898485475717537E-003 maxCFL_Ne=   1.3842102147457432E-003 maxCFL_Ts=   5.1020162207200974E-004 CPU=   769.02072653985419      NumThreads=                    8 Elapsed time=   1.0402840552809734E-002
 CFL_Limit=   1.0000000000000000E-003
 dt_init=   1.0000000000000001E-018 dt=   1.0000000000000001E-018
 Time=  -6.0000000000467103E-014 Intensity=   1936469201836.5425     
   4743.3786759832410      < Te <    4863.4113002277718     
   4742.7730957270687      < Th <    4927.0171604569005     
   80.000229879815009      < Ts <   80.000237388599174     
   7.7870942726570719E+022 < Ne <   7.7888299828404487E+022
   7.7870942726570736E+022 < Nh <   7.7888299826130838E+022
 CFL_Te=   1.7896028409905586E-003 maxCFL_Ne=   1.3833127527919070E-003 maxCFL_Ts=   5.1020175940445095E-004 CPU=   768.71371053387043      NumThreads=                    8 Elapsed time=   1.0406995335680970E-002
 CFL_Limit=   1.0000000000000000E-003
 dt_init=   1.0000000000000001E-018 dt=   1.0000000000000001E-018
 Time=  -5.9000000000470440E-014 Intensity=   2379953215735.2744     
   4738.7616872622075      < Te <    4857.7858983297774     
   4741.8988960202078      < Th <    4934.2534280834643     
   80.000290525001319      < Ts <   80.000300057426671     
   9.7130928227904286E+022 < Ne <   9.7152260999613447E+022
   9.7130928227904303E+022 < Nh <   9.7152260996627689E+022
 CFL_Te=   1.7862603785995556E-003 maxCFL_Ne=   1.3818259130410021E-003 maxCFL_Ts=   5.1020193079005956E-004 CPU=   768.41727136936538      NumThreads=                    8 Elapsed time=   1.0411010134823652E-002
 CFL_Limit=   1.0000000000000000E-003
 dt_init=   1.0000000000000001E-018 dt=   1.0000000000000001E-018
 Time=  -5.8000000000473776E-014 Intensity=   2914882629713.4248     
   4740.2622556507713      < Te <    4857.9723412515350     
   4741.4429846058765      < Th <    4930.8549498237526     
   80.000365939163913      < Ts <   80.000378067939991     
   1.2075946340734612E+023 < Ne <   1.2078559180735891E+023
   1.2075946340734613E+023 < Nh <   1.2078559180349472E+023
 CFL_Te=   1.7879093648118093E-003 maxCFL_Ne=   1.3816230057908045E-003 maxCFL_Ts=   5.1020214411324572E-004 CPU=   768.11568708615982      NumThreads=                    8 Elapsed time=   1.0415097796463357E-002
 CFL_Limit=   1.0000000000000000E-003
 dt_init=   1.0000000000000001E-018 dt=   1.0000000000000001E-018
 Time=  -5.7000000000477113E-014 Intensity=   3557693630525.7944     
   4737.7642298594037      < Te <    4856.4981554613360     
   4743.1523019324959      < Th <    4931.9815075940560     
   80.000459595279523      < Ts <   80.000474932126451     
   1.4964716541401312E+023 < Ne <   1.4967905687656867E+023
   1.4964716541401314E+023 < Nh <   1.4967905687141365E+023
 CFL_Te=   1.7862983631123774E-003 maxCFL_Ne=   1.3809811233180635E-003 maxCFL_Ts=   5.1020240884993553E-004 CPU=   767.82347505328846      NumThreads=                    8 Elapsed time=   1.0419061489940490E-002
 CFL_Limit=   1.0000000000000000E-003
 dt_init=   1.0000000000000001E-018 dt=   1.0000000000000001E-018
 Time=  -5.6000000000475123E-014 Intensity=   4327238540091.4380     
   4735.2658957123986      < Te <    4855.2568091293570     
   4736.8963412958174      < Th <    4927.4827229887114     
   80.000575553727643      < Ts <   80.000594725457844     
   1.8484245605504629E+023 < Ne <   1.8488124713764837E+023
   1.8484245605504632E+023 < Nh <   1.8488124713105234E+023
 CFL_Te=   1.7848775926258052E-003 maxCFL_Ne=   1.3807593886092909E-003 maxCFL_Ts=   5.1020273653929263E-004 CPU=   767.54190802257312      NumThreads=                    8 Elapsed time=   1.0422883645025312E-002
 CFL_Limit=   1.0000000000000000E-003
 dt_init=   1.0000000000000001E-018 dt=   1.0000000000000001E-018
 Time=  -5.5000000000472148E-014 Intensity=   5245029512467.1377     
   4733.8495020589071      < Te <    4860.4727314233351     
   4738.1073365811926      < Th <    4929.4233962912031     
   80.000718373564169      < Ts <   80.000742471637423     
   2.2757428629396280E+023 < Ne <   2.2762130697660670E+023
   2.2757428629396283E+023 < Nh <   2.2762130696825899E+023
 CFL_Te=   1.7843789976872825E-003 maxCFL_Ne=   1.3802101821617184E-003 maxCFL_Ts=   5.1020314047400827E-004 CPU=   767.25807761497470      NumThreads=                    8 Elapsed time=   1.0426739363719751E-002
 CFL_Limit=   1.0000000000000000E-003
 dt_init=   1.0000000000000001E-018 dt=   1.0000000000000001E-018
 Time=  -5.4000000000469174E-014 Intensity=   6335484573989.2178     
   4731.2375498495830      < Te <    4855.4179444237652     
   4736.9302895814690      < Th <    4923.4640906095001     
   80.000893779055588      < Ts <   80.000923949670863     
   2.7927705794893733E+023 < Ne <   2.7933385733670953E+023
   2.7927705794893736E+023 < Nh <   2.7933385732614616E+023
 CFL_Te=   1.7828268404587178E-003 maxCFL_Ne=   1.3798749823179723E-003 maxCFL_Ts=   5.1020363638633998E-004 CPU=   766.97755417327949      NumThreads=                    8 Elapsed time=   1.0430552962691526E-002
 CFL_Limit=   1.0000000000000000E-003
 dt_init=   1.0000000000000001E-018 dt=   1.0000000000000001E-018
 Time=  -5.3000000000466199E-014 Intensity=   7626170880184.8320     
   4732.2833521071789      < Te <    4854.9916073792710     
   4732.3385048084456      < Th <    4908.2761450314420     
   80.001108973579107      < Ts <   80.001146273966185     
   3.4161774238417921E+023 < Ne <   3.4168611647270418E+023
   3.4161774238417921E+023 < Nh <   3.4168611645988210E+023
 CFL_Te=   1.7837440386160204E-003 maxCFL_Ne=   1.3800434892881199E-003 maxCFL_Ts=   5.1020424466392128E-004 CPU=   766.70141718842899      NumThreads=                    8 Elapsed time=   1.0434309655167721E-002
 CFL_Limit=   1.0000000000000000E-003
 dt_init=   1.0000000000000001E-018 dt=   1.0000000000000001E-018
 Time=  -5.2000000000463225E-014 Intensity=   9148039040900.5273     
   4724.3976006963449      < Te <    4850.9228658593020     
   4733.8715738016299      < Th <    4920.8344965494680     
   80.001371285310725      < Ts <   80.001417502952521     
   4.1652514391697513E+023 < Ne <   4.1660716696044128E+023
   4.1652514391697513E+023 < Nh <   4.1660716694463439E+023
 CFL_Te=   1.7786661663835659E-003 maxCFL_Ne=   1.3778691736271575E-003 maxCFL_Ts=   5.1020498682076692E-004 CPU=   766.43274150604668      NumThreads=                    8 Elapsed time=   1.0437967438969183E-002
 CFL_Limit=   1.0000000000000000E-003
 dt_init=   1.0000000000000001E-018 dt=   1.0000000000000001E-018
 Time=  -5.1000000000460250E-014 Intensity=   10935641313518.219     
   4725.0556563769978      < Te <    4848.8649072765984     
   4731.4393679897848      < Th <    4919.0298389185946     
   80.001690175623409      < Ts <   80.001747418257850     
   5.0622119962851881E+023 < Ne <   5.0631925547805470E+023
   5.0622119962851881E+023 < Nh <   5.0631925545783037E+023
 CFL_Te=   1.7792842723112984E-003 maxCFL_Ne=   1.3780140308640289E-003 maxCFL_Ts=   5.1020588856694714E-004 CPU=   766.16065398786236      NumThreads=                    8 Elapsed time=   1.0441674286404606E-002
 CFL_Limit=   1.0000000000000000E-003
 dt_init=   1.0000000000000001E-018 dt=   1.0000000000000001E-018
 Time=  -5.0000000000457276E-014 Intensity=   13027325412947.795     
   4720.3754271050029      < Te <    4852.0069588232500     
   4729.0510367584848      < Th <    4922.0861488377532     
   80.002077860968299      < Ts <   80.002148015428062     
   6.1325413306999821E+023 < Ne <   6.1337094990159068E+023
   6.1325413306999821E+023 < Nh <   6.1337094987575954E+023
 CFL_Te=   1.7761650302679929E-003 maxCFL_Ne=   1.3774234449776804E-003 maxCFL_Ts=   5.1020698370415158E-004 CPU=   765.89445281913765      NumThreads=                    8 Elapsed time=   1.0445303488689925E-002
 CFL_Limit=   1.0000000000000000E-003
 dt_init=   1.0000000000000001E-018 dt=   1.0000000000000001E-018
 Time=  -4.9000000000454301E-014 Intensity=   15465394672231.150     
   4719.2089598245711      < Te <    4844.6614936207479     
   4727.7993016287846      < Th <    4928.5551896091438     
   80.002545962763250      < Ts <   80.002632798783566     
   7.4053320593578297E+023 < Ne <   7.4067189368360434E+023
   7.4053320593578297E+023 < Nh <   7.4067189365048088E+023
 CFL_Te=   1.7754453277697261E-003 maxCFL_Ne=   1.3763458387233702E-003 maxCFL_Ts=   5.1020830740031034E-004 CPU=   765.63657655676525      NumThreads=                    8 Elapsed time=   1.0448821601467560E-002
 CFL_Limit=   1.0000000000000000E-003
 dt_init=   1.0000000000000001E-018 dt=   1.0000000000000001E-018
 Time=  -4.8000000000451327E-014 Intensity=   18296224350930.977     
   4716.3782174027947      < Te <    4839.2605592363243     
   4726.0346349315514      < Th <    4933.3048263513583     
   80.003110762163544      < Ts <   80.003217453281422     
   8.9136472237859384E+023 < Ne <   8.9152880474309235E+023
   8.9136472237859370E+023 < Nh <   8.9152880469964526E+023
 CFL_Te=   1.7735536026277495E-003 maxCFL_Ne=   1.3760115095478808E-003 maxCFL_Ts=   5.1020990316251577E-004 CPU=   765.37390043780090      NumThreads=                    8 Elapsed time=   1.0452407634260754E-002
 CFL_Limit=   1.0000000000000000E-003
 dt_init=   1.0000000000000001E-018 dt=   1.0000000000000001E-018
 Time=  -4.7000000000448352E-014 Intensity=   21570323077270.426     
   4712.9764486422455      < Te <    4829.3300689609059     
   4726.6648807042448      < Th <    4929.1456543376989     
   80.003789118489806      < Ts <   80.003919731809063     
   1.0694888443269654E+024 < Ne <   1.0696822991490944E+024
   1.0694888443269653E+024 < Nh <   1.0696822990916403E+024
 CFL_Te=   1.7715376626690970E-003 maxCFL_Ne=   1.3750345556718217E-003 maxCFL_Ts=   5.1021181867198480E-004 CPU=   765.11169866183832      NumThreads=                    8 Elapsed time=   1.0455989646991157E-002
 CFL_Limit=   1.0000000000000000E-003
 dt_init=   1.0000000000000001E-018 dt=   1.0000000000000001E-018
 Time=  -4.6000000000445378E-014 Intensity=   25342327775993.938     
   4708.0054422242547      < Te <    4830.9608727335735     
   4726.0051210531010      < Th <    4924.3812767857835     
   80.004602672825428      < Ts <   80.004760691093594     
   1.2791166794251687E+024 < Ne <   1.2793439751340015E+024
   1.2791166794251684E+024 < Nh <   1.2793439750593136E+024
 CFL_Te=   1.7678278523078216E-003 maxCFL_Ne=   1.3735177476985119E-003 maxCFL_Ts=   5.1021411605038874E-004 CPU=   764.86194124064309      NumThreads=                    8 Elapsed time=   1.0459403937687907E-002
 CFL_Limit=   1.0000000000000000E-003
 dt_init=   1.0000000000000001E-018 dt=   1.0000000000000001E-018
 Time=  -4.5000000000442403E-014 Intensity=   29670920032114.766     
   4703.6413274629895      < Te <    4831.6851071772126     
   4721.6757486095239      < Th <    4917.2233018383840     
   80.005573497462450      < Ts <   80.005765366230108     
   1.5249669924752413E+024 < Ne <   1.5252331286650333E+024
   1.5249669924752410E+024 < Nh <   1.5252331285718782E+024
 CFL_Te=   1.7647101493178257E-003 maxCFL_Ne=   1.3730419299700068E-003 maxCFL_Ts=   5.1021686002074946E-004 CPU=   764.61583654135984      NumThreads=                    8 Elapsed time=   1.0462770475938554E-002
 CFL_Limit=   1.0000000000000000E-003
 dt_init=   1.0000000000000001E-018 dt=   1.0000000000000001E-018
 Time=  -4.4000000000439429E-014 Intensity=   34618651727643.855     
   4701.2254428315200      < Te <    4825.9547672854978     
   4718.6306273837035      < Th <    4916.9084992152584     
   80.006729364068917      < Ts <   80.006961004579921     
   1.8123017848380863E+024 < Ne <   1.8126123231051579E+024
   1.8123017848380860E+024 < Nh <   1.8126123229890961E+024
 CFL_Te=   1.7631929548279136E-003 maxCFL_Ne=   1.3716285053240870E-003 maxCFL_Ts=   5.1022012438973227E-004 CPU=   764.37078111364031      NumThreads=                    8 Elapsed time=   1.0466124814902660E-002
 CFL_Limit=   1.0000000000000000E-003
 dt_init=   1.0000000000000001E-018 dt=   1.0000000000000001E-018
 Time=  -4.3000000000436454E-014 Intensity=   40251668020119.102     
   4695.2634163541297      < Te <    4815.2252940235285     
   4715.6799603973141      < Th <    4907.4019753380735     
   80.008099783146761      < Ts <   80.008378458965240     
   2.1469598790931847E+024 < Ne <   2.1473209720689325E+024
   2.1469598790931844E+024 < Nh <   2.1473209719240568E+024
 CFL_Te=   1.7586233398924937E-003 maxCFL_Ne=   1.3704917441341221E-003 maxCFL_Ts=   5.1022399608388104E-004 CPU=   764.12927203525601      NumThreads=                    8 Elapsed time=   1.0469432716131951E-002
 CFL_Limit=   1.0000000000000000E-003
 dt_init=   1.0000000000000001E-018 dt=   1.0000000000000001E-018
 Time=  -4.2000000000433480E-014 Intensity=   46639316361462.930     
   4689.7704790500611      < Te <    4808.9865827863232     
   4715.2586317792757      < Th <    4906.6856114382545     
   80.009718188164484      < Ts <   80.010052271323374     
   2.5353875378418664E+024 < Ne <   2.5358059618685995E+024
   2.5353875378418659E+024 < Nh <   2.5358059616883402E+024
 CFL_Te=   1.7545707520069641E-003 maxCFL_Ne=   1.3693097895984448E-003 maxCFL_Ts=   5.1022857329082458E-004 CPU=   763.89035342423119      NumThreads=                    8 Elapsed time=   1.0472707194349333E-002
 CFL_Limit=   1.0000000000000000E-003
 dt_init=   1.0000000000000001E-018 dt=   1.0000000000000001E-018
 Time=  -4.1000000000430505E-014 Intensity=   53853631331000.812     
   4686.2948708177064      < Te <    4802.2815384802861     
   4713.3161270427363      < Th <    4898.3269940742812     
   80.011628409581007      < Ts <   80.012026995938740     
   2.9846650582729038E+024 < Ne <   2.9851482359244214E+024
   2.9846650582729033E+024 < Nh <   2.9851482356984873E+024
 CFL_Te=   1.7518363654595835E-003 maxCFL_Ne=   1.3685788453084342E-003 maxCFL_Ts=   5.1023397169478401E-004 CPU=   763.65366512889716      NumThreads=                    8 Elapsed time=   1.0475953125491357E-002
 CFL_Limit=   1.0000000000000000E-003
 dt_init=   1.0000000000000001E-018 dt=   1.0000000000000001E-018
 Time=  -4.0000000000427531E-014 Intensity=   61968686616517.875     
   4678.5470383178226      < Te <    4796.7428306852453     
   4710.9720195906484      < Th <    4895.5720446689156     
   80.013873591374775      < Ts <   80.014345816969879     
   3.5025281853585068E+024 < Ne <   3.5030842146414792E+024
   3.5025281853585062E+024 < Nh <   3.5030842143634848E+024
 CFL_Te=   1.7462582394628557E-003 maxCFL_Ne=   1.3664608831137745E-003 maxCFL_Ts=   5.1024031467947857E-004 CPU=   763.42428837887633      NumThreads=                    8 Elapsed time=   1.0479100706879418E-002
 CFL_Limit=   1.0000000000000000E-003
 dt_init=   1.0000000000000001E-018 dt=   1.0000000000000001E-018
 Time=  -3.9000000000424557E-014 Intensity=   71059807549599.203     
   4677.3875966102914      < Te <    4802.1092772068796     
   4709.4222492631816      < Th <    4898.0178833974996     
   80.016506106151922      < Ts <   80.017066754386477     
   4.0973831277590601E+024 < Ne <   4.0980207914092269E+024
   4.0973831277590596E+024 < Nh <   4.0980207910692501E+024
 CFL_Te=   1.7449952983276688E-003 maxCFL_Ne=   1.3666993977597723E-003 maxCFL_Ts=   5.1024774816649514E-004 CPU=   763.19910461019708      NumThreads=                    8 Elapsed time=   1.0482192591258330E-002
 CFL_Limit=   1.0000000000000000E-003
 dt_init=   1.0000000000000001E-018 dt=   1.0000000000000001E-018
 Time=  -3.8000000000421582E-014 Intensity=   81202640199250.766     
   4665.8470483885021      < Te <    4792.6553612127191     
   4706.4274875001383      < Th <    4894.6333956929775     
   80.019577178476240      < Ts <   80.020245275823314     
   4.7783139066733225E+024 < Ne <   4.7790426785181118E+024
   4.7783139066733219E+024 < Nh <   4.7790426781014366E+024
 CFL_Te=   1.7355991120039369E-003 maxCFL_Ne=   1.3642165800642105E-003 maxCFL_Ts=   5.1025642051301932E-004 CPU=   762.97062993190332      NumThreads=                    8 Elapsed time=   1.0485331526737821E-002
 CFL_Limit=   1.0000000000000000E-003
 dt_init=   1.0000000000000001E-018 dt=   1.0000000000000001E-018
 Time=  -3.7000000000418608E-014 Intensity=   92472076146496.750     
   4658.2116397400323      < Te <    4792.8205531883623     
   4705.4871041477700      < Th <    4884.7236881813824     
   80.023150526011193      < Ts <   80.023941424590689     
   5.5550807681267427E+024 < Ne <   5.5559107802869807E+024
   5.5550807681267427E+024 < Nh <   5.5559107797754264E+024
 CFL_Te=   1.7297117670241372E-003 maxCFL_Ne=   1.3629664076855916E-003 maxCFL_Ts=   5.1026651753059325E-004 CPU=   762.75080726013425      NumThreads=                    8 Elapsed time=   1.0488353370266077E-002
 CFL_Limit=   1.0000000000000000E-003
 dt_init=   1.0000000000000001E-018 dt=   1.0000000000000001E-018
 Time=  -3.6000000000415633E-014 Intensity=   104941035677997.53     
   4652.6428019595842      < Te <    4786.3321067859852     
   4702.8842844735727      < Th <    4893.5677340912398     
   80.027308155537469      < Ts <   80.028242102807909     
   6.4381083247906312E+024 < Ne <   6.4390503861761208E+024
   6.4381083247906312E+024 < Nh <   6.4390503855482588E+024
 CFL_Te=   1.7248339428904949E-003 maxCFL_Ne=   1.3617952183101675E-003 maxCFL_Ts=   5.1027825152737095E-004 CPU=   762.53171957319807      NumThreads=                    8 Elapsed time=   1.0491366843700268E-002
 CFL_Limit=   1.0000000000000000E-003
 dt_init=   1.0000000000000001E-018 dt=   1.0000000000000001E-018
 Time=  -3.5000000000412659E-014 Intensity=   118679116201979.36     
   4642.0309225708170      < Te <    4781.3523301656705     
   4701.3421532672346      < Th <    4893.6152883370059     
   80.032118310923892      < Ts <   80.033222126179055     
   7.4384622465445773E+024 < Ne <   7.4395277918768148E+024
   7.4384622465445762E+024 < Nh <   7.4395277910968627E+024
 CFL_Te=   1.7162036789024077E-003 maxCFL_Ne=   1.3597669555135618E-003 maxCFL_Ts=   5.1029182327081259E-004 CPU=   762.31049879168177      NumThreads=                    8 Elapsed time=   1.0494411414614635E-002
 CFL_Limit=   1.0000000000000000E-003
 dt_init=   1.0000000000000001E-018 dt=   1.0000000000000001E-018
 Time=  -3.4000000000409684E-014 Intensity=   133751117135265.58     
   4636.2816648172338      < Te <    4764.7687564935650     
   4698.3694763477470      < Th <    4895.0800766045068     
   80.037667984171719      < Ts <   80.038968108100960     
   8.5678132890759373E+024 < Ne <   8.5690143268914147E+024
   8.5678132890759362E+024 < Nh <   8.5690143259113032E+024
 CFL_Te=   1.7107489818928069E-003 maxCFL_Ne=   1.3592230095234188E-003 maxCFL_Ts=   5.1030747644251965E-004 CPU=   762.09446073245294      NumThreads=                    8 Elapsed time=   1.0497386363773276E-002
 CFL_Limit=   1.0000000000000000E-003
 dt_init=   1.0000000000000001E-018 dt=   1.0000000000000001E-018
 Time=  -3.3000000000406710E-014 Intensity=   150215457241480.31     
   4632.0842588903315      < Te <    4757.4251633719359     
   4697.7173407084265      < Th <    4892.3618782042040     
   80.044053291700294      < Ts <   80.045576612080225     
   9.8383876509287702E+024 < Ne <   9.8397367153209404E+024
   9.8383876509287681E+024 < Nh <   9.8397367140933743E+024
 CFL_Te=   1.7064480973912007E-003 maxCFL_Ne=   1.3585380247868931E-003 maxCFL_Ts=   5.1032547995733652E-004 CPU=   761.88573137555215      NumThreads=                    8 Elapsed time=   1.0500262271031563E-002
 CFL_Limit=   1.0000000000000000E-003
 dt_init=   1.0000000000000001E-018 dt=   1.0000000000000001E-018
 Time=  -3.2000000000403735E-014 Intensity=   168122505300198.00     
   4617.7800282705739      < Te <    4737.7936484785132     
   4698.8969935088980      < Th <    4883.5404826748181     
   80.051368510512617      < Ts <   80.053149077235361     
   1.1262902710832745E+025 < Ne <   1.1264412803394513E+025
   1.1262902710832742E+025 < Nh <   1.1264412801859715E+025
 CFL_Te=   1.6943231209918736E-003 maxCFL_Ne=   1.3559446725435675E-003 maxCFL_Ts=   5.1034612388141474E-004 CPU=   761.67478138500178      NumThreads=                    8 Elapsed time=   1.0503170376014143E-002
 CFL_Limit=   1.0000000000000000E-003
 dt_init=   1.0000000000000001E-018 dt=   1.0000000000000001E-018
 Time=  -3.1000000000400761E-014 Intensity=   187512849914193.53     
   4612.9828551467872      < Te <    4733.8417042726678     
   4695.4637815127844      < Th <    4881.4584907418284     
   80.059734023255402      < Ts <   80.061798875587542     
   1.2854487615266765E+025 < Ne <   1.2856172099412192E+025
   1.2854487615266765E+025 < Nh <   1.2856172097519245E+025
 CFL_Te=   1.6894356994452827E-003 maxCFL_Ne=   1.3554809216801318E-003 maxCFL_Ts=   5.1036973243638985E-004 CPU=   761.46241463515798      NumThreads=                    8 Elapsed time=   1.0506099639642838E-002
 CFL_Limit=   1.0000000000000000E-003
 dt_init=   1.0000000000000001E-018 dt=   1.0000000000000001E-018
 Time=  -3.0000000000397786E-014 Intensity=   208415539059104.16     
   4596.7001093825720      < Te <    4730.9379225896992     
   4693.8786245203537      < Th <    4876.5194353528450     
   80.069283620916863      < Ts <   80.071670845360558     
   1.4626588068527139E+025 < Ne <   1.4628460619105952E+025
   1.4626588068527139E+025 < Nh <   1.4628460616785665E+025
 CFL_Te=   1.6754043109266233E-003 maxCFL_Ne=   1.3531161238284173E-003 maxCFL_Ts=   5.1039665014567025E-004 CPU=   761.25744063766456      NumThreads=                    8 Elapsed time=   1.0508928481932247E-002
 CFL_Limit=   1.0000000000000000E-003
 dt_init=   1.0000000000000001E-018 dt=   1.0000000000000001E-018
 Time=  -2.9000000000394812E-014 Intensity=   230846324469058.75     
   4590.5324999793211      < Te <    4724.2697633184680     
   4693.1382533472088      < Th <    4876.0733906580399     
   80.080150218007560      < Ts <   80.082897650547039     
   1.6592855442120635E+025 < Ne <   1.6594929877199044E+025
   1.6592855442120635E+025 < Nh <   1.6594929874379013E+025
 CFL_Te=   1.6688830539360018E-003 maxCFL_Ne=   1.3530290481219964E-003 maxCFL_Ts=   5.1042722513407733E-004 CPU=   761.05229781140827      NumThreads=                    8 Elapsed time=   1.0511761179889941E-002
 CFL_Limit=   1.0000000000000000E-003
 dt_init=   1.0000000000000001E-018 dt=   1.0000000000000001E-018
 Time=  -2.8000000000393169E-014 Intensity=   254805949950995.38     
   4585.0510804414207      < Te <    4715.0940792595529     
   4695.8517693155700      < Th <    4877.0460615605616     
   80.092456968392469      < Ts <   80.095638590540574     
   1.8767020174771276E+025 < Ne <   1.8769310388079579E+025
   1.8767020174771276E+025 < Nh <   1.8769310384659170E+025
 CFL_Te=   1.6624432801523189E-003 maxCFL_Ne=   1.3530027652679730E-003 maxCFL_Ts=   5.1046185209407849E-004 CPU=   760.85178283607866      NumThreads=                    8 Elapsed time=   1.0514531450764249E-002
 CFL_Limit=   1.0000000000000000E-003
 dt_init=   1.0000000000000001E-018 dt=   1.0000000000000001E-018
 Time=  -2.7000000000393350E-014 Intensity=   280278526036165.84     
   4579.0561865528716      < Te <    4704.1281753942558     
   4690.1860892591922      < Th <    4873.9122928154411     
   80.106365907914892      < Ts <   80.110019373778854     
   2.1162750185320784E+025 < Ne <   2.1165269847994612E+025
   2.1162750185320784E+025 < Nh <   2.1165269843853336E+025
 CFL_Te=   1.6555334317516544E-003 maxCFL_Ne=   1.3525560599141292E-003 maxCFL_Ts=   5.1050095048696159E-004 CPU=   760.65636872250604      NumThreads=                    8 Elapsed time=   1.0517232654524014E-002
 CFL_Limit=   1.0000000000000000E-003
 dt_init=   1.0000000000000001E-018 dt=   1.0000000000000001E-018
 Time=  -2.6000000000393531E-014 Intensity=   307230035825304.94     
   4559.9942397365221      < Te <    4696.6164252048593     
   4691.7213964059829      < Th <    4869.8343905406591     
   80.122061646407445      < Ts <   80.126228882040493     
   2.3793495179655391E+025 < Ne <   2.3796257694903127E+025
   2.3793495179655391E+025 < Nh <   2.3796257689917284E+025
 CFL_Te=   1.6385600326878258E-003 maxCFL_Ne=   1.3506298443238256E-003 maxCFL_Ts=   5.1054500172001091E-004 CPU=   760.45756621054863      NumThreads=                    8 Elapsed time=   1.0519982120586900E-002
 CFL_Limit=   1.0000000000000000E-003
 dt_init=   1.0000000000000001E-018 dt=   1.0000000000000001E-018
 Time=  -2.5000000000393712E-014 Intensity=   335607018286696.19     
   4554.0255193936591      < Te <    4676.5429372157341     
   4693.9184826738629      < Th <    4879.3863801262869     
   80.139707594019441      < Ts <   80.144456124432935     
   2.6672318129015742E+025 < Ne <   2.6675336444104665E+025
   2.6672318129015742E+025 < Nh <   2.6675336438107422E+025
 CFL_Te=   1.6309898459885364E-003 maxCFL_Ne=   1.3509802547874651E-003 maxCFL_Ts=   5.1059452327781958E-004 CPU=   760.26094051015150      NumThreads=                    8 Elapsed time=   1.0522702895445117E-002
 CFL_Limit=   1.0000000000000000E-003
 dt_init=   1.0000000000000001E-018 dt=   1.0000000000000001E-018
 Time=  -2.4000000000393893E-014 Intensity=   365335475465723.00     
   4548.5165517761943      < Te <    4670.9451568890454     
   4695.2469443365580      < Th <    4877.7691662149127     
   80.159489709732654      < Ts <   80.164887178383111     
   2.9811715967857583E+025 < Ne <   2.9815002366822319E+025
   2.9811715967857583E+025 < Nh <   2.9815002359626750E+025
 CFL_Te=   1.6233145552092684E-003 maxCFL_Ne=   1.3519877738277135E-003 maxCFL_Ts=   5.1064991474446839E-004 CPU=   760.07170859543646      NumThreads=                    8 Elapsed time=   1.0525322689333464E-002
 CFL_Limit=   1.0000000000000000E-003
 dt_init=   1.0000000000000001E-018 dt=   1.0000000000000001E-018
 Time=  -2.3000000000394074E-014 Intensity=   396320048934197.12     
   4543.0287490103919      < Te <    4667.1615446979595     
   4698.6065887889599      < Th <    4883.5880378947977     
   80.181605446412291      < Ts <   80.187744457917148     
   3.3223431377595303E+025 < Ne <   3.3226997357160065E+025
   3.3223431377595303E+025 < Nh <   3.3226997348564521E+025
 CFL_Te=   1.6151949964643463E-003 maxCFL_Ne=   1.3534765187082495E-003 maxCFL_Ts=   5.1071176829123343E-004 CPU=   759.88261921682636      NumThreads=                    8 Elapsed time=   1.0527941813230584E-002
 CFL_Limit=   1.0000000000000000E-003
 dt_init=   1.0000000000000001E-018 dt=   1.0000000000000001E-018
 Time=  -2.2000000000394255E-014 Intensity=   428443508248522.69     
   4538.4587316556244      < Te <    4661.3199672637220     
   4702.2111871072693      < Th <    4887.3537557045429     
   80.206217005578338      < Ts <   80.213183622497866     
   3.6918258264845621E+025 < Ne <   3.6922114241680108E+025
   3.6918258264845621E+025 < Nh <   3.6922114231453662E+025
 CFL_Te=   1.6079470355050609E-003 maxCFL_Ne=   1.3550727440351481E-003 maxCFL_Ts=   5.1078054286120517E-004 CPU=   759.69431907655735      NumThreads=                    8 Elapsed time=   1.0530551300850005E-002
 CFL_Limit=   1.0000000000000000E-003
 dt_init=   1.0000000000000001E-018 dt=   1.0000000000000001E-018
 Time=  -2.1000000000394436E-014 Intensity=   461566590146842.62     
   4516.3219486350199      < Te <    4658.4014432684753     
   4704.7155829948415      < Th <    4895.4737336492663     
   80.233572468949575      < Ts <   80.241489168970077     
   4.0905844267623290E+025 < Ne <   4.0909999476002683E+025
   4.0905844267623290E+025 < Nh <   4.0909999463896047E+025
 CFL_Te=   1.5871545648124632E-003 maxCFL_Ne=   1.3547607085201119E-003 maxCFL_Ts=   5.1085693149686365E-004 CPU=   759.51044468819623      NumThreads=                    8 Elapsed time=   1.0533100704473209E-002
 CFL_Limit=   1.0000000000000000E-003
 dt_init=   1.0000000000000001E-018 dt=   1.0000000000000001E-018
 Time=  -2.0000000000394617E-014 Intensity=   495528221700865.88     
   4529.4574848739958      < Te <    4649.2988015201054     
   4709.3713947342912      < Th <    4899.0026050622346     
   80.263865711777115      < Ts <   80.272848485312423     
   4.5194493215821542E+025 < Ne <   4.5198955382536017E+025
   4.5194493215821542E+025 < Nh <   4.5198955368242667E+025
 CFL_Te=   1.5917749731024292E-003 maxCFL_Ne=   1.3587280745428131E-003 maxCFL_Ts=   5.1094139028685329E-004 CPU=   759.33099960231709      NumThreads=                    8 Elapsed time=   1.0535589886610483E-002
 CFL_Limit=   1.0000000000000000E-003
 dt_init=   1.0000000000000001E-018 dt=   1.0000000000000001E-018
 Time=  -1.9000000000394798E-014 Intensity=   530146153688799.69     
   4526.9024200326858      < Te <    4644.0422273010245     
   4713.3755760393915      < Th <    4900.9879650525581     
   80.297391565553838      < Ts <   80.307510551150997     
   4.9790971153551786E+025 < Ne <   4.9795746388404707E+025
   4.9790971153551786E+025 < Nh <   4.9795746371697697E+025
 CFL_Te=   1.5844993701623045E-003 maxCFL_Ne=   1.3616240374853894E-003 maxCFL_Ts=   5.1103461708423739E-004 CPU=   759.14989338079295      NumThreads=                    8 Elapsed time=   1.0538103304438147E-002
 CFL_Limit=   1.0000000000000000E-003
 dt_init=   1.0000000000000001E-018 dt=   1.0000000000000001E-018
 Time=  -1.8000000000394979E-014 Intensity=   565218022186472.75     
   4505.7879748762061      < Te <    4636.1723030750163     
   4718.4755152628895      < Th <    4905.2658926415515     
   80.334294182326317      < Ts <   80.345647190081365     
   5.4700319572483079E+025 < Ne <   5.4705412153390860E+025
   5.4700319572483079E+025 < Nh <   5.4705412134024405E+025
 CFL_Te=   1.5632618731517144E-003 maxCFL_Ne=   1.3635088755646642E-003 maxCFL_Ts=   5.1113706056028286E-004 CPU=   758.97446454488670      NumThreads=                    8 Elapsed time=   1.0540539074390518E-002
 CFL_Limit=   1.0000000000000000E-003
 dt_init=   1.0000000000000001E-018 dt=   1.0000000000000001E-018
 Time=  -1.7000000000395159E-014 Intensity=   600522846939103.12     
   4504.0447700060931      < Te <    4633.5473624439492     
   4723.5796812633207      < Th <    4919.1816246424896     
   80.374867501685500      < Ts <   80.387550235986836     
   5.9925680399150749E+025 < Ne <   5.9931092633619960E+025
   5.9925680399150749E+025 < Nh <   5.9931092611286096E+025
 CFL_Te=   1.5559606178261157E-003 maxCFL_Ne=   1.3676677462026565E-003 maxCFL_Ts=   5.1124937529117864E-004 CPU=   758.79784193086346      NumThreads=                    8 Elapsed time=   1.0542992557336379E-002
 CFL_Limit=   1.0000000000000000E-003
 dt_init=   1.0000000000000001E-018 dt=   1.0000000000000001E-018
 Time=  -1.6000000000395340E-014 Intensity=   635822964715934.62     
   4502.9658071551976      < Te <    4637.6676125771028     
   4729.7074875348990      < Th <    4924.7782090930423     
   80.419306527812992      < Ts <   80.433453297086828     
   6.5468135870874635E+025 < Ne <   6.5473868057438849E+025
   6.5468135870874635E+025 < Nh <   6.5473868031995179E+025
 CFL_Te=   1.5487998525681422E-003 maxCFL_Ne=   1.3725719863082748E-003 maxCFL_Ts=   5.1137210376073748E-004 CPU=   758.61884698045105      NumThreads=                    8 Elapsed time=   1.0545480160218262E-002
 CFL_Limit=   1.0000000000000000E-003
 dt_init=   1.0000000000000001E-018 dt=   1.0000000000000001E-018
 Time=  -1.5000000000395521E-014 Intensity=   670866384802205.62     
   4521.1168656181662      < Te <    4653.8339266906114     
   4735.5581862369299      < Th <    4931.7809162936355     
   80.467923670794420      < Ts <   80.483678029274586     
   7.1326567572854402E+025 < Ne <   7.1332618074786589E+025
   7.1326567572854402E+025 < Nh <   7.1332618046272309E+025
 CFL_Te=   1.5550490937272254E-003 maxCFL_Ne=   1.3783053288764231E-003 maxCFL_Ts=   5.1150590490182414E-004 CPU=   758.44191954598750      NumThreads=                    8 Elapsed time=   1.0547940183460452E-002
 CFL_Limit=   1.0000000000000000E-003
 dt_init=   1.0000000000000001E-018 dt=   1.0000000000000001E-018
 Time=  -1.4000000000395702E-014 Intensity=   705389542384174.12     
   4522.1370429223134      < Te <    4654.5063460749743     
   4742.4040685051305      < Th <    4936.5853132453112     
   80.520879277917729      < Ts <   80.538402837011873     
   7.7497538429216576E+025 < Ne <   7.7503903258248664E+025
   7.7497538429216576E+025 < Nh <   7.7503903226630953E+025
 CFL_Te=   1.5483888177631943E-003 maxCFL_Ne=   1.3840961493882880E-003 maxCFL_Ts=   5.1165111383597093E-004 CPU=   758.27303232295708      NumThreads=                    8 Elapsed time=   1.0550289485427342E-002
 CFL_Limit=   1.0000000000000000E-003
 dt_init=   1.0000000000000001E-018 dt=   1.0000000000000001E-018
 Time=  -1.3000000000395883E-014 Intensity=   739120414174029.75     
   4524.4370428310576      < Te <    4652.8488591387832     
   4763.5715998185451      < Th <    4939.4529179910769     
   80.578388618065432      < Ts <   80.597850287140702     
   8.3975200619749587E+025 < Ne <   8.3981873010563115E+025
   8.3975200619749587E+025 < Nh <   8.3981872975723560E+025
 CFL_Te=   1.5421690215669265E-003 maxCFL_Ne=   1.3912387502045846E-003 maxCFL_Ts=   5.1180847817722578E-004 CPU=   758.10589130831465      NumThreads=                    8 Elapsed time=   1.0552615527355761E-002
 CFL_Limit=   1.0000000000000000E-003
 dt_init=   1.0000000000000001E-018 dt=   1.0000000000000001E-018
 Time=  -1.2000000000396064E-014 Intensity=   771781949547485.00     
   4527.9334327378028      < Te <    4670.6186612253368     
   4771.3062494994547      < Th <    4948.5635971645388     
   80.640669617199833      < Ts <   80.662191966171008     
   9.0751233614575245E+025 < Ne <   9.0758204108491350E+025
   9.0751233614575245E+025 < Nh <   9.0758204070388255E+025
 CFL_Te=   1.5367896783966084E-003 maxCFL_Ne=   1.3988817556748058E-003 maxCFL_Ts=   5.1197839087121903E-004 CPU=   757.93495013080496      NumThreads=                    8 Elapsed time=   1.0554995515933596E-002
 CFL_Limit=   1.0000000000000000E-003
 dt_init=   1.0000000000000001E-018 dt=   1.0000000000000001E-018
 Time=  -1.1000000000396245E-014 Intensity=   803095760155613.12     
   4532.8554217772407      < Te <    4675.5551795060983     
   4779.3535153420162      < Th <    4972.3450784754514     
   80.707967021422931      < Ts <   80.731672277426199     
   9.7814813782694969E+025 < Ne <   9.7822070592657097E+025
   9.7814813782694969E+025 < Nh <   9.7822070551360282E+025
 CFL_Te=   1.5314921165568329E-003 maxCFL_Ne=   1.4077431078143405E-003 maxCFL_Ts=   5.1216123288577763E-004 CPU=   757.77271786512415      NumThreads=                    8 Elapsed time=   1.0557255244736745E-002
 CFL_Limit=   1.0000000000000000E-003
 dt_init=   1.0000000000000001E-018 dt=   1.0000000000000001E-018
 Time=  -1.0000000000396426E-014 Intensity=   832786001727589.50     
   4555.6868331707346      < Te <    4679.1562622311294     
   4787.7807293834967      < Th <    4979.5682585036184     
   80.780449512967067      < Ts <   80.806516712378055     
   1.0515261827558695E+026 < Ne <   1.0516014721219403E+026
   1.0515261827558695E+026 < Nh <   1.0516014716795868E+026
 CFL_Te=   1.5392086564005362E-003 maxCFL_Ne=   1.4149154989352511E-003 maxCFL_Ts=   5.1235729554358653E-004 CPU=   757.61023687701902      NumThreads=                    8 Elapsed time=   1.0559519407996884E-002
 CFL_Limit=   1.0000000000000000E-003
 dt_init=   1.0000000000000001E-018 dt=   1.0000000000000001E-018
 Time=  -9.0000000003966072E-015 Intensity=   860583374007765.75     
   4562.9229111588047      < Te <    4686.3427038322679     
   4812.6390492619348      < Th <    4988.5264840712343     
   80.858307171932992      < Ts <   80.886893185485008     
   1.1274886445360046E+026 < Ne <   1.1275664906534006E+026
   1.1274886445360046E+026 < Nh <   1.1275664901849442E+026
 CFL_Te=   1.5352385344863150E-003 maxCFL_Ne=   1.4245115403922087E-003 maxCFL_Ts=   5.1256694309278247E-004 CPU=   757.44848651631025      NumThreads=                    8 Elapsed time=   1.0561774354839555E-002
 CFL_Limit=   1.0000000000000000E-003
 dt_init=   1.0000000000000001E-018 dt=   1.0000000000000001E-018
 Time=  -8.0000000003967882E-015 Intensity=   886229158745761.75     
   4571.8171225560991      < Te <    4706.5439606882128     
   4821.6178337805013      < Th <    5015.1106017489237     
   80.941575445405661      < Ts <   80.972881856230558     
   1.2058538635526137E+026 < Ne <   1.2059340759161374E+026
   1.2058538635526137E+026 < Nh <   1.2059340754250349E+026
 CFL_Te=   1.5319379453667562E-003 maxCFL_Ne=   1.4357162824309105E-003 maxCFL_Ts=   5.1279010530938681E-004 CPU=   757.28956844194954      NumThreads=                    8 Elapsed time=   1.0563990755160183E-002
 CFL_Limit=   1.0000000000000000E-003
 dt_init=   1.0000000000000001E-018 dt=   1.0000000000000001E-018
 Time=  -7.0000000003969692E-015 Intensity=   909479211697413.75     
   4582.4186050622930      < Te <    4714.0298601711811     
   4831.1745112961326      < Th <    5024.9878687828850     
   81.030504493892366      < Ts <   81.064633196192872     
   1.2864174658162287E+026 < Ne <   1.2864998281818844E+026
   1.2864174658162287E+026 < Nh <   1.2864998276745512E+026
 CFL_Te=   1.5297145452209935E-003 maxCFL_Ne=   1.4480067368135233E-003 maxCFL_Ts=   5.1302722697344762E-004 CPU=   757.12724852088331      NumThreads=                    8 Elapsed time=   1.0566255560909642E-002
 CFL_Limit=   1.0000000000000000E-003
 dt_init=   1.0000000000000001E-018 dt=   1.0000000000000001E-018
 Time=  -6.0000000003971501E-015 Intensity=   930107822811051.88     
   4607.9752944722413      < Te <    4725.5572766055593     
   4858.0800898028947      < Th <    5038.5724726716762     
   81.125271962072702      < Ts <   81.162429380943180     
   1.3689538417608571E+026 < Ne <   1.3690381258177862E+026
   1.3689538417608571E+026 < Nh <   1.3690381253035606E+026
 CFL_Te=   1.5381843625267894E-003 maxCFL_Ne=   1.4561727342729757E-003 maxCFL_Ts=   5.1327845754289858E-004 CPU=   756.96721323449015      NumThreads=                    8 Elapsed time=   1.0568489440667220E-002
 CFL_Limit=   1.0000000000000000E-003
 dt_init=   1.0000000000000001E-018 dt=   1.0000000000000001E-018
 Time=  -5.0000000003973311E-015 Intensity=   947911359388372.12     
   4620.7966687702346      < Te <    4749.8819285553254     
   4867.7260041081381      < Th <    5066.8208445483133     
   81.225771220511760      < Ts <   81.266096644532269     
   1.4532179761842292E+026 < Ne <   1.4533039320460456E+026
   1.4532179761842292E+026 < Nh <   1.4533039315346047E+026
 CFL_Te=   1.5367013608024217E-003 maxCFL_Ne=   1.4698327783747177E-003 maxCFL_Ts=   5.1354348156199881E-004 CPU=   756.81250391461458      NumThreads=                    8 Elapsed time=   1.0570649875127564E-002
 CFL_Limit=   1.0000000000000000E-003
 dt_init=   1.0000000000000001E-018 dt=   1.0000000000000001E-018
 Time=  -4.0000000003975121E-015 Intensity=   962711610070054.50     
   4647.3378744760403      < Te <    4759.8512256959539     
   4895.5483337790429      < Th <    5074.6379776218891     
   81.332085264280522      < Ts <   81.375767770588823     
   1.5389475824685647E+026 < Ne <   1.5390349394115193E+026
   1.5389475824685647E+026 < Nh <   1.5390349389162893E+026
 CFL_Te=   1.5454948586577947E-003 maxCFL_Ne=   1.4783014950725238E-003 maxCFL_Ts=   5.1382205619692628E-004 CPU=   756.66202108238497      NumThreads=                    8 Elapsed time=   1.0572752136490492E-002
 CFL_Limit=   1.0000000000000000E-003
 dt_init=   1.0000000000000001E-018 dt=   1.0000000000000001E-018
 Time=  -3.0000000003976930E-015 Intensity=   974358752858020.12     
   4662.3192488626446      < Te <    4773.6944335473781     
   4904.4806253014394      < Th <    5103.5442023472497     
   81.444451727901239      < Ts <   81.491528288311358     
   1.6258655275136113E+026 < Ne <   1.6259540101669823E+026
   1.6258655275136113E+026 < Nh <   1.6259540097044796E+026
 CFL_Te=   1.5451457728387311E-003 maxCFL_Ne=   1.4934972478562630E-003 maxCFL_Ts=   5.1411406465372495E-004 CPU=   756.51045401085958      NumThreads=                    8 Elapsed time=   1.0574870390205026E-002
 CFL_Limit=   1.0000000000000000E-003
 dt_init=   1.0000000000000001E-018 dt=   1.0000000000000001E-018
 Time=  -2.0000000003978740E-015 Intensity=   982733878060358.00     
   4689.2913743188410      < Te <    4800.4058366893041     
   4932.7993751232461      < Th <    5110.0488316771643     
   81.562827068300919      < Ts <   81.613466931517479     
   1.7136825237911373E+026 < Ne <   1.7137718360169594E+026
   1.7136825237911373E+026 < Nh <   1.7137718356059272E+026
 CFL_Te=   1.5540964615057622E-003 maxCFL_Ne=   1.5021015641918877E-003 maxCFL_Ts=   5.1441964601978455E-004 CPU=   756.36024043486032      NumThreads=                    8 Elapsed time=   1.0576970565507906E-002
 CFL_Limit=   1.0000000000000000E-003
 dt_init=   1.0000000000000001E-018 dt=   1.0000000000000001E-018
 Time=  -1.0000000003979017E-015 Intensity=   987751006861423.12     
   4706.2562614390517      < Te <    4814.7595606164978     
   4942.9540727216363      < Th <    5137.7738830076642     
   81.687029361544887      < Ts <   81.741282504726996     
   1.8020999947776446E+026 < Ne <   1.8021898439527185E+026
   1.8020999947776446E+026 < Nh <   1.8021898436153519E+026
 CFL_Te=   1.5550141397374971E-003 maxCFL_Ne=   1.5188674401314071E-003 maxCFL_Ts=   5.1473776717773933E-004 CPU=   756.21408030382190      NumThreads=                    8 Elapsed time=   1.0579014869421453E-002
 CFL_Limit=   1.0000000000000000E-003
 dt_init=   1.0000000000000001E-018 dt=   1.0000000000000001E-018
 Time=  -3.9788984726558512E-025 Intensity=   989358557592325.38     
   4733.3068836642851      < Te <    4840.3560699838172     
   4971.2946102498327      < Th <    5146.7087166042747     
   81.817130973924236      < Ts <   81.875137637580480     
   1.8908131461716351E+026 < Ne <   1.8909032224311308E+026
   1.8908131461716351E+026 < Nh <   1.8909032221893884E+026
 CFL_Te=   1.5639369611214363E-003 maxCFL_Ne=   1.5276844436079690E-003 maxCFL_Ts=   5.1506838948333961E-004 CPU=   756.06595540505737      NumThreads=                    8 Elapsed time=   1.0581087460437301E-002
 CFL_Limit=   1.0000000000000000E-003
 dt_init=   1.0000000000000001E-018 dt=   1.0000000000000001E-018
