 Hello from thread =                    0
 Hello from thread =                    1
OpenMP TEST
Number of Threads = 2
*******************************
 Pi =    3.1415926535897931     
 Read PolarizationSource TM:                     0
 Read phiMie0:    270.00000000000000      deg -> rad
 Importing data on Polarization.
 Loading GMSH mesh...
 MESH INFORMATIONS
 [GMSH] Quadrangles number
               120000
 [GMSH] Node number
               120704
 Latest running index while remeshing                 2604
 [Mesh] Building...

 [Mesh] Convergence (                  500 )=   1.0817200796192992E-005
 [Mesh] Convergence (                 1000 )=   1.8112629213610488E-006
 [Mesh] Convergence (                 1500 )=   2.5792603657464494E-007
 [Mesh] Convergence (                 2000 )=   3.5914706339099211E-008
 [Mesh] Convergence (                 2500 )=   4.9850516661535945E-009
 [Mesh] Convergence (                 3000 )=   6.9162929503363552E-010
 [Mesh] Convergence is reached. The show can go on.
 [Mesh) ITERATIONS=                 3490
 Vessel cells:                   51 *                   51 =                 2601
 Matter cells:                   51 *                   51 =                 2601
  -73.799999999999997       -74.200000000000003     
 Done.
 [Mesh] Calculation of normales and distances.
 NEEDLE CHECK
 North  -3.7660326630786244E-002  0.99929059827362665     
 South  -4.4254985284557589E-002 -0.99902026820153322     
 East  0.99776387854434379        6.6837434661633735E-002
 West -0.98355051411920225      -0.18063329199196024     
   1.0084235919080716E-007   1.0080401314662160E-007   6.2261963353734495E-009   6.0517118214716542E-009
 VESSEL CHECK
 North  -3.7660326630786486E-002  0.99929059827362954     
 South  -4.4254985284557596E-002 -0.99902026820153644     
 East  0.99776387854570758        6.6837434661703207E-002
 West -0.98355051411899175      -0.18063329199185602     
   1.0084235919080652E-007   1.0080401314662204E-007   6.2261963353814905E-009   6.0517118214533355E-009
 epsilon(   515.00000000000000      nm)= (  17.825399999999998     , 0.50668999999999997     )
 Re(sqrt(epsilon))=   4.2224400481392985     
 [Poisson eq.] Filling matrix
 Starting time loop.
 Time=  -1.9900000000000334E-013 Intensity=   1.5608081973338662E-015
   80.000000477192344      < Te <    80.000000477853547     
   80.000000477192344      < Th <    80.000000477853547     
   80.000000000000000      < Ts <   80.000000000000000     
   100000.00001007428      < Ne <   100000.00001008825     
   100000.00001007428      < Nh <   100000.00001008825     
 CFL_Te=   3.0172996512481956E-005 maxCFL_Ne=   2.3291356418542616E-005 maxCFL_Ts=   5.1020110945368359E-004 CPU=   448.59390060479353      NumThreads=                    2 Elapsed time=   4.4583753753753754E-003
 CFL_Limit=   1.0000000000000000E-003
 dt_init=   1.0000000000000001E-018 dt=   1.0000000000000001E-018
 Time=  -1.9800000000000668E-013 Intensity=   3.1054412247246876E-015
   80.000001427414261      < Te <    80.000001428727828     
   80.000001427414261      < Th <    80.000001428727828     
   80.000000000000000      < Ts <   80.000000000000000     
   100000.00003017709      < Ne <   100000.00003020490     
   100000.00003017709      < Nh <   100000.00003020490     
 CFL_Te=   3.0172996870869982E-005 maxCFL_Ne=   2.3291356695192078E-005 maxCFL_Ts=   5.1020110945368359E-004 CPU=   453.14212352735905      NumThreads=                    2 Elapsed time=   4.4136263131565774E-003
 CFL_Limit=   1.0000000000000000E-003
 dt_init=   1.0000000000000001E-018 dt=   1.0000000000000001E-018
 Time=  -1.9700000000001002E-013 Intensity=   6.1573230609639201E-015
   80.000003312372158      < Te <    80.000003314974620     
   80.000003312372158      < Th <    80.000003314974620     
   80.000000000000000      < Ts <   80.000000000000000     
   100000.00007009716      < Ne <   100000.00007015229     
   100000.00007009716      < Nh <   100000.00007015229     
 CFL_Te=   3.0172997581805335E-005 maxCFL_Ne=   2.3291357243982404E-005 maxCFL_Ts=   5.1020110945368359E-004 CPU=   454.22487827068602      NumThreads=                    2 Elapsed time=   4.4031053684561528E-003
 CFL_Limit=   1.0000000000000000E-003
 dt_init=   1.0000000000000001E-018 dt=   1.0000000000000001E-018
 Time=  -1.9600000000001335E-013 Intensity=   1.2166213048899516E-014
   80.000007040551225      < Te <    80.000007045691348     
   80.000007040551225      < Th <    80.000007045691348     
   80.000000000000000      < Ts <   80.000000000000000     
   100000.00014909677      < Ne <   100000.00014920571     
   100000.00014909677      < Nh <   100000.00014920571     
 CFL_Te=   3.0172998987934498E-005 maxCFL_Ne=   2.3291358329411744E-005 maxCFL_Ts=   5.1020110945368359E-004 CPU=   455.07064946228769      NumThreads=                    2 Elapsed time=   4.3949219804951239E-003
 CFL_Limit=   1.0000000000000000E-003
 dt_init=   1.0000000000000001E-018 dt=   1.0000000000000001E-018
 Time=  -1.9500000000001669E-013 Intensity=   2.3955969091122017E-014
   80.000014390740063      < Te <    80.000014400859044     
   80.000014390740063      < Th <    80.000014400859044     
   80.000000000000000      < Ts <   80.000000000000000     
   100000.00030489115      < Ne <   100000.00030510564     
   100000.00030489115      < Nh <   100000.00030510564     
 CFL_Te=   3.0173001760149759E-005 maxCFL_Ne=   2.3291360469360078E-005 maxCFL_Ts=   5.1020110945368359E-004 CPU=   455.56151852988955      NumThreads=                    2 Elapsed time=   4.3901864372874579E-003
 CFL_Limit=   1.0000000000000000E-003
 dt_init=   1.0000000000000001E-018 dt=   1.0000000000000001E-018
 Time=  -1.9400000000002002E-013 Intensity=   4.7007474681725239E-014
   80.000028833529129      < Te <    80.000028853382560     
   80.000028833529129      < Th <    80.000028853382560     
   80.000000000000000      < Ts <   80.000000000000000     
   100000.00061106883      < Ne <   100000.00061148973     
   100000.00061106883      < Nh <   100000.00061148973     
 CFL_Te=   3.0173007207427523E-005 maxCFL_Ne=   2.3291364674261902E-005 maxCFL_Ts=   5.1020110945368359E-004 CPU=   455.92842615316113      NumThreads=                    2 Elapsed time=   4.3866534422403736E-003
 CFL_Limit=   1.0000000000000000E-003
 dt_init=   1.0000000000000001E-018 dt=   1.0000000000000001E-018
 Time=  -1.9300000000002336E-013 Intensity=   9.1921043856280728E-014
   80.000057116609241      < Te <    80.000057155428721     
   80.000057116609241      < Th <    80.000057155428721     
   80.000000000000000      < Ts <   80.000000000000000     
   100000.00121070982      < Ne <   100000.00121153287     
   100000.00121070982      < Nh <   100000.00121153287     
 CFL_Te=   3.0173017874743431E-005 maxCFL_Ne=   2.3291372908653099E-005 maxCFL_Ts=   5.1020110945368359E-004 CPU=   456.16548815768584      NumThreads=                    2 Elapsed time=   4.3843737676810971E-003
 CFL_Limit=   1.0000000000000000E-003
 dt_init=   1.0000000000000001E-018 dt=   1.0000000000000001E-018
 Time=  -1.9200000000002670E-013 Intensity=   1.7912566855350728E-013
   80.000112313108744      < Te <    80.000112388751688     
   80.000112313108744      < Th <    80.000112388751688     
   80.000000000000000      < Ts <   80.000000000000000     
   100000.00238102887      < Ne <   100000.00238263275     
   100000.00238102887      < Nh <   100000.00238263275     
 CFL_Te=   3.0173038692790644E-005 maxCFL_Ne=   2.3291388978669788E-005 maxCFL_Ts=   5.1020110945368359E-004 CPU=   456.36831633153582      NumThreads=                    2 Elapsed time=   4.3824251781472683E-003
 CFL_Limit=   1.0000000000000000E-003
 dt_init=   1.0000000000000001E-018 dt=   1.0000000000000001E-018
 Time=  -1.9100000000003003E-013 Intensity=   3.4785283813530712E-013
   80.000219662256029      < Te <    80.000219809144241     
   80.000219662256029      < Th <    80.000219809144241     
   80.000000000000000      < Ts <   80.000000000000000     
   100000.00465723996      < Ne <   100000.00466035461     
   100000.00465723996      < Nh <   100000.00466035461     
 CFL_Te=   3.0173079180858492E-005 maxCFL_Ne=   2.3291420232510239E-005 maxCFL_Ts=   5.1020110945368359E-004 CPU=   456.50340307840241      NumThreads=                    2 Elapsed time=   4.3811283475941772E-003
 CFL_Limit=   1.0000000000000000E-003
 dt_init=   1.0000000000000001E-018 dt=   1.0000000000000001E-018
 Time=  -1.9000000000003337E-013 Intensity=   6.7317523082182542E-013
   80.000427720236658      < Te <    80.000428004488157     
   80.000427720236658      < Th <    80.000428004488157     
   80.000000000000000      < Ts <   80.000000000000000     
   100000.00906904222      < Ne <   100000.00907506979     
   100000.00906904222      < Nh <   100000.00907506979     
 CFL_Te=   3.0173157652517076E-005 maxCFL_Ne=   2.3291480806917156E-005 maxCFL_Ts=   5.1020110945368359E-004 CPU=   456.62865751037691      NumThreads=                    2 Elapsed time=   4.3799265926592655E-003
 CFL_Limit=   1.0000000000000000E-003
 dt_init=   1.0000000000000001E-018 dt=   1.0000000000000001E-018
 Time=  -1.8900000000003671E-013 Intensity=   1.2982417001071079E-012
   80.000829573122843      < Te <    80.000830121291941     
   80.000829573122843      < Th <    80.000830121291941     
   80.000000000000000      < Ts <   80.000000000000000     
   100000.01759051721      < Ne <   100000.01760214157     
   100000.01759051721      < Nh <   100000.01760214157     
 CFL_Te=   3.0173309216337835E-005 maxCFL_Ne=   2.3291597803151458E-005 maxCFL_Ts=   5.1020110945368359E-004 CPU=   456.72288066195296      NumThreads=                    2 Elapsed time=   4.3790230020910991E-003
 CFL_Limit=   1.0000000000000000E-003
 dt_init=   1.0000000000000001E-018 dt=   1.0000000000000001E-018
 Time=  -1.8800000000004004E-013 Intensity=   2.4950418329827070E-012
   80.001603047293969      < Te <    80.001604100762776     
   80.001603047293969      < Th <    80.001604100762776     
   80.000000000000000      < Ts <   80.000000000000000     
   100000.03399297041      < Ne <   100000.03401531083     
   100000.03399297041      < Nh <   100000.03401531083     
 CFL_Te=   3.0173600941754438E-005 maxCFL_Ne=   2.3291822993932617E-005 maxCFL_Ts=   5.1020110945368359E-004 CPU=   456.82683715849822      NumThreads=                    2 Elapsed time=   4.3780265022085171E-003
 CFL_Limit=   1.0000000000000000E-003
 dt_init=   1.0000000000000001E-018 dt=   1.0000000000000001E-018
 Time=  -1.8700000000004338E-013 Intensity=   4.7785370591305342E-012
   80.003086658295800      < Te <    80.003088675843074     
   80.003086658295800      < Th <    80.003088675843074     
   80.000000000000000      < Ts <   80.000000000000000     
   100000.06545582501      < Ne <   100000.06549861169     
   100000.06545582501      < Nh <   100000.06549861169     
 CFL_Te=   3.0174160504120915E-005 maxCFL_Ne=   2.3292254935337916E-005 maxCFL_Ts=   5.1020110945368359E-004 CPU=   456.91440245234281      NumThreads=                    2 Elapsed time=   4.3771874759596895E-003
 CFL_Limit=   1.0000000000000000E-003
 dt_init=   1.0000000000000001E-018 dt=   1.0000000000000001E-018
 Time=  -1.8600000000004672E-013 Intensity=   9.1202540354820250E-012
   80.005922548784412      < Te <    80.005926399313410     
   80.005922548784412      < Th <    80.005926399313410     
   80.000000000000000      < Ts <   80.000000000000000     
   100000.12559849530      < Ne <   100000.12568015739     
   100000.12559849530      < Nh <   100000.12568015739     
 CFL_Te=   3.0175230095537314E-005 maxCFL_Ne=   2.3293080582034669E-005 maxCFL_Ts=   5.1020110945368359E-004 CPU=   456.98421819578033      NumThreads=                    2 Elapsed time=   4.3765187513393816E-003
 CFL_Limit=   1.0000000000000000E-003
 dt_init=   1.0000000000000001E-018 dt=   1.0000000000000001E-018
 Time=  -1.8500000000005005E-013 Intensity=   1.7346575960485076E-011
   80.011324538537721      < Te <    80.011331861914684     
   80.011324538537721      < Th <    80.011331861914684     
   80.000000000000000      < Ts <   80.000000000000000     
   100000.24016629423      < Ne <   100000.24032161421     
   100000.24016629423      < Nh <   100000.24032161421     
 CFL_Te=   3.0177267523249992E-005 maxCFL_Ne=   2.3294653327884208E-005 maxCFL_Ts=   5.1020110945368359E-004 CPU=   457.06885058565854      NumThreads=                    2 Elapsed time=   4.3757083805587033E-003
 CFL_Limit=   1.0000000000000000E-003
 dt_init=   1.0000000000000001E-018 dt=   1.0000000000000001E-018
 Time=  -1.8400000000005339E-013 Intensity=   3.2878760687561038E-011
   80.021578992977467      < Te <    80.021592873193612     
   80.021578992977467      < Th <    80.021592873193612     
   80.000000000000000      < Ts <   80.000000000000000     
   100000.45765550045      < Ne <   100000.45794989449     
   100000.45765550045      < Nh <   100000.45794989449     
 CFL_Te=   3.0181135118452527E-005 maxCFL_Ne=   2.3297638829781820E-005 maxCFL_Ts=   5.1020110945368359E-004 CPU=   457.10369396869118      NumThreads=                    2 Elapsed time=   4.3753748359272454E-003
 CFL_Limit=   1.0000000000000000E-003
 dt_init=   1.0000000000000001E-018 dt=   1.0000000000000001E-018
 Time=  -1.8300000000005673E-013 Intensity=   6.2102912198057113E-011
   80.040977362502034      < Te <    80.041003578965189     
   80.040977362502034      < Th <    80.041003578965189     
   80.000000000000000      < Ts <   80.000000000000000     
   100000.86909702668      < Ne <   100000.86965309166     
   100000.86909702668      < Nh <   100000.86965309166     
 CFL_Te=   3.0188451455109034E-005 maxCFL_Ne=   2.3303286508979824E-005 maxCFL_Ts=   5.1020110945368359E-004 CPU=   457.14379760827660      NumThreads=                    2 Elapsed time=   4.3749909994705563E-003
 CFL_Limit=   1.0000000000000000E-003
 dt_init=   1.0000000000000001E-018 dt=   1.0000000000000001E-018
 Time=  -1.8200000000006006E-013 Intensity=   1.1689699388427008E-010
   80.077546153964363      < Te <    80.077595499005298     
   80.077546153964363      < Th <    80.077595499005298     
   80.000000000000000      < Ts <   80.000000000000000     
   100001.64476134343      < Ne <   100001.64580803066     
   100001.64476134343      < Nh <   100001.64580803066     
 CFL_Te=   3.0202243830242499E-005 maxCFL_Ne=   2.3313933218363126E-005 maxCFL_Ts=   5.1020110945368359E-004 CPU=   456.90206942951750      NumThreads=                    2 Elapsed time=   4.3773056280904492E-003
 CFL_Limit=   1.0000000000000000E-003
 dt_init=   1.0000000000000001E-018 dt=   1.0000000000000001E-018
 Time=  -1.8100000000006340E-013 Intensity=   2.1927522735647163E-010
   80.146244545999835      < Te <    80.146337101386791     
   80.146244545999835      < Th <    80.146337101386791     
   80.000000000000000      < Ts <   80.000000000000000     
   100003.10201374321      < Ne <   100003.10397711775     
   100003.10201374321      < Nh <   100003.10397711775     
 CFL_Te=   3.0228154284379190E-005 maxCFL_Ne=   2.3333934202422311E-005 maxCFL_Ts=   5.1020110945368359E-004 CPU=   456.94806195661585      NumThreads=                    2 Elapsed time=   4.3768650455287116E-003
 CFL_Limit=   1.0000000000000000E-003
 dt_init=   1.0000000000000001E-018 dt=   1.0000000000000001E-018
 Time=  -1.8000000000006673E-013 Intensity=   4.0989313713879761E-010
   80.274852899429192      < Te <    80.275025898408074     
   80.274852899429192      < Th <    80.275025898408074     
   80.000000000000000      < Ts <   80.000000000000000     
   100005.83030682562      < Ne <   100005.83397697915     
   100005.83030682562      < Nh <   100005.83397697915     
 CFL_Te=   3.0276660526583607E-005 maxCFL_Ne=   2.3371377489675532E-005 maxCFL_Ts=   5.1020110945368359E-004 CPU=   456.98235169301466      NumThreads=                    2 Elapsed time=   4.3765366268313415E-003
 CFL_Limit=   1.0000000000000000E-003
 dt_init=   1.0000000000000001E-018 dt=   1.0000000000000001E-018
 Time=  -1.7900000000007007E-013 Intensity=   7.6356598600097579E-010
   80.514775482500667      < Te <    80.515097707739471     
   80.514775482500667      < Th <    80.515097707739471     
   80.000000000000000      < Ts <   80.000000000000000     
   100010.92059700783      < Ne <   100010.92743392248     
   100010.92059700783      < Nh <   100010.92743392248     
 CFL_Te=   3.0367150316822356E-005 maxCFL_Ne=   2.3441229019198552E-005 maxCFL_Ts=   5.1020110945368359E-004 CPU=   457.01872618941468      NumThreads=                    2 Elapsed time=   4.3761882946806987E-003
 CFL_Limit=   1.0000000000000000E-003
 dt_init=   1.0000000000000001E-018 dt=   1.0000000000000001E-018
 Time=  -1.7800000000007341E-013 Intensity=   1.4174813416816798E-009
   80.960779689844912      < Te <    80.961377732658008     
   80.960779689844912      < Th <    80.961377732658008     
   80.000000000000000      < Ts <   80.000000000000000     
   100020.38491527138      < Ne <   100020.39760729687     
   100020.38491527138      < Nh <   100020.39760729687     
 CFL_Te=   3.0535366358228346E-005 maxCFL_Ne=   2.3571079555391817E-005 maxCFL_Ts=   5.1020110945368359E-004 CPU=   457.02934726106332      NumThreads=                    2 Elapsed time=   4.3760865948452195E-003
 CFL_Limit=   1.0000000000000000E-003
 dt_init=   1.0000000000000001E-018 dt=   1.0000000000000001E-018
 Time=  -1.7700000000007674E-013 Intensity=   2.6223036413214384E-009
   81.786908727878796      < Te <    81.788014662907941     
   81.786908727878796      < Th <    81.788014662907941     
   80.000000000000000      < Ts <   80.000000000000000     
   100037.92095044946      < Ne <   100037.94443036673     
   100037.92095044946      < Nh <   100037.94443036673     
 CFL_Te=   3.0846951213662981E-005 maxCFL_Ne=   2.3811600377364068E-005 maxCFL_Ts=   5.1020110945368359E-004 CPU=   457.03912235213926      NumThreads=                    2 Elapsed time=   4.3759929996956392E-003
 CFL_Limit=   1.0000000000000000E-003
 dt_init=   1.0000000000000001E-018 dt=   1.0000000000000001E-018
 Time=  -1.7600000000008008E-013 Intensity=   4.8344097271306617E-009
   83.311496839812222      < Te <    83.313534317399842     
   83.311496839812222      < Th <    83.313534317399842     
   80.000000000000000      < Ts <   80.000000000000000     
   100070.30034743261      < Ne <   100070.34363438787     
   100070.30034743261      < Nh <   100070.34363438787     
 CFL_Te=   3.1421968607537299E-005 maxCFL_Ne=   2.4255471938547843E-005 maxCFL_Ts=   5.1020110945368359E-004 CPU=   457.03992311049348      NumThreads=                    2 Elapsed time=   4.3759853327221968E-003
 CFL_Limit=   1.0000000000000000E-003
 dt_init=   1.0000000000000001E-018 dt=   1.0000000000000001E-018
 Time=  -1.7500000000008342E-013 Intensity=   8.8817548566826219E-009
   86.114154251527864      < Te <    86.117892902321657     
   86.114154251527864      < Th <    86.117892902321657     
   80.000000000000000      < Ts <   80.000000000000000     
   100129.88046851470      < Ne <   100129.95999510572     
   100129.88046851470      < Nh <   100129.95999510572     
 CFL_Te=   3.2479025755099271E-005 maxCFL_Ne=   2.5071443092372395E-005 maxCFL_Ts=   5.1020110945368359E-004 CPU=   457.05031093873652      NumThreads=                    2 Elapsed time=   4.3758858754350174E-003
 CFL_Limit=   1.0000000000000000E-003
 dt_init=   1.0000000000000001E-018 dt=   1.0000000000000001E-018
 Time=  -1.7400000000008675E-013 Intensity=   1.6261064004507730E-008
   91.244536539257197      < Te <    91.251366237725975     
   91.244536539257197      < Th <    91.251366237725975     
   80.000000000000000      < Ts <   80.000000000000000     
   100239.13244014983      < Ne <   100239.27804054158     
   100239.13244014983      < Nh <   100239.27804054158     
 CFL_Te=   3.4414013329499200E-005 maxCFL_Ne=   2.6565112613798827E-005 maxCFL_Ts=   5.1020110945368359E-004 CPU=   457.04970783423965      NumThreads=                    2 Elapsed time=   4.3758916496788340E-003
 CFL_Limit=   1.0000000000000000E-003
 dt_init=   1.0000000000000001E-018 dt=   1.0000000000000001E-018
 Time=  -1.7300000000009009E-013 Intensity=   2.9668390479681111E-008
   100.59039631092435      < Te <    100.60280717485871     
   100.59039631092435      < Th <    100.60280717485871     
   80.000000000000000      < Ts <   80.000000000000000     
   100438.77469297295      < Ne <   100439.04034159688     
   100438.77469297295      < Nh <   100439.04034159688     
 CFL_Te=   3.7938920737181690E-005 maxCFL_Ne=   2.9286084484813724E-005 maxCFL_Ts=   5.1020110945368359E-004 CPU=   457.05263886533123      NumThreads=                    2 Elapsed time=   4.3758635875402793E-003
 CFL_Limit=   1.0000000000000000E-003
 dt_init=   1.0000000000000001E-018 dt=   1.0000000000000001E-018
 Time=  -1.7200000000009343E-013 Intensity=   5.3942846938300164E-008
   117.51384716589304      < Te <    117.53624919722215     
   117.51384716589304      < Th <    117.53624919722215     
   80.000000000000000      < Ts <   80.000000000000000     
   100802.33035897999      < Ne <   100802.81335933249     
   100802.33035897999      < Nh <   100802.81335933249     
 CFL_Te=   4.4321810994434970E-005 maxCFL_Ne=   3.4213211026608459E-005 maxCFL_Ts=   5.1020110945368359E-004 CPU=   457.01845787193770      NumThreads=                    2 Elapsed time=   4.3761908639594269E-003
 CFL_Limit=   1.0000000000000000E-003
 dt_init=   1.0000000000000001E-018 dt=   1.0000000000000001E-018
 Time=  -1.7100000000009676E-013 Intensity=   9.7739157377142928E-008
   147.91469049726021      < Te <    147.95475317381212     
   147.91469049726021      < Th <    147.95475317381212     
   80.000000000000000      < Ts <   80.000000000000000     
   101462.08833628001      < Ne <   101462.96348563059     
   101462.08833628001      < Nh <   101462.96348563059     
 CFL_Te=   5.5787867673714216E-005 maxCFL_Ne=   4.3064171942002662E-005 maxCFL_Ts=   5.1020110945368359E-004 CPU=   456.99976760760467      NumThreads=                    2 Elapsed time=   4.3763698403393222E-003
 CFL_Limit=   1.0000000000000000E-003
 dt_init=   1.0000000000000001E-018 dt=   1.0000000000000001E-018
 Time=  -1.7000000000010010E-013 Intensity=   1.7648108606485697E-007
   201.89944842506964      < Te <    201.97011273333703     
   201.89944842506964      < Th <    201.97011273333703     
   80.000000000000000      < Ts <   80.000000000000000     
   102655.23452902456      < Ne <   102656.81472791315     
   102655.23452902456      < Nh <   102656.81472791315     
 CFL_Te=   7.6148891460799836E-005 maxCFL_Ne=   5.8781399824067814E-005 maxCFL_Ts=   5.1020110945368359E-004 CPU=   456.99148955225127      NumThreads=                    2 Elapsed time=   4.3764491149704985E-003
 CFL_Limit=   1.0000000000000000E-003
 dt_init=   1.0000000000000001E-018 dt=   1.0000000000000001E-018
 Time=  -1.6900000000010343E-013 Intensity=   3.1755766135123548E-007
   296.08517307479542      < Te <    296.20715771690237     
   296.08517307479542      < Th <    296.20715771690237     
   80.000000000000000      < Ts <   80.000000000000000     
   104805.52904171725      < Ne <   104808.37243006397     
   104805.52904171725      < Nh <   104808.37243006397     
 CFL_Te=   1.1167221051617866E-004 maxCFL_Ne=   8.6202815689945180E-005 maxCFL_Ts=   5.1020110945368359E-004 CPU=   456.98935431070589      NumThreads=                    2 Elapsed time=   4.3764695635343078E-003
 CFL_Limit=   1.0000000000000000E-003
 dt_init=   1.0000000000000001E-018 dt=   1.0000000000000001E-018
 Time=  -1.6800000000010677E-013 Intensity=   5.6943200375045409E-007
   455.87956315522638      < Te <    456.08302538039419     
   455.87956315522638      < Th <    456.08302538039419     
   80.000000000000000      < Ts <   80.000000000000000     
   108667.39780146530      < Ne <   108672.49645446842     
   108667.39780146530      < Nh <   108672.49645446842     
 CFL_Te=   1.7194065483932099E-004 maxCFL_Ne=   1.3272566657552767E-004 maxCFL_Ts=   5.1020110945368359E-004 CPU=   456.99024048277732      NumThreads=                    2 Elapsed time=   4.3764610769086530E-003
 CFL_Limit=   1.0000000000000000E-003
 dt_init=   1.0000000000000001E-018 dt=   1.0000000000000001E-018
 Time=  -1.6700000000011011E-013 Intensity=   1.0175505639765076E-006
   715.21605091348454      < Te <    715.53743948940746     
   715.21605091348454      < Th <    715.53743948940746     
   80.000000000000000      < Ts <   80.000000000000000     
   115579.21673096764      < Ne <   115588.32780516909     
   115579.21673096764      < Nh <   115588.32780516909     
 CFL_Te=   2.6975264101449734E-004 maxCFL_Ne=   2.0822939823403772E-004 maxCFL_Ts=   5.1020110945368359E-004 CPU=   456.98657328606254      NumThreads=                    2 Elapsed time=   4.3764961968544500E-003
 CFL_Limit=   1.0000000000000000E-003
 dt_init=   1.0000000000000001E-018 dt=   1.0000000000000001E-018
 Time=  -1.6600000000011344E-013 Intensity=   1.8120283017422144E-006
   1108.1977868702265      < Te <    1108.6651011891365     
   1108.1977868702265      < Th <    1108.6651011891365     
   80.000000000000000      < Ts <   80.000000000000000     
   127906.92848748119      < Ne <   127923.15325792191     
   127906.92848748119      < Nh <   127923.15325792191     
 CFL_Te=   4.1797059698653989E-004 maxCFL_Ne=   3.2264286852839834E-004 maxCFL_Ts=   5.1020110945368359E-004 CPU=   456.92657629790853      NumThreads=                    2 Elapsed time=   4.3770708550251482E-003
 CFL_Limit=   1.0000000000000000E-003
 dt_init=   1.0000000000000001E-018 dt=   1.0000000000000001E-018
 Time=  -1.6500000000011678E-013 Intensity=   3.2156502290740630E-006
   1647.0852286035954      < Te <    1647.6896975364098     
   1647.0852286035954      < Th <    1647.6896975364098     
   80.000000000000000      < Ts <   80.000000000000000     
   149818.21450097521      < Ne <   149847.00720072520     
   149818.21450097521      < Nh <   149847.00720072520     
 CFL_Te=   6.2121870702470038E-004 maxCFL_Ne=   4.7953561102865460E-004 maxCFL_Ts=   5.1020110945368359E-004 CPU=   456.91284996730212      NumThreads=                    2 Elapsed time=   4.3772023486385323E-003
 CFL_Limit=   1.0000000000000000E-003
 dt_init=   1.0000000000000001E-018 dt=   1.0000000000000001E-018
 Time=  -1.6400000000012012E-013 Intensity=   5.6867937975120608E-006
   2294.3745581941444      < Te <    2295.0489118556284     
   2294.3745581941444      < Th <    2295.0489118556288     
   80.000000000000000      < Ts <   80.000000000000000     
   188628.65260999257      < Ne <   188679.57175163788     
   188628.65260999257      < Nh <   188679.57175163788     
 CFL_Te=   8.6535193912224903E-004 maxCFL_Ne=   6.6798869092221202E-004 maxCFL_Ts=   5.1020110945368359E-004 CPU=   456.89213098397698      NumThreads=                    2 Elapsed time=   4.3774008444679019E-003
 CFL_Limit=   1.0000000000000000E-003
 dt_init=   1.0000000000000001E-018 dt=   1.0000000000000001E-018
 Time=  -1.6300000000012345E-013 Intensity=   1.0022152535589665E-005
   2960.1233031556517      < Te <    2960.7628434500471     
   2960.1233031556517      < Th <    2960.7628434500471     
   80.000000000000000      < Ts <   80.000000000000000     
   257134.00754132075      < Ne <   257223.74518081770     
   257134.00754132075      < Nh <   257223.74518081770     
 CFL_Te=   1.1164473696233996E-003 maxCFL_Ne=   8.6181608106724900E-004 maxCFL_Ts=   5.1020110945368359E-004 CPU=   456.87453083042720      NumThreads=                    2 Elapsed time=   4.3775694748506714E-003
 CFL_Limit=   1.0000000000000000E-003
 dt_init=   1.0000000000000001E-018 dt=   1.0000000000000001E-018
 Time=  -1.6200000000012679E-013 Intensity=   1.7601488071436876E-005
   3545.0847960846704      < Te <    3545.6055029430386     
   3545.0847960846695      < Th <    3545.6055029430386     
   80.000000000000000      < Ts <   80.000000000000000     
   377636.43954808038      < Ne <   377794.04204572178     
   377636.43954808038      < Nh <   377794.04204572178     
 CFL_Te=   1.3370728818834336E-003 maxCFL_Ne=   1.0321229128380423E-003 maxCFL_Ts=   5.1020110945368359E-004 CPU=   456.80638325340277      NumThreads=                    2 Elapsed time=   4.3782225321718988E-003
 CFL_Limit=   1.0000000000000000E-003
 dt_init=   1.0000000000000001E-018 dt=   1.0000000000000001E-018
 Time=  -1.6100000000013013E-013 Intensity=   3.0805808613878608E-005
   3992.8061216086940      < Te <    3993.1808435815597     
   3992.8061216086940      < Th <    3993.1808435815597     
   80.000000000000000      < Ts <   80.000000000000000     
   588869.74948411307      < Ne <   589145.58260272024     
   588869.74948411307      < Nh <   589145.58260272024     
 CFL_Te=   1.5059365557961802E-003 maxCFL_Ne=   1.1624733741725445E-003 maxCFL_Ts=   5.1020110945368359E-004 CPU=   456.70735928183899      NumThreads=                    2 Elapsed time=   4.3791718249185877E-003
 CFL_Limit=   1.0000000000000000E-003
 dt_init=   1.0000000000000001E-018 dt=   1.0000000000000001E-018
 Time=  -1.6000000000013346E-013 Intensity=   5.3729239106903670E-005
   4301.0901197548419      < Te <    4301.3370470978634     
   4301.0901197548446      < Th <    4301.3370470978634     
   80.000000000000000      < Ts <   80.000000000000000     
   957867.96813317935      < Ne <   958349.05617193703     
   957867.96813317935      < Nh <   958349.05617193703     
 CFL_Te=   1.6222097051140948E-003 maxCFL_Ne=   1.2522277796241101E-003 maxCFL_Ts=   5.1020110945368359E-004 CPU=   456.64846932201414      NumThreads=                    2 Elapsed time=   4.3797365684142102E-003
 CFL_Limit=   1.0000000000000000E-003
 dt_init=   1.0000000000000001E-018 dt=   1.0000000000000001E-018
 Time=  -1.5900000000013680E-013 Intensity=   9.3386396508871733E-005
   4498.4978838946254      < Te <    4498.6515680455423     
   4498.4978838946327      < Th <    4498.6515680455423     
   80.000000000000000      < Ts <   80.000000000000000     
   1600232.2641484782      < Ne <   1601068.4398401866     
   1600232.2641484782      < Nh <   1601068.4398401866     
 CFL_Te=   1.6966645019065624E-003 maxCFL_Ne=   1.3097014617108771E-003 maxCFL_Ts=   5.1020110945368359E-004 CPU=   456.57928901264643      NumThreads=                    2 Elapsed time=   4.3804001804922076E-003
 CFL_Limit=   1.0000000000000000E-003
 dt_init=   1.0000000000000001E-018 dt=   1.0000000000000001E-018
 Time=  -1.5800000000014014E-013 Intensity=   1.6175264648251087E-004
   4619.2470502383030      < Te <    4619.3394554647975     
   4619.2470502383039      < Th <    4619.3394554647975     
   80.000000000000000      < Ts <   80.000000000000000     
   2714613.4648008035      < Ne <   2716061.7875407687     
   2714613.4648008035      < Nh <   2716061.7875407687     
 CFL_Te=   1.7422065538220662E-003 maxCFL_Ne=   1.3448566098830861E-003 maxCFL_Ts=   5.1020110945368359E-004 CPU=   456.50906833921954      NumThreads=                    2 Elapsed time=   4.3810739779518559E-003
 CFL_Limit=   1.0000000000000000E-003
 dt_init=   1.0000000000000001E-018 dt=   1.0000000000000001E-018
 Time=  -1.5700000000014347E-013 Intensity=   2.7919910540149856E-004
   4691.1265314061184      < Te <    4691.1809989548801     
   4691.1265314061184      < Th <    4691.1809989548810     
   80.000000000000000      < Ts <   80.000000000000000     
   4641168.5173142357      < Ne <   4643668.4481809437     
   4641168.5173142357      < Nh <   4643668.4481809437     
 CFL_Te=   1.7693167953428015E-003 maxCFL_Ne=   1.3657837424465018E-003 maxCFL_Ts=   5.1020110945368359E-004 CPU=   456.41263574438773      NumThreads=                    2 Elapsed time=   4.3819996278983238E-003
 CFL_Limit=   1.0000000000000000E-003
 dt_init=   1.0000000000000001E-018 dt=   1.0000000000000001E-018
 Time=  -1.5600000000014681E-013 Intensity=   4.8025456292409118E-004
   4733.2582314732426      < Te <    4733.2899804315030     
   4733.2582314732426      < Th <    4733.2899804315030     
   80.000000000000000      < Ts <   80.000000000000000     
   7960299.1013220949      < Ne <   7964599.2699888069     
   7960299.1013220949      < Nh <   7964599.2699888069     
 CFL_Te=   1.7852072907378930E-003 maxCFL_Ne=   1.3780500479081146E-003 maxCFL_Ts=   5.1020110945368359E-004 CPU=   456.30156490156037      NumThreads=                    2 Elapsed time=   4.3830662742335045E-003
 CFL_Limit=   1.0000000000000000E-003
 dt_init=   1.0000000000000001E-018 dt=   1.0000000000000001E-018
 Time=  -1.5500000000015014E-013 Intensity=   8.2323500183163778E-004
   4757.7368410727877      < Te <    4757.7552250686267     
   4757.7368410727877      < Th <    4757.7552250686276     
   80.000000000000000      < Ts <   80.000000000000000     
   13658825.005917948      < Ne <   13666196.199677201     
   13658825.005917948      < Nh <   13666196.199677201     
 CFL_Te=   1.7944397032087919E-003 maxCFL_Ne=   1.3851767981257709E-003 maxCFL_Ts=   5.1020110945368359E-004 CPU=   456.21871534197317      NumThreads=                    2 Elapsed time=   4.3838622413831423E-003
 CFL_Limit=   1.0000000000000000E-003
 dt_init=   1.0000000000000001E-018 dt=   1.0000000000000001E-018
 Time=  -1.5400000000015348E-013 Intensity=   1.4062774236661619E-003
   4771.8776967455087      < Te <    4771.8882871611559     
   4771.8776967455060      < Th <    4771.8882871611568     
   80.000000000000000      < Ts <   80.000000000000000     
   23408631.346135695      < Ne <   23421223.064787634     
   23408631.346135695      < Nh <   23421223.064787634     
 CFL_Te=   1.7997731030381860E-003 maxCFL_Ne=   1.3892937944704185E-003 maxCFL_Ts=   5.1020110945368359E-004 CPU=   456.12680212056370      NumThreads=                    2 Elapsed time=   4.3847456249048898E-003
 CFL_Limit=   1.0000000000000000E-003
 dt_init=   1.0000000000000001E-018 dt=   1.0000000000000001E-018
 Time=  -1.5300000000015682E-013 Intensity=   2.3939387363958401E-003
   4780.0019834383102      < Te <    4780.0080453393666     
   4780.0019834383102      < Th <    4780.0080453393666     
   80.000000000000000      < Ts <   80.000000000000000     
   40032217.877309702      < Ne <   40053653.052815400     
   40032217.877309702      < Nh <   40053653.052815400     
 CFL_Te=   1.8028372789455087E-003 maxCFL_Ne=   1.3916591151689162E-003 maxCFL_Ts=   5.1020110945368359E-004 CPU=   456.03534799369072      NumThreads=                    2 Elapsed time=   4.3856249494670096E-003
 CFL_Limit=   1.0000000000000000E-003
 dt_init=   1.0000000000000001E-018 dt=   1.0000000000000001E-018
 Time=  -1.5200000000016015E-013 Intensity=   4.0611582196023030E-003
   4784.6317916393646      < Te <    4784.6352235654304     
   4784.6317916393646      < Th <    4784.6352235654304     
   80.000000000000000      < Ts <   80.000000000000000     
   68277683.910450026      < Ne <   68314047.263732255     
   68277683.910450026      < Nh <   68314047.263732255     
 CFL_Te=   1.8045834687688916E-003 maxCFL_Ne=   1.3930070465728789E-003 maxCFL_Ts=   5.1020110945368359E-004 CPU=   455.94517061505519      NumThreads=                    2 Elapsed time=   4.3864923435904916E-003
 CFL_Limit=   1.0000000000000000E-003
 dt_init=   1.0000000000000001E-018 dt=   1.0000000000000001E-018
 Time=  -1.5100000000016349E-013 Intensity=   6.8656496377184186E-003
   4787.2311608966693      < Te <    4787.2330633938655     
   4787.2311608966693      < Th <    4787.2330633938645     
   80.000000000000000      < Ts <   80.000000000000000     
   116104122.15020396      < Ne <   116165596.74238034     
   116104122.15020396      < Nh <   116165596.74238034     
 CFL_Te=   1.8055638532572375E-003 maxCFL_Ne=   1.3937638320163058E-003 maxCFL_Ts=   5.1020110945368359E-004 CPU=   455.88505868516467      NumThreads=                    2 Elapsed time=   4.3870707361374720E-003
 CFL_Limit=   1.0000000000000000E-003
 dt_init=   1.0000000000000001E-018 dt=   1.0000000000000001E-018
 Time=  -1.5000000000016683E-013 Intensity=   1.1566666520934519E-002
   4788.6484766543854      < Te <    4788.6494874426808     
   4788.6484766543836      < Th <    4788.6494874426844     
   80.000000000000000      < Ts <   80.000000000000000     
   196805808.83454195      < Ne <   196909376.03502718     
   196805808.83454195      < Nh <   196909376.03502718     
 CFL_Te=   1.8060984115467360E-003 maxCFL_Ne=   1.3941764720947268E-003 maxCFL_Ts=   5.1020110945368359E-004 CPU=   455.83381585827237      NumThreads=                    2 Elapsed time=   4.3875639112782253E-003
 CFL_Limit=   1.0000000000000000E-003
 dt_init=   1.0000000000000001E-018 dt=   1.0000000000000001E-018
 Time=  -1.4900000000017016E-013 Intensity=   1.9419124322407912E-002
   4789.3755535848086      < Te <    4789.3760426227318     
   4789.3755535848077      < Th <    4789.3760426227345     
   80.000000000000000      < Ts <   80.000000000000000     
   332509750.66761112      < Ne <   332683628.27984113     
   332509750.66761112      < Nh <   332683628.27984107     
 CFL_Te=   1.8063726376661724E-003 maxCFL_Ne=   1.3943881546925911E-003 maxCFL_Ts=   5.1020110945368359E-004 CPU=   455.78659553062812      NumThreads=                    2 Elapsed time=   4.3880184709504102E-003
 CFL_Limit=   1.0000000000000000E-003
 dt_init=   1.0000000000000001E-018 dt=   1.0000000000000001E-018
 Time=  -1.4800000000017350E-013 Intensity=   3.2489716342295395E-002
   4789.6979541988849      < Te <    4789.6981365445990     
   4789.6979541988849      < Th <    4789.6981365445990     
   80.000000000000000      < Ts <   80.000000000000000     
   559913485.38854301      < Ne <   560204396.25787997     
   559913485.38854301      < Nh <   560204396.25787997     
 CFL_Te=   1.8064942350729974E-003 maxCFL_Ne=   1.3944820190371810E-003 maxCFL_Ts=   5.1020110945368359E-004 CPU=   455.74897568338321      NumThreads=                    2 Elapsed time=   4.3883806803976999E-003
 CFL_Limit=   1.0000000000000000E-003
 dt_init=   1.0000000000000001E-018 dt=   1.0000000000000001E-018
 Time=  -1.4700000000017684E-013 Intensity=   5.4169776937058010E-002
   4789.7818614751604      < Te <    4789.7818624564006     
   4789.7818614751604      < Th <    4789.7818624564006     
   80.000000000000000      < Ts <   80.000000000000000     
   939663677.22109902      < Ne <   940148709.98782086     
   939663677.22109902      < Nh <   940148709.98782086     
 CFL_Te=   1.8065258817472388E-003 maxCFL_Ne=   1.3945064479655082E-003 maxCFL_Ts=   5.1020110945368359E-004 CPU=   455.72643168547154      NumThreads=                    2 Elapsed time=   4.3885977659955848E-003
 CFL_Limit=   1.0000000000000000E-003
 dt_init=   1.0000000000000001E-018 dt=   1.0000000000000001E-018
 Time=  -1.4600000000018017E-013 Intensity=   9.0004251555476325E-002
   4789.7241331852383      < Te <    4789.7242403315004     
   4789.7241331852374      < Th <    4789.7242403315004     
   80.000000000000000      < Ts <   80.000000000000000     
   1571629642.5968106      < Ne <   1572435534.9949894     
   1571629642.5968106      < Nh <   1572435534.9949894     
 CFL_Te=   1.8065041492152810E-003 maxCFL_Ne=   1.3944896720331809E-003 maxCFL_Ts=   5.1020110945368359E-004 CPU=   455.70440749937262      NumThreads=                    2 Elapsed time=   4.3888098668493861E-003
 CFL_Limit=   1.0000000000000000E-003
 dt_init=   1.0000000000000001E-018 dt=   1.0000000000000001E-018
 Time=  -1.4500000000018351E-013 Intensity=  0.14902662029678132     
   4789.5816538247682      < Te <    4789.5818261808517     
   4789.5816538247664      < Th <    4789.5818261808517     
   80.000000000000000      < Ts <   80.000000000000000     
   2619686049.0848351      < Ne <   2621020424.0634122     
   2619686049.0848351      < Nh <   2621020424.0634122     
 CFL_Te=   1.8064504359447170E-003 maxCFL_Ne=   1.3944482092991557E-003 maxCFL_Ts=   5.1020110945368359E-004 CPU=   455.64134084860291      NumThreads=                    2 Elapsed time=   4.3894173348606336E-003
 CFL_Limit=   1.0000000000000000E-003
 dt_init=   1.0000000000000001E-018 dt=   1.0000000000000001E-018
 Time=  -1.4400000000018685E-013 Intensity=  0.24590056693320117     
   4789.3876961437409      < Te <    4789.3879084904484     
   4789.3876961437372      < Th <    4789.3879084904484     
   80.000000000000000      < Ts <   80.000000000000000     
   4351777839.9534502      < Ne <   4353979618.1681890     
   4351777839.9534502      < Nh <   4353979618.1681890     
 CFL_Te=   1.8063772974727006E-003 maxCFL_Ne=   1.3943917517239542E-003 maxCFL_Ts=   5.1020110945368359E-004 CPU=   455.58983894156000      NumThreads=                    2 Elapsed time=   4.3899135341702528E-003
 CFL_Limit=   1.0000000000000000E-003
 dt_init=   1.0000000000000001E-018 dt=   1.0000000000000001E-018
 Time=  -1.4300000000019018E-013 Intensity=  0.40434311979042498     
   4789.1618340552004      < Te <    4789.1620715362897     
   4789.1618340551968      < Th <    4789.1620715362897     
   80.000000000000000      < Ts <   80.000000000000000     
   7204453713.1548977      < Ne <   7208074176.0505648     
   7204453713.1548977      < Nh <   7208074176.0505648     
 CFL_Te=   1.8062921202528313E-003 maxCFL_Ne=   1.3943260011119488E-003 maxCFL_Ts=   5.1020110945368359E-004 CPU=   455.54192093777812      NumThreads=                    2 Elapsed time=   4.3903753048299089E-003
 CFL_Limit=   1.0000000000000000E-003
 dt_init=   1.0000000000000001E-018 dt=   1.0000000000000001E-018
 Time=  -1.4200000000019352E-013 Intensity=  0.66257559509688757     
   4788.9156094346308      < Te <    4788.9158632809522     
   4788.9156094346290      < Th <    4788.9158632809522     
   80.000000000000000      < Ts <   80.000000000000000     
   11886430262.115578      < Ne <   11892362922.415777     
   11886430262.115578      < Nh <   11892362922.415777     
 CFL_Te=   1.8061992597430141E-003 maxCFL_Ne=   1.3942543195595235E-003 maxCFL_Ts=   5.1020110945368359E-004 CPU=   455.47450290658213      NumThreads=                    2 Elapsed time=   4.3910251556061311E-003
 CFL_Limit=   1.0000000000000000E-003
 dt_init=   1.0000000000000001E-018 dt=   1.0000000000000001E-018
 Time=  -1.4100000000019685E-013 Intensity=   1.0819711056619992     
   4788.6558392280976      < Te <    4788.6561042576650     
   4788.6558392280976      < Th <    4788.6561042576650     
   80.000000000000000      < Ts <   80.000000000000000     
   19544182635.293037      < Ne <   19553870536.745445     
   19544182635.293037      < Nh <   19553870536.745445     
 CFL_Te=   1.8061012883923027E-003 maxCFL_Ne=   1.3941786928100455E-003 maxCFL_Ts=   5.1020110945368359E-004 CPU=   455.43123067153761      NumThreads=                    2 Elapsed time=   4.3914423634298884E-003
 CFL_Limit=   1.0000000000000000E-003
 dt_init=   1.0000000000000001E-018 dt=   1.0000000000000001E-018
 Time=  -1.4000000000020019E-013 Intensity=   1.7607217970199551     
   4788.3865517072136      < Te <    4788.3868248590743     
   4788.3865517072127      < Th <    4788.3868248590743     
   80.000000000000000      < Ts <   80.000000000000000     
   32025737284.697441      < Ne <   32041502677.403343     
   32025737284.697441      < Nh <   32041502677.403343     
 CFL_Te=   1.8059997263134766E-003 maxCFL_Ne=   1.3941002942799037E-003 maxCFL_Ts=   5.1020110945368359E-004 CPU=   455.37320055284601      NumThreads=                    2 Elapsed time=   4.3920019833663887E-003
 CFL_Limit=   1.0000000000000000E-003
 dt_init=   1.0000000000000001E-018 dt=   1.0000000000000001E-018
 Time=  -1.3900000000020353E-013 Intensity=   2.8553586656755012     
   4788.1101236565210      < Te <    4788.1104031282075     
   4788.1101236565200      < Th <    4788.1104031282075     
   80.000000000000000      < Ts <   80.000000000000000     
   52299358415.114815      < Ne <   52324925117.977486     
   52299358415.114815      < Nh <   52324925117.977478     
 CFL_Te=   1.8058954704150807E-003 maxCFL_Ne=   1.3940198163171907E-003 maxCFL_Ts=   5.1020110945368359E-004 CPU=   455.32258112733928      NumThreads=                    2 Elapsed time=   4.3924902539385887E-003
 CFL_Limit=   1.0000000000000000E-003
 dt_init=   1.0000000000000001E-018 dt=   1.0000000000000001E-018
 Time=  -1.3800000000020686E-013 Intensity=   4.6145084551220714     
   4787.8279503673011      < Te <    4787.8282351057214     
   4787.8279503673002      < Th <    4787.8282351057214     
   80.000000000000000      < Ts <   80.000000000000000     
   85115630929.910080      < Ne <   85156948950.240631     
   85115630929.910080      < Nh <   85156948950.240616     
 CFL_Te=   1.8057890472312358E-003 maxCFL_Ne=   1.3939376653679105E-003 maxCFL_Ts=   5.1020110945368359E-004 CPU=   455.27298683859101      NumThreads=                    2 Elapsed time=   4.3929687414313136E-003
 CFL_Limit=   1.0000000000000000E-003
 dt_init=   1.0000000000000001E-018 dt=   1.0000000000000001E-018
 Time=  -1.3700000000021020E-013 Intensity=   7.4316470194783788     
   4787.5408416269329      < Te <    4787.5411310270556     
   4787.5408416269320      < Th <    4787.5411310270574     
   80.000000000000000      < Ts <   80.000000000000000     
   138050574274.36871      < Ne <   138117116777.84909     
   138050574274.36871      < Nh <   138117116777.84906     
 CFL_Te=   1.8056807623523274E-003 maxCFL_Ne=   1.3938540773255910E-003 maxCFL_Ts=   5.1020110945368359E-004 CPU=   455.22095930683457      NumThreads=                    2 Elapsed time=   4.3934708169970950E-003
 CFL_Limit=   1.0000000000000000E-003
 dt_init=   1.0000000000000001E-018 dt=   1.0000000000000001E-018
 Time=  -1.3600000000021354E-013 Intensity=   11.927228832021447     
   4787.2492565026187      < Te <    4787.2495502284291     
   4787.2492565026187      < Th <    4787.2495502284301     
   80.000000000000000      < Ts <   80.000000000000000     
   223143006120.89902      < Ne <   223249801784.09421     
   223143006120.89905      < Nh <   223249801784.09421     
 CFL_Te=   1.8055707890227322E-003 maxCFL_Ne=   1.3937691859222774E-003 maxCFL_Ts=   5.1020110945368359E-004 CPU=   455.15297041381234      NumThreads=                    2 Elapsed time=   4.3941270957358709E-003
 CFL_Limit=   1.0000000000000000E-003
 dt_init=   1.0000000000000001E-018 dt=   1.0000000000000001E-018
 Time=  -1.3500000000021687E-013 Intensity=   19.076068766845733     
   4786.9534429825562      < Te <    4786.9537408604128     
   4786.9534429825562      < Th <    4786.9537408604137     
   80.000000000000000      < Ts <   80.000000000000000     
   359455197066.72394      < Ne <   359626002998.21442     
   359455197066.72394      < Nh <   359626002998.21442     
 CFL_Te=   1.8054592208355280E-003 maxCFL_Ne=   1.3936830634050108E-003 maxCFL_Ts=   5.1020110945368359E-004 CPU=   455.05656889986420      NumThreads=                    2 Elapsed time=   4.3950579701226176E-003
 CFL_Limit=   1.0000000000000000E-003
 dt_init=   1.0000000000000001E-018 dt=   1.0000000000000001E-018
 Time=  -1.3400000000022021E-013 Intensity=   30.404163347642267     
   4786.6535212861500      < Te <    4786.6538232410530     
   4786.6535212861500      < Th <    4786.6538232410576     
   80.000000000000000      < Ts <   80.000000000000000     
   577062637671.65869      < Ne <   577334874658.51770     
   577062637671.65869      < Nh <   577334874658.51770     
 CFL_Te=   1.8053461031701664E-003 maxCFL_Ne=   1.3935957448034221E-003 maxCFL_Ts=   5.1020110945368359E-004 CPU=   454.98450871469163      NumThreads=                    2 Elapsed time=   4.3957540568796494E-003
 CFL_Limit=   1.0000000000000000E-003
 dt_init=   1.0000000000000001E-018 dt=   1.0000000000000001E-018
 Time=  -1.3300000000022355E-013 Intensity=   48.291654511588462     
   4786.3495337165396      < Te <    4786.3498397339617     
   4786.3495337165396      < Th <    4786.3498397339627     
   80.000000000000000      < Ts <   80.000000000000000     
   923247492271.12451      < Ne <   923679892744.31287     
   923247492271.12451      < Nh <   923679892744.31287     
 CFL_Te=   1.8052314520046093E-003 maxCFL_Ne=   1.3935072424513381E-003 maxCFL_Ts=   5.1020110945368359E-004 CPU=   454.92738165906877      NumThreads=                    2 Elapsed time=   4.3963060493440202E-003
 CFL_Limit=   1.0000000000000000E-003
 dt_init=   1.0000000000000001E-018 dt=   1.0000000000000001E-018
 Time=  -1.3200000000022688E-013 Intensity=   76.437409953695052     
   4786.0414745768530      < Te <    4786.0417846797618     
   4786.0414745768521      < Th <    4786.0417846797627     
   80.000000000000000      < Ts <   80.000000000000000     
   1472077269933.1152      < Ne <   1472761685756.7603     
   1472077269933.1152      < Nh <   1472761685756.7603     
 CFL_Te=   1.8051152652043512E-003 maxCFL_Ne=   1.3934175547010740E-003 maxCFL_Ts=   5.1020110945368359E-004 CPU=   454.85447128554142      NumThreads=                    2 Elapsed time=   4.3970107501580900E-003
 CFL_Limit=   1.0000000000000000E-003
 dt_init=   1.0000000000000001E-018 dt=   1.0000000000000001E-018
 Time=  -1.3100000000023022E-013 Intensity=   120.56873118644961     
   4785.7293081698372      < Te <    4785.7296224048805     
   4785.7293081698372      < Th <    4785.7296224048814     
   80.000000000000000      < Ts <   80.000000000000000     
   2339164019876.7227      < Ne <   2340243584819.8618     
   2339164019876.7227      < Nh <   2340243584819.8618     
 CFL_Te=   1.8049975293146627E-003 maxCFL_Ne=   1.3933266711665579E-003 maxCFL_Ts=   5.1020110945368359E-004 CPU=   454.78751706178224      NumThreads=                    2 Elapsed time=   4.3976580820011884E-003
 CFL_Limit=   1.0000000000000000E-003
 dt_init=   1.0000000000000001E-018 dt=   1.0000000000000001E-018
 Time=  -1.3000000000023355E-013 Intensity=   189.52140549630647     
   4785.4129796505949      < Te <    4785.4132980797312     
   4785.4129796505949      < Th <    4785.4132980797312     
   80.000000000000000      < Ts <   80.000000000000000     
   3704321374318.3398      < Ne <   3706018337245.7798     
   3704321374318.3398      < Nh <   3706018337245.7798     
 CFL_Te=   1.8048782236558794E-003 maxCFL_Ne=   1.3932345758845951E-003 maxCFL_Ts=   5.1020110945368359E-004 CPU=   454.72158342761441      NumThreads=                    2 Elapsed time=   4.3982957327961831E-003
 CFL_Limit=   1.0000000000000000E-003
 dt_init=   1.0000000000000001E-018 dt=   1.0000000000000001E-018
 Time=  -1.2900000000023689E-013 Intensity=   296.87709817134032     
   4785.0924215797331      < Te <    4785.0927442752218     
   4785.0924215797331      < Th <    4785.0927442752218     
   80.000000000000000      < Ts <   80.000000000000000     
   5846216274097.0205      < Ne <   5848874493270.1426     
   5846216274097.0205      < Nh <   5848874493270.1426     
 CFL_Te=   1.8047573227962818E-003 maxCFL_Ne=   1.3931412492237474E-003 maxCFL_Ts=   5.1020110945368359E-004 CPU=   454.64435855038528      NumThreads=                    2 Elapsed time=   4.3990428175044718E-003
 CFL_Limit=   1.0000000000000000E-003
 dt_init=   1.0000000000000001E-018 dt=   1.0000000000000001E-018
 Time=  -1.2800000000024023E-013 Intensity=   463.43622111120186     
   4784.7675578807693      < Te <    4784.7678849221011     
   4784.7675578807693      < Th <    4784.7678849221011     
   80.000000000000000      < Ts <   80.000000000000000     
   9195167948715.8145      < Ne <   9199317528008.0352     
   9195167948715.8125      < Nh <   9199317528008.0352     
 CFL_Te=   1.8046347980454039E-003 maxCFL_Ne=   1.3930466690370710E-003 maxCFL_Ts=   5.1020110945368359E-004 CPU=   454.56821053465029      NumThreads=                    2 Elapsed time=   4.3997797330518479E-003
 CFL_Limit=   1.0000000000000000E-003
 dt_init=   1.0000000000000001E-018 dt=   1.0000000000000001E-018
 Time=  -1.2700000000024356E-013 Intensity=   720.93830669028659     
   4784.4383062252036      < Te <    4784.4386376973034     
   4784.4383062252036      < Th <    4784.4386376973034     
   80.000000000000000      < Ts <   80.000000000000000     
   14413297836151.133      < Ne <   14419753073264.299     
   14413297836151.131      < Nh <   14419753073264.299     
 CFL_Te=   1.8045106183540746E-003 maxCFL_Ne=   1.3929508113568608E-003 maxCFL_Ts=   5.1020110945368359E-004 CPU=   454.49926393925455      NumThreads=                    2 Elapsed time=   4.4004471705091849E-003
 CFL_Limit=   1.0000000000000000E-003
 dt_init=   1.0000000000000001E-018 dt=   1.0000000000000001E-018
 Time=  -1.2600000000024690E-013 Intensity=   1117.6377956527222     
   4784.1045794616821      < Te <    4784.1049154537950     
   4784.1045794616812      < Th <    4784.1049154537950     
   80.000000000000000      < Ts <   80.000000000000000     
   22515744299724.465      < Ne <   22525751559670.965     
   22515744299724.465      < Nh <   22525751559670.965     
 CFL_Te=   1.8043847508537069E-003 maxCFL_Ne=   1.3928536508109612E-003 maxCFL_Ts=   5.1020110945368359E-004 CPU=   454.44729762732374      NumThreads=                    2 Elapsed time=   4.4009503641941113E-003
 CFL_Limit=   1.0000000000000000E-003
 dt_init=   1.0000000000000001E-018 dt=   1.0000000000000001E-018
 Time=  -1.2500000000025024E-013 Intensity=   1726.6285113882675     
   4783.7662864615304      < Te <    4783.7666270665868     
   4783.7662864615304      < Th <    4783.7666270665868     
   80.000000000000000      < Ts <   80.000000000000000     
   35053295964966.539      < Ne <   35068756090388.633     
   35053295964966.539      < Nh <   35068756090388.633     
 CFL_Te=   1.8042571611753765E-003 maxCFL_Ne=   1.3927551608690651E-003 maxCFL_Ts=   5.1020110945368359E-004 CPU=   454.39524875084777      NumThreads=                    2 Elapsed time=   4.4014544727263034E-003
 CFL_Limit=   1.0000000000000000E-003
 dt_init=   1.0000000000000001E-018 dt=   1.0000000000000001E-018
 Time=  -1.2400000000025357E-013 Intensity=   2658.2240688393576     
   4783.4233326064250      < Te <    4783.4236779206904     
   4783.4233326064250      < Th <    4783.4236779206885     
   80.000000000000000      < Ts <   80.000000000000000     
   54386533278148.875      < Ne <   54410334853068.984     
   54386533278148.875      < Nh <   54410334853068.984     
 CFL_Te=   1.8041278136338575E-003 maxCFL_Ne=   1.3926553139847787E-003 maxCFL_Ts=   5.1020110945368359E-004 CPU=   454.32650270154164      NumThreads=                    2 Elapsed time=   4.4021204752694113E-003
 CFL_Limit=   1.0000000000000000E-003
 dt_init=   1.0000000000000001E-018 dt=   1.0000000000000001E-018
 Time=  -1.2300000000025691E-013 Intensity=   4078.2994800764554     
   4783.0756200556116      < Te <    4783.0759701784809     
   4783.0756200556116      < Th <    4783.0759701784809     
   80.000000000000000      < Ts <   80.000000000000000     
   84095784678834.500      < Ne <   84132301522031.938     
   84095784678834.500      < Nh <   84132301522031.938     
 CFL_Te=   1.8039966713284774E-003 maxCFL_Ne=   1.3925540816734671E-003 maxCFL_Ts=   5.1020110945368359E-004 CPU=   454.25983563485789      NumThreads=                    2 Elapsed time=   4.4027665294354475E-003
 CFL_Limit=   1.0000000000000000E-003
 dt_init=   1.0000000000000001E-018 dt=   1.0000000000000001E-018
 Time=  -1.2200000000026025E-013 Intensity=   6235.3594163176358     
   4782.7230478757911      < Te <    4782.7234029097217     
   4782.7230478757892      < Th <    4782.7234029097226     
   80.000000000000000      < Ts <   80.000000000000000     
   129591879091893.34      < Ne <   129647710117864.33     
   129591879091893.34      < Nh <   129647710117864.33     
 CFL_Te=   1.8038636961921338E-003 maxCFL_Ne=   1.3924514345501010E-003 maxCFL_Ts=   5.1020110945368359E-004 CPU=   454.18775196042827      NumThreads=                    2 Elapsed time=   4.4034652880165131E-003
 CFL_Limit=   1.0000000000000000E-003
 dt_init=   1.0000000000000001E-018 dt=   1.0000000000000001E-018
 Time=  -1.2100000000026358E-013 Intensity=   9500.3306333555556     
   4782.3655120852491      < Te <    4782.3658721357478     
   4782.3655120852491      < Th <    4782.3658721357478     
   80.000000000000000      < Ts <   80.000000000000000     
   199022620847852.00      < Ne <   199107686226747.59     
   199022620847852.00      < Nh <   199107686226747.59     
 CFL_Te=   1.8037288490079862E-003 maxCFL_Ne=   1.3923473423421320E-003 maxCFL_Ts=   5.1020110945368359E-004 CPU=   454.12478935205303      NumThreads=                    2 Elapsed time=   4.4040758110862159E-003
 CFL_Limit=   1.0000000000000000E-003
 dt_init=   1.0000000000000001E-018 dt=   1.0000000000000001E-018
 Time=  -1.2000000000026692E-013 Intensity=   14424.833136721963     
   4782.0029056431913      < Te <    4782.0032708188364     
   4782.0029056431913      < Th <    4782.0032708188364     
   80.000000000000000      < Ts <   80.000000000000000     
   304613103359677.62      < Ne <   304742262433747.94     
   304613103359677.62      < Nh <   304742262433747.94     
 CFL_Te=   1.8035920894054185E-003 maxCFL_Ne=   1.3922417738863866E-003 maxCFL_Ts=   5.1020110945368359E-004 CPU=   454.06133139825107      NumThreads=                    2 Elapsed time=   4.4046913086413578E-003
 CFL_Limit=   1.0000000000000000E-003
 dt_init=   1.0000000000000001E-018 dt=   1.0000000000000001E-018
 Time=  -1.1900000000027026E-013 Intensity=   21826.179677817076     
   4781.6351184038149      < Te <    4781.6354888163214     
   4781.6349713115987      < Th <    4783.0937399163622     
   80.000000000000000      < Ts <   80.000000000000000     
   464640015367687.81      < Ne <   464835445648108.81     
   464640015367687.81      < Nh <   464835445648108.81     
 CFL_Te=   1.8034533758427562E-003 maxCFL_Ne=   1.3921346971157143E-003 maxCFL_Ts=   5.1020110945368359E-004 CPU=   453.99138077754850      NumThreads=                    2 Elapsed time=   4.4053699798762948E-003
 CFL_Limit=   1.0000000000000000E-003
 dt_init=   1.0000000000000001E-018 dt=   1.0000000000000001E-018
 Time=  -1.1800000000027359E-013 Intensity=   32910.880694273634     
   4781.2620370465038      < Te <    4781.2624128108137     
   4781.2618147757448      < Th <    4782.2038348731876     
   80.000000000000000      < Ts <   80.000000000000000     
   706328832560704.62      < Ne <   706623514580236.75     
   706328832560704.62      < Nh <   706623514580236.75     
 CFL_Te=   1.8033126655809307E-003 maxCFL_Ne=   1.3920260790386688E-003 maxCFL_Ts=   5.1020110945368359E-004 CPU=   453.92372494882738      NumThreads=                    2 Elapsed time=   4.4060265856900689E-003
 CFL_Limit=   1.0000000000000000E-003
 dt_init=   1.0000000000000001E-018 dt=   1.0000000000000001E-018
 Time=  -1.1700000000027693E-013 Intensity=   49453.397363885415     
   4780.8835449897888      < Te <    4780.8839262241308     
   4780.8833190184359      < Th <    4781.4937795175611     
   80.000000000000000      < Ts <   80.000000000000000     
   1070089190755271.6      < Ne <   1070531993465068.1     
   1070089190755271.5      < Nh <   1070531993465068.1     
 CFL_Te=   1.8031699146510353E-003 maxCFL_Ne=   1.3919158857144500E-003 maxCFL_Ts=   5.1020110945368359E-004 CPU=   453.86476973988505      NumThreads=                    2 Elapsed time=   4.4065989108302509E-003
 CFL_Limit=   1.0000000000000000E-003
 dt_init=   1.0000000000000001E-018 dt=   1.0000000000000001E-018
 Time=  -1.1600000000028026E-013 Intensity=   74053.844592670546     
   4780.4995222930947      < Te <    4780.4999091191348     
   4780.4993224246300      < Th <    4780.8963110374307     
   80.000000000000000      < Ts <   80.000000000000000     
   1615683036091088.0      < Ne <   1616346109714670.8     
   1615683036091088.0      < Nh <   1616346109714670.5     
 CFL_Te=   1.8030250778172750E-003 maxCFL_Ne=   1.3918040822243260E-003 maxCFL_Ts=   5.1020110945368359E-004 CPU=   453.79968065250085      NumThreads=                    2 Elapsed time=   4.4072309551304182E-003
 CFL_Limit=   1.0000000000000000E-003
 dt_init=   1.0000000000000001E-018 dt=   1.0000000000000001E-018
 Time=  -1.1500000000028360E-013 Intensity=   110508.05584217943     
   4780.1098455495094      < Te <    4780.1102380924176     
   4780.1096808246984      < Th <    4780.3687531832193     
   80.000000000000000      < Ts <   80.000000000000000     
   2431173407161619.0      < Ne <   2432162889587266.5     
   2431173407161619.0      < Nh <   2432162889587266.5     
 CFL_Te=   1.8028781085365254E-003 maxCFL_Ne=   1.3916906326403875E-003 maxCFL_Ts=   5.1020110945368359E-004 CPU=   453.75411867783390      NumThreads=                    2 Elapsed time=   4.4076734902763559E-003
 CFL_Limit=   1.0000000000000000E-003
 dt_init=   1.0000000000000001E-018 dt=   1.0000000000000001E-018
 Time=  -1.1400000000028694E-013 Intensity=   164336.90995111573     
   4779.7143877704339      < Te <    4779.7147861590265     
   4779.7142575978341      < Th <    4779.8839202004465     
   80.000000000000000      < Ts <   80.000000000000000     
   3645857918227929.5      < Ne <   3647329380961951.0     
   3645857918227929.5      < Nh <   3647329380961951.0     
 CFL_Te=   1.8027289589148279E-003 maxCFL_Ne=   1.3915754999919861E-003 maxCFL_Ts=   5.1020110945368359E-004 CPU=   453.69192828781809      NumThreads=                    2 Elapsed time=   4.4082776776474143E-003
 CFL_Limit=   1.0000000000000000E-003
 dt_init=   1.0000000000000001E-018 dt=   1.0000000000000001E-018
 Time=  -1.1300000000029027E-013 Intensity=   243540.47277285621     
   4779.3130182636205      < Te <    4779.3134226304937     
   4779.3129181701979      < Th <    4779.4244176021075     
   80.000000000000000      < Ts <   80.000000000000000     
   5448889904119529.0      < Ne <   5451070550779020.0     
   5448889904119529.0      < Nh <   5451070550779020.0     
 CFL_Te=   1.8025775796613984E-003 maxCFL_Ne=   1.3914586462302257E-003 maxCFL_Ts=   5.1020110945368359E-004 CPU=   453.64559526442787      NumThreads=                    2 Elapsed time=   4.4087279164128322E-003
 CFL_Limit=   1.0000000000000000E-003
 dt_init=   1.0000000000000001E-018 dt=   1.0000000000000001E-018
 Time=  -1.1200000000029361E-013 Intensity=   359668.18468342372     
   4778.9056025049767      < Te <    4778.9060129866084     
   4778.9055269729170      < Th <    4778.9790596076728     
   80.000000000000000      < Ts <   80.000000000000000     
   8115985916945374.0      < Ne <   8119206364146558.0     
   8115985916945375.0      < Nh <   8119206364146557.0     
 CFL_Te=   1.8024239200402632E-003 maxCFL_Ne=   1.3913400321906330E-003 maxCFL_Ts=   5.1020110945368359E-004 CPU=   453.58013905662273      NumThreads=                    2 Elapsed time=   4.4093641405015963E-003
 CFL_Limit=   1.0000000000000000E-003
 dt_init=   1.0000000000000001E-018 dt=   1.0000000000000001E-018
 Time=  -1.1100000000029695E-013 Intensity=   529331.51455927780     
   4778.4920020041081      < Te <    4778.4924187410079     
   4778.4919457633987      < Th <    4778.5406097843570     
   80.000000000000000      < Ts <   80.000000000000000     
   12047584325057872.      < Ne <   12052323927518818.     
   12047584325057874.      < Nh <   12052323927518816.     
 CFL_Te=   1.8022679278195668E-003 maxCFL_Ne=   1.3912196175540137E-003 maxCFL_Ts=   5.1020110945368359E-004 CPU=   453.53285116508141      NumThreads=                    2 Elapsed time=   4.4098238856616371E-003
 CFL_Limit=   1.0000000000000000E-003
 dt_init=   1.0000000000000001E-018 dt=   1.0000000000000001E-018
 Time=  -1.1000000000030028E-013 Intensity=   776333.50412123953     
   4778.0720741639216      < Te <    4778.0724973007864     
   4778.0720326923729      < Th <    4778.1043515258352     
   80.000000000000114      < Ts <   80.000000000000114     
   17823155396986588.      < Ne <   17830106640444500.     
   17823155396986590.      < Nh <   17830106640444498.     
 CFL_Te=   1.8021095492186218E-003 maxCFL_Ne=   1.3910973608055946E-003 maxCFL_Ts=   5.1020110945368370E-004 CPU=   453.46517627130441      NumThreads=                    2 Elapsed time=   4.4104820053556147E-003
 CFL_Limit=   1.0000000000000000E-003
 dt_init=   1.0000000000000001E-018 dt=   1.0000000000000001E-018
 Time=  -1.0900000000030362E-013 Intensity=   1134654.8075546226     
   4777.6456721341374      < Te <    4777.6461018199998     
   4777.6456417708605      < Th <    4777.6671806253580     
   80.000000000000114      < Ts <   80.000000000000114     
   26278201810853176.      < Ne <   26288361441804912.     
   26278201810853176.      < Nh <   26288361441804912.     
 CFL_Te=   1.8019487288526454E-003 maxCFL_Ne=   1.3909732191923561E-003 maxCFL_Ts=   5.1020110945368370E-004 CPU=   453.40024172776373      NumThreads=                    2 Elapsed time=   4.4111136605896762E-003
 CFL_Limit=   1.0000000000000000E-003
 dt_init=   1.0000000000000001E-018 dt=   1.0000000000000001E-018
 Time=  -1.0800000000030696E-013 Intensity=   1652623.9253586698     
   4777.2126446586008      < Te <    4777.2130810469653     
   4777.2126225446846      < Th <    4777.2270273756940     
   80.000000000001251      < Ts <   80.000000000001734     
   38613008316029848.      < Ne <   38627805811501776.     
   38613008316029848.      < Nh <   38627805811501776.     
 CFL_Te=   1.8017854096751865E-003 maxCFL_Ne=   1.3908471486785915E-003 maxCFL_Ts=   5.1020110945368716E-004 CPU=   453.36751163601929      NumThreads=                    2 Elapsed time=   4.4114321133925365E-003
 CFL_Limit=   1.0000000000000000E-003
 dt_init=   1.0000000000000001E-018 dt=   1.0000000000000001E-018
 Time=  -1.0700000000031029E-013 Intensity=   2398717.8343097451     
   4776.7728359162138      < Te <    4776.7732791652397     
   4776.7728198719360      < Th <    4776.7824873179461     
   80.000000000038071      < Ts <   80.000000000049042     
   56545637495358224.      < Ne <   56567115471177528.     
   56545637495358216.      < Nh <   56567115471177528.     
 CFL_Te=   1.8016195329181336E-003 maxCFL_Ne=   1.3907191038995952E-003 maxCFL_Ts=   5.1020110945379092E-004 CPU=   453.31312308467358      NumThreads=                    2 Elapsed time=   4.4119613974343812E-003
 CFL_Limit=   1.0000000000000000E-003
 dt_init=   1.0000000000000001E-018 dt=   1.0000000000000001E-018
 Time=  -1.0600000000031363E-013 Intensity=   3469597.8688117159     
   4776.3260853553656      < Te <    4776.3265356280308     
   4776.3260737465462      < Th <    4776.3325845221307     
   80.000000000086644      < Ts <   80.000000000108642     
   82526339199276304.      < Ne <   82557405771155040.     
   82526339199276288.      < Nh <   82557405771155040.     
 CFL_Te=   1.8014510380292613E-003 maxCFL_Ne=   1.3905890381134612E-003 maxCFL_Ts=   5.1020110945392807E-004 CPU=   453.26320576146486      NumThreads=                    2 Elapsed time=   4.4124472813540571E-003
 CFL_Limit=   1.0000000000000000E-003
 dt_init=   1.0000000000000001E-018 dt=   1.0000000000000001E-018
 Time=  -1.0500000000031696E-013 Intensity=   5001197.1000020979     
   4775.8722275216214      < Te <    4775.8726849858795     
   4775.8722191376728      < Th <    4775.8766193175243     
   80.000000000155481      < Ts <   80.000000000195101     
   1.2003685767132264E+017 < Ne <   1.2008163809168930E+017
   1.2003685767132261E+017 < Nh <   1.2008163809168930E+017
 CFL_Te=   1.8012798626072472E-003 maxCFL_Ne=   1.3904569031509104E-003 maxCFL_Ts=   5.1020110945412410E-004 CPU=   453.20687011122538      NumThreads=                    2 Elapsed time=   4.4129957683765094E-003
 CFL_Limit=   1.0000000000000000E-003
 dt_init=   1.0000000000000001E-018 dt=   1.0000000000000001E-018
 Time=  -1.0400000000032030E-013 Intensity=   7183955.7564026807     
   4775.4110918784645      < Te <    4775.4115567074477     
   4775.4110858305921      < Th <    4775.4140700048565     
   80.000000000256918      < Ts <   80.000000000319147     
   1.7400662419965274E+017 < Ne <   1.7407094891155629E+017
   1.7400662419965270E+017 < Nh <   1.7407094891155632E+017
 CFL_Te=   1.8011059423340757E-003 maxCFL_Ne=   1.3903226493631158E-003 maxCFL_Ts=   5.1020110945440870E-004 CPU=   453.15768116666925      NumThreads=                    2 Elapsed time=   4.4134747861956898E-003
 CFL_Limit=   1.0000000000000000E-003
 dt_init=   1.0000000000000001E-018 dt=   1.0000000000000001E-018
 Time=  -1.0300000000032364E-013 Intensity=   10283671.077769637     
   4774.9425026210965      < Te <    4774.9429749933070     
   4774.9424982609926      < Th <    4774.9445291832180     
   80.000000000400433      < Ts <   80.000000000499540     
   2.5138921991111622E+017 < Ne <   2.5148129929051539E+017
   2.5138921991111619E+017 < Nh <   2.5148129929051542E+017
 CFL_Te=   1.8009292109047970E-003 maxCFL_Ne=   1.3901862255674888E-003 maxCFL_Ts=   5.1020110945481376E-004 CPU=   453.10609320887346      NumThreads=                    2 Elapsed time=   4.4139772781162691E-003
 CFL_Limit=   1.0000000000000000E-003
 dt_init=   1.0000000000000001E-018 dt=   1.0000000000000001E-018
 Time=  -1.0200000000032697E-013 Intensity=   14669913.588145595     
   4774.4662784829516      < Te <    4774.4667585824545     
   4774.4662753400262      < Th <    4774.4676623418991     
   80.000000000603151      < Ts <   80.000000000756330     
   3.6195769747311565E+017 < Ne <   3.6208905100883776E+017
   3.6195769747311565E+017 < Nh <   3.6208905100883782E+017
 CFL_Te=   1.8007495999545688E-003 maxCFL_Ne=   1.3900475789913468E-003 maxCFL_Ts=   5.1020110945538589E-004 CPU=   453.06327841963127      NumThreads=                    2 Elapsed time=   4.4143944019836940E-003
 CFL_Limit=   1.0000000000000000E-003
 dt_init=   1.0000000000000001E-018 dt=   1.0000000000000001E-018
 Time=  -1.0100000000033031E-013 Intensity=   20854596.145682670     
   4773.9822325351661      < Te <    4773.9827205517913     
   4773.9822302690436      < Th <    4773.9831808184608     
   80.000000000893223      < Ts <   80.000000001114358     
   5.1939754047030112E+017 < Ne <   5.1958427128905504E+017
   5.1939754047030112E+017 < Nh <   5.1958427128905504E+017
 CFL_Te=   1.8005670389830155E-003 maxCFL_Ne=   1.3899066552135332E-003 maxCFL_Ts=   5.1020110945620414E-004 CPU=   453.00371528801378      NumThreads=                    2 Elapsed time=   4.4149748280285653E-003
 CFL_Limit=   1.0000000000000000E-003
 dt_init=   1.0000000000000001E-018 dt=   1.0000000000000001E-018
 Time=  -1.0000000000033365E-013 Intensity=   29544106.652997654     
   4773.4901719787740      < Te <    4773.4906681083157     
   4773.4901703438791      < Th <    4773.4908240544446     
   80.000000001310994      < Ts <   80.000000001639648     
   7.4280272543180634E+017 < Ne <   7.4306726161649510E+017
   7.4280272543180634E+017 < Nh <   7.4306726161649510E+017
 CFL_Te=   1.8003814552758656E-003 maxCFL_Ne=   1.3897633981039181E-003 maxCFL_Ts=   5.1020110945738462E-004 CPU=   452.93797395393995      NumThreads=                    2 Elapsed time=   4.4156156361563614E-003
 CFL_Limit=   1.0000000000000000E-003
 dt_init=   1.0000000000000001E-018 dt=   1.0000000000000001E-018
 Time=  -9.9000000000336983E-014 Intensity=   41709481.477622546     
   4772.9898979299751      < Te <    4772.9904023744366     
   4772.9898967494601      < Th <    4772.9904023744330     
   80.000000001909854      < Ts <   80.000000002401933     
   1.0587154585404517E+018 < Ne <   1.0590889227772824E+018
   1.0587154585404517E+018 < Nh <   1.0590889227772824E+018
 CFL_Te=   1.8001927738239411E-003 maxCFL_Ne=   1.3896177497608898E-003 maxCFL_Ts=   5.1020110945907511E-004 CPU=   452.88256925910349      NumThreads=                    2 Elapsed time=   4.4161558332260712E-003
 CFL_Limit=   1.0000000000000000E-003
 dt_init=   1.0000000000000001E-018 dt=   1.0000000000000001E-018
 Time=  -9.8000000000340320E-014 Intensity=   58680468.053666398     
   4772.4812051988429      < Te <    4772.4817181666376     
   4772.4812043454804      < Th <    4772.4817181666458     
   80.000000002761681      < Ts <   80.000000003464962     
   1.5038961252390397E+018 < Ne <   1.5044215466958113E+018
   1.5038961252390397E+018 < Nh <   1.5044215466958113E+018
 CFL_Te=   1.8000009172397383E-003 maxCFL_Ne=   1.3894696504469191E-003 maxCFL_Ts=   5.1020110946148008E-004 CPU=   452.84165541921277      NumThreads=                    2 Elapsed time=   4.4165548289689114E-003
 CFL_Limit=   1.0000000000000000E-003
 dt_init=   1.0000000000000001E-018 dt=   1.0000000000000001E-018
 Time=  -9.7000000000343656E-014 Intensity=   82271079.851560473     
   4771.9638820618784      < Te <    4771.9644037680646     
   4771.9638814441796      < Th <    4771.9644037680673     
   80.000000003957908      < Ts <   80.000000004967532     
   2.1290698868523850E+018 < Ne <   2.1298065372688507E+018
   2.1290698868523850E+018 < Nh <   2.1298065372688507E+018
 CFL_Te=   1.7998058056716011E-003 maxCFL_Ne=   1.3893190385223474E-003 maxCFL_Ts=   5.1020110946485391E-004 CPU=   452.79746352179859      NumThreads=                    2 Elapsed time=   4.4169858736492588E-003
 CFL_Limit=   1.0000000000000000E-003
 dt_init=   1.0000000000000001E-018 dt=   1.0000000000000001E-018
 Time=  -9.6000000000346993E-014 Intensity=   114946479.92309830     
   4771.4377100295815      < Te <    4771.4382406961086     
   4771.4377095817927      < Th <    4771.4382406961231     
   80.000000005679567      < Ts <   80.000000007112845     
   3.0039740272241946E+018 < Ne <   3.0050032512682516E+018
   3.0039740272241940E+018 < Nh <   3.0050032512682516E+018
 CFL_Te=   1.7996073567160967E-003 maxCFL_Ne=   1.3891658503777211E-003 maxCFL_Ts=   5.1020110946972262E-004 CPU=   452.74855384735508      NumThreads=                    2 Elapsed time=   4.4174630332983970E-003
 CFL_Limit=   1.0000000000000000E-003
 dt_init=   1.0000000000000001E-018 dt=   1.0000000000000001E-018
 Time=  -9.5000000000350329E-014 Intensity=   160043855.31729019     
   4770.9024636100166      < Te <    4770.9030034659563     
   4770.9024632848741      < Th <    4770.9030034659691     
   80.000000008081528      < Ts <   80.000000010090233     
   4.2241303743951764E+018 < Ne <   4.2255633977161380E+018
   4.2241303743951754E+018 < Nh <   4.2255633977161380E+018
 CFL_Te=   1.7994054853288153E-003 maxCFL_Ne=   1.3890100203649512E-003 maxCFL_Ts=   5.1020110947650290E-004 CPU=   452.69304732931698      NumThreads=                    2 Elapsed time=   4.4180046762350121E-003
 CFL_Limit=   1.0000000000000000E-003
 dt_init=   1.0000000000000001E-018 dt=   1.0000000000000001E-018
 Time=  -9.4000000000353665E-014 Intensity=   222063501.29492137     
   4770.3579100703801      < Te <    4770.3584593521646     
   4770.3579098338760      < Th <    4770.3584593521737     
   80.000000011436015      < Ts <   80.000000014265638     
   5.9198958046028278E+018 < Ne <   5.9218841482364262E+018
   5.9198958046028268E+018 < Nh <   5.9218841482364252E+018
 CFL_Te=   1.7992001037344574E-003 maxCFL_Ne=   1.3888514807278976E-003 maxCFL_Ts=   5.1020110948598576E-004 CPU=   452.63945566739449      NumThreads=                    2 Elapsed time=   4.4185277596958464E-003
 CFL_Limit=   1.0000000000000000E-003
 dt_init=   1.0000000000000001E-018 dt=   1.0000000000000001E-018
 Time=  -9.3000000000357002E-014 Intensity=   307050784.68967545     
   4769.8038091990611      < Te <    4769.8043681507161     
   4769.8038090266891      < Th <    4769.8043681507224     
   80.000000016095314      < Ts <   80.000000020230033     
   8.2685082293557780E+018 < Ne <   8.2712575442077768E+018
   8.2685082293557770E+018 < Nh <   8.2712575442077757E+018
 CFL_Te=   1.7989911213370908E-003 maxCFL_Ne=   1.3886901615330933E-003 maxCFL_Ts=   5.1020110949915871E-004 CPU=   452.57546683431798      NumThreads=                    2 Elapsed time=   4.4191524874064242E-003
 CFL_Limit=   1.0000000000000000E-003
 dt_init=   1.0000000000000001E-018 dt=   1.0000000000000001E-018
 Time=  -9.2000000000360338E-014 Intensity=   423095192.00701851     
   4769.2399130713629      < Te <    4769.2404819447393     
   4769.2399129454870      < Th <    4769.2404819447547     
   80.000000022616618      < Ts <   80.000000028527452     
   1.1510054410258039E+019 < Ne <   1.1513842780036796E+019
   1.1510054410258037E+019 < Nh <   1.1513842780036794E+019
 CFL_Te=   1.7987784446317793E-003 maxCFL_Ne=   1.3885259906015364E-003 maxCFL_Ts=   5.1020110951755123E-004 CPU=   452.51954331112086      NumThreads=                    2 Elapsed time=   4.4196986175797925E-003
 CFL_Limit=   1.0000000000000000E-003
 dt_init=   1.0000000000000001E-018 dt=   1.0000000000000001E-018
 Time=  -9.1000000000363675E-014 Intensity=   580979513.56964755     
   4768.6659658233320      < Te <    4768.6665448783433     
   4768.6659657312111      < Th <    4768.6665448783579     
   80.000000031772274      < Ts <   80.000000040070091     
   1.5968550138760253E+019 < Ne <   1.5973752195668253E+019
   1.5968550138760253E+019 < Nh <   1.5973752195668251E+019
 CFL_Te=   1.7985619771192802E-003 maxCFL_Ne=   1.3883588934428424E-003 maxCFL_Ts=   5.1020110954345152E-004 CPU=   452.46045405906551      NumThreads=                    2 Elapsed time=   4.4202758098698149E-003
 CFL_Limit=   1.0000000000000000E-003
 dt_init=   1.0000000000000001E-018 dt=   1.0000000000000001E-018
 Time=  -9.0000000000367011E-014 Intensity=   795020627.86572671     
   4768.0817034397260      < Te <    4768.0822929445367     
   4768.0817033721632      < Th <    4768.0822929445458     
   80.000000044464500      < Ts <   80.000000056023140     
   2.2079655610317935E+019 < Ne <   2.2086774179080131E+019
   2.2079655610317935E+019 < Nh <   2.2086774179080131E+019
 CFL_Te=   1.7983416192260703E-003 maxCFL_Ne=   1.3881887931935010E-003 maxCFL_Ts=   5.1020110957928158E-004 CPU=   452.40572240697611      NumThreads=                    2 Elapsed time=   4.4208105710051909E-003
 CFL_Limit=   1.0000000000000000E-003
 dt_init=   1.0000000000000001E-018 dt=   1.0000000000000001E-018
 Time=  -8.9000000000370348E-014 Intensity=   1084153623.5544016     
   4767.4868535631695      < Te <    4767.4874537943606     
   4767.4868535134947      < Th <    4767.4874537943670     
   80.000000061903734      < Ts <   80.000000078059983     
   3.0426964531433767E+019 < Ne <   3.0436671980495254E+019
   3.0426964531433767E+019 < Nh <   3.0436671980495254E+019
 CFL_Te=   1.7981172682323518E-003 maxCFL_Ne=   1.3880156105613032E-003 maxCFL_Ts=   5.1020110962852528E-004 CPU=   452.35511633497589      NumThreads=                    2 Elapsed time=   4.4213051378841246E-003
 CFL_Limit=   1.0000000000000000E-003
 dt_init=   1.0000000000000001E-018 dt=   1.0000000000000001E-018
 Time=  -8.8000000000373684E-014 Intensity=   1473323459.8778813     
   4766.8811353345236      < Te <    4766.8817465772563     
   4766.8811352979392      < Th <    4766.8817465772609     
   80.000000085609742      < Ts <   80.000000107278410     
   4.1789322729141633E+019 < Ne <   4.1802514782717174E+019
   4.1789322729141633E+019 < Nh <   4.1802514782717174E+019
 CFL_Te=   1.7978888182118328E-003 maxCFL_Ne=   1.3878392637788695E-003 maxCFL_Ts=   5.1020110969544300E-004 CPU=   452.31541774382390      NumThreads=                    2 Elapsed time=   4.4216931847605783E-003
 CFL_Limit=   1.0000000000000000E-003
 dt_init=   1.0000000000000001E-018 dt=   1.0000000000000001E-018
 Time=  -8.7000000000377020E-014 Intensity=   1995263384.2989130     
   4766.2642592765105      < Te <    4766.2648818246053     
   4766.2642592494776      < Th <    4766.2648818246089     
   80.000000118287133      < Ts <   80.000000148678524     
   5.7202272000818889E+019 < Ne <   5.7220137474798551E+019
   5.7202272000818889E+019 < Nh <   5.7220137474798551E+019
 CFL_Te=   1.7976561599878209E-003 maxCFL_Ne=   1.3876596685697402E-003 maxCFL_Ts=   5.1020110978772530E-004 CPU=   452.26717849569167      NumThreads=                    2 Elapsed time=   4.4221648067682019E-003
 CFL_Limit=   1.0000000000000000E-003
 dt_init=   1.0000000000000001E-018 dt=   1.0000000000000001E-018
 Time=  -8.6000000000380357E-014 Intensity=   2692757295.9581451     
   4765.6359272361860      < Te <    4765.6365613921471     
   4765.6359272161617      < Th <    4765.6365613921498     
   80.000000162415432      < Ts <   80.000000205563751     
   7.8037502276198351E+019 < Ne <   7.8061613071135195E+019
   7.8037502276198351E+019 < Nh <   7.8061613071135195E+019
 CFL_Te=   1.7974191811114936E-003 maxCFL_Ne=   1.3874767381316132E-003 maxCFL_Ts=   5.1020110991235510E-004 CPU=   452.21657913789244      NumThreads=                    2 Elapsed time=   4.4226596110492197E-003
 CFL_Limit=   1.0000000000000000E-003
 dt_init=   1.0000000000000001E-018 dt=   1.0000000000000001E-018
 Time=  -8.5000000000383693E-014 Intensity=   3621504588.3236284     
   4764.9958324057470      < Te <    4764.9964784807116     
   4764.9958323909050      < Th <    4764.9964784807134     
   80.000000222928449      < Ts <   80.000000282039963     
   1.0610515816906639E+020 < Ne <   1.0613758491481501E+020
   1.0610515816906639E+020 < Nh <   1.0613758491481501E+020
 CFL_Te=   1.7971777658697145E-003 maxCFL_Ne=   1.3872903831423794E-003 maxCFL_Ts=   5.1020111008312030E-004 CPU=   452.15847045805299      NumThreads=                    2 Elapsed time=   4.4232279845911699E-003
 CFL_Limit=   1.0000000000000000E-003
 dt_init=   1.0000000000000001E-018 dt=   1.0000000000000001E-018
 Time=  -8.4000000000387030E-014 Intensity=   4853731164.6627903     
   4764.3436594461318      < Te <    4764.3443177596555     
   4764.3436594350860      < Th <    4764.3443177596564     
   80.000000305320881      < Ts <   80.000000384837861     
   1.4378501685470583E+020 < Ne <   1.4382847688790688E+020
   1.4378501685470583E+020 < Nh <   1.4382847688790688E+020
 CFL_Te=   1.7969317953316047E-003 maxCFL_Ne=   1.3871005117960583E-003 maxCFL_Ts=   5.1020111031582446E-004 CPU=   452.10163458638186      NumThreads=                    2 Elapsed time=   4.4237840498624987E-003
 CFL_Limit=   1.0000000000000000E-003
 dt_init=   1.0000000000000001E-018 dt=   1.0000000000000001E-018
 Time=  -8.3000000000390366E-014 Intensity=   6482719740.0118294     
   4763.6790847432349      < Te <    4763.6797556229885     
   4763.6790847349766      < Th <    4763.6797556229894     
   80.000000416149362      < Ts <   80.000000528644691     
   1.9419396907497334E+020 < Ne <   1.9425201498063235E+020
   1.9419396907497334E+020 < Nh <   1.9425201498063235E+020
 CFL_Te=   1.7966811474451332E-003 maxCFL_Ne=   1.3869070298773700E-003 maxCFL_Ts=   5.1020111062906272E-004 CPU=   452.05146756585390      NumThreads=                    2 Elapsed time=   4.4242749852562843E-003
 CFL_Limit=   1.0000000000000000E-003
 dt_init=   1.0000000000000001E-018 dt=   1.0000000000000001E-018
 Time=  -8.2000000000393702E-014 Intensity=   8628466652.9902210     
   4763.0017768345569      < Te <    4763.0024606158086     
   4763.0017768283824      < Th <    4763.0024606158086     
   80.000000566120249      < Ts <   80.000000721157079     
   2.6139893402971767E+020 < Ne <   2.6147619283359741E+020
   2.6139893402971767E+020 < Nh <   2.6147619283359741E+020
 CFL_Te=   1.7964256971979365E-003 maxCFL_Ne=   1.3867098408858870E-003 maxCFL_Ts=   5.1020111105247001E-004 CPU=   452.00048741387656      NumThreads=                    2 Elapsed time=   4.4247739896100821E-003
 CFL_Limit=   1.0000000000000000E-003
 dt_init=   1.0000000000000001E-018 dt=   1.0000000000000001E-018
 Time=  -8.1000000000397039E-014 Intensity=   11444711601.408194     
   4762.3113970511713      < Te <    4762.3120940760264     
   4762.3113970465456      < Th <    4762.3120940760264     
   80.000000765612583      < Ts <   80.000000976981681     
   3.5068636574176025E+020 < Ne <   3.5078884104668945E+020
   3.5068636574176025E+020 < Nh <   3.5078884104668945E+020
 CFL_Te=   1.7961653168593798E-003 maxCFL_Ne=   1.3865088462228672E-003 maxCFL_Ts=   5.1020111161560126E-004 CPU=   451.94443206123168      NumThreads=                    2 Elapsed time=   4.4253228010319419E-003
 CFL_Limit=   1.0000000000000000E-003
 dt_init=   1.0000000000000001E-018 dt=   1.0000000000000001E-018
 Time=  -8.0000000000400375E-014 Intensity=   15127631309.328072     
   4761.6076004308552      < Te <    4761.6083110471372     
   4761.6076004273928      < Th <    4761.6083110471372     
   80.000001036810261      < Ts <   80.000001314266711     
   4.6890191018389366E+020 < Ne <   4.6903736214877241E+020
   4.6890191018389366E+020 < Nh <   4.6903736214877241E+020
 CFL_Te=   1.7958998763248294E-003 maxCFL_Ne=   1.3863039454569996E-003 maxCFL_Ts=   5.1020111238110556E-004 CPU=   451.89560989604115      NumThreads=                    2 Elapsed time=   4.4258009066742232E-003
 CFL_Limit=   1.0000000000000000E-003
 dt_init=   1.0000000000000001E-018 dt=   1.0000000000000001E-018
 Time=  -7.9000000000403712E-014 Intensity=   19926538345.339001     
   4760.8900369692856      < Te <    4760.8907615291228     
   4760.8900369666644      < Th <    4760.8907615291228     
   80.000001392749098      < Ts <   80.000001759200231     
   6.2487659846964124E+020 < Ne <   6.2505501958520177E+020
   6.2487659846964124E+020 < Nh <   6.2505501958520177E+020
 CFL_Te=   1.7956292435874100E-003 maxCFL_Ne=   1.3860950366885955E-003 maxCFL_Ts=   5.1020111338655877E-004 CPU=   451.84822847488948      NumThreads=                    2 Elapsed time=   4.4262650021901009E-003
 CFL_Limit=   1.0000000000000000E-003
 dt_init=   1.0000000000000001E-018 dt=   1.0000000000000001E-018
 Time=  -7.8000000000407048E-014 Intensity=   26156982205.223495     
   4760.1583532897621      < Te <    4760.1590921477555     
   4760.1583532877639      < Th <    4760.1590921477546     
   80.000001872139123      < Ts <   80.000002365413351     
   8.2995926245817162E+020 < Ne <   8.3019347062930984E+020
   8.2995926245817162E+020 < Nh <   8.3019347062930984E+020
 CFL_Te=   1.7953532853675976E-003 maxCFL_Ne=   1.3858820170355916E-003 maxCFL_Ts=   5.1020111474193823E-004 CPU=   451.80639119745939      NumThreads=                    2 Elapsed time=   4.4266748743842172E-003
 CFL_Limit=   1.0000000000000000E-003
 dt_init=   1.0000000000000001E-018 dt=   1.0000000000000001E-018
 Time=  -7.7000000000410384E-014 Intensity=   34216711204.134335     
   4759.4121948279962      < Te <    4759.4129483387196     
   4759.4121948264665      < Th <    4759.4129483387169     
   80.000002514877977      < Ts <   80.000003190312100     
   1.0986786856184172E+021 < Ne <   1.0989850601687363E+021
   1.0986786856184172E+021 < Nh <   1.0989850601687363E+021
 CFL_Te=   1.7950718679370042E-003 maxCFL_Ne=   1.3856647832694404E-003 maxCFL_Ts=   5.1020111655565353E-004 CPU=   451.76029960428372      NumThreads=                    2 Elapsed time=   4.4271265132236849E-003
 CFL_Limit=   1.0000000000000000E-003
 dt_init=   1.0000000000000001E-018 dt=   1.0000000000000001E-018
 Time=  -7.6000000000413721E-014 Intensity=   44605020284.252617     
   4758.6511681495494      < Te <    4758.6519366531529     
   4758.6512074947650      < Th <    4758.6519760105421     
   80.000003356396093      < Ts <   80.000004258394128     
   1.4495634022777527E+021 < Ne <   1.4499627931937900E+021
   1.4495634022777527E+021 < Nh <   1.4499627931937900E+021
 CFL_Te=   1.7947848429014429E-003 maxCFL_Ne=   1.3854432208406722E-003 maxCFL_Ts=   5.1020111892923306E-004 CPU=   451.71476643218415      NumThreads=                    2 Elapsed time=   4.4275727707481522E-003
 CFL_Limit=   1.0000000000000000E-003
 dt_init=   1.0000000000000001E-018 dt=   1.0000000000000001E-018
 Time=  -7.5000000000417057E-014 Intensity=   57946080788.916252     
   4757.8749932983183      < Te <    4757.8757771468408     
   4757.8750454793271      < Th <    4757.8758293431756     
   80.000004446663013      < Ts <   80.000005664936324     
   1.9061520724350607E+021 < Ne <   1.9066709185047699E+021
   1.9061520724350607E+021 < Nh <   1.9066709185047699E+021
 CFL_Te=   1.7944921046764378E-003 maxCFL_Ne=   1.3852172482457803E-003 maxCFL_Ts=   5.1020112200940773E-004 CPU=   451.66841704031958      NumThreads=                    2 Elapsed time=   4.4280271202169616E-003
 CFL_Limit=   1.0000000000000000E-003
 dt_init=   1.0000000000000001E-018 dt=   1.0000000000000001E-018
 Time=  -7.4000000000420394E-014 Intensity=   75016922429.376862     
   4757.0833310665766      < Te <    4757.0841305994009     
   4757.0833707149168      < Th <    4757.0841702592761     
   80.000005888217842      < Ts <   80.000007511570928     
   2.4982330318411410E+021 < Ne <   2.4989047293425091E+021
   2.4982330318411404E+021 < Nh <   2.4989047293425091E+021
 CFL_Te=   1.7942652500269041E-003 maxCFL_Ne=   1.3849867667234813E-003 maxCFL_Ts=   5.1020112608212928E-004 CPU=   451.59787204246913      NumThreads=                    2 Elapsed time=   4.4287188311018348E-003
 CFL_Limit=   1.0000000000000000E-003
 dt_init=   1.0000000000000001E-018 dt=   1.0000000000000001E-018
 Time=  -7.3000000000423730E-014 Intensity=   96780813434.073257     
   4756.2758435222040      < Te <    4756.2766590557967     
   4756.2758600433117      < Th <    4756.2766755818921     
   80.000007786651508      < Ts <   80.000009860825799     
   3.2633579497642383E+021 < Ne <   3.2642245200396828E+021
   3.2633579497642378E+021 < Nh <   3.2642245200396828E+021
 CFL_Te=   1.7938889773703318E-003 maxCFL_Ne=   1.3847516778808845E-003 maxCFL_Ts=   5.1020113144128370E-004 CPU=   451.54947132296058      NumThreads=                    2 Elapsed time=   4.4291935369569838E-003
 CFL_Limit=   1.0000000000000000E-003
 dt_init=   1.0000000000000001E-018 dt=   1.0000000000000001E-018
 Time=  -7.2000000000427066E-014 Intensity=   124426860014.13100     
   4755.4521994550560      < Te <    4755.4530312717779     
   4756.9201276920530      < Th <    4756.9209598694661     
   80.000010242243889      < Ts <   80.000012988937286     
   4.2486815491987603E+021 < Ne <   4.2497956608036506E+021
   4.2486815491987598E+021 < Nh <   4.2497956608036506E+021
 CFL_Te=   1.7935783358922607E-003 maxCFL_Ne=   1.3845118852788925E-003 maxCFL_Ts=   5.1020113838031161E-004 CPU=   451.49800041084524      NumThreads=                    2 Elapsed time=   4.4296984663942688E-003
 CFL_Limit=   1.0000000000000000E-003
 dt_init=   1.0000000000000001E-018 dt=   1.0000000000000001E-018
 Time=  -7.1000000000430403E-014 Intensity=   159416717950.19135     
   4754.6121478903160      < Te <    4754.6129962426494     
   4755.6709474363106      < Th <    4755.6717960478272     
   80.000013457330411      < Ts <   80.000017083876642     
   5.5131870174765688E+021 < Ne <   5.5146144265848184E+021
   5.5131870174765688E+021 < Nh <   5.5146144265848184E+021
 CFL_Te=   1.7932615062167738E-003 maxCFL_Ne=   1.3842673158395075E-003 maxCFL_Ts=   5.1020114745630861E-004 CPU=   451.45277228447651      NumThreads=                    2 Elapsed time=   4.4301422491647225E-003
 CFL_Limit=   1.0000000000000000E-003
 dt_init=   1.0000000000000001E-018 dt=   1.0000000000000001E-018
 Time=  -7.0000000000433739E-014 Intensity=   203539373738.42972     
   4753.7554602819873      < Te <    4753.7563253760036     
   4753.7554180484622      < Th <    4753.7562831317573     
   80.000017599598706      < Ts <   80.000022312674233     
   7.1303650323123793E+021 < Ne <   7.1321875136355930E+021
   7.1303650323123793E+021 < Nh <   7.1321875136355930E+021
 CFL_Te=   1.7929384021272525E-003 maxCFL_Ne=   1.3840179030098901E-003 maxCFL_Ts=   5.1020115914971733E-004 CPU=   451.41018466575719      NumThreads=                    2 Elapsed time=   4.4305602043092649E-003
 CFL_Limit=   1.0000000000000000E-003
 dt_init=   1.0000000000000001E-018 dt=   1.0000000000000001E-018
 Time=  -6.9000000000437076E-014 Intensity=   258975005990.62750     
   4752.8819614906160      < Te <    4752.8828434725174     
   4752.8819288637214      < Th <    4752.8828108374528     
   80.000022986247174      < Ts <   80.000029169898369     
   9.1914231423929617E+021 < Ne <   9.1937419919203448E+021
   9.1914231423929617E+021 < Nh <   9.1937419919203448E+021
 CFL_Te=   1.7926089575448808E-003 maxCFL_Ne=   1.3837635957821665E-003 maxCFL_Ts=   5.1020117436538471E-004 CPU=   451.36388961328743      NumThreads=                    2 Elapsed time=   4.4310146336994944E-003
 CFL_Limit=   1.0000000000000000E-003
 dt_init=   1.0000000000000001E-018 dt=   1.0000000000000001E-018
 Time=  -6.8000000000440412E-014 Intensity=   328368974519.18756     
   4750.6879299334350      < Te <    4750.6888285383175     
   4751.9915344064912      < Th <    4751.9924333410991     
   80.000029888770200      < Ts <   80.000037978831372     
   1.1809111473302662E+022 < Ne <   1.1812051673541945E+022
   1.1809111473302660E+022 < Nh <   1.1812051673541945E+022
 CFL_Te=   1.7912899009319531E-003 maxCFL_Ne=   1.3831620377729383E-003 maxCFL_Ts=   5.1020119385402881E-004 CPU=   451.32110603790045      NumThreads=                    2 Elapsed time=   4.4314346775354363E-003
 CFL_Limit=   1.0000000000000000E-003
 dt_init=   1.0000000000000001E-018 dt=   1.0000000000000001E-018
 Time=  -6.7000000000443749E-014 Intensity=   414916998789.12958     
   4750.9796146838344      < Te <    4750.9805305530226     
   4751.0841831313292      < Th <    4751.0850990025920     
   80.000038824395887      < Ts <   80.000049240522046     
   1.5122260210072657E+022 < Ne <   1.5125975358029424E+022
   1.5122260210072657E+022 < Nh <   1.5125975358029424E+022
 CFL_Te=   1.7919704057799204E-003 maxCFL_Ne=   1.3832402212000201E-003 maxCFL_Ts=   5.1020121907755661E-004 CPU=   451.26857461502647      NumThreads=                    2 Elapsed time=   4.4319505334626582E-003
 CFL_Limit=   1.0000000000000000E-003
 dt_init=   1.0000000000000001E-018 dt=   1.0000000000000001E-018
 Time=  -6.6000000000447085E-014 Intensity=   522462572428.35266     
   4750.0826093089672      < Te <    4750.0835419874666     
   4750.1599796518231      < Th <    4750.1609123134203     
   80.000050213959113      < Ts <   80.000063630333841     
   1.9301133729776062E+022 < Ne <   1.9305811837139779E+022
   1.9301133729776066E+022 < Nh <   1.9305811837139779E+022
 CFL_Te=   1.7914946923310250E-003 maxCFL_Ne=   1.3829711690102348E-003 maxCFL_Ts=   5.1020125123644859E-004 CPU=   451.21603089045306      NumThreads=                    2 Elapsed time=   4.4324666303479877E-003
 CFL_Limit=   1.0000000000000000E-003
 dt_init=   1.0000000000000001E-018 dt=   1.0000000000000001E-018
 Time=  -6.5000000000450421E-014 Intensity=   655607608773.53748     
   4748.5531508747008      < Te <    4748.5540998926972     
   4749.2191416260030      < Th <    4749.2200907889137     
   80.000064846306401      < Ts <   80.000082047581387     
   2.4553715496526620E+022 < Ne <   2.4559585780674475E+022
   2.4553715496526625E+022 < Nh <   2.4559585780674475E+022
 CFL_Te=   1.7907490315090082E-003 maxCFL_Ne=   1.3825217877318952E-003 maxCFL_Ts=   5.1020129255062506E-004 CPU=   451.17057113545872      NumThreads=                    2 Elapsed time=   4.4329132438018070E-003
 CFL_Limit=   1.0000000000000000E-003
 dt_init=   1.0000000000000001E-018 dt=   1.0000000000000001E-018
 Time=  -6.4000000000453758E-014 Intensity=   819837215909.35083     
   4747.6753672746545      < Te <    4747.6763323571731     
   4748.2620514156806      < Th <    4748.2630166180834     
   80.000083110845267      < Ts <   80.000105118654076     
   3.1133046263205029E+022 < Ne <   3.1140387055493035E+022
   3.1133046263205037E+022 < Nh <   3.1140387055493035E+022
 CFL_Te=   1.7904239397856037E-003 maxCFL_Ne=   1.3822780021314632E-003 maxCFL_Ts=   5.1020134411827267E-004 CPU=   451.12034114170058      NumThreads=                    2 Elapsed time=   4.4334068265207832E-003
 CFL_Limit=   1.0000000000000000E-003
 dt_init=   1.0000000000000001E-018 dt=   1.0000000000000001E-018
 Time=  -6.3000000000457094E-014 Intensity=   1021659349832.0927     
   4750.3691720734760      < Te <    4750.3701535683431     
   4745.9869575031043      < Th <    4745.9879377221268     
   80.000106248821751      < Ts <   80.000134944457088     
   3.9345745676424796E+022 < Ne <   3.9354893581050765E+022
   3.9345745676424805E+022 < Nh <   3.9354893581050765E+022
 CFL_Te=   1.7926782404141270E-003 maxCFL_Ne=   1.3830320463349374E-003 maxCFL_Ts=   5.1020140956482460E-004 CPU=   451.06872715860391      NumThreads=                    2 Elapsed time=   4.4339141234607552E-003
 CFL_Limit=   1.0000000000000000E-003
 dt_init=   1.0000000000000001E-018 dt=   1.0000000000000001E-018
 Time=  -6.2000000000460431E-014 Intensity=   1268759882568.7104     
   4743.5323084844313      < Te <    4743.5333027096285     
   4746.1971814961516      < Th <    4746.1981764888187     
   80.000135523624877      < Ts <   80.000171719673048     
   4.9561853108980480E+022 < Ne <   4.9573213550097832E+022
   4.9561853108980489E+022 < Nh <   4.9573213550097832E+022
 CFL_Te=   1.7878014930134661E-003 maxCFL_Ne=   1.3810415522201760E-003 maxCFL_Ts=   5.1020149225715317E-004 CPU=   451.01102665240211      NumThreads=                    2 Elapsed time=   4.4344813802998581E-003
 CFL_Limit=   1.0000000000000000E-003
 dt_init=   1.0000000000000001E-018 dt=   1.0000000000000001E-018
 Time=  -6.1000000000463767E-014 Intensity=   1570173339800.8547     
   4745.0425104598371      < Te <    4745.0435186334917     
   4743.6236734091226      < Th <    4743.6246811739456     
   80.000171497795407      < Ts <   80.000217146100411     
   6.2226126847721062E+022 < Ne <   6.2240186146424374E+022
   6.2226126847721079E+022 < Nh <   6.2240186146424374E+022
 CFL_Te=   1.7894577807058979E-003 maxCFL_Ne=   1.3815562873070828E-003 maxCFL_Ts=   5.1020159394515245E-004 CPU=   450.95867480031961      NumThreads=                    2 Elapsed time=   4.4349961798286321E-003
 CFL_Limit=   1.0000000000000000E-003
 dt_init=   1.0000000000000001E-018 dt=   1.0000000000000001E-018
 Time=  -6.0000000000467103E-014 Intensity=   1936469201836.5425     
   4743.9045779123589      < Te <    4743.9055976780282     
   4743.5441861461886      < Th <    4743.5452058007659     
   80.000217532795787      < Ts <   80.000274511881329     
   7.7870942726570719E+022 < Ne <   7.7888281845075234E+022
   7.7870942726570736E+022 < Nh <   7.7888281845075234E+022
 CFL_Te=   1.7892229753448485E-003 maxCFL_Ne=   1.3812611152748914E-003 maxCFL_Ts=   5.1020172422682896E-004 CPU=   450.90948698612863      NumThreads=                    2 Elapsed time=   4.4354799748569634E-003
 CFL_Limit=   1.0000000000000000E-003
 dt_init=   1.0000000000000001E-018 dt=   1.0000000000000001E-018
 Time=  -5.9000000000470440E-014 Intensity=   2379953215735.2744     
   4739.3116701875297      < Te <    4739.3126985539075     
   4742.6760913198905      < Th <    4742.6771206448884     
   80.000275024471776      < Ts <   80.000348925587048     
   9.7130928227904286E+022 < Ne <   9.7152238317360879E+022
   9.7130928227904303E+022 < Nh <   9.7152238317360879E+022
 CFL_Te=   1.7858842443242765E-003 maxCFL_Ne=   1.3799036929756381E-003 maxCFL_Ts=   5.1020188645216217E-004 CPU=   450.86489634759158      NumThreads=                    2 Elapsed time=   4.4359186448130836E-003
 CFL_Limit=   1.0000000000000000E-003
 dt_init=   1.0000000000000001E-018 dt=   1.0000000000000001E-018
 Time=  -5.8000000000473776E-014 Intensity=   2914882629713.4248     
   4740.8356132099225      < Te <    4740.8366495023483     
   4742.2298340807865      < Th <    4742.2308707528400     
   80.000347076892567      < Ts <   80.000440028337948     
   1.2075946340734612E+023 < Ne <   1.2078556328372133E+023
   1.2075946340734613E+023 < Nh <   1.2078556328372133E+023
 CFL_Te=   1.7875398008796279E-003 maxCFL_Ne=   1.3803309209548485E-003 maxCFL_Ts=   5.1020209008154765E-004 CPU=   450.81513363154710      NumThreads=                    2 Elapsed time=   4.4364082986499903E-003
 CFL_Limit=   1.0000000000000000E-003
 dt_init=   1.0000000000000001E-018 dt=   1.0000000000000001E-018
 Time=  -5.7000000000477113E-014 Intensity=   3557693630525.7944     
   4738.3552618862295      < Te <    4738.3563018823943     
   4743.9395491868854      < Th <    4743.9405907342889     
   80.000435446010513      < Ts <   80.000555242781104     
   1.4964716541401309E+023 < Ne <   1.4967902106971337E+023
   1.4964716541401311E+023 < Nh <   1.4967902106971337E+023
 CFL_Te=   1.7859424207366424E-003 maxCFL_Ne=   1.3796562093800792E-003 maxCFL_Ts=   5.1020233920701476E-004 CPU=   450.76505246562056      NumThreads=                    2 Elapsed time=   4.4369011951132529E-003
 CFL_Limit=   1.0000000000000000E-003
 dt_init=   1.0000000000000001E-018 dt=   1.0000000000000001E-018
 Time=  -5.6000000000475123E-014 Intensity=   4327238540091.4380     
   4735.8691552663786      < Te <    4735.8701952890351     
   4737.6770660237717      < Th <    4737.6781064690540     
   80.000545046007161      < Ts <   80.000693762904675     
   1.8484245605504626E+023 < Ne <   1.8488120229684356E+023
   1.8484245605504629E+023 < Nh <   1.8488120229684360E+023
 CFL_Te=   1.7845462361094422E-003 maxCFL_Ne=   1.3789601350248746E-003 maxCFL_Ts=   5.1020264904739500E-004 CPU=   450.72185264895109      NumThreads=                    2 Elapsed time=   4.4373264536559289E-003
 CFL_Limit=   1.0000000000000000E-003
 dt_init=   1.0000000000000001E-018 dt=   1.0000000000000001E-018
 Time=  -5.5000000000472148E-014 Intensity=   5245029512467.1377     
   4734.4582745793341      < Te <    4734.4593105402773     
   4738.8802436630294      < Th <    4738.8812807810273     
   80.000682453043822      < Ts <   80.000868687023427     
   2.2757428629396276E+023 < Ne <   2.2762125056349771E+023
   2.2757428629396280E+023 < Nh <   2.2762125056349771E+023
 CFL_Te=   1.7839059843296474E-003 maxCFL_Ne=   1.3785834591636692E-003 maxCFL_Ts=   5.1020303685850169E-004 CPU=   450.67523800105886      NumThreads=                    2 Elapsed time=   4.4377854192097881E-003
 CFL_Limit=   1.0000000000000000E-003
 dt_init=   1.0000000000000001E-018 dt=   1.0000000000000001E-018
 Time=  -5.4000000000469174E-014 Intensity=   6335484573989.2178     
   4731.8521652129048      < Te <    4731.8531915091980     
   4737.7004827565479      < Th <    4737.7015105852151     
   80.000849562787479      < Ts <   80.001078681327513     
   2.7927705794893729E+023 < Ne <   2.7933378634763296E+023
   2.7927705794893733E+023 < Nh <   2.7933378634763296E+023
 CFL_Te=   1.7823498399140187E-003 maxCFL_Ne=   1.3779130964972602E-003 maxCFL_Ts=   5.1020350882921138E-004 CPU=   450.62375659592306      NumThreads=                    2 Elapsed time=   4.4382924129617324E-003
 CFL_Limit=   1.0000000000000000E-003
 dt_init=   1.0000000000000001E-018 dt=   1.0000000000000001E-018
 Time=  -5.3000000000466199E-014 Intensity=   7626170880184.8320     
   4732.8952012521750      < Te <    4732.8962127504510     
   4733.1180899290530      < Th <    4733.1191013205598     
   80.001056584327472      < Ts <   80.001344243026196     
   3.4161774238417908E+023 < Ne <   3.4168602787962262E+023
   3.4161774238417908E+023 < Nh <   3.4168602787962262E+023
 CFL_Te=   1.7833391634830501E-003 maxCFL_Ne=   1.3783160960954954E-003 maxCFL_Ts=   5.1020409266490656E-004 CPU=   450.57998168551563      NumThreads=                    2 Elapsed time=   4.4387236035619291E-003
 CFL_Limit=   1.0000000000000000E-003
 dt_init=   1.0000000000000001E-018 dt=   1.0000000000000001E-018
 Time=  -5.2000000000463225E-014 Intensity=   9148039040900.5273     
   4725.0034653877183      < Te <    4725.0044522736898     
   4734.6722763287189      < Th <    4734.6732657556859     
   80.001307899755759      < Ts <   80.001662243071351     
   4.1652514391697486E+023 < Ne <   4.1660705664667159E+023
   4.1652514391697486E+023 < Nh <   4.1660705664667166E+023
 CFL_Te=   1.7780760098894375E-003 maxCFL_Ne=   1.3760944641489949E-003 maxCFL_Ts=   5.1020480282890144E-004 CPU=   450.53643635459804      NumThreads=                    2 Elapsed time=   4.4391526158960538E-003
 CFL_Limit=   1.0000000000000000E-003
 dt_init=   1.0000000000000001E-018 dt=   1.0000000000000001E-018
 Time=  -5.1000000000460250E-014 Intensity=   10935641313518.219     
   4725.6553919084417      < Te <    4725.6563482024858     
   4732.2604245944203      < Th <    4732.2613824739074     
   80.001613761237294      < Ts <   80.002036252167571     
   5.0622119962851840E+023 < Ne <   5.0631911916862595E+023
   5.0622119962851840E+023 < Nh <   5.0631911916862595E+023
 CFL_Te=   1.7787865199019122E-003 maxCFL_Ne=   1.3762948833608924E-003 maxCFL_Ts=   5.1020566660804200E-004 CPU=   450.48924579110360      NumThreads=                    2 Elapsed time=   4.4396176350176850E-003
 CFL_Limit=   1.0000000000000000E-003
 dt_init=   1.0000000000000001E-018 dt=   1.0000000000000001E-018
 Time=  -5.0000000000457276E-014 Intensity=   13027325412947.795     
   4720.9770734446520      < Te <    4720.9779879144935     
   4729.8816049047846      < Th <    4729.8825214705439     
   80.001987121198979      < Ts <   80.002498469220342     
   6.1325413306999754E+023 < Ne <   6.1337078243324499E+023
   6.1325413306999754E+023 < Nh <   6.1337078243324499E+023
 CFL_Te=   1.7755287947254261E-003 maxCFL_Ne=   1.3750851793103438E-003 maxCFL_Ts=   5.1020672189649834E-004 CPU=   450.43002067516102      NumThreads=                    2 Elapsed time=   4.4402013813425430E-003
 CFL_Limit=   1.0000000000000000E-003
 dt_init=   1.0000000000000001E-018 dt=   1.0000000000000001E-018
 Time=  -4.9000000000454301E-014 Intensity=   15465394672231.150     
   4719.8069851822738      < Te <    4719.8078476293040     
   4728.6220012262756      < Th <    4728.6228655828327     
   80.002429214082170      < Ts <   80.003055330100466     
   7.4053320593578203E+023 < Ne <   7.4067168701981701E+023
   7.4053320593578203E+023 < Nh <   7.4067168701981701E+023
 CFL_Te=   1.7749893752228249E-003 maxCFL_Ne=   1.3748090858050007E-003 maxCFL_Ts=   5.1020796935364308E-004 CPU=   450.38545435525555      NumThreads=                    2 Elapsed time=   4.4406407459652054E-003
 CFL_Limit=   1.0000000000000000E-003
 dt_init=   1.0000000000000001E-018 dt=   1.0000000000000001E-018
 Time=  -4.8000000000451327E-014 Intensity=   18296224350930.977     
   4716.9740540722569      < Te <    4716.9748513461755     
   4726.8730730687048      < Th <    4726.8738723346032     
   80.002969919708121      < Ts <   80.003743808622644     
   8.9136472237859236E+023 < Ne <   8.9152855245445866E+023
   8.9136472237859236E+023 < Nh <   8.9152855245445866E+023
 CFL_Te=   1.7730530852808279E-003 maxCFL_Ne=   1.3740626792560823E-003 maxCFL_Ts=   5.1020949556669843E-004 CPU=   450.31050417072032      NumThreads=                    2 Elapsed time=   4.4413798511832320E-003
 CFL_Limit=   1.0000000000000000E-003
 dt_init=   1.0000000000000001E-018 dt=   1.0000000000000001E-018
 Time=  -4.7000000000448352E-014 Intensity=   21570323077270.426     
   4713.5790662317777      < Te <    4713.5797838399831     
   4727.5122771920887      < Th <    4727.5129974731690     
   80.003607805868384      < Ts <   80.004553503670635     
   1.0694888443269629E+024 < Ne <   1.0696819930916698E+024
   1.0694888443269629E+024 < Nh <   1.0696819930916698E+024
 CFL_Te=   1.7708709725232433E-003 maxCFL_Ne=   1.3732663754571013E-003 maxCFL_Ts=   5.1021129600877803E-004 CPU=   450.23905834469207      NumThreads=                    2 Elapsed time=   4.4420846280041051E-003
 CFL_Limit=   1.0000000000000000E-003
 dt_init=   1.0000000000000001E-018 dt=   1.0000000000000001E-018
 Time=  -4.6000000000445378E-014 Intensity=   25342327775993.938     
   4708.6186855176447      < Te <    4708.6193069439123     
   4726.8621676076182      < Th <    4726.8627921990446     
   80.004379327687801      < Ts <   80.005521429845885     
   1.2791166794251644E+024 < Ne <   1.2793436060169154E+024
   1.2791166794251644E+024 < Nh <   1.2793436060169154E+024
 CFL_Te=   1.7673249837439882E-003 maxCFL_Ne=   1.3720204221890368E-003 maxCFL_Ts=   5.1021347464041543E-004 CPU=   450.19682528375102      NumThreads=                    2 Elapsed time=   4.4425013409177989E-003
 CFL_Limit=   1.0000000000000000E-003
 dt_init=   1.0000000000000001E-018 dt=   1.0000000000000001E-018
 Time=  -4.5000000000442403E-014 Intensity=   29670920032114.766     
   4704.2632263710639      < Te <    4704.2637336841553     
   4722.5469400708753      < Th <    4722.5474500405671     
   80.005298628764422      < Ts <   80.006695358546082     
   1.5249669924752359E+024 < Ne <   1.5252326817550699E+024
   1.5249669924752359E+024 < Nh <   1.5252326817550699E+024
 CFL_Te=   1.7642587166056293E-003 maxCFL_Ne=   1.3710403716155541E-003 maxCFL_Ts=   5.1021606955764238E-004 CPU=   450.14768264554391      NumThreads=                    2 Elapsed time=   4.4429863289440581E-003
 CFL_Limit=   1.0000000000000000E-003
 dt_init=   1.0000000000000001E-018 dt=   1.0000000000000001E-018
 Time=  -4.4000000000439429E-014 Intensity=   34618651727643.855     
   4701.8489891429854      < Te <    4701.8493625842584     
   4719.5174621990909      < Th <    4719.5178375702699     
   80.006385445665657      < Ts <   80.008064721629367     
   1.8123017848380782E+024 < Ne <   1.8126117821237855E+024
   1.8123017848380782E+024 < Nh <   1.8126117821237858E+024
 CFL_Te=   1.7625919457638964E-003 maxCFL_Ne=   1.3704750258224060E-003 maxCFL_Ts=   5.1021913704266000E-004 CPU=   450.09285944062265      NumThreads=                    2 Elapsed time=   4.4435275033814321E-003
 CFL_Limit=   1.0000000000000000E-003
 dt_init=   1.0000000000000001E-018 dt=   1.0000000000000001E-018
 Time=  -4.3000000000436454E-014 Intensity=   40251668020119.102     
   4695.8849530965763      < Te <    4695.8851697943928     
   4716.5860849155597      < Th <    4716.5863032046254     
   80.007675897232929      < Ts <   80.009683019680224     
   2.1469598790931740E+024 < Ne <   2.1473203224240978E+024
   2.1469598790931740E+024 < Nh <   2.1473203224240981E+024
 CFL_Te=   1.7581805061216513E-003 maxCFL_Ne=   1.3690651962456565E-003 maxCFL_Ts=   5.1022277658105289E-004 CPU=   450.05014873385011      NumThreads=                    2 Elapsed time=   4.4439492034981116E-003
 CFL_Limit=   1.0000000000000000E-003
 dt_init=   1.0000000000000001E-018 dt=   1.0000000000000001E-018
 Time=  -4.2000000000433480E-014 Intensity=   46639316361462.930     
   4690.3841959707797      < Te <    4690.3842316903538     
   4716.1928709669028      < Th <    4716.1929077562754     
   80.009215777663499      < Ts <   80.011664733026819     
   2.5353875378418492E+024 < Ne <   2.5358051867755606E+024
   2.5353875378418498E+024 < Nh <   2.5358051867755612E+024
 CFL_Te=   1.7540342760353010E-003 maxCFL_Ne=   1.3678874672679925E-003 maxCFL_Ts=   5.1022712618189407E-004 CPU=   450.00789690532952      NumThreads=                    2 Elapsed time=   4.4443664516864035E-003
 CFL_Limit=   1.0000000000000000E-003
 dt_init=   1.0000000000000001E-018 dt=   1.0000000000000001E-018
 Time=  -4.1000000000430505E-014 Intensity=   53853631331000.812     
   4686.9084162437066      < Te <    4686.9086492289007     
   4714.2777631409126      < Th <    4714.2779963738440     
   80.011034927309822      < Ts <   80.014002124369497     
   2.9846650582728797E+024 < Ne <   2.9851473180831704E+024
   2.9846650582728802E+024 < Nh <   2.9851473180831709E+024
 CFL_Te=   1.7513875656300119E-003 maxCFL_Ne=   1.3671225647341530E-003 maxCFL_Ts=   5.1023225964661389E-004 CPU=   449.97208535331913      NumThreads=                    2 Elapsed time=   4.4447201617620240E-003
 CFL_Limit=   1.0000000000000000E-003
 dt_init=   1.0000000000000001E-018 dt=   1.0000000000000001E-018
 Time=  -4.0000000000427531E-014 Intensity=   61968686616517.875     
   4679.1749580306978      < Te <    4679.1754406219834     
   4711.9555763825438      < Th <    4711.9560609177497     
   80.013184645675437      < Ts <   80.016717615260433     
   3.5025281853584708E+024 < Ne <   3.5030831254450798E+024
   3.5025281853584714E+024 < Nh <   3.5030831254450803E+024
 CFL_Te=   1.7457937613479730E-003 maxCFL_Ne=   1.3653938336635879E-003 maxCFL_Ts=   5.1023832474938915E-004 CPU=   449.92981304135219      NumThreads=                    2 Elapsed time=   4.4451377571109825E-003
 CFL_Limit=   1.0000000000000000E-003
 dt_init=   1.0000000000000001E-018 dt=   1.0000000000000001E-018
 Time=  -3.9000000000424557E-014 Intensity=   71059807549599.203     
   4678.0340544087476      < Te <    4678.0348204150032     
   4710.4212444165687      < Th <    4710.4220144022747     
   80.015696991345195      < Ts <   80.019890032965932     
   4.0973831277590156E+024 < Ne <   4.0980194930677451E+024
   4.0973831277590161E+024 < Nh <   4.0980194930677457E+024
 CFL_Te=   1.7445776712627424E-003 maxCFL_Ne=   1.3654406947946423E-003 maxCFL_Ts=   5.1024541364998849E-004 CPU=   449.88728730534729      NumThreads=                    2 Elapsed time=   4.4455579351424549E-003
 CFL_Limit=   1.0000000000000000E-003
 dt_init=   1.0000000000000001E-018 dt=   1.0000000000000001E-018
 Time=  -3.8000000000421582E-014 Intensity=   81202640199250.766     
   4666.5105324665983      < Te <    4666.5116169579724     
   4707.4434873097234      < Th <    4707.4445794200556     
   80.018570350709723      < Ts <   80.023485117632703     
   4.7783139066732613E+024 < Ne <   4.7790411207357016E+024
   4.7783139066732618E+024 < Nh <   4.7790411207357021E+024
 CFL_Te=   1.7352128186072600E-003 maxCFL_Ne=   1.3628289212635428E-003 maxCFL_Ts=   5.1025352053701725E-004 CPU=   449.84479106520087      NumThreads=                    2 Elapsed time=   4.4459779010981556E-003
 CFL_Limit=   1.0000000000000000E-003
 dt_init=   1.0000000000000001E-018 dt=   1.0000000000000001E-018
 Time=  -3.7000000000418608E-014 Intensity=   92472076146496.750     
   4658.8932414146238      < Te <    4658.8946830558534     
   4706.5198315200305      < Th <    4706.5212855541467     
   80.021944141830190      < Ts <   80.027697307791314     
   5.5550807681266578E+024 < Ne <   5.5559089266009345E+024
   5.5550807681266578E+024 < Nh <   5.5559089266009345E+024
 CFL_Te=   1.7292863685085592E-003 maxCFL_Ne=   1.3615002345056381E-003 maxCFL_Ts=   5.1026303538422295E-004 CPU=   449.81038347721193      NumThreads=                    2 Elapsed time=   4.4463179896809188E-003
 CFL_Limit=   1.0000000000000000E-003
 dt_init=   1.0000000000000001E-018 dt=   1.0000000000000001E-018
 Time=  -3.6000000000415633E-014 Intensity=   104941035677997.53     
   4653.3437040159351      < Te <    4653.3455441587139     
   4703.9325834407236      < Th <    4703.9344410560889     
   80.025901992383865      < Ts <   80.032627429785734     
   6.4381083247905034E+024 < Ne <   6.4390481780501191E+024
   6.4381083247905034E+024 < Nh <   6.4390481780501191E+024
 CFL_Te=   1.7244387511505075E-003 maxCFL_Ne=   1.3604180632243168E-003 maxCFL_Ts=   5.1027419805191722E-004 CPU=   449.77164974673224      NumThreads=                    2 Elapsed time=   4.4467009006152478E-003
 CFL_Limit=   1.0000000000000000E-003
 dt_init=   1.0000000000000001E-018 dt=   1.0000000000000001E-018
 Time=  -3.5000000000412659E-014 Intensity=   118679116201979.36     
   4642.7429108100605      < Te <    4642.7451908900493     
   4702.4080471261796      < Th <    4702.4103532768131     
   80.030462351846964      < Ts <   80.038392533315815     
   7.4384622465443861E+024 < Ne <   7.4395251701945271E+024
   7.4384622465443861E+024 < Nh <   7.4395251701945271E+024
 CFL_Te=   1.7157741593988142E-003 maxCFL_Ne=   1.3585391899158534E-003 maxCFL_Ts=   5.1028704374272136E-004 CPU=   449.73140010930933      NumThreads=                    2 Elapsed time=   4.4470988672658624E-003
 CFL_Limit=   1.0000000000000000E-003
 dt_init=   1.0000000000000001E-018 dt=   1.0000000000000001E-018
 Time=  -3.4000000000409684E-014 Intensity=   133751117135265.58     
   4637.0046863180532      < Te <    4637.0074533921797     
   4699.4488280589212      < Th <    4699.4516288948844     
   80.035756994355822      < Ts <   80.044961146888667     
   8.5678132890756785E+024 < Ne <   8.5690112413481891E+024
   8.5678132890756785E+024 < Nh <   8.5690112413481891E+024
 CFL_Te=   1.7103531273120493E-003 maxCFL_Ne=   1.3575807783188748E-003 maxCFL_Ts=   5.1030197544989740E-004 CPU=   449.69297826109550      NumThreads=                    2 Elapsed time=   4.4474788281857122E-003
 CFL_Limit=   1.0000000000000000E-003
 dt_init=   1.0000000000000001E-018 dt=   1.0000000000000001E-018
 Time=  -3.3000000000406710E-014 Intensity=   150215457241480.31     
   4632.8225244159212      < Te <    4632.8258269216576     
   4698.8169795847416      < Th <    4698.8203252300627     
   80.041799989277251      < Ts <   80.052531252737339     
   9.8383876509284073E+024 < Ne <   9.8397331158284022E+024
   9.8383876509284073E+024 < Nh <   9.8397331158284022E+024
 CFL_Te=   1.7060707159517025E-003 maxCFL_Ne=   1.3571113631293146E-003 maxCFL_Ts=   5.1031902002955599E-004 CPU=   449.65610781551447      NumThreads=                    2 Elapsed time=   4.4478435080449585E-003
 CFL_Limit=   1.0000000000000000E-003
 dt_init=   1.0000000000000001E-018 dt=   1.0000000000000001E-018
 Time=  -3.2000000000403735E-014 Intensity=   168122505300198.00     
   4618.5341708816759      < Te <    4618.5380512105912     
   4700.0132833692260      < Th <    4700.0172268160177     
   80.048747954417578      < Ts <   80.061427592453327     
   1.1262902710832251E+025 < Ne <   1.1264408626327776E+025
   1.1262902710832251E+025 < Nh <   1.1264408626327776E+025
 CFL_Te=   1.6939545120444705E-003 maxCFL_Ne=   1.3547482773854814E-003 maxCFL_Ts=   5.1033859929194728E-004 CPU=   449.62373328380835      NumThreads=                    2 Elapsed time=   4.4481637688319579E-003
 CFL_Limit=   1.0000000000000000E-003
 dt_init=   1.0000000000000001E-018 dt=   1.0000000000000001E-018
 Time=  -3.1000000000400761E-014 Intensity=   187512849914193.53     
   4613.7461299494780      < Te <    4613.7506452551015     
   4696.5905764966465      < Th <    4696.5951670646591     
   80.056806975301839      < Ts <   80.071446531049844     
   1.2854487615266097E+025 < Ne <   1.2856167286162514E+025
   1.2854487615266097E+025 < Nh <   1.2856167286162514E+025
 CFL_Te=   1.6889803619791106E-003 maxCFL_Ne=   1.3543740417830928E-003 maxCFL_Ts=   5.1036126543199493E-004 CPU=   449.58641868328016      NumThreads=                    2 Elapsed time=   4.4485329558163070E-003
 CFL_Limit=   1.0000000000000000E-003
 dt_init=   1.0000000000000001E-018 dt=   1.0000000000000001E-018
 Time=  -3.0000000000397786E-014 Intensity=   208415539059104.16     
   4597.4737007959420      < Te <    4597.4788909229173     
   4695.0160074495643      < Th <    4695.0213001809252     
   80.065945553532003      < Ts <   80.083110390310381     
   1.4626588068526230E+025 < Ne <   1.4628455063207380E+025
   1.4626588068526230E+025 < Nh <   1.4628455063207380E+025
 CFL_Te=   1.6750185205247773E-003 maxCFL_Ne=   1.3519853504502047E-003 maxCFL_Ts=   5.1038699858144186E-004 CPU=   449.54802869484587      NumThreads=                    2 Elapsed time=   4.4489128465461563E-003
 CFL_Limit=   1.0000000000000000E-003
 dt_init=   1.0000000000000001E-018 dt=   1.0000000000000001E-018
 Time=  -2.9000000000394812E-014 Intensity=   230846324469058.75     
   4591.3148094823719      < Te <    4591.3207363821766     
   4694.2894640923678      < Th <    4694.2955152156419     
   80.076306019327632      < Ts <   80.096428159871081     
   1.6592855442119400E+025 < Ne <   1.6594923473960631E+025
   1.6592855442119400E+025 < Nh <   1.6594923473960631E+025
 CFL_Te=   1.6685273706519535E-003 maxCFL_Ne=   1.3515870175362210E-003 maxCFL_Ts=   5.1041611062334141E-004 CPU=   449.50988677804935      NumThreads=                    2 Elapsed time=   4.4492903467271737E-003
 CFL_Limit=   1.0000000000000000E-003
 dt_init=   1.0000000000000001E-018 dt=   1.0000000000000001E-018
 Time=  -2.8000000000393169E-014 Intensity=   254805949950995.38     
   4585.8371934749584      < Te <    4585.8439108425482     
   4697.0172803181804      < Th <    4697.0241501226537     
   80.087936152691341      < Ts <   80.111292141980414     
   1.8767020174769622E+025 < Ne <   1.8769302967747733E+025
   1.8767020174769624E+025 < Nh <   1.8769302967747733E+025
 CFL_Te=   1.6620986985962226E-003 maxCFL_Ne=   1.3514756825071062E-003 maxCFL_Ts=   5.1044880530755506E-004 CPU=   449.47116992185204      NumThreads=                    2 Elapsed time=   4.4496736027535046E-003
 CFL_Limit=   1.0000000000000000E-003
 dt_init=   1.0000000000000001E-018 dt=   1.0000000000000001E-018
 Time=  -2.7000000000393350E-014 Intensity=   280278526036165.84     
   4579.8431849536373      < Te <    4579.8507432163160     
   4691.3675646701886      < Th <    4691.3752951372126     
   80.101276201621033      < Ts <   80.127900234006901     
   2.1162750185318676E+025 < Ne <   2.1165261325197523E+025
   2.1162750185318676E+025 < Nh <   2.1165261325197523E+025
 CFL_Te=   1.6550981106923169E-003 maxCFL_Ne=   1.3513979613351266E-003 maxCFL_Ts=   5.1048625380252033E-004 CPU=   449.43642982803368      NumThreads=                    2 Elapsed time=   4.4500175492343894E-003
 CFL_Limit=   1.0000000000000000E-003
 dt_init=   1.0000000000000001E-018 dt=   1.0000000000000001E-018
 Time=  -2.6000000000393531E-014 Intensity=   307230035825304.94     
   4560.7841106308770      < Te <    4560.7925375434525     
   4692.9256451821020      < Th <    4692.9343009971808     
   80.116146399399923      < Ts <   80.146992027168125     
   2.3793495179652629E+025 < Ne <   2.3796247951520441E+025
   2.3793495179652629E+025 < Nh <   2.3796247951520441E+025
 CFL_Te=   1.6381793493171954E-003 maxCFL_Ne=   1.3495788241476218E-003 maxCFL_Ts=   5.1052797639728896E-004 CPU=   449.39879851585084      NumThreads=                    2 Elapsed time=   4.4503901804033357E-003
 CFL_Limit=   1.0000000000000000E-003
 dt_init=   1.0000000000000001E-018 dt=   1.0000000000000001E-018
 Time=  -2.5000000000393712E-014 Intensity=   335607018286696.19     
   4554.8259506358227      < Te <    4554.8353163468673     
   4695.1441411326077      < Th <    4695.1537770828081     
   80.132717309416648      < Ts <   80.167928733485326     
   2.6672318129012079E+025 < Ne <   2.6675325343385501E+025
   2.6672318129012083E+025 < Nh <   2.6675325343385501E+025
 CFL_Te=   1.6305784154310406E-003 maxCFL_Ne=   1.3500118529211928E-003 maxCFL_Ts=   5.1057443063762026E-004 CPU=   449.36054595379210      NumThreads=                    2 Elapsed time=   4.4507690272515841E-003
 CFL_Limit=   1.0000000000000000E-003
 dt_init=   1.0000000000000001E-018 dt=   1.0000000000000001E-018
 Time=  -2.4000000000393893E-014 Intensity=   365335475465723.00     
   4549.3165780516383      < Te <    4549.3269306935545     
   4696.4961210363845      < Th <    4696.5067867684484     
   80.151679516423670      < Ts <   80.192021089551702     
   2.9811715967852794E+025 < Ne <   2.9814989776111711E+025
   2.9811715967852798E+025 < Nh <   2.9814989776111707E+025
 CFL_Te=   1.6229353212409753E-003 maxCFL_Ne=   1.3507644821566776E-003 maxCFL_Ts=   5.1062753387397242E-004 CPU=   449.32204105400689      NumThreads=                    2 Elapsed time=   4.4511504383547640E-003
 CFL_Limit=   1.0000000000000000E-003
 dt_init=   1.0000000000000001E-018 dt=   1.0000000000000001E-018
 Time=  -2.3000000000394074E-014 Intensity=   396320048934197.19     
   4543.8273675843166      < Te <    4543.8387519531661     
   4699.8806636926211      < Th <    4699.8924127912060     
   80.172579549576966      < Ts <   80.218971685440835     
   3.3223431377588960E+025 < Ne <   3.3226983080325930E+025
   3.3223431377588964E+025 < Nh <   3.3226983080325917E+025
 CFL_Te=   1.6148302688742254E-003 maxCFL_Ne=   1.3517135512602872E-003 maxCFL_Ts=   5.1068595100099430E-004 CPU=   449.28307621402962      NumThreads=                    2 Elapsed time=   4.4515364719574686E-003
 CFL_Limit=   1.0000000000000000E-003
 dt_init=   1.0000000000000001E-018 dt=   1.0000000000000001E-018
 Time=  -2.2000000000394255E-014 Intensity=   428443508248522.81     
   4539.2562792103827      < Te <    4539.2687367260114     
   4703.5075497066828      < Th <    4703.5204265563143     
   80.196196838456615      < Ts <   80.248150760444560     
   3.6918258264837392E+025 < Ne <   3.6922098115347091E+025
   3.6918258264837396E+025 < Nh <   3.6922098115347078E+025
 CFL_Te=   1.6075853562413495E-003 maxCFL_Ne=   1.3533157667734933E-003 maxCFL_Ts=   5.1075196748163673E-004 CPU=   449.24512954655506      NumThreads=                    2 Elapsed time=   4.4519124826543971E-003
 CFL_Limit=   1.0000000000000000E-003
 dt_init=   1.0000000000000001E-018 dt=   1.0000000000000001E-018
 Time=  -2.1000000000394436E-014 Intensity=   461566590146842.69     
   4517.1160276822402      < Te <    4517.1295442759110     
   4706.0336255214916      < Th <    4706.0476684662181     
   80.221946417778270      < Ts <   80.280920001354360     
   4.0905844267612622E+025 < Ne <   4.0909981273404033E+025
   4.0905844267612630E+025 < Nh <   4.0909981273404015E+025
 CFL_Te=   1.5867813816079436E-003 maxCFL_Ne=   1.3532768752643599E-003 maxCFL_Ts=   5.1082380376257037E-004 CPU=   449.20832675776921      NumThreads=                    2 Elapsed time=   4.4522772194258067E-003
 CFL_Limit=   1.0000000000000000E-003
 dt_init=   1.0000000000000001E-018 dt=   1.0000000000000001E-018
 Time=  -2.0000000000394617E-014 Intensity=   495528221700865.94     
   4530.2508855908973      < Te <    4530.2655963275765     
   4710.7134218095453      < Th <    4710.7286735486823     
   80.250941051663105      < Ts <   80.317691406811505     
   4.5194493215807927E+025 < Ne <   4.5198934943421950E+025
   4.5194493215807936E+025 < Nh <   4.5198934943421915E+025
 CFL_Te=   1.5913954186139330E-003 maxCFL_Ne=   1.3572119661145251E-003 maxCFL_Ts=   5.1090455889228235E-004 CPU=   449.17594260276138      NumThreads=                    2 Elapsed time=   4.4525982144345251E-003
 CFL_Limit=   1.0000000000000000E-003
 dt_init=   1.0000000000000001E-018 dt=   1.0000000000000001E-018
 Time=  -1.9000000000394798E-014 Intensity=   530146153688799.81     
   4527.6935067943969      < Te <    4527.7093955610571     
   4714.7425189634878      < Th <    4714.7590107769138     
   80.283333754850389      < Ts <   80.359161871191944     
   4.9790971153534461E+025 < Ne <   4.9795723535911133E+025
   4.9790971153534469E+025 < Nh <   4.9795723535911090E+025
 CFL_Te=   1.5841101809330753E-003 maxCFL_Ne=   1.3601680639960224E-003 maxCFL_Ts=   5.1099455025190943E-004 CPU=   449.14070545843418      NumThreads=                    2 Elapsed time=   4.4529475411466367E-003
 CFL_Limit=   1.0000000000000000E-003
 dt_init=   1.0000000000000001E-018 dt=   1.0000000000000001E-018
 Time=  -1.8000000000394979E-014 Intensity=   565218022186472.88     
   4506.5747090594232      < Te <    4506.5917321592024     
   4719.8688627850206      < Th <    4719.8866266755003     
   80.318441002192444      < Ts <   80.403540885668534     
   5.4700319572460934E+025 < Ne <   5.4705386728059618E+025
   5.4700319572460943E+025 < Nh <   5.4705386728059575E+025
 CFL_Te=   1.5628725926538792E-003 maxCFL_Ne=   1.3622775764753358E-003 maxCFL_Ts=   5.1109202368586207E-004 CPU=   449.10274078557052      NumThreads=                    2 Elapsed time=   4.4533239688130163E-003
 CFL_Limit=   1.0000000000000000E-003
 dt_init=   1.0000000000000001E-018 dt=   1.0000000000000001E-018
 Time=  -1.7000000000395159E-014 Intensity=   600522846939103.38     
   4504.8348248748871      < Te <    4504.8530682038499     
   4724.9988071091038      < Th <    4725.0178651387632     
   80.356979518879044      < Ts <   80.453613803559321     
   5.9925680399122377E+025 < Ne <   5.9931064464565049E+025
   5.9925680399122385E+025 < Nh <   5.9931064464564989E+025
 CFL_Te=   1.5555394398446426E-003 maxCFL_Ne=   1.3665027322960226E-003 maxCFL_Ts=   5.1119866096292375E-004 CPU=   449.06429207500412      NumThreads=                    2 Elapsed time=   4.4537052606844849E-003
 CFL_Limit=   1.0000000000000000E-003
 dt_init=   1.0000000000000001E-018 dt=   1.0000000000000001E-018
 Time=  -1.6000000000395340E-014 Intensity=   635822964715935.12     
   4503.8037389564479      < Te <    4503.8232211729282     
   4731.1484326826094      < Th <    4731.1688074028662     
   80.399225025530683      < Ts <   80.507437895847303     
   6.5468135870838704E+025 < Ne <   6.5473836848602289E+025
   6.5468135870838712E+025 < Nh <   6.5473836848602220E+025
 CFL_Te=   1.5483936990863781E-003 maxCFL_Ne=   1.3714766649926759E-003 maxCFL_Ts=   5.1131543259751210E-004 CPU=   449.02698824758443      NumThreads=                    2 Elapsed time=   4.4540752612785943E-003
 CFL_Limit=   1.0000000000000000E-003
 dt_init=   1.0000000000000001E-018 dt=   1.0000000000000001E-018
 Time=  -1.5000000000395521E-014 Intensity=   670866384802206.00     
   4522.0065803094803      < Te <    4522.0273907253777     
   4737.0200247748962      < Th <    4737.0417196369890     
   80.445487915467339      < Ts <   80.564747280710520     
   7.1326567572809305E+025 < Ne <   7.1332583202037243E+025
   7.1326567572809313E+025 < Nh <   7.1332583202037158E+025
 CFL_Te=   1.5546517764135302E-003 maxCFL_Ne=   1.3770197731308358E-003 maxCFL_Ts=   5.1144292902616305E-004 CPU=   448.98995541302986      NumThreads=                    2 Elapsed time=   4.4544426348250531E-003
 CFL_Limit=   1.0000000000000000E-003
 dt_init=   1.0000000000000001E-018 dt=   1.0000000000000001E-018
 Time=  -1.4000000000395702E-014 Intensity=   705389542384174.75     
   4523.0659164019744      < Te <    4523.0879787344065     
   4743.8801847464620      < Th <    4743.9032014655959     
   80.495363475881675      < Ts <   80.628116861487115     
   7.7497538429160140E+025 < Ne <   7.7503864078650494E+025
   7.7497538429160157E+025 < Nh <   7.7503864078650357E+025
 CFL_Te=   1.5479422028282618E-003 maxCFL_Ne=   1.3830189330140661E-003 maxCFL_Ts=   5.1157988699149562E-004 CPU=   448.95311493811988      NumThreads=                    2 Elapsed time=   4.4548081602589261E-003
 CFL_Limit=   1.0000000000000000E-003
 dt_init=   1.0000000000000001E-018 dt=   1.0000000000000001E-018
 Time=  -1.3000000000395883E-014 Intensity=   739120414174030.25     
   4525.3930316943643      < Te <    4525.4163472705195     
   4765.0733961634860      < Th <    4765.0978025415798     
   80.550317069442201      < Ts <   80.697668266954082     
   8.3975200619678823E+025 < Ne <   8.3981829211863597E+025
   8.3975200619678840E+025 < Nh <   8.3981829211863425E+025
 CFL_Te=   1.5417615154830375E-003 maxCFL_Ne=   1.3898547163543190E-003 maxCFL_Ts=   5.1173026469043988E-004 CPU=   448.91996732296479      NumThreads=                    2 Elapsed time=   4.4551370969898238E-003
 CFL_Limit=   1.0000000000000000E-003
 dt_init=   1.0000000000000001E-018 dt=   1.0000000000000001E-018
 Time=  -1.2000000000396064E-014 Intensity=   771781949547485.88     
   4528.9079396793422      < Te <    4528.9324993757355     
   4772.8320723767110      < Th <    4772.8577888181517     
   80.609694410429128      < Ts <   80.772082726463267     
   9.0751233614486941E+025 < Ne <   9.0758155578257912E+025
   9.0751233614486958E+025 < Nh <   9.0758155578257706E+025
 CFL_Te=   1.5363927101167711E-003 maxCFL_Ne=   1.3976458632363620E-003 maxCFL_Ts=   5.1189242306236542E-004 CPU=   448.88481704154424      NumThreads=                    2 Elapsed time=   4.4554859600317029E-003
 CFL_Limit=   1.0000000000000000E-003
 dt_init=   1.0000000000000001E-018 dt=   1.0000000000000001E-018
 Time=  -1.1000000000396245E-014 Intensity=   803095760155614.12     
   4533.8354914205756      < Te <    4533.8612837407745     
   4780.9041964299395      < Th <    4780.9312040777977     
   80.674522730471949      < Ts <   80.853849377243776     
   9.7814813782585310E+025 < Ne <   9.7822017039850403E+025
   9.7814813782585328E+025 < Nh <   9.7822017039850163E+025
 CFL_Te=   1.5310981448020163E-003 maxCFL_Ne=   1.4063199190612603E-003 maxCFL_Ts=   5.1206851168720375E-004 CPU=   448.84880868946823      NumThreads=                    2 Elapsed time=   4.4558433959968041E-003
 CFL_Limit=   1.0000000000000000E-003
 dt_init=   1.0000000000000001E-018 dt=   1.0000000000000001E-018
 Time=  -1.0000000000396426E-014 Intensity=   832786001727591.00     
   4556.6775996127635      < Te <    4556.7047079825461     
   4789.3529791940518      < Th <    4789.3812561043023     
   80.742569846234147      < Ts <   80.941157717822890     
   1.0515261827545100E+026 < Ne <   1.0516008826341162E+026
   1.0515261827545102E+026 < Nh <   1.0516008826341136E+026
 CFL_Te=   1.5388120304296409E-003 maxCFL_Ne=   1.4134052678532465E-003 maxCFL_Ts=   5.1225290319155728E-004 CPU=   448.81218955283379      NumThreads=                    2 Elapsed time=   4.4562069537208097E-003
 CFL_Limit=   1.0000000000000000E-003
 dt_init=   1.0000000000000001E-018 dt=   1.0000000000000001E-018
 Time=  -9.0000000003966072E-015 Intensity=   860583374007767.50     
   4563.9198599619504      < Te <    4563.9481683445902     
   4814.2400036397676      < Th <    4814.2696163060446     
   80.816467806548275      < Ts <   81.034009237833388     
   1.1274886445343295E+026 < Ne <   1.1275658418016626E+026
   1.1274886445343297E+026 < Nh <   1.1275658418016597E+026
 CFL_Te=   1.5348377809349155E-003 maxCFL_Ne=   1.4234665720863403E-003 maxCFL_Ts=   5.1245225280289900E-004 CPU=   448.77615007499833      NumThreads=                    2 Elapsed time=   4.4565648144754685E-003
 CFL_Limit=   1.0000000000000000E-003
 dt_init=   1.0000000000000001E-018 dt=   1.0000000000000001E-018
 Time=  -8.0000000003967882E-015 Intensity=   886229158745764.00     
   4572.8214805670314      < Te <    4572.8509686032194     
   4823.2435760964299      < Th <    4823.2743972470107     
   80.895580248089630      < Ts <   81.134079751185354     
   1.2058538635505569E+026 < Ne <   1.2059333649587840E+026
   1.2058538635505571E+026 < Nh <   1.2059333649587808E+026
 CFL_Te=   1.5315080104681262E-003 maxCFL_Ne=   1.4346384310990384E-003 maxCFL_Ts=   5.1266437280265064E-004 CPU=   448.73946441310403      NumThreads=                    2 Elapsed time=   4.4569291506726602E-003
 CFL_Limit=   1.0000000000000000E-003
 dt_init=   1.0000000000000001E-018 dt=   1.0000000000000001E-018
 Time=  -7.0000000003969692E-015 Intensity=   909479211697416.50     
   4583.4246397912402      < Te <    4583.4552752677355     
   4832.8177356520891      < Th <    4832.8497205819504     
   80.980290169783416      < Ts <   81.239844426115212     
   1.2864174658137058E+026 < Ne <   1.2864990560857891E+026
   1.2864174658137060E+026 < Nh <   1.2864990560857858E+026
 CFL_Te=   1.5292249210033559E-003 maxCFL_Ne=   1.4470126382434504E-003 maxCFL_Ts=   5.1289082015915490E-004 CPU=   448.70603465257250      NumThreads=                    2 Elapsed time=   4.4572612034259251E-003
 CFL_Limit=   1.0000000000000000E-003
 dt_init=   1.0000000000000001E-018 dt=   1.0000000000000001E-018
 Time=  -6.0000000003971501E-015 Intensity=   930107822811055.38     
   4608.9937494547885      < Te <    4609.0255905468757     
   4859.7564904523852      < Th <    4859.7897064892359     
   81.070341726362386      < Ts <   81.352337683845434     
   1.3689538417577727E+026 < Ne <   1.3690372852488652E+026
   1.3689538417577730E+026 < Nh <   1.3690372852488619E+026
 CFL_Te=   1.5377558546946627E-003 maxCFL_Ne=   1.4550851029810448E-003 maxCFL_Ts=   5.1312978415340375E-004 CPU=   448.66888990802522      NumThreads=                    2 Elapsed time=   4.4576302145887346E-003
 CFL_Limit=   1.0000000000000000E-003
 dt_init=   1.0000000000000001E-018 dt=   1.0000000000000001E-018
 Time=  -5.0000000003973311E-015 Intensity=   947911359388376.50     
   4621.8215032061344      < Te <    4621.8544162528533     
   4869.4285715606766      < Th <    4869.4628498402017     
   81.166025312793209      < Ts <   81.470900549365538     
   1.4532179761804705E+026 < Ne <   1.4533030188402341E+026
   1.4532179761804708E+026 < Nh <   1.4533030188402325E+026
 CFL_Te=   1.5362882540780329E-003 maxCFL_Ne=   1.4688972366988491E-003 maxCFL_Ts=   5.1338275666429551E-004 CPU=   448.63230301528392      NumThreads=                    2 Elapsed time=   4.4579937435576594E-003
 CFL_Limit=   1.0000000000000000E-003
 dt_init=   1.0000000000000001E-018 dt=   1.0000000000000001E-018
 Time=  -4.0000000003975121E-015 Intensity=   962711610070060.00     
   4648.2968689549998      < Te <    4648.3309017981437     
   4897.2970754646849      < Th <    4897.3324877216837     
   81.267895824704411      < Ts <   81.599851484065738     
   1.5389475824640048E+026 < Ne <   1.5390339541581616E+026
   1.5389475824640051E+026 < Nh <   1.5390339541581610E+026
 CFL_Te=   1.5450886286672715E-003 maxCFL_Ne=   1.4773117591385674E-003 maxCFL_Ts=   5.1365022260641609E-004 CPU=   448.59752660463545      NumThreads=                    2 Elapsed time=   4.4583393384660126E-003
 CFL_Limit=   1.0000000000000000E-003
 dt_init=   1.0000000000000001E-018 dt=   1.0000000000000001E-018
 Time=  -3.0000000003976930E-015 Intensity=   974358752858026.62     
   4663.2939506935063      < Te <    4663.3288900698772     
   4906.2789357086176      < Th <    4906.3152982856218     
   81.374187428619209      < Ts <   81.734253187400284     
   1.6258655275080955E+026 < Ne <   1.6259529445543054E+026
   1.6258655275080959E+026 < Nh <   1.6259529445543085E+026
 CFL_Te=   1.5447478136644316E-003 maxCFL_Ne=   1.4925910986102683E-003 maxCFL_Ts=   5.1392750218850461E-004 CPU=   448.56474684845631      NumThreads=                    2 Elapsed time=   4.4586651404321847E-003
 CFL_Limit=   1.0000000000000000E-003
 dt_init=   1.0000000000000001E-018 dt=   1.0000000000000001E-018
 Time=  -2.0000000003978740E-015 Intensity=   982733878060366.12     
   4690.2784651430402      < Te <    4690.3144565797493     
   4934.6400297705441      < Th <    4934.6774410103862     
   81.487543097456197      < Ts <   81.882340613541203     
   1.7136825237844924E+026 < Ne <   1.7137706917515325E+026
   1.7136825237844928E+026 < Nh <   1.7137706917515384E+026
 CFL_Te=   1.5536866093857089E-003 maxCFL_Ne=   1.5012283290999531E-003 maxCFL_Ts=   5.1422152694769721E-004 CPU=   448.53222976329016      NumThreads=                    2 Elapsed time=   4.4589883787291857E-003
 CFL_Limit=   1.0000000000000000E-003
 dt_init=   1.0000000000000001E-018 dt=   1.0000000000000001E-018
 Time=  -1.0000000003979017E-015 Intensity=   987751006861433.25     
   4707.2585458035064      < Te <    4707.2954698994463     
   4944.8294801656984      < Th <    4944.8677526129159     
   81.604764818140538      < Ts <   82.027407082166917     
   1.8020999947696783E+026 < Ne <   1.8021886114432864E+026
   1.8020999947696786E+026 < Nh <   1.8021886114432977E+026
 CFL_Te=   1.5545971910377540E-003 maxCFL_Ne=   1.5179521353070923E-003 maxCFL_Ts=   5.1452323787330159E-004 CPU=   448.49625914208013      NumThreads=                    2 Elapsed time=   4.4593460017387024E-003
 CFL_Limit=   1.0000000000000000E-003
 dt_init=   1.0000000000000001E-018 dt=   1.0000000000000001E-018
 Time=  -3.9788984726558512E-025 Intensity=   989358557592337.00     
   4734.3212474588745      < Te <    4734.3591253261648     
   4973.2236013319762      < Th <    4973.2628133056578     
   81.728736607680062      < Ts <   82.181849804322866     
   1.8908131461621109E+026 < Ne <   1.8909019046776548E+026
   1.8908131461621113E+026 < Nh <   1.8909019046776744E+026
 CFL_Te=   1.5635347832674332E-003 maxCFL_Ne=   1.5266793169537100E-003 maxCFL_Ts=   5.1483996329115638E-004 CPU=   448.46122760132238      NumThreads=                    2 Elapsed time=   4.4596943434717174E-003
 CFL_Limit=   1.0000000000000000E-003
 dt_init=   1.0000000000000001E-018 dt=   1.0000000000000001E-018
