 Hello from thread =                    0
OpenMP TEST
Number of Threads = 1
*******************************
 Pi =    3.1415926535897931     
 Read PolarizationSource TM:                     0
 Read phiMie0:    270.00000000000000      deg -> rad
 Importing data on Polarization.
 Loading GMSH mesh...
 MESH INFORMATIONS
 [GMSH] Quadrangles number
               120000
 [GMSH] Node number
               120704
 Latest running index while remeshing                 2604
 [Mesh] Building...

 [Mesh] Convergence (                  500 )=   1.0817200796192992E-005
 [Mesh] Convergence (                 1000 )=   1.8112629213610488E-006
 [Mesh] Convergence (                 1500 )=   2.5792603657464494E-007
 [Mesh] Convergence (                 2000 )=   3.5914706339099211E-008
 [Mesh] Convergence (                 2500 )=   4.9850516661535945E-009
 [Mesh] Convergence (                 3000 )=   6.9162929503363552E-010
 [Mesh] Convergence is reached. The show can go on.
 [Mesh) ITERATIONS=                 3490
 Vessel cells:                   51 *                   51 =                 2601
 Matter cells:                   51 *                   51 =                 2601
  -73.799999999999997       -74.200000000000003     
 Done.
 [Mesh] Calculation of normales and distances.
 NEEDLE CHECK
 North  -3.7660326630786244E-002  0.99929059827362665     
 South  -4.4254985284557589E-002 -0.99902026820153322     
 East  0.99776387854434379        6.6837434661633735E-002
 West -0.98355051411920225      -0.18063329199196024     
   1.0084235919080716E-007   1.0080401314662160E-007   6.2261963353734495E-009   6.0517118214716542E-009
 VESSEL CHECK
 North  -3.7660326630786486E-002  0.99929059827362954     
 South  -4.4254985284557596E-002 -0.99902026820153644     
 East  0.99776387854570758        6.6837434661703207E-002
 West -0.98355051411899175      -0.18063329199185602     
   1.0084235919080652E-007   1.0080401314662204E-007   6.2261963353814905E-009   6.0517118214533355E-009
 epsilon(   515.00000000000000      nm)= (  17.825399999999998     , 0.50668999999999997     )
 Re(sqrt(epsilon))=   4.2224400481392985     
 [Poisson eq.] Filling matrix
 Starting time loop.
 Time=  -1.9900000000000334E-013 Intensity=   1.5608081973338662E-015
   80.000000477192344      < Te <    80.000000477853547     
   80.000000477192344      < Th <    80.000000477853547     
   80.000000000000000      < Ts <   80.000000000000000     
   100000.00001007428      < Ne <   100000.00001008825     
   100000.00001007428      < Nh <   100000.00001008825     
 CFL_Te=   3.0172996512481956E-005 maxCFL_Ne=   2.3291356418542616E-005 maxCFL_Ts=   5.1020110945368359E-004 CPU=   285.69116241985853      NumThreads=                    1 Elapsed time=   3.5002832832832830E-003
 CFL_Limit=   1.0000000000000000E-003
 dt_init=   1.0000000000000001E-018 dt=   1.0000000000000001E-018
 Time=  -1.9800000000000668E-013 Intensity=   3.1054412247246876E-015
   80.000001427414261      < Te <    80.000001428727828     
   80.000001427414261      < Th <    80.000001428727828     
   80.000000000000000      < Ts <   80.000000000000000     
   100000.00003017709      < Ne <   100000.00003020490     
   100000.00003017709      < Nh <   100000.00003020490     
 CFL_Te=   3.0172996870869982E-005 maxCFL_Ne=   2.3291356695192078E-005 maxCFL_Ts=   5.1020110945368359E-004 CPU=   289.57891112245221      NumThreads=                    1 Elapsed time=   3.4532901450725359E-003
 CFL_Limit=   1.0000000000000000E-003
 dt_init=   1.0000000000000001E-018 dt=   1.0000000000000001E-018
 Time=  -1.9700000000001002E-013 Intensity=   6.1573230609639201E-015
   80.000003312372158      < Te <    80.000003314974620     
   80.000003312372158      < Th <    80.000003314974620     
   80.000000000000000      < Ts <   80.000000000000000     
   100000.00007009716      < Ne <   100000.00007015229     
   100000.00007009716      < Nh <   100000.00007015229     
 CFL_Te=   3.0172997581805335E-005 maxCFL_Ne=   2.3291357243982404E-005 maxCFL_Ts=   5.1020110945368359E-004 CPU=   290.65724493954497      NumThreads=                    1 Elapsed time=   3.4404784928309434E-003
 CFL_Limit=   1.0000000000000000E-003
 dt_init=   1.0000000000000001E-018 dt=   1.0000000000000001E-018
 Time=  -1.9600000000001335E-013 Intensity=   1.2166213048899516E-014
   80.000007040551225      < Te <    80.000007045691348     
   80.000007040551225      < Th <    80.000007045691348     
   80.000000000000000      < Ts <   80.000000000000000     
   100000.00014909677      < Ne <   100000.00014920571     
   100000.00014909677      < Nh <   100000.00014920571     
 CFL_Te=   3.0172998987934498E-005 maxCFL_Ne=   2.3291358329411744E-005 maxCFL_Ts=   5.1020110945368359E-004 CPU=   290.79142314369597      NumThreads=                    1 Elapsed time=   3.4388909727431855E-003
 CFL_Limit=   1.0000000000000000E-003
 dt_init=   1.0000000000000001E-018 dt=   1.0000000000000001E-018
 Time=  -1.9500000000001669E-013 Intensity=   2.3955969091122017E-014
   80.000014390740063      < Te <    80.000014400859044     
   80.000014390740063      < Th <    80.000014400859044     
   80.000000000000000      < Ts <   80.000000000000000     
   100000.00030489115      < Ne <   100000.00030510564     
   100000.00030489115      < Nh <   100000.00030510564     
 CFL_Te=   3.0173001760149759E-005 maxCFL_Ne=   2.3291360469360078E-005 maxCFL_Ts=   5.1020110945368359E-004 CPU=   291.38036947310627      NumThreads=                    1 Elapsed time=   3.4319401880376077E-003
 CFL_Limit=   1.0000000000000000E-003
 dt_init=   1.0000000000000001E-018 dt=   1.0000000000000001E-018
 Time=  -1.9400000000002002E-013 Intensity=   4.7007474681725239E-014
   80.000028833529129      < Te <    80.000028853382560     
   80.000028833529129      < Th <    80.000028853382560     
   80.000000000000000      < Ts <   80.000000000000000     
   100000.00061106883      < Ne <   100000.00061148973     
   100000.00061106883      < Nh <   100000.00061148973     
 CFL_Te=   3.0173007207427523E-005 maxCFL_Ne=   2.3291364674261902E-005 maxCFL_Ts=   5.1020110945368359E-004 CPU=   291.76752562753848      NumThreads=                    1 Elapsed time=   3.4273862310385066E-003
 CFL_Limit=   1.0000000000000000E-003
 dt_init=   1.0000000000000001E-018 dt=   1.0000000000000001E-018
 Time=  -1.9300000000002336E-013 Intensity=   9.1921043856280728E-014
   80.000057116609241      < Te <    80.000057155428721     
   80.000057116609241      < Th <    80.000057155428721     
   80.000000000000000      < Ts <   80.000000000000000     
   100000.00121070982      < Ne <   100000.00121153287     
   100000.00121070982      < Nh <   100000.00121153287     
 CFL_Te=   3.0173017874743431E-005 maxCFL_Ne=   2.3291372908653099E-005 maxCFL_Ts=   5.1020110945368359E-004 CPU=   292.02241817593597      NumThreads=                    1 Elapsed time=   3.4243946278039719E-003
 CFL_Limit=   1.0000000000000000E-003
 dt_init=   1.0000000000000001E-018 dt=   1.0000000000000001E-018
 Time=  -1.9200000000002670E-013 Intensity=   1.7912566855350728E-013
   80.000112313108744      < Te <    80.000112388751688     
   80.000112313108744      < Th <    80.000112388751688     
   80.000000000000000      < Ts <   80.000000000000000     
   100000.00238102887      < Ne <   100000.00238263275     
   100000.00238102887      < Nh <   100000.00238263275     
 CFL_Te=   3.0173038692790644E-005 maxCFL_Ne=   2.3291388978669788E-005 maxCFL_Ts=   5.1020110945368359E-004 CPU=   292.23876817066423      NumThreads=                    1 Elapsed time=   3.4218594824353046E-003
 CFL_Limit=   1.0000000000000000E-003
 dt_init=   1.0000000000000001E-018 dt=   1.0000000000000001E-018
 Time=  -1.9100000000003003E-013 Intensity=   3.4785283813530712E-013
   80.000219662256029      < Te <    80.000219809144241     
   80.000219662256029      < Th <    80.000219809144241     
   80.000000000000000      < Ts <   80.000000000000000     
   100000.00465723996      < Ne <   100000.00466035461     
   100000.00465723996      < Nh <   100000.00466035461     
 CFL_Te=   3.0173079180858492E-005 maxCFL_Ne=   2.3291420232510239E-005 maxCFL_Ts=   5.1020110945368359E-004 CPU=   292.41185548596030      NumThreads=                    1 Elapsed time=   3.4198339815535062E-003
 CFL_Limit=   1.0000000000000000E-003
 dt_init=   1.0000000000000001E-018 dt=   1.0000000000000001E-018
 Time=  -1.9000000000003337E-013 Intensity=   6.7317523082182542E-013
   80.000427720236658      < Te <    80.000428004488157     
   80.000427720236658      < Th <    80.000428004488157     
   80.000000000000000      < Ts <   80.000000000000000     
   100000.00906904222      < Ne <   100000.00907506979     
   100000.00906904222      < Nh <   100000.00907506979     
 CFL_Te=   3.0173157652517076E-005 maxCFL_Ne=   2.3291480806917156E-005 maxCFL_Ts=   5.1020110945368359E-004 CPU=   292.52764333569280      NumThreads=                    1 Elapsed time=   3.4184803480348035E-003
 CFL_Limit=   1.0000000000000000E-003
 dt_init=   1.0000000000000001E-018 dt=   1.0000000000000001E-018
 Time=  -1.8900000000003671E-013 Intensity=   1.2982417001071079E-012
   80.000829573122843      < Te <    80.000830121291941     
   80.000829573122843      < Th <    80.000830121291941     
   80.000000000000000      < Ts <   80.000000000000000     
   100000.01759051721      < Ne <   100000.01760214157     
   100000.01759051721      < Nh <   100000.01760214157     
 CFL_Te=   3.0173309216337835E-005 maxCFL_Ne=   2.3291597803151458E-005 maxCFL_Ts=   5.1020110945368359E-004 CPU=   292.62605747379035      NumThreads=                    1 Elapsed time=   3.4173306664242197E-003
 CFL_Limit=   1.0000000000000000E-003
 dt_init=   1.0000000000000001E-018 dt=   1.0000000000000001E-018
 Time=  -1.8800000000004004E-013 Intensity=   2.4950418329827070E-012
   80.001603047293969      < Te <    80.001604100762776     
   80.001603047293969      < Th <    80.001604100762776     
   80.000000000000000      < Ts <   80.000000000000000     
   100000.03399297041      < Ne <   100000.03401531083     
   100000.03399297041      < Nh <   100000.03401531083     
 CFL_Te=   3.0173600941754438E-005 maxCFL_Ne=   2.3291822993932617E-005 maxCFL_Ts=   5.1020110945368359E-004 CPU=   292.71419511866208      NumThreads=                    1 Elapsed time=   3.4163016918076507E-003
 CFL_Limit=   1.0000000000000000E-003
 dt_init=   1.0000000000000001E-018 dt=   1.0000000000000001E-018
 Time=  -1.8700000000004338E-013 Intensity=   4.7785370591305342E-012
   80.003086658295800      < Te <    80.003088675843074     
   80.003086658295800      < Th <    80.003088675843074     
   80.000000000000000      < Ts <   80.000000000000000     
   100000.06545582501      < Ne <   100000.06549861169     
   100000.06545582501      < Nh <   100000.06549861169     
 CFL_Te=   3.0174160504120915E-005 maxCFL_Ne=   2.3292254935337916E-005 maxCFL_Ts=   5.1020110945368359E-004 CPU=   292.78649881922513      NumThreads=                    1 Elapsed time=   3.4154580352334790E-003
 CFL_Limit=   1.0000000000000000E-003
 dt_init=   1.0000000000000001E-018 dt=   1.0000000000000001E-018
 Time=  -1.8600000000004672E-013 Intensity=   9.1202540354820250E-012
   80.005922548784412      < Te <    80.005926399313410     
   80.005922548784412      < Th <    80.005926399313410     
   80.000000000000000      < Ts <   80.000000000000000     
   100000.12559849530      < Ne <   100000.12568015739     
   100000.12559849530      < Nh <   100000.12568015739     
 CFL_Te=   3.0175230095537314E-005 maxCFL_Ne=   2.3293080582034669E-005 maxCFL_Ts=   5.1020110945368359E-004 CPU=   292.84861751458152      NumThreads=                    1 Elapsed time=   3.4147335523965999E-003
 CFL_Limit=   1.0000000000000000E-003
 dt_init=   1.0000000000000001E-018 dt=   1.0000000000000001E-018
 Time=  -1.8500000000005005E-013 Intensity=   1.7346575960485076E-011
   80.011324538537721      < Te <    80.011331861914684     
   80.011324538537721      < Th <    80.011331861914684     
   80.000000000000000      < Ts <   80.000000000000000     
   100000.24016629423      < Ne <   100000.24032161421     
   100000.24016629423      < Nh <   100000.24032161421     
 CFL_Te=   3.0177267523249992E-005 maxCFL_Ne=   2.3294653327884208E-005 maxCFL_Ts=   5.1020110945368359E-004 CPU=   292.90393877587087      NumThreads=                    1 Elapsed time=   3.4140886059070607E-003
 CFL_Limit=   1.0000000000000000E-003
 dt_init=   1.0000000000000001E-018 dt=   1.0000000000000001E-018
 Time=  -1.8400000000005339E-013 Intensity=   3.2878760687561038E-011
   80.021578992977467      < Te <    80.021592873193612     
   80.021578992977467      < Th <    80.021592873193612     
   80.000000000000000      < Ts <   80.000000000000000     
   100000.45765550045      < Ne <   100000.45794989449     
   100000.45765550045      < Nh <   100000.45794989449     
 CFL_Te=   3.0181135118452527E-005 maxCFL_Ne=   2.3297638829781820E-005 maxCFL_Ts=   5.1020110945368359E-004 CPU=   292.95381528810583      NumThreads=                    1 Elapsed time=   3.4135073442090129E-003
 CFL_Limit=   1.0000000000000000E-003
 dt_init=   1.0000000000000001E-018 dt=   1.0000000000000001E-018
 Time=  -1.8300000000005673E-013 Intensity=   6.2102912198057113E-011
   80.040977362502034      < Te <    80.041003578965189     
   80.040977362502034      < Th <    80.041003578965189     
   80.000000000000000      < Ts <   80.000000000000000     
   100000.86909702668      < Ne <   100000.86965309166     
   100000.86909702668      < Nh <   100000.86965309166     
 CFL_Te=   3.0188451455109034E-005 maxCFL_Ne=   2.3303286508979824E-005 maxCFL_Ts=   5.1020110945368359E-004 CPU=   292.99288361152003      NumThreads=                    1 Elapsed time=   3.4130521795399729E-003
 CFL_Limit=   1.0000000000000000E-003
 dt_init=   1.0000000000000001E-018 dt=   1.0000000000000001E-018
 Time=  -1.8200000000006006E-013 Intensity=   1.1689699388427008E-010
   80.077546153964363      < Te <    80.077595499005298     
   80.077546153964363      < Th <    80.077595499005298     
   80.000000000000000      < Ts <   80.000000000000000     
   100001.64476134343      < Ne <   100001.64580803066     
   100001.64476134343      < Nh <   100001.64580803066     
 CFL_Te=   3.0202243830242499E-005 maxCFL_Ne=   2.3313933218363126E-005 maxCFL_Ts=   5.1020110945368359E-004 CPU=   293.01012694376016      NumThreads=                    1 Elapsed time=   3.4128513250736153E-003
 CFL_Limit=   1.0000000000000000E-003
 dt_init=   1.0000000000000001E-018 dt=   1.0000000000000001E-018
 Time=  -1.8100000000006340E-013 Intensity=   2.1927522735647163E-010
   80.146244545999835      < Te <    80.146337101386791     
   80.146244545999835      < Th <    80.146337101386791     
   80.000000000000000      < Ts <   80.000000000000000     
   100003.10201374321      < Ne <   100003.10397711775     
   100003.10201374321      < Nh <   100003.10397711775     
 CFL_Te=   3.0228154284379190E-005 maxCFL_Ne=   2.3333934202422311E-005 maxCFL_Ts=   5.1020110945368359E-004 CPU=   293.03796307659968      NumThreads=                    1 Elapsed time=   3.4125271330070006E-003
 CFL_Limit=   1.0000000000000000E-003
 dt_init=   1.0000000000000001E-018 dt=   1.0000000000000001E-018
 Time=  -1.8000000000006673E-013 Intensity=   4.0989313713879761E-010
   80.274852899429192      < Te <    80.275025898408074     
   80.274852899429192      < Th <    80.275025898408074     
   80.000000000000000      < Ts <   80.000000000000000     
   100005.83030682562      < Ne <   100005.83397697915     
   100005.83030682562      < Nh <   100005.83397697915     
 CFL_Te=   3.0276660526583607E-005 maxCFL_Ne=   2.3371377489675532E-005 maxCFL_Ts=   5.1020110945368359E-004 CPU=   293.05945987261475      NumThreads=                    1 Elapsed time=   3.4122768138406924E-003
 CFL_Limit=   1.0000000000000000E-003
 dt_init=   1.0000000000000001E-018 dt=   1.0000000000000001E-018
 Time=  -1.7900000000007007E-013 Intensity=   7.6356598600097579E-010
   80.514775482500667      < Te <    80.515097707739471     
   80.514775482500667      < Th <    80.515097707739471     
   80.000000000000000      < Ts <   80.000000000000000     
   100010.92059700783      < Ne <   100010.92743392248     
   100010.92059700783      < Nh <   100010.92743392248     
 CFL_Te=   3.0367150316822356E-005 maxCFL_Ne=   2.3441229019198552E-005 maxCFL_Ts=   5.1020110945368359E-004 CPU=   293.07765212351217      NumThreads=                    1 Elapsed time=   3.4120650030953861E-003
 CFL_Limit=   1.0000000000000000E-003
 dt_init=   1.0000000000000001E-018 dt=   1.0000000000000001E-018
 Time=  -1.7800000000007341E-013 Intensity=   1.4174813416816798E-009
   80.960779689844912      < Te <    80.961377732658008     
   80.960779689844912      < Th <    80.961377732658008     
   80.000000000000000      < Ts <   80.000000000000000     
   100020.38491527138      < Ne <   100020.39760729687     
   100020.38491527138      < Nh <   100020.39760729687     
 CFL_Te=   3.0535366358228346E-005 maxCFL_Ne=   2.3571079555391817E-005 maxCFL_Ts=   5.1020110945368359E-004 CPU=   293.09595745012507      NumThreads=                    1 Elapsed time=   3.4118519023591987E-003
 CFL_Limit=   1.0000000000000000E-003
 dt_init=   1.0000000000000001E-018 dt=   1.0000000000000001E-018
 Time=  -1.7700000000007674E-013 Intensity=   2.6223036413214384E-009
   81.786908727878796      < Te <    81.788014662907941     
   81.786908727878796      < Th <    81.788014662907941     
   80.000000000000000      < Ts <   80.000000000000000     
   100037.92095044946      < Ne <   100037.94443036673     
   100037.92095044946      < Nh <   100037.94443036673     
 CFL_Te=   3.0846951213662981E-005 maxCFL_Ne=   2.3811600377364068E-005 maxCFL_Ts=   5.1020110945368359E-004 CPU=   293.11791034038140      NumThreads=                    1 Elapsed time=   3.4115963737553811E-003
 CFL_Limit=   1.0000000000000000E-003
 dt_init=   1.0000000000000001E-018 dt=   1.0000000000000001E-018
 Time=  -1.7600000000008008E-013 Intensity=   4.8344097271306617E-009
   83.311496839812222      < Te <    83.313534317399842     
   83.311496839812222      < Th <    83.313534317399842     
   80.000000000000000      < Ts <   80.000000000000000     
   100070.30034743261      < Ne <   100070.34363438787     
   100070.30034743261      < Nh <   100070.34363438787     
 CFL_Te=   3.1421968607537299E-005 maxCFL_Ne=   2.4255471938547843E-005 maxCFL_Ts=   5.1020110945368359E-004 CPU=   293.14153846747672      NumThreads=                    1 Elapsed time=   3.4113213883911831E-003
 CFL_Limit=   1.0000000000000000E-003
 dt_init=   1.0000000000000001E-018 dt=   1.0000000000000001E-018
 Time=  -1.7500000000008342E-013 Intensity=   8.8817548566826219E-009
   86.114154251527864      < Te <    86.117892902321657     
   86.114154251527864      < Th <    86.117892902321657     
   80.000000000000000      < Ts <   80.000000000000000     
   100129.88046851470      < Ne <   100129.95999510572     
   100129.88046851470      < Nh <   100129.95999510572     
 CFL_Te=   3.2479025755099271E-005 maxCFL_Ne=   2.5071443092372395E-005 maxCFL_Ts=   5.1020110945368359E-004 CPU=   293.16919986128551      NumThreads=                    1 Elapsed time=   3.4109995199807994E-003
 CFL_Limit=   1.0000000000000000E-003
 dt_init=   1.0000000000000001E-018 dt=   1.0000000000000001E-018
 Time=  -1.7400000000008675E-013 Intensity=   1.6261064004507730E-008
   91.244536539257197      < Te <    91.251366237725975     
   91.244536539257197      < Th <    91.251366237725975     
   80.000000000000000      < Ts <   80.000000000000000     
   100239.13244014983      < Ne <   100239.27804054158     
   100239.13244014983      < Nh <   100239.27804054158     
 CFL_Te=   3.4414013329499200E-005 maxCFL_Ne=   2.6565112613798827E-005 maxCFL_Ts=   5.1020110945368359E-004 CPU=   293.17969134275745      NumThreads=                    1 Elapsed time=   3.4108774568252626E-003
 CFL_Limit=   1.0000000000000000E-003
 dt_init=   1.0000000000000001E-018 dt=   1.0000000000000001E-018
 Time=  -1.7300000000009009E-013 Intensity=   2.9668390479681111E-008
   100.59039631092435      < Te <    100.60280717485871     
   100.59039631092435      < Th <    100.60280717485871     
   80.000000000000000      < Ts <   80.000000000000000     
   100438.77469297295      < Ne <   100439.04034159688     
   100438.77469297295      < Nh <   100439.04034159688     
 CFL_Te=   3.7938920737181690E-005 maxCFL_Ne=   2.9286084484813724E-005 maxCFL_Ts=   5.1020110945368359E-004 CPU=   293.19014496693813      NumThreads=                    1 Elapsed time=   3.4107558428089933E-003
 CFL_Limit=   1.0000000000000000E-003
 dt_init=   1.0000000000000001E-018 dt=   1.0000000000000001E-018
 Time=  -1.7200000000009343E-013 Intensity=   5.3942846938300164E-008
   117.51384716589304      < Te <    117.53624919722215     
   117.51384716589304      < Th <    117.53624919722215     
   80.000000000000000      < Ts <   80.000000000000000     
   100802.33035897999      < Ne <   100802.81335933249     
   100802.33035897999      < Nh <   100802.81335933249     
 CFL_Te=   4.4321810994434970E-005 maxCFL_Ne=   3.4213211026608459E-005 maxCFL_Ts=   5.1020110945368359E-004 CPU=   293.17418376763891      NumThreads=                    1 Elapsed time=   3.4109415336262012E-003
 CFL_Limit=   1.0000000000000000E-003
 dt_init=   1.0000000000000001E-018 dt=   1.0000000000000001E-018
 Time=  -1.7100000000009676E-013 Intensity=   9.7739157377142928E-008
   147.91469049726021      < Te <    147.95475317381212     
   147.91469049726021      < Th <    147.95475317381212     
   80.000000000000000      < Ts <   80.000000000000000     
   101462.08833628001      < Ne <   101462.96348563059     
   101462.08833628001      < Nh <   101462.96348563059     
 CFL_Te=   5.5787867673714216E-005 maxCFL_Ne=   4.3064171942002662E-005 maxCFL_Ts=   5.1020110945368359E-004 CPU=   293.16404312025657      NumThreads=                    1 Elapsed time=   3.4110595192937687E-003
 CFL_Limit=   1.0000000000000000E-003
 dt_init=   1.0000000000000001E-018 dt=   1.0000000000000001E-018
 Time=  -1.7000000000010010E-013 Intensity=   1.7648108606485697E-007
   201.89944842506964      < Te <    201.97011273333703     
   201.89944842506964      < Th <    201.97011273333703     
   80.000000000000000      < Ts <   80.000000000000000     
   102655.23452902456      < Ne <   102656.81472791315     
   102655.23452902456      < Nh <   102656.81472791315     
 CFL_Te=   7.6148891460799836E-005 maxCFL_Ne=   5.8781399824067814E-005 maxCFL_Ts=   5.1020110945368359E-004 CPU=   293.17303791190898      NumThreads=                    1 Elapsed time=   3.4109548651621723E-003
 CFL_Limit=   1.0000000000000000E-003
 dt_init=   1.0000000000000001E-018 dt=   1.0000000000000001E-018
 Time=  -1.6900000000010343E-013 Intensity=   3.1755766135123548E-007
   296.08517307479542      < Te <    296.20715771690237     
   296.08517307479542      < Th <    296.20715771690237     
   80.000000000000000      < Ts <   80.000000000000000     
   104805.52904171725      < Ne <   104808.37243006397     
   104805.52904171725      < Nh <   104808.37243006397     
 CFL_Te=   1.1167221051617866E-004 maxCFL_Ne=   8.6202815689945180E-005 maxCFL_Ts=   5.1020110945368359E-004 CPU=   293.16967985623177      NumThreads=                    1 Elapsed time=   3.4109939352882355E-003
 CFL_Limit=   1.0000000000000000E-003
 dt_init=   1.0000000000000001E-018 dt=   1.0000000000000001E-018
 Time=  -1.6800000000010677E-013 Intensity=   5.6943200375045409E-007
   455.87956315522638      < Te <    456.08302538039419     
   455.87956315522638      < Th <    456.08302538039419     
   80.000000000000000      < Ts <   80.000000000000000     
   108667.39780146530      < Ne <   108672.49645446842     
   108667.39780146530      < Nh <   108672.49645446842     
 CFL_Te=   1.7194065483932099E-004 maxCFL_Ne=   1.3272566657552767E-004 maxCFL_Ts=   5.1020110945368359E-004 CPU=   293.16408490671017      NumThreads=                    1 Elapsed time=   3.4110590330947844E-003
 CFL_Limit=   1.0000000000000000E-003
 dt_init=   1.0000000000000001E-018 dt=   1.0000000000000001E-018
 Time=  -1.6700000000011011E-013 Intensity=   1.0175505639765076E-006
   715.21605091348454      < Te <    715.53743948940746     
   715.21605091348454      < Th <    715.53743948940746     
   80.000000000000000      < Ts <   80.000000000000000     
   115579.21673096764      < Ne <   115588.32780516909     
   115579.21673096764      < Nh <   115588.32780516909     
 CFL_Te=   2.6975264101449734E-004 maxCFL_Ne=   2.0822939823403772E-004 maxCFL_Ts=   5.1020110945368359E-004 CPU=   293.15839952695239      NumThreads=                    1 Elapsed time=   3.4111251856116854E-003
 CFL_Limit=   1.0000000000000000E-003
 dt_init=   1.0000000000000001E-018 dt=   1.0000000000000001E-018
 Time=  -1.6600000000011344E-013 Intensity=   1.8120283017422144E-006
   1108.1977868702265      < Te <    1108.6651011891365     
   1108.1977868702265      < Th <    1108.6651011891365     
   80.000000000000000      < Ts <   80.000000000000000     
   127906.92848748119      < Ne <   127923.15325792191     
   127906.92848748119      < Nh <   127923.15325792191     
 CFL_Te=   4.1797059698653989E-004 maxCFL_Ne=   3.2264286852839834E-004 maxCFL_Ts=   5.1020110945368359E-004 CPU=   293.11996262300181      NumThreads=                    1 Elapsed time=   3.4115724874261007E-003
 CFL_Limit=   1.0000000000000000E-003
 dt_init=   1.0000000000000001E-018 dt=   1.0000000000000001E-018
 Time=  -1.6500000000011678E-013 Intensity=   3.2156502290740630E-006
   1647.0852286035954      < Te <    1647.6896975364098     
   1647.0852286035954      < Th <    1647.6896975364098     
   80.000000000000000      < Ts <   80.000000000000000     
   149818.21450097521      < Ne <   149847.00720072520     
   149818.21450097521      < Nh <   149847.00720072520     
 CFL_Te=   6.2121870702470038E-004 maxCFL_Ne=   4.7953561102865460E-004 maxCFL_Ts=   5.1020110945368359E-004 CPU=   293.11821102600004      NumThreads=                    1 Elapsed time=   3.4115928740821168E-003
 CFL_Limit=   1.0000000000000000E-003
 dt_init=   1.0000000000000001E-018 dt=   1.0000000000000001E-018
 Time=  -1.6400000000012012E-013 Intensity=   5.6867937975120608E-006
   2294.3745581941444      < Te <    2295.0489118556284     
   2294.3745581941444      < Th <    2295.0489118556288     
   80.000000000000000      < Ts <   80.000000000000000     
   188628.65260999257      < Ne <   188679.57175163788     
   188628.65260999257      < Nh <   188679.57175163788     
 CFL_Te=   8.6535193912224903E-004 maxCFL_Ne=   6.6798869092221202E-004 maxCFL_Ts=   5.1020110945368359E-004 CPU=   293.09929269186523      NumThreads=                    1 Elapsed time=   3.4118130781410597E-003
 CFL_Limit=   1.0000000000000000E-003
 dt_init=   1.0000000000000001E-018 dt=   1.0000000000000001E-018
 Time=  -1.6300000000012345E-013 Intensity=   1.0022152535589665E-005
   2960.1233031556517      < Te <    2960.7628434500471     
   2960.1233031556517      < Th <    2960.7628434500471     
   80.000000000000000      < Ts <   80.000000000000000     
   257134.00754132075      < Ne <   257223.74518081770     
   257134.00754132075      < Nh <   257223.74518081770     
 CFL_Te=   1.1164473696233996E-003 maxCFL_Ne=   8.6181608106724900E-004 maxCFL_Ts=   5.1020110945368359E-004 CPU=   293.07867371788655      NumThreads=                    1 Elapsed time=   3.4120531095435014E-003
 CFL_Limit=   1.0000000000000000E-003
 dt_init=   1.0000000000000001E-018 dt=   1.0000000000000001E-018
 Time=  -1.6200000000012679E-013 Intensity=   1.7601488071436876E-005
   3545.0847960846704      < Te <    3545.6055029430386     
   3545.0847960846695      < Th <    3545.6055029430386     
   80.000000000000000      < Ts <   80.000000000000000     
   377636.43954808038      < Ne <   377794.04204572178     
   377636.43954808038      < Nh <   377794.04204572178     
 CFL_Te=   1.3370728818834336E-003 maxCFL_Ne=   1.0321229128380423E-003 maxCFL_Ts=   5.1020110945368359E-004 CPU=   293.01195368324522      NumThreads=                    1 Elapsed time=   3.4128300481591624E-003
 CFL_Limit=   1.0000000000000000E-003
 dt_init=   1.0000000000000001E-018 dt=   1.0000000000000001E-018
 Time=  -1.6100000000013013E-013 Intensity=   3.0805808613878608E-005
   3992.8061216086940      < Te <    3993.1808435815597     
   3992.8061216086940      < Th <    3993.1808435815597     
   80.000000000000000      < Ts <   80.000000000000000     
   588869.74948411307      < Ne <   589145.58260272024     
   588869.74948411307      < Nh <   589145.58260272024     
 CFL_Te=   1.5059365557961802E-003 maxCFL_Ne=   1.1624733741725445E-003 maxCFL_Ts=   5.1020110945368359E-004 CPU=   292.93433652145450      NumThreads=                    1 Elapsed time=   3.4137343265211932E-003
 CFL_Limit=   1.0000000000000000E-003
 dt_init=   1.0000000000000001E-018 dt=   1.0000000000000001E-018
 Time=  -1.6000000000013346E-013 Intensity=   5.3729239106903670E-005
   4301.0901197548419      < Te <    4301.3370470978634     
   4301.0901197548446      < Th <    4301.3370470978634     
   80.000000000000000      < Ts <   80.000000000000000     
   957867.96813317935      < Ne <   958349.05617193703     
   957867.96813317935      < Nh <   958349.05617193703     
 CFL_Te=   1.6222097051140948E-003 maxCFL_Ne=   1.2522277796241101E-003 maxCFL_Ts=   5.1020110945368359E-004 CPU=   292.89186610825334      NumThreads=                    1 Elapsed time=   3.4142293307332689E-003
 CFL_Limit=   1.0000000000000000E-003
 dt_init=   1.0000000000000001E-018 dt=   1.0000000000000001E-018
 Time=  -1.5900000000013680E-013 Intensity=   9.3386396508871733E-005
   4498.4978838946254      < Te <    4498.6515680455423     
   4498.4978838946327      < Th <    4498.6515680455423     
   80.000000000000000      < Ts <   80.000000000000000     
   1600232.2641484782      < Ne <   1601068.4398401866     
   1600232.2641484782      < Nh <   1601068.4398401866     
 CFL_Te=   1.6966645019065624E-003 maxCFL_Ne=   1.3097014617108771E-003 maxCFL_Ts=   5.1020110945368359E-004 CPU=   292.84596709268175      NumThreads=                    1 Elapsed time=   3.4147644576696993E-003
 CFL_Limit=   1.0000000000000000E-003
 dt_init=   1.0000000000000001E-018 dt=   1.0000000000000001E-018
 Time=  -1.5800000000014014E-013 Intensity=   1.6175264648251087E-004
   4619.2470502383030      < Te <    4619.3394554647975     
   4619.2470502383039      < Th <    4619.3394554647975     
   80.000000000000000      < Ts <   80.000000000000000     
   2714613.4648008035      < Ne <   2716061.7875407687     
   2714613.4648008035      < Nh <   2716061.7875407687     
 CFL_Te=   1.7422065538220662E-003 maxCFL_Ne=   1.3448566098830861E-003 maxCFL_Ts=   5.1020110945368359E-004 CPU=   292.78789702016871      NumThreads=                    1 Elapsed time=   3.4154417248029719E-003
 CFL_Limit=   1.0000000000000000E-003
 dt_init=   1.0000000000000001E-018 dt=   1.0000000000000001E-018
 Time=  -1.5700000000014347E-013 Intensity=   2.7919910540149856E-004
   4691.1265314061184      < Te <    4691.1809989548801     
   4691.1265314061184      < Th <    4691.1809989548810     
   80.000000000000000      < Ts <   80.000000000000000     
   4641168.5173142357      < Ne <   4643668.4481809437     
   4641168.5173142357      < Nh <   4643668.4481809437     
 CFL_Te=   1.7693167953428015E-003 maxCFL_Ne=   1.3657837424465018E-003 maxCFL_Ts=   5.1020110945368359E-004 CPU=   292.71145814336427      NumThreads=                    1 Elapsed time=   3.4163336356659458E-003
 CFL_Limit=   1.0000000000000000E-003
 dt_init=   1.0000000000000001E-018 dt=   1.0000000000000001E-018
 Time=  -1.5600000000014681E-013 Intensity=   4.8025456292409118E-004
   4733.2582314732426      < Te <    4733.2899804315030     
   4733.2582314732426      < Th <    4733.2899804315030     
   80.000000000000000      < Ts <   80.000000000000000     
   7960299.1013220949      < Ne <   7964599.2699888069     
   7960299.1013220949      < Nh <   7964599.2699888069     
 CFL_Te=   1.7852072907378930E-003 maxCFL_Ne=   1.3780500479081146E-003 maxCFL_Ts=   5.1020110945368359E-004 CPU=   292.63305998434350      NumThreads=                    1 Elapsed time=   3.4172488920202735E-003
 CFL_Limit=   1.0000000000000000E-003
 dt_init=   1.0000000000000001E-018 dt=   1.0000000000000001E-018
 Time=  -1.5500000000015014E-013 Intensity=   8.2323500183163778E-004
   4757.7368410727877      < Te <    4757.7552250686267     
   4757.7368410727877      < Th <    4757.7552250686276     
   80.000000000000000      < Ts <   80.000000000000000     
   13658825.005917948      < Ne <   13666196.199677201     
   13658825.005917948      < Nh <   13666196.199677201     
 CFL_Te=   1.7944397032087919E-003 maxCFL_Ne=   1.3851767981257709E-003 maxCFL_Ts=   5.1020110945368359E-004 CPU=   292.56683055952902      NumThreads=                    1 Elapsed time=   3.4180224671659372E-003
 CFL_Limit=   1.0000000000000000E-003
 dt_init=   1.0000000000000001E-018 dt=   1.0000000000000001E-018
 Time=  -1.5400000000015348E-013 Intensity=   1.4062774236661619E-003
   4771.8776967455087      < Te <    4771.8882871611559     
   4771.8776967455060      < Th <    4771.8882871611568     
   80.000000000000000      < Ts <   80.000000000000000     
   23408631.346135695      < Ne <   23421223.064787634     
   23408631.346135695      < Nh <   23421223.064787634     
 CFL_Te=   1.7997731030381860E-003 maxCFL_Ne=   1.3892937944704185E-003 maxCFL_Ts=   5.1020110945368359E-004 CPU=   292.49773916588032      NumThreads=                    1 Elapsed time=   3.4188298441270464E-003
 CFL_Limit=   1.0000000000000000E-003
 dt_init=   1.0000000000000001E-018 dt=   1.0000000000000001E-018
 Time=  -1.5300000000015682E-013 Intensity=   2.3939387363958401E-003
   4780.0019834383102      < Te <    4780.0080453393666     
   4780.0019834383102      < Th <    4780.0080453393666     
   80.000000000000000      < Ts <   80.000000000000000     
   40032217.877309702      < Ne <   40053653.052815400     
   40032217.877309702      < Nh <   40053653.052815400     
 CFL_Te=   1.8028372789455087E-003 maxCFL_Ne=   1.3916591151689162E-003 maxCFL_Ts=   5.1020110945368359E-004 CPU=   292.41530725912185      NumThreads=                    1 Elapsed time=   3.4197936126300560E-003
 CFL_Limit=   1.0000000000000000E-003
 dt_init=   1.0000000000000001E-018 dt=   1.0000000000000001E-018
 Time=  -1.5200000000016015E-013 Intensity=   4.0611582196023030E-003
   4784.6317916393646      < Te <    4784.6352235654304     
   4784.6317916393646      < Th <    4784.6352235654304     
   80.000000000000000      < Ts <   80.000000000000000     
   68277683.910450026      < Ne <   68314047.263732255     
   68277683.910450026      < Nh <   68314047.263732255     
 CFL_Te=   1.8045834687688916E-003 maxCFL_Ne=   1.3930070465728789E-003 maxCFL_Ts=   5.1020110945368359E-004 CPU=   292.34801084309692      NumThreads=                    1 Elapsed time=   3.4205808246005128E-003
 CFL_Limit=   1.0000000000000000E-003
 dt_init=   1.0000000000000001E-018 dt=   1.0000000000000001E-018
 Time=  -1.5100000000016349E-013 Intensity=   6.8656496377184186E-003
   4787.2311608966693      < Te <    4787.2330633938655     
   4787.2311608966693      < Th <    4787.2330633938645     
   80.000000000000000      < Ts <   80.000000000000000     
   116104122.15020396      < Ne <   116165596.74238034     
   116104122.15020396      < Nh <   116165596.74238034     
 CFL_Te=   1.8055638532572375E-003 maxCFL_Ne=   1.3937638320163058E-003 maxCFL_Ts=   5.1020110945368359E-004 CPU=   292.29667878457980      NumThreads=                    1 Elapsed time=   3.4211815343170270E-003
 CFL_Limit=   1.0000000000000000E-003
 dt_init=   1.0000000000000001E-018 dt=   1.0000000000000001E-018
 Time=  -1.5000000000016683E-013 Intensity=   1.1566666520934519E-002
   4788.6484766543854      < Te <    4788.6494874426808     
   4788.6484766543836      < Th <    4788.6494874426844     
   80.000000000000000      < Ts <   80.000000000000000     
   196805808.83454195      < Ne <   196909376.03502718     
   196805808.83454195      < Nh <   196909376.03502718     
 CFL_Te=   1.8060984115467360E-003 maxCFL_Ne=   1.3941764720947268E-003 maxCFL_Ts=   5.1020110945368359E-004 CPU=   292.25639389991653      NumThreads=                    1 Elapsed time=   3.4216531130622616E-003
 CFL_Limit=   1.0000000000000000E-003
 dt_init=   1.0000000000000001E-018 dt=   1.0000000000000001E-018
 Time=  -1.4900000000017016E-013 Intensity=   1.9419124322407912E-002
   4789.3755535848086      < Te <    4789.3760426227318     
   4789.3755535848077      < Th <    4789.3760426227345     
   80.000000000000000      < Ts <   80.000000000000000     
   332509750.66761112      < Ne <   332683628.27984113     
   332509750.66761112      < Nh <   332683628.27984107     
 CFL_Te=   1.8063726376661724E-003 maxCFL_Ne=   1.3943881546925911E-003 maxCFL_Ts=   5.1020110945368359E-004 CPU=   292.22354632007648      NumThreads=                    1 Elapsed time=   3.4220377262299258E-003
 CFL_Limit=   1.0000000000000000E-003
 dt_init=   1.0000000000000001E-018 dt=   1.0000000000000001E-018
 Time=  -1.4800000000017350E-013 Intensity=   3.2489716342295395E-002
   4789.6979541988849      < Te <    4789.6981365445990     
   4789.6979541988849      < Th <    4789.6981365445990     
   80.000000000000000      < Ts <   80.000000000000000     
   559913485.38854301      < Ne <   560204396.25787997     
   559913485.38854301      < Nh <   560204396.25787997     
 CFL_Te=   1.8064942350729974E-003 maxCFL_Ne=   1.3944820190371810E-003 maxCFL_Ts=   5.1020110945368359E-004 CPU=   292.19256181546638      NumThreads=                    1 Elapsed time=   3.4224006038577667E-003
 CFL_Limit=   1.0000000000000000E-003
 dt_init=   1.0000000000000001E-018 dt=   1.0000000000000001E-018
 Time=  -1.4700000000017684E-013 Intensity=   5.4169776937058010E-002
   4789.7818614751604      < Te <    4789.7818624564006     
   4789.7818614751604      < Th <    4789.7818624564006     
   80.000000000000000      < Ts <   80.000000000000000     
   939663677.22109902      < Ne <   940148709.98782086     
   939663677.22109902      < Nh <   940148709.98782086     
 CFL_Te=   1.8065258817472388E-003 maxCFL_Ne=   1.3945064479655082E-003 maxCFL_Ts=   5.1020110945368359E-004 CPU=   292.17415771698739      NumThreads=                    1 Elapsed time=   3.4226161814373858E-003
 CFL_Limit=   1.0000000000000000E-003
 dt_init=   1.0000000000000001E-018 dt=   1.0000000000000001E-018
 Time=  -1.4600000000018017E-013 Intensity=   9.0004251555476325E-002
   4789.7241331852383      < Te <    4789.7242403315004     
   4789.7241331852374      < Th <    4789.7242403315004     
   80.000000000000000      < Ts <   80.000000000000000     
   1571629642.5968106      < Ne <   1572435534.9949894     
   1571629642.5968106      < Nh <   1572435534.9949894     
 CFL_Te=   1.8065041492152810E-003 maxCFL_Ne=   1.3944896720331809E-003 maxCFL_Ts=   5.1020110945368359E-004 CPU=   292.15515236460095      NumThreads=                    1 Elapsed time=   3.4228388303487105E-003
 CFL_Limit=   1.0000000000000000E-003
 dt_init=   1.0000000000000001E-018 dt=   1.0000000000000001E-018
 Time=  -1.4500000000018351E-013 Intensity=  0.14902662029678132     
   4789.5816538247682      < Te <    4789.5818261808517     
   4789.5816538247664      < Th <    4789.5818261808517     
   80.000000000000000      < Ts <   80.000000000000000     
   2619686049.0848351      < Ne <   2621020424.0634122     
   2619686049.0848351      < Nh <   2621020424.0634122     
 CFL_Te=   1.8064504359447170E-003 maxCFL_Ne=   1.3944482092991557E-003 maxCFL_Ts=   5.1020110945368359E-004 CPU=   292.10247355650461      NumThreads=                    1 Elapsed time=   3.4234561173839525E-003
 CFL_Limit=   1.0000000000000000E-003
 dt_init=   1.0000000000000001E-018 dt=   1.0000000000000001E-018
 Time=  -1.4400000000018685E-013 Intensity=  0.24590056693320117     
   4789.3876961437409      < Te <    4789.3879084904484     
   4789.3876961437372      < Th <    4789.3879084904484     
   80.000000000000000      < Ts <   80.000000000000000     
   4351777839.9534502      < Ne <   4353979618.1681890     
   4351777839.9534502      < Nh <   4353979618.1681890     
 CFL_Te=   1.8063772974727006E-003 maxCFL_Ne=   1.3943917517239542E-003 maxCFL_Ts=   5.1020110945368359E-004 CPU=   292.04010658402620      NumThreads=                    1 Elapsed time=   3.4241872176288862E-003
 CFL_Limit=   1.0000000000000000E-003
 dt_init=   1.0000000000000001E-018 dt=   1.0000000000000001E-018
 Time=  -1.4300000000019018E-013 Intensity=  0.40434311979042498     
   4789.1618340552004      < Te <    4789.1620715362897     
   4789.1618340551968      < Th <    4789.1620715362897     
   80.000000000000000      < Ts <   80.000000000000000     
   7204453713.1548977      < Ne <   7208074176.0505648     
   7204453713.1548977      < Nh <   7208074176.0505648     
 CFL_Te=   1.8062921202528313E-003 maxCFL_Ne=   1.3943260011119488E-003 maxCFL_Ts=   5.1020110945368359E-004 CPU=   291.98998059272475      NumThreads=                    1 Elapsed time=   3.4247750486850648E-003
 CFL_Limit=   1.0000000000000000E-003
 dt_init=   1.0000000000000001E-018 dt=   1.0000000000000001E-018
 Time=  -1.4200000000019352E-013 Intensity=  0.66257559509688757     
   4788.9156094346308      < Te <    4788.9158632809522     
   4788.9156094346290      < Th <    4788.9158632809522     
   80.000000000000000      < Ts <   80.000000000000000     
   11886430262.115578      < Ne <   11892362922.415777     
   11886430262.115578      < Nh <   11892362922.415777     
 CFL_Te=   1.8061992597430141E-003 maxCFL_Ne=   1.3942543195595235E-003 maxCFL_Ts=   5.1020110945368359E-004 CPU=   291.93424915290296      NumThreads=                    1 Elapsed time=   3.4254288522215901E-003
 CFL_Limit=   1.0000000000000000E-003
 dt_init=   1.0000000000000001E-018 dt=   1.0000000000000001E-018
 Time=  -1.4100000000019685E-013 Intensity=   1.0819711056619992     
   4788.6558392280976      < Te <    4788.6561042576650     
   4788.6558392280976      < Th <    4788.6561042576650     
   80.000000000000000      < Ts <   80.000000000000000     
   19544182635.293037      < Ne <   19553870536.745445     
   19544182635.293037      < Nh <   19553870536.745445     
 CFL_Te=   1.8061012883923027E-003 maxCFL_Ne=   1.3941786928100455E-003 maxCFL_Ts=   5.1020110945368359E-004 CPU=   291.89448365931895      NumThreads=                    1 Elapsed time=   3.4258955067035038E-003
 CFL_Limit=   1.0000000000000000E-003
 dt_init=   1.0000000000000001E-018 dt=   1.0000000000000001E-018
 Time=  -1.4000000000020019E-013 Intensity=   1.7607217970199551     
   4788.3865517072136      < Te <    4788.3868248590743     
   4788.3865517072127      < Th <    4788.3868248590743     
   80.000000000000000      < Ts <   80.000000000000000     
   32025737284.697441      < Ne <   32041502677.403343     
   32025737284.697441      < Nh <   32041502677.403343     
 CFL_Te=   1.8059997263134766E-003 maxCFL_Ne=   1.3941002942799037E-003 maxCFL_Ts=   5.1020110945368359E-004 CPU=   291.84592486675979      NumThreads=                    1 Elapsed time=   3.4264655244254072E-003
 CFL_Limit=   1.0000000000000000E-003
 dt_init=   1.0000000000000001E-018 dt=   1.0000000000000001E-018
 Time=  -1.3900000000020353E-013 Intensity=   2.8553586656755012     
   4788.1101236565210      < Te <    4788.1104031282075     
   4788.1101236565200      < Th <    4788.1104031282075     
   80.000000000000000      < Ts <   80.000000000000000     
   52299358415.114815      < Ne <   52324925117.977486     
   52299358415.114815      < Nh <   52324925117.977478     
 CFL_Te=   1.8058954704150807E-003 maxCFL_Ne=   1.3940198163171907E-003 maxCFL_Ts=   5.1020110945368359E-004 CPU=   291.80100735568726      NumThreads=                    1 Elapsed time=   3.4269929670978213E-003
 CFL_Limit=   1.0000000000000000E-003
 dt_init=   1.0000000000000001E-018 dt=   1.0000000000000001E-018
 Time=  -1.3800000000020686E-013 Intensity=   4.6145084551220714     
   4787.8279503673011      < Te <    4787.8282351057214     
   4787.8279503673002      < Th <    4787.8282351057214     
   80.000000000000000      < Ts <   80.000000000000000     
   85115630929.910080      < Ne <   85156948950.240631     
   85115630929.910080      < Nh <   85156948950.240616     
 CFL_Te=   1.8057890472312358E-003 maxCFL_Ne=   1.3939376653679105E-003 maxCFL_Ts=   5.1020110945368359E-004 CPU=   291.76138947071126      NumThreads=                    1 Elapsed time=   3.4274583138437717E-003
 CFL_Limit=   1.0000000000000000E-003
 dt_init=   1.0000000000000001E-018 dt=   1.0000000000000001E-018
 Time=  -1.3700000000021020E-013 Intensity=   7.4316470194783788     
   4787.5408416269329      < Te <    4787.5411310270556     
   4787.5408416269320      < Th <    4787.5411310270574     
   80.000000000000000      < Ts <   80.000000000000000     
   138050574274.36871      < Ne <   138117116777.84909     
   138050574274.36871      < Nh <   138117116777.84906     
 CFL_Te=   1.8056807623523274E-003 maxCFL_Ne=   1.3938540773255910E-003 maxCFL_Ts=   5.1020110945368359E-004 CPU=   291.71198866354024      NumThreads=                    1 Elapsed time=   3.4280387466467726E-003
 CFL_Limit=   1.0000000000000000E-003
 dt_init=   1.0000000000000001E-018 dt=   1.0000000000000001E-018
 Time=  -1.3600000000021354E-013 Intensity=   11.927228832021447     
   4787.2492565026187      < Te <    4787.2495502284291     
   4787.2492565026187      < Th <    4787.2495502284301     
   80.000000000000000      < Ts <   80.000000000000000     
   223143006120.89902      < Ne <   223249801784.09421     
   223143006120.89905      < Nh <   223249801784.09421     
 CFL_Te=   1.8055707890227322E-003 maxCFL_Ne=   1.3937691859222774E-003 maxCFL_Ts=   5.1020110945368359E-004 CPU=   291.63561363395377      NumThreads=                    1 Elapsed time=   3.4289364990077969E-003
 CFL_Limit=   1.0000000000000000E-003
 dt_init=   1.0000000000000001E-018 dt=   1.0000000000000001E-018
 Time=  -1.3500000000021687E-013 Intensity=   19.076068766845733     
   4786.9534429825562      < Te <    4786.9537408604128     
   4786.9534429825562      < Th <    4786.9537408604137     
   80.000000000000000      < Ts <   80.000000000000000     
   359455197066.72394      < Ne <   359626002998.21442     
   359455197066.72394      < Nh <   359626002998.21442     
 CFL_Te=   1.8054592208355280E-003 maxCFL_Ne=   1.3936830634050108E-003 maxCFL_Ts=   5.1020110945368359E-004 CPU=   291.53970645976216      NumThreads=                    1 Elapsed time=   3.4300645086847489E-003
 CFL_Limit=   1.0000000000000000E-003
 dt_init=   1.0000000000000001E-018 dt=   1.0000000000000001E-018
 Time=  -1.3400000000022021E-013 Intensity=   30.404163347642267     
   4786.6535212861500      < Te <    4786.6538232410530     
   4786.6535212861500      < Th <    4786.6538232410576     
   80.000000000000000      < Ts <   80.000000000000000     
   577062637671.65869      < Ne <   577334874658.51770     
   577062637671.65869      < Nh <   577334874658.51770     
 CFL_Te=   1.8053461031701664E-003 maxCFL_Ne=   1.3935957448034221E-003 maxCFL_Ts=   5.1020110945368359E-004 CPU=   291.45991964178114      NumThreads=                    1 Elapsed time=   3.4310034849012864E-003
 CFL_Limit=   1.0000000000000000E-003
 dt_init=   1.0000000000000001E-018 dt=   1.0000000000000001E-018
 Time=  -1.3300000000022355E-013 Intensity=   48.291654511588462     
   4786.3495337165396      < Te <    4786.3498397339617     
   4786.3495337165396      < Th <    4786.3498397339627     
   80.000000000000000      < Ts <   80.000000000000000     
   923247492271.12451      < Ne <   923679892744.31287     
   923247492271.12451      < Nh <   923679892744.31287     
 CFL_Te=   1.8052314520046093E-003 maxCFL_Ne=   1.3935072424513381E-003 maxCFL_Ts=   5.1020110945368359E-004 CPU=   291.39597062945728      NumThreads=                    1 Elapsed time=   3.4317564441260317E-003
 CFL_Limit=   1.0000000000000000E-003
 dt_init=   1.0000000000000001E-018 dt=   1.0000000000000001E-018
 Time=  -1.3200000000022688E-013 Intensity=   76.437409953695052     
   4786.0414745768530      < Te <    4786.0417846797618     
   4786.0414745768521      < Th <    4786.0417846797627     
   80.000000000000000      < Ts <   80.000000000000000     
   1472077269933.1152      < Ne <   1472761685756.7603     
   1472077269933.1152      < Nh <   1472761685756.7603     
 CFL_Te=   1.8051152652043512E-003 maxCFL_Ne=   1.3934175547010740E-003 maxCFL_Ts=   5.1020110945368359E-004 CPU=   291.31781987149884      NumThreads=                    1 Elapsed time=   3.4326770687804235E-003
 CFL_Limit=   1.0000000000000000E-003
 dt_init=   1.0000000000000001E-018 dt=   1.0000000000000001E-018
 Time=  -1.3100000000023022E-013 Intensity=   120.56873118644961     
   4785.7293081698372      < Te <    4785.7296224048805     
   4785.7293081698372      < Th <    4785.7296224048814     
   80.000000000000000      < Ts <   80.000000000000000     
   2339164019876.7227      < Ne <   2340243584819.8618     
   2339164019876.7227      < Nh <   2340243584819.8618     
 CFL_Te=   1.8049975293146627E-003 maxCFL_Ne=   1.3933266711665579E-003 maxCFL_Ts=   5.1020110945368359E-004 CPU=   291.24424629155646      NumThreads=                    1 Elapsed time=   3.4335442252786275E-003
 CFL_Limit=   1.0000000000000000E-003
 dt_init=   1.0000000000000001E-018 dt=   1.0000000000000001E-018
 Time=  -1.3000000000023355E-013 Intensity=   189.52140549630647     
   4785.4129796505949      < Te <    4785.4132980797312     
   4785.4129796505949      < Th <    4785.4132980797312     
   80.000000000000000      < Ts <   80.000000000000000     
   3704321374318.3398      < Ne <   3706018337245.7798     
   3704321374318.3398      < Nh <   3706018337245.7798     
 CFL_Te=   1.8048782236558794E-003 maxCFL_Ne=   1.3932345758845951E-003 maxCFL_Ts=   5.1020110945368359E-004 CPU=   291.16857860808301      NumThreads=                    1 Elapsed time=   3.4344365205217220E-003
 CFL_Limit=   1.0000000000000000E-003
 dt_init=   1.0000000000000001E-018 dt=   1.0000000000000001E-018
 Time=  -1.2900000000023689E-013 Intensity=   296.87709817134032     
   4785.0924215797331      < Te <    4785.0927442752218     
   4785.0924215797331      < Th <    4785.0927442752218     
   80.000000000000000      < Ts <   80.000000000000000     
   5846216274097.0205      < Ne <   5848874493270.1426     
   5846216274097.0205      < Nh <   5848874493270.1426     
 CFL_Te=   1.8047573227962818E-003 maxCFL_Ne=   1.3931412492237474E-003 maxCFL_Ts=   5.1020110945368359E-004 CPU=   291.09292945487346      NumThreads=                    1 Elapsed time=   3.4353290609726900E-003
 CFL_Limit=   1.0000000000000000E-003
 dt_init=   1.0000000000000001E-018 dt=   1.0000000000000001E-018
 Time=  -1.2800000000024023E-013 Intensity=   463.43622111120186     
   4784.7675578807693      < Te <    4784.7678849221011     
   4784.7675578807693      < Th <    4784.7678849221011     
   80.000000000000000      < Ts <   80.000000000000000     
   9195167948715.8145      < Ne <   9199317528008.0352     
   9195167948715.8125      < Nh <   9199317528008.0352     
 CFL_Te=   1.8046347980454039E-003 maxCFL_Ne=   1.3930466690370710E-003 maxCFL_Ts=   5.1020110945368359E-004 CPU=   291.02005928080104      NumThreads=                    1 Elapsed time=   3.4361892526285089E-003
 CFL_Limit=   1.0000000000000000E-003
 dt_init=   1.0000000000000001E-018 dt=   1.0000000000000001E-018
 Time=  -1.2700000000024356E-013 Intensity=   720.93830669028659     
   4784.4383062252036      < Te <    4784.4386376973034     
   4784.4383062252036      < Th <    4784.4386376973034     
   80.000000000000000      < Ts <   80.000000000000000     
   14413297836151.133      < Ne <   14419753073264.299     
   14413297836151.131      < Nh <   14419753073264.299     
 CFL_Te=   1.8045106183540746E-003 maxCFL_Ne=   1.3929508113568608E-003 maxCFL_Ts=   5.1020110945368359E-004 CPU=   290.94948844022116      NumThreads=                    1 Elapsed time=   3.4370227126398994E-003
 CFL_Limit=   1.0000000000000000E-003
 dt_init=   1.0000000000000001E-018 dt=   1.0000000000000001E-018
 Time=  -1.2600000000024690E-013 Intensity=   1117.6377956527222     
   4784.1045794616821      < Te <    4784.1049154537950     
   4784.1045794616812      < Th <    4784.1049154537950     
   80.000000000000000      < Ts <   80.000000000000000     
   22515744299724.465      < Ne <   22525751559670.965     
   22515744299724.465      < Nh <   22525751559670.965     
 CFL_Te=   1.8043847508537069E-003 maxCFL_Ne=   1.3928536508109612E-003 maxCFL_Ts=   5.1020110945368359E-004 CPU=   290.89085845277322      NumThreads=                    1 Elapsed time=   3.4377154556142651E-003
 CFL_Limit=   1.0000000000000000E-003
 dt_init=   1.0000000000000001E-018 dt=   1.0000000000000001E-018
 Time=  -1.2500000000025024E-013 Intensity=   1726.6285113882675     
   4783.7662864615304      < Te <    4783.7666270665868     
   4783.7662864615304      < Th <    4783.7666270665868     
   80.000000000000000      < Ts <   80.000000000000000     
   35053295964966.539      < Ne <   35068756090388.633     
   35053295964966.539      < Nh <   35068756090388.633     
 CFL_Te=   1.8042571611753765E-003 maxCFL_Ne=   1.3927551608690651E-003 maxCFL_Ts=   5.1020110945368359E-004 CPU=   290.82904522808707      NumThreads=                    1 Elapsed time=   3.4384461126148349E-003
 CFL_Limit=   1.0000000000000000E-003
 dt_init=   1.0000000000000001E-018 dt=   1.0000000000000001E-018
 Time=  -1.2400000000025357E-013 Intensity=   2658.2240688393576     
   4783.4233326064250      < Te <    4783.4236779206904     
   4783.4233326064250      < Th <    4783.4236779206885     
   80.000000000000000      < Ts <   80.000000000000000     
   54386533278148.875      < Ne <   54410334853068.984     
   54386533278148.875      < Nh <   54410334853068.984     
 CFL_Te=   1.8041278136338575E-003 maxCFL_Ne=   1.3926553139847787E-003 maxCFL_Ts=   5.1020110945368359E-004 CPU=   290.76148396911759      NumThreads=                    1 Elapsed time=   3.4392450690140662E-003
 CFL_Limit=   1.0000000000000000E-003
 dt_init=   1.0000000000000001E-018 dt=   1.0000000000000001E-018
 Time=  -1.2300000000025691E-013 Intensity=   4078.2994800764554     
   4783.0756200556116      < Te <    4783.0759701784809     
   4783.0756200556116      < Th <    4783.0759701784809     
   80.000000000000000      < Ts <   80.000000000000000     
   84095784678834.500      < Ne <   84132301522031.938     
   84095784678834.500      < Nh <   84132301522031.938     
 CFL_Te=   1.8039966713284774E-003 maxCFL_Ne=   1.3925540816734671E-003 maxCFL_Ts=   5.1020110945368359E-004 CPU=   290.69562104133729      NumThreads=                    1 Elapsed time=   3.4400242990168702E-003
 CFL_Limit=   1.0000000000000000E-003
 dt_init=   1.0000000000000001E-018 dt=   1.0000000000000001E-018
 Time=  -1.2200000000026025E-013 Intensity=   6235.3594163176358     
   4782.7230478757911      < Te <    4782.7234029097217     
   4782.7230478757892      < Th <    4782.7234029097226     
   80.000000000000000      < Ts <   80.000000000000000     
   129591879091893.34      < Ne <   129647710117864.33     
   129591879091893.34      < Nh <   129647710117864.33     
 CFL_Te=   1.8038636961921338E-003 maxCFL_Ne=   1.3924514345501010E-003 maxCFL_Ts=   5.1020110945368359E-004 CPU=   290.59322327021084      NumThreads=                    1 Elapsed time=   3.4412364773907357E-003
 CFL_Limit=   1.0000000000000000E-003
 dt_init=   1.0000000000000001E-018 dt=   1.0000000000000001E-018
 Time=  -1.2100000000026358E-013 Intensity=   9500.3306333555556     
   4782.3655120852491      < Te <    4782.3658721357478     
   4782.3655120852491      < Th <    4782.3658721357478     
   80.000000000000000      < Ts <   80.000000000000000     
   199022620847852.00      < Ne <   199107686226747.59     
   199022620847852.00      < Nh <   199107686226747.59     
 CFL_Te=   1.8037288490079862E-003 maxCFL_Ne=   1.3923473423421320E-003 maxCFL_Ts=   5.1020110945368359E-004 CPU=   290.52921109971857      NumThreads=                    1 Elapsed time=   3.4419946834770058E-003
 CFL_Limit=   1.0000000000000000E-003
 dt_init=   1.0000000000000001E-018 dt=   1.0000000000000001E-018
 Time=  -1.2000000000026692E-013 Intensity=   14424.833136721963     
   4782.0029056431913      < Te <    4782.0032708188364     
   4782.0029056431913      < Th <    4782.0032708188364     
   80.000000000000000      < Ts <   80.000000000000000     
   304613103359677.62      < Ne <   304742262433747.94     
   304613103359677.62      < Nh <   304742262433747.94     
 CFL_Te=   1.8035920894054185E-003 maxCFL_Ne=   1.3922417738863866E-003 maxCFL_Ts=   5.1020110945368359E-004 CPU=   290.46765008454111      NumThreads=                    1 Elapsed time=   3.4427241715521443E-003
 CFL_Limit=   1.0000000000000000E-003
 dt_init=   1.0000000000000001E-018 dt=   1.0000000000000001E-018
 Time=  -1.1900000000027026E-013 Intensity=   21826.179677817076     
   4781.6351184038149      < Te <    4781.6354888163214     
   4781.6351184038149      < Th <    4781.6354888163214     
   80.000000000000000      < Ts <   80.000000000000000     
   464640015367687.81      < Ne <   464835445648108.81     
   464640015367687.81      < Nh <   464835445648108.81     
 CFL_Te=   1.8034533758427562E-003 maxCFL_Ne=   1.3921346971157143E-003 maxCFL_Ts=   5.1020110945368359E-004 CPU=   290.39890399375810      NumThreads=                    1 Elapsed time=   3.4435391671502114E-003
 CFL_Limit=   1.0000000000000000E-003
 dt_init=   1.0000000000000001E-018 dt=   1.0000000000000001E-018
 Time=  -1.1800000000027359E-013 Intensity=   32910.880694273634     
   4781.2620370465038      < Te <    4781.2624128108137     
   4781.2620370465047      < Th <    4781.2624128108137     
   80.000000000000000      < Ts <   80.000000000000000     
   706328832560704.62      < Ne <   706623514580236.75     
   706328832560704.62      < Nh <   706623514580236.75     
 CFL_Te=   1.8033126655809307E-003 maxCFL_Ne=   1.3920260790386688E-003 maxCFL_Ts=   5.1020110945368359E-004 CPU=   290.33617738436794      NumThreads=                    1 Elapsed time=   3.4442831375992391E-003
 CFL_Limit=   1.0000000000000000E-003
 dt_init=   1.0000000000000001E-018 dt=   1.0000000000000001E-018
 Time=  -1.1700000000027693E-013 Intensity=   49453.397363885415     
   4780.8835449897888      < Te <    4780.8839262241308     
   4780.8835449897888      < Th <    4780.8839262241318     
   80.000000000000000      < Ts <   80.000000000000000     
   1070089190755271.6      < Ne <   1070531993465068.1     
   1070089190755271.5      < Nh <   1070531993465068.1     
 CFL_Te=   1.8031699146510353E-003 maxCFL_Ne=   1.3919158857144500E-003 maxCFL_Ts=   5.1020110945368359E-004 CPU=   290.27777410068740      NumThreads=                    1 Elapsed time=   3.4449761201942194E-003
 CFL_Limit=   1.0000000000000000E-003
 dt_init=   1.0000000000000001E-018 dt=   1.0000000000000001E-018
 Time=  -1.1600000000028026E-013 Intensity=   74053.844592670546     
   4780.4995222930947      < Te <    4780.4999091191348     
   4780.4995222930947      < Th <    4780.4999091191348     
   80.000000000000000      < Ts <   80.000000000000000     
   1615683036091088.0      < Ne <   1616346109714670.8     
   1615683036091088.0      < Nh <   1616346109714670.5     
 CFL_Te=   1.8030250778172750E-003 maxCFL_Ne=   1.3918040822243260E-003 maxCFL_Ts=   5.1020110945368359E-004 CPU=   290.23562216422596      NumThreads=                    1 Elapsed time=   3.4454764461481686E-003
 CFL_Limit=   1.0000000000000000E-003
 dt_init=   1.0000000000000001E-018 dt=   1.0000000000000001E-018
 Time=  -1.1500000000028360E-013 Intensity=   110508.05584217943     
   4780.1098455495094      < Te <    4780.1102380924176     
   4780.1098455495094      < Th <    4780.1102380924167     
   80.000000000000000      < Ts <   80.000000000000000     
   2431173407161619.0      < Ne <   2432162889587266.5     
   2431173407161619.0      < Nh <   2432162889587266.5     
 CFL_Te=   1.8028781085365254E-003 maxCFL_Ne=   1.3916906326403875E-003 maxCFL_Ts=   5.1020110945368359E-004 CPU=   290.18916254314394      NumThreads=                    1 Elapsed time=   3.4460280709184819E-003
 CFL_Limit=   1.0000000000000000E-003
 dt_init=   1.0000000000000001E-018 dt=   1.0000000000000001E-018
 Time=  -1.1400000000028694E-013 Intensity=   164336.90995111573     
   4779.7143877704339      < Te <    4779.7147861590265     
   4779.7143877704339      < Th <    4779.7147861590265     
   80.000000000000000      < Ts <   80.000000000000000     
   3645857918227929.5      < Ne <   3647329380961951.0     
   3645857918227929.5      < Nh <   3647329380961951.0     
 CFL_Te=   1.8027289589148279E-003 maxCFL_Ne=   1.3915754999919861E-003 maxCFL_Ts=   5.1020110945368359E-004 CPU=   290.13007046653138      NumThreads=                    1 Elapsed time=   3.4467299387202174E-003
 CFL_Limit=   1.0000000000000000E-003
 dt_init=   1.0000000000000001E-018 dt=   1.0000000000000001E-018
 Time=  -1.1300000000029027E-013 Intensity=   243540.47277285621     
   4779.3130182636205      < Te <    4779.3134226304937     
   4779.3130182636205      < Th <    4779.3134226304937     
   80.000000000000000      < Ts <   80.000000000000000     
   5448889904119529.0      < Ne <   5451070550779020.0     
   5448889904119529.0      < Nh <   5451070550779020.0     
 CFL_Te=   1.8025775796613984E-003 maxCFL_Ne=   1.3914586462302257E-003 maxCFL_Ts=   5.1020110945368359E-004 CPU=   290.06709882582288      NumThreads=                    1 Elapsed time=   3.4474782008988613E-003
 CFL_Limit=   1.0000000000000000E-003
 dt_init=   1.0000000000000001E-018 dt=   1.0000000000000001E-018
 Time=  -1.1200000000029361E-013 Intensity=   359668.18468342372     
   4778.9056025049767      < Te <    4778.9060129866084     
   4778.9056025049767      < Th <    4778.9060129866084     
   80.000000000000000      < Ts <   80.000000000000000     
   8115985916945374.0      < Ne <   8119206364146558.0     
   8115985916945375.0      < Nh <   8119206364146557.0     
 CFL_Te=   1.8024239200402632E-003 maxCFL_Ne=   1.3913400321906330E-003 maxCFL_Ts=   5.1020110945368359E-004 CPU=   289.91642448019775      NumThreads=                    1 Elapsed time=   3.4492699121580930E-003
 CFL_Limit=   1.0000000000000000E-003
 dt_init=   1.0000000000000001E-018 dt=   1.0000000000000001E-018
 Time=  -1.1100000000029695E-013 Intensity=   529331.51455927780     
   4778.4920020041081      < Te <    4778.4924187410079     
   4778.4920020041081      < Th <    4778.4924187410043     
   80.000000000000000      < Ts <   80.000000000000000     
   12047584325057872.      < Ne <   12052323927518818.     
   12047584325057874.      < Nh <   12052323927518816.     
 CFL_Te=   1.8022679278195668E-003 maxCFL_Ne=   1.3912196175540137E-003 maxCFL_Ts=   5.1020110945368359E-004 CPU=   289.86163442716065      NumThreads=                    1 Elapsed time=   3.4499218979988540E-003
 CFL_Limit=   1.0000000000000000E-003
 dt_init=   1.0000000000000001E-018 dt=   1.0000000000000001E-018
 Time=  -1.1000000000030028E-013 Intensity=   776333.50412123953     
   4778.0720741639216      < Te <    4778.0724973007864     
   4778.0720741639198      < Th <    4778.0724973007873     
   80.000000000000114      < Ts <   80.000000000000114     
   17823155396986588.      < Ne <   17830106640444500.     
   17823155396986590.      < Nh <   17830106640444498.     
 CFL_Te=   1.8021095492186218E-003 maxCFL_Ne=   1.3910973608055946E-003 maxCFL_Ts=   5.1020110945368370E-004 CPU=   289.79224797960472      NumThreads=                    1 Elapsed time=   3.4507479305325617E-003
 CFL_Limit=   1.0000000000000000E-003
 dt_init=   1.0000000000000001E-018 dt=   1.0000000000000001E-018
 Time=  -1.0900000000030362E-013 Intensity=   1134654.8075546226     
   4777.6456721341374      < Te <    4777.6461018199998     
   4777.6456721341356      < Th <    4777.6461018200007     
   80.000000000000114      < Ts <   80.000000000000114     
   26278201810853176.      < Ne <   26288361441804912.     
   26278201810853176.      < Nh <   26288361441804912.     
 CFL_Te=   1.8019487288526454E-003 maxCFL_Ne=   1.3909732191923561E-003 maxCFL_Ts=   5.1020110945368370E-004 CPU=   289.75649049093767      NumThreads=                    1 Elapsed time=   3.4511737711403422E-003
 CFL_Limit=   1.0000000000000000E-003
 dt_init=   1.0000000000000001E-018 dt=   1.0000000000000001E-018
 Time=  -1.0800000000030696E-013 Intensity=   1652623.9253586698     
   4777.2126446586008      < Te <    4777.2130810469653     
   4777.2126446585999      < Th <    4777.2130810469662     
   80.000000000002643      < Ts <   80.000000000002714     
   38613008316029848.      < Ne <   38627805811501776.     
   38613008316029848.      < Nh <   38627805811501776.     
 CFL_Te=   1.8017854096751865E-003 maxCFL_Ne=   1.3908471486785915E-003 maxCFL_Ts=   5.1020110945369096E-004 CPU=   289.72145501799878      NumThreads=                    1 Elapsed time=   3.4515911151208165E-003
 CFL_Limit=   1.0000000000000000E-003
 dt_init=   1.0000000000000001E-018 dt=   1.0000000000000001E-018
 Time=  -1.0700000000031029E-013 Intensity=   2398717.8343097451     
   4776.7728359162147      < Te <    4776.7732791652397     
   4776.7728359162129      < Th <    4776.7732791652388     
   80.000000000079254      < Ts <   80.000000000079325     
   56545637495358224.      < Ne <   56567115471177528.     
   56545637495358216.      < Nh <   56567115471177528.     
 CFL_Te=   1.8016195329181336E-003 maxCFL_Ne=   1.3907191038995952E-003 maxCFL_Ts=   5.1020110945390726E-004 CPU=   289.67404703440110      NumThreads=                    1 Elapsed time=   3.4521560016774373E-003
 CFL_Limit=   1.0000000000000000E-003
 dt_init=   1.0000000000000001E-018 dt=   1.0000000000000001E-018
 Time=  -1.0600000000031363E-013 Intensity=   3469597.8688117159     
   4776.3260853553656      < Te <    4776.3265356280308     
   4776.3260853553656      < Th <    4776.3265356280308     
   80.000000000173728      < Ts <   80.000000000173827     
   82526339199276304.      < Ne <   82557405771155040.     
   82526339199276288.      < Nh <   82557405771155040.     
 CFL_Te=   1.8014510380292613E-003 maxCFL_Ne=   1.3905890381134612E-003 maxCFL_Ts=   5.1020110945417408E-004 CPU=   289.63226848383476      NumThreads=                    1 Elapsed time=   3.4526539644038766E-003
 CFL_Limit=   1.0000000000000000E-003
 dt_init=   1.0000000000000001E-018 dt=   1.0000000000000001E-018
 Time=  -1.0500000000031696E-013 Intensity=   5001197.1000020979     
   4775.8722275216223      < Te <    4775.8726849858795     
   4775.8722275216223      < Th <    4775.8726849858795     
   80.000000000308376      < Ts <   80.000000000308560     
   1.2003685767132264E+017 < Ne <   1.2008163809168930E+017
   1.2003685767132261E+017 < Nh <   1.2008163809168930E+017
 CFL_Te=   1.8012798626072472E-003 maxCFL_Ne=   1.3904569031509104E-003 maxCFL_Ts=   5.1020110945455409E-004 CPU=   289.56998240365283      NumThreads=                    1 Elapsed time=   3.4533966252276341E-003
 CFL_Limit=   1.0000000000000000E-003
 dt_init=   1.0000000000000001E-018 dt=   1.0000000000000001E-018
 Time=  -1.0400000000032030E-013 Intensity=   7183955.7564026807     
   4775.4110918784654      < Te <    4775.4115567074477     
   4775.4110918784636      < Th <    4775.4115567074514     
   80.000000000503263      < Ts <   80.000000000503505     
   1.7400662419965274E+017 < Ne <   1.7407094891155629E+017
   1.7400662419965270E+017 < Nh <   1.7407094891155632E+017
 CFL_Te=   1.8011059423340759E-003 maxCFL_Ne=   1.3903226493631158E-003 maxCFL_Ts=   5.1020110945510422E-004 CPU=   289.51026057820371      NumThreads=                    1 Elapsed time=   3.4541090115522036E-003
 CFL_Limit=   1.0000000000000000E-003
 dt_init=   1.0000000000000001E-018 dt=   1.0000000000000001E-018
 Time=  -1.0300000000032364E-013 Intensity=   10283671.077769637     
   4774.9425026210974      < Te <    4774.9429749933079     
   4774.9425026210956      < Th <    4774.9429749933106     
   80.000000000780943      < Ts <   80.000000000781270     
   2.5138921991111622E+017 < Ne <   2.5148129929051539E+017
   2.5138921991111619E+017 < Nh <   2.5148129929051542E+017
 CFL_Te=   1.8009292109047979E-003 maxCFL_Ne=   1.3901862255674890E-003 maxCFL_Ts=   5.1020110945588864E-004 CPU=   289.45143642651391      NumThreads=                    1 Elapsed time=   3.4548109774327567E-003
 CFL_Limit=   1.0000000000000000E-003
 dt_init=   1.0000000000000001E-018 dt=   1.0000000000000001E-018
 Time=  -1.0200000000032697E-013 Intensity=   14669913.588145595     
   4774.4662784829534      < Te <    4774.4667585824554     
   4774.4662784829525      < Th <    4774.4667585824554     
   80.000000001176190      < Ts <   80.000000001176630     
   3.6195769747311565E+017 < Ne <   3.6208905100883776E+017
   3.6195769747311565E+017 < Nh <   3.6208905100883782E+017
 CFL_Te=   1.8007495999545697E-003 maxCFL_Ne=   1.3900475789913472E-003 maxCFL_Ts=   5.1020110945700472E-004 CPU=   289.40105825833274      NumThreads=                    1 Elapsed time=   3.4554123817589974E-003
 CFL_Limit=   1.0000000000000000E-003
 dt_init=   1.0000000000000001E-018 dt=   1.0000000000000001E-018
 Time=  -1.0100000000033031E-013 Intensity=   20854596.145682670     
   4773.9822325351697      < Te <    4773.9827205517940     
   4773.9822325351688      < Th <    4773.9827205517940     
   80.000000001743501      < Ts <   80.000000001744169     
   5.1939754047030112E+017 < Ne <   5.1958427128905504E+017
   5.1939754047030112E+017 < Nh <   5.1958427128905504E+017
 CFL_Te=   1.8005670389830172E-003 maxCFL_Ne=   1.3899066552135343E-003 maxCFL_Ts=   5.1020110945860673E-004 CPU=   289.34418991757769      NumThreads=                    1 Elapsed time=   3.4560915160759200E-003
 CFL_Limit=   1.0000000000000000E-003
 dt_init=   1.0000000000000001E-018 dt=   1.0000000000000001E-018
 Time=  -1.0000000000033365E-013 Intensity=   29544106.652997654     
   4773.4901719787813      < Te <    4773.4906681083212     
   4773.4901719787822      < Th <    4773.4906681083212     
   80.000000002554458      < Ts <   80.000000002555424     
   7.4280272543180634E+017 < Ne <   7.4306726161649510E+017
   7.4280272543180634E+017 < Nh <   7.4306726161649510E+017
 CFL_Te=   1.8003814552758678E-003 maxCFL_Ne=   1.3897633981039196E-003 maxCFL_Ts=   5.1020110946089668E-004 CPU=   289.28612147033374      NumThreads=                    1 Elapsed time=   3.4567852578525787E-003
 CFL_Limit=   1.0000000000000000E-003
 dt_init=   1.0000000000000001E-018 dt=   1.0000000000000001E-018
 Time=  -9.9000000000336983E-014 Intensity=   41709481.477622546     
   4772.9898979299860      < Te <    4772.9904023744439     
   4772.9898979299869      < Th <    4772.9904023744439     
   80.000000003707541      < Ts <   80.000000003708934     
   1.0587154585404517E+018 < Ne <   1.0590889227772824E+018
   1.0587154585404517E+018 < Nh <   1.0590889227772824E+018
 CFL_Te=   1.8001927738239456E-003 maxCFL_Ne=   1.3896177497608919E-003 maxCFL_Ts=   5.1020110946415297E-004 CPU=   289.23236383546470      NumThreads=                    1 Elapsed time=   3.4574277468093747E-003
 CFL_Limit=   1.0000000000000000E-003
 dt_init=   1.0000000000000001E-018 dt=   1.0000000000000001E-018
 Time=  -9.8000000000340320E-014 Intensity=   58680468.053666398     
   4772.4812051988620      < Te <    4772.4817181666504     
   4772.4812051988629      < Th <    4772.4817181666567     
   80.000000005346138      < Ts <   80.000000005348085     
   1.5038961252390397E+018 < Ne <   1.5044215466958113E+018
   1.5038961252390397E+018 < Nh <   1.5044215466958113E+018
 CFL_Te=   1.8000009172397440E-003 maxCFL_Ne=   1.3894696504469224E-003 maxCFL_Ts=   5.1020110946878023E-004 CPU=   289.18448659262083      NumThreads=                    1 Elapsed time=   3.4580001568642830E-003
 CFL_Limit=   1.0000000000000000E-003
 dt_init=   1.0000000000000001E-018 dt=   1.0000000000000001E-018
 Time=  -9.7000000000343656E-014 Intensity=   82271079.851560473     
   4771.9638820619057      < Te <    4771.9644037680855     
   4771.9638820619057      < Th <    4771.9644037680873     
   80.000000007665747      < Ts <   80.000000007668504     
   2.1290698868523850E+018 < Ne <   2.1298065372688507E+018
   2.1290698868523850E+018 < Nh <   2.1298065372688507E+018
 CFL_Te=   1.7998058056716108E-003 maxCFL_Ne=   1.3893190385223530E-003 maxCFL_Ts=   5.1020110947533033E-004 CPU=   289.13722567993779      NumThreads=                    1 Elapsed time=   3.4585653841299429E-003
 CFL_Limit=   1.0000000000000000E-003
 dt_init=   1.0000000000000001E-018 dt=   1.0000000000000001E-018
 Time=  -9.6000000000346993E-014 Intensity=   114946479.92309830     
   4771.4377100296160      < Te <    4771.4382406961358     
   4771.4377100296169      < Th <    4771.4382406961486     
   80.000000010940354      < Ts <   80.000000010944220     
   3.0039740272241946E+018 < Ne <   3.0050032512682516E+018
   3.0039740272241940E+018 < Nh <   3.0050032512682516E+018
 CFL_Te=   1.7996073567161097E-003 maxCFL_Ne=   1.3891658503777291E-003 maxCFL_Ts=   5.1020110948457728E-004 CPU=   289.09833900482550      NumThreads=                    1 Elapsed time=   3.4590305964480430E-003
 CFL_Limit=   1.0000000000000000E-003
 dt_init=   1.0000000000000001E-018 dt=   1.0000000000000001E-018
 Time=  -9.5000000000350329E-014 Intensity=   160043855.31729019     
   4770.9024636100630      < Te <    4770.9030034659927     
   4770.9024636100630      < Th <    4770.9030034660018     
   80.000000015549361      < Ts <   80.000000015554818     
   4.2241303743951764E+018 < Ne <   4.2255633977161380E+018
   4.2241303743951754E+018 < Nh <   4.2255633977161380E+018
 CFL_Te=   1.7994054853288331E-003 maxCFL_Ne=   1.3890100203649612E-003 maxCFL_Ts=   5.1020110949759258E-004 CPU=   289.05466549010566      NumThreads=                    1 Elapsed time=   3.4595532243164224E-003
 CFL_Limit=   1.0000000000000000E-003
 dt_init=   1.0000000000000001E-018 dt=   1.0000000000000001E-018
 Time=  -9.4000000000353665E-014 Intensity=   222063501.29492137     
   4770.3579100704419      < Te <    4770.3584593522110     
   4770.3579100704419      < Th <    4770.3584593522164     
   80.000000022016238      < Ts <   80.000000022023841     
   5.9198958046028278E+018 < Ne <   5.9218841482364262E+018
   5.9198958046028268E+018 < Nh <   5.9218841482364252E+018
 CFL_Te=   1.7992001037344817E-003 maxCFL_Ne=   1.3888514807279112E-003 maxCFL_Ts=   5.1020110951585402E-004 CPU=   289.01770747764709      NumThreads=                    1 Elapsed time=   3.4599956131661619E-003
 CFL_Limit=   1.0000000000000000E-003
 dt_init=   1.0000000000000001E-018 dt=   1.0000000000000001E-018
 Time=  -9.3000000000357002E-014 Intensity=   307050784.68967545     
   4769.8038091991457      < Te <    4769.8043681507779     
   4769.8038091991457      < Th <    4769.8043681507825     
   80.000000031058931      < Ts <   80.000000031069561     
   8.2685082293557780E+018 < Ne <   8.2712575442077768E+018
   8.2685082293557770E+018 < Nh <   8.2712575442077757E+018
 CFL_Te=   1.7989911213371226E-003 maxCFL_Ne=   1.3886901615331113E-003 maxCFL_Ts=   5.1020110954138893E-004 CPU=   288.97562019541471      NumThreads=                    1 Elapsed time=   3.4604995373788542E-003
 CFL_Limit=   1.0000000000000000E-003
 dt_init=   1.0000000000000001E-018 dt=   1.0000000000000001E-018
 Time=  -9.2000000000360338E-014 Intensity=   423095192.00701851     
   4769.2399130714848      < Te <    4769.2404819448375     
   4769.2399130714848      < Th <    4769.2404819448402     
   80.000000043663448      < Ts <   80.000000043678256     
   1.1510054410258039E+019 < Ne <   1.1513842780036796E+019
   1.1510054410258037E+019 < Nh <   1.1513842780036794E+019
 CFL_Te=   1.7987784446318266E-003 maxCFL_Ne=   1.3885259906015646E-003 maxCFL_Ts=   5.1020110957698220E-004 CPU=   288.94387416874326      NumThreads=                    1 Elapsed time=   3.4608797396272185E-003
 CFL_Limit=   1.0000000000000000E-003
 dt_init=   1.0000000000000001E-018 dt=   1.0000000000000001E-018
 Time=  -9.1000000000363675E-014 Intensity=   580979513.56964755     
   4768.6659658235239      < Te <    4768.6665448784943     
   4768.6659658235239      < Th <    4768.6665448784997     
   80.000000061173864      < Ts <   80.000000061194370     
   1.5968550138760253E+019 < Ne <   1.5973752195668253E+019
   1.5968550138760253E+019 < Nh <   1.5973752195668251E+019
 CFL_Te=   1.7985619771193526E-003 maxCFL_Ne=   1.3883588934428862E-003 maxCFL_Ts=   5.1020110962642887E-004 CPU=   288.90332759096037      NumThreads=                    1 Elapsed time=   3.4613654620684591E-003
 CFL_Limit=   1.0000000000000000E-003
 dt_init=   1.0000000000000001E-018 dt=   1.0000000000000001E-018
 Time=  -9.0000000000367011E-014 Intensity=   795020627.86572671     
   4768.0817034399870      < Te <    4768.0822929447295     
   4768.0817034399870      < Th <    4768.0822929447340     
   80.000000085418833      < Ts <   80.000000085447198     
   2.2079655610317935E+019 < Ne <   2.2086774179080131E+019
   2.2079655610317935E+019 < Nh <   2.2086774179080131E+019
 CFL_Te=   1.7983416192261681E-003 maxCFL_Ne=   1.3881887931935571E-003 maxCFL_Ts=   5.1020110969489277E-004 CPU=   288.87245872451683      NumThreads=                    1 Elapsed time=   3.4617353430485731E-003
 CFL_Limit=   1.0000000000000000E-003
 dt_init=   1.0000000000000001E-018 dt=   1.0000000000000001E-018
 Time=  -8.9000000000370348E-014 Intensity=   1084153623.5544016     
   4767.4868535635251      < Te <    4767.4874537946207     
   4767.4868535635251      < Th <    4767.4874537946225     
   80.000000118877935      < Ts <   80.000000118917029     
   3.0426964531433767E+019 < Ne <   3.0436671980495254E+019
   3.0426964531433767E+019 < Nh <   3.0436671980495254E+019
 CFL_Te=   1.7981172682324852E-003 maxCFL_Ne=   1.3880156105613791E-003 maxCFL_Ts=   5.1020110978937632E-004 CPU=   288.84764697174290      NumThreads=                    1 Elapsed time=   3.4620327029973243E-003
 CFL_Limit=   1.0000000000000000E-003
 dt_init=   1.0000000000000001E-018 dt=   1.0000000000000001E-018
 Time=  -8.8000000000373684E-014 Intensity=   1473323459.8778813     
   4766.8811353350238      < Te <    4766.8817465776328     
   4766.8811353350238      < Th <    4766.8817465776328     
   80.000000164895269      < Ts <   80.000000164948972     
   4.1789322729141633E+019 < Ne <   4.1802514782717174E+019
   4.1789322729141633E+019 < Nh <   4.1802514782717174E+019
 CFL_Te=   1.7978888182120256E-003 maxCFL_Ne=   1.3878392637789788E-003 maxCFL_Ts=   5.1020110991932197E-004 CPU=   288.82823109495456      NumThreads=                    1 Elapsed time=   3.4622654309413477E-003
 CFL_Limit=   1.0000000000000000E-003
 dt_init=   1.0000000000000001E-018 dt=   1.0000000000000001E-018
 Time=  -8.7000000000377020E-014 Intensity=   1995263384.2989130     
   4766.2642592772208      < Te <    4766.2648818251382     
   4766.2642592772208      < Th <    4766.2648818251382     
   80.000000227974127      < Ts <   80.000000228047625     
   5.7202272000818889E+019 < Ne <   5.7220137474798551E+019
   5.7202272000818889E+019 < Nh <   5.7220137474798551E+019
 CFL_Te=   1.7976561599880919E-003 maxCFL_Ne=   1.3876596685698935E-003 maxCFL_Ts=   5.1020111009744695E-004 CPU=   288.79222027560343      NumThreads=                    1 Elapsed time=   3.4626971566120053E-003
 CFL_Limit=   1.0000000000000000E-003
 dt_init=   1.0000000000000001E-018 dt=   1.0000000000000001E-018
 Time=  -8.6000000000380357E-014 Intensity=   2692757295.9581451     
   4765.6359272371747      < Te <    4765.6365613928992     
   4765.6359272371747      < Th <    4765.6365613928992     
   80.000000314151848      < Ts <   80.000000314252091     
   7.8037502276198351E+019 < Ne <   7.8061613071135195E+019
   7.8037502276198351E+019 < Nh <   7.8061613071135195E+019
 CFL_Te=   1.7974191811118720E-003 maxCFL_Ne=   1.3874767381318301E-003 maxCFL_Ts=   5.1020111034079960E-004 CPU=   288.75996437055795      NumThreads=                    1 Elapsed time=   3.4630839568768148E-003
 CFL_Limit=   1.0000000000000000E-003
 dt_init=   1.0000000000000001E-018 dt=   1.0000000000000001E-018
 Time=  -8.5000000000383693E-014 Intensity=   3621504588.3236284     
   4764.9958324071486      < Te <    4764.9964784817648     
   4764.9958324071476      < Th <    4764.9964784817648     
   80.000000431494570      < Ts <   80.000000431630824     
   1.0610515816906639E+020 < Ne <   1.0613758491481501E+020
   1.0610515816906639E+020 < Nh <   1.0613758491481501E+020
 CFL_Te=   1.7971777658702445E-003 maxCFL_Ne=   1.3872903831426843E-003 maxCFL_Ts=   5.1020111067215726E-004 CPU=   288.72776322454450      NumThreads=                    1 Elapsed time=   3.4634701866972759E-003
 CFL_Limit=   1.0000000000000000E-003
 dt_init=   1.0000000000000001E-018 dt=   1.0000000000000001E-018
 Time=  -8.4000000000387030E-014 Intensity=   4853731164.6627903     
   4764.3436594480499      < Te <    4764.3443177610880     
   4764.3436594480490      < Th <    4764.3443177610880     
   80.000000590737756      < Ts <   80.000000590922383     
   1.4378501685470583E+020 < Ne <   1.4382847688790688E+020
   1.4378501685470583E+020 < Nh <   1.4382847688790688E+020
 CFL_Te=   1.7969317953323307E-003 maxCFL_Ne=   1.3871005117964737E-003 maxCFL_Ts=   5.1020111112183477E-004 CPU=   288.69445807659537      NumThreads=                    1 Elapsed time=   3.4638697488771457E-003
 CFL_Limit=   1.0000000000000000E-003
 dt_init=   1.0000000000000001E-018 dt=   1.0000000000000001E-018
 Time=  -8.3000000000390366E-014 Intensity=   6482719740.0118294     
   4763.6790847458542      < Te <    4763.6797556249476     
   4763.6790847458506      < Th <    4763.6797556249476     
   80.000000806118749      < Ts <   80.000000806368050     
   1.9419396907497334E+020 < Ne <   1.9425201498063235E+020
   1.9419396907497334E+020 < Nh <   1.9425201498063235E+020
 CFL_Te=   1.7966811474461239E-003 maxCFL_Ne=   1.3869070298779393E-003 maxCFL_Ts=   5.1020111173003739E-004 CPU=   288.66434136588038      NumThreads=                    1 Elapsed time=   3.4642311387276816E-003
 CFL_Limit=   1.0000000000000000E-003
 dt_init=   1.0000000000000001E-018 dt=   1.0000000000000001E-018
 Time=  -8.2000000000393702E-014 Intensity=   8628466652.9902210     
   4763.0017768381476      < Te <    4763.0024606184743     
   4763.0017768381449      < Th <    4763.0024606184743     
   80.000001096457140      < Ts <   80.000001096792658     
   2.6139893402971767E+020 < Ne <   2.6147619283359741E+020
   2.6139893402971767E+020 < Nh <   2.6147619283359741E+020
 CFL_Te=   1.7964256971992945E-003 maxCFL_Ne=   1.3867098408866620E-003 maxCFL_Ts=   5.1020111254990814E-004 CPU=   288.62942498066428      NumThreads=                    1 Elapsed time=   3.4646502173747238E-003
 CFL_Limit=   1.0000000000000000E-003
 dt_init=   1.0000000000000001E-018 dt=   1.0000000000000001E-018
 Time=  -8.1000000000397039E-014 Intensity=   11444711601.408194     
   4762.3113970561117      < Te <    4762.3120940796625     
   4762.3113970561089      < Th <    4762.3120940796616     
   80.000001486530792      < Ts <   80.000001486980892     
   3.5068636574176025E+020 < Ne <   3.5078884104668945E+020
   3.5068636574176025E+020 < Nh <   3.5078884104668945E+020
 CFL_Te=   1.7961653168612490E-003 maxCFL_Ne=   1.3865088462239248E-003 maxCFL_Ts=   5.1020111365141538E-004 CPU=   288.59681492468803      NumThreads=                    1 Elapsed time=   3.4650417062328256E-003
 CFL_Limit=   1.0000000000000000E-003
 dt_init=   1.0000000000000001E-018 dt=   1.0000000000000001E-018
 Time=  -8.0000000000400375E-014 Intensity=   15127631309.328072     
   4761.6076004375927      < Te <    4761.6083110520913     
   4761.6076004375909      < Th <    4761.6083110520904     
   80.000002008848810      < Ts <   80.000002009450526     
   4.6890191018389366E+020 < Ne <   4.6903736214877241E+020
   4.6890191018389366E+020 < Nh <   4.6903736214877241E+020
 CFL_Te=   1.7958998763273775E-003 maxCFL_Ne=   1.3863039454584413E-003 maxCFL_Ts=   5.1020111512636011E-004 CPU=   288.56728977432630      NumThreads=                    1 Elapsed time=   3.4653962366353055E-003
 CFL_Limit=   1.0000000000000000E-003
 dt_init=   1.0000000000000001E-018 dt=   1.0000000000000001E-018
 Time=  -7.9000000000403712E-014 Intensity=   19926538345.339001     
   4760.8900369784506      < Te <    4760.8907615358921     
   4760.8900369784487      < Th <    4760.8907615358912     
   80.000002705911783      < Ts <   80.000002706713545     
   6.2487659846964124E+020 < Ne <   6.2505501958520177E+020
   6.2487659846964124E+020 < Nh <   6.2505501958520177E+020
 CFL_Te=   1.7956292435908690E-003 maxCFL_Ne=   1.3860950366905659E-003 maxCFL_Ts=   5.1020111709475756E-004 CPU=   288.54219703624938      NumThreads=                    1 Elapsed time=   3.4656976008066187E-003
 CFL_Limit=   1.0000000000000000E-003
 dt_init=   1.0000000000000001E-018 dt=   1.0000000000000001E-018
 Time=  -7.8000000000407048E-014 Intensity=   26156982205.223495     
   4760.1583533022003      < Te <    4760.1590921569805     
   4760.1583533021994      < Th <    4760.1590921569741     
   80.000003633079828      < Ts <   80.000003634144576     
   8.2995926245817162E+020 < Ne <   8.3019347062930984E+020
   8.2995926245817162E+020 < Nh <   8.3019347062930984E+020
 CFL_Te=   1.7953532853722857E-003 maxCFL_Ne=   1.3858820170382755E-003 maxCFL_Ts=   5.1020111971293537E-004 CPU=   288.51883202211246      NumThreads=                    1 Elapsed time=   3.4659782621169026E-003
 CFL_Limit=   1.0000000000000000E-003
 dt_init=   1.0000000000000001E-018 dt=   1.0000000000000001E-018
 Time=  -7.7000000000410384E-014 Intensity=   34216711204.134335     
   4759.4121948447910      < Te <    4759.4129483511788     
   4759.4121948447892      < Th <    4759.4129483511751     
   80.000004862199106      < Ts <   80.000004863608353     
   1.0986786856184172E+021 < Ne <   1.0989850601687363E+021
   1.0986786856184172E+021 < Nh <   1.0989850601687363E+021
 CFL_Te=   1.7950718679433364E-003 maxCFL_Ne=   1.3856647832730671E-003 maxCFL_Ts=   5.1020112318377671E-004 CPU=   288.49487283564491      NumThreads=                    1 Elapsed time=   3.4662661078545352E-003
 CFL_Limit=   1.0000000000000000E-003
 dt_init=   1.0000000000000001E-018 dt=   1.0000000000000001E-018
 Time=  -7.6000000000413721E-014 Intensity=   44605020284.252617     
   4758.6511681721804      < Te <    4758.6519366698658     
   4758.6512075185565      < Th <    4758.6519760272449     
   80.000006486185740      < Ts <   80.000006488044761     
   1.4495634022777527E+021 < Ne <   1.4499627931937900E+021
   1.4495634022777527E+021 < Nh <   1.4499627931937900E+021
 CFL_Te=   1.7947848429099723E-003 maxCFL_Ne=   1.3854432208455375E-003 maxCFL_Ts=   5.1020112776966101E-004 CPU=   288.47560041829860      NumThreads=                    1 Elapsed time=   3.4664976814329147E-003
 CFL_Limit=   1.0000000000000000E-003
 dt_init=   1.0000000000000001E-018 dt=   1.0000000000000001E-018
 Time=  -7.5000000000417057E-014 Intensity=   57946080788.916252     
   4757.8749933287399      < Te <    4757.8757771692563     
   4757.8750455106419      < Th <    4757.8758293655774     
   80.000008624748801      < Ts <   80.000008627192969     
   1.9061520724350610E+021 < Ne <   1.9066709185047699E+021
   1.9061520724350610E+021 < Nh <   1.9066709185047699E+021
 CFL_Te=   1.7944921046879065E-003 maxCFL_Ne=   1.3852172482523065E-003 maxCFL_Ts=   5.1020113380862851E-004 CPU=   288.45180357906059      NumThreads=                    1 Elapsed time=   3.4667836622692982E-003
 CFL_Limit=   1.0000000000000000E-003
 dt_init=   1.0000000000000001E-018 dt=   1.0000000000000001E-018
 Time=  -7.4000000000420394E-014 Intensity=   75016922429.376862     
   4757.0833311074148      < Te <    4757.0841306294033     
   4757.0833707564543      < Th <    4757.0841702892649     
   80.000011431572617      < Ts <   80.000011434775402     
   2.4982330318411410E+021 < Ne <   2.4989047293425091E+021
   2.4982330318411410E+021 < Nh <   2.4989047293425091E+021
 CFL_Te=   1.7942652500423015E-003 maxCFL_Ne=   1.3849867667322161E-003 maxCFL_Ts=   5.1020114173465857E-004 CPU=   288.42776106635938      NumThreads=                    1 Elapsed time=   3.4670726434336782E-003
 CFL_Limit=   1.0000000000000000E-003
 dt_init=   1.0000000000000001E-018 dt=   1.0000000000000001E-018
 Time=  -7.3000000000423730E-014 Intensity=   96780813434.073257     
   4756.2758435768510      < Te <    4756.2766590960582     
   4756.2758600984716      < Th <    4756.2766756221299     
   80.000015103237416      < Ts <   80.000015107420424     
   3.2633579497642383E+021 < Ne <   3.2642245200396828E+021
   3.2633579497642383E+021 < Nh <   3.2642245200396828E+021
 CFL_Te=   1.7938889773909329E-003 maxCFL_Ne=   1.3847516778926062E-003 maxCFL_Ts=   5.1020115210286183E-004 CPU=   288.40652767124823      NumThreads=                    1 Elapsed time=   3.4673279002196866E-003
 CFL_Limit=   1.0000000000000000E-003
 dt_init=   1.0000000000000001E-018 dt=   1.0000000000000001E-018
 Time=  -7.2000000000427066E-014 Intensity=   124426860014.13100     
   4755.4521995278683      < Te <    4755.4530313255900     
   4756.9201277652719      < Th <    4756.9209599232618     
   80.000019890286737      < Ts <   80.000019895731825     
   4.2486815491987603E+021 < Ne <   4.2497956608036506E+021
   4.2486815491987603E+021 < Nh <   4.2497956608036506E+021
 CFL_Te=   1.7935783359197123E-003 maxCFL_Ne=   1.3845118852945596E-003 maxCFL_Ts=   5.1020116562073203E-004 CPU=   288.38358178257397      NumThreads=                    1 Elapsed time=   3.4676037859670780E-003
 CFL_Limit=   1.0000000000000000E-003
 dt_init=   1.0000000000000001E-018 dt=   1.0000000000000001E-018
 Time=  -7.1000000000430403E-014 Intensity=   159416717950.19135     
   4754.6121479870262      < Te <    4754.6129963141866     
   4755.6709475333382      < Th <    4755.6717961193426     
   80.000026110841389      < Ts <   80.000026117905804     
   5.5131870174765688E+021 < Ne <   5.5146144265848184E+021
   5.5131870174765688E+021 < Nh <   5.5146144265848184E+021
 CFL_Te=   1.7932615062532333E-003 maxCFL_Ne=   1.3842673158603351E-003 maxCFL_Ts=   5.1020118318658889E-004 CPU=   288.36705453021693      NumThreads=                    1 Elapsed time=   3.4678025256009736E-003
 CFL_Limit=   1.0000000000000000E-003
 dt_init=   1.0000000000000001E-018 dt=   1.0000000000000001E-018
 Time=  -7.0000000000433739E-014 Intensity=   203539373738.42972     
   4753.7554604100733      < Te <    4753.7563254708166     
   4753.7554181767791      < Th <    4753.7562832265367     
   80.000034167393537      < Ts <   80.000034176528473     
   7.1303650323123793E+021 < Ne <   7.1321875136355930E+021
   7.1303650323123793E+021 < Nh <   7.1321875136355930E+021
 CFL_Te=   1.7929384021755407E-003 maxCFL_Ne=   1.3840179030374913E-003 maxCFL_Ts=   5.1020120593700134E-004 CPU=   288.34345642909989      NumThreads=                    1 Elapsed time=   3.4680863314333187E-003
 CFL_Limit=   1.0000000000000000E-003
 dt_init=   1.0000000000000001E-018 dt=   1.0000000000000001E-018
 Time=  -6.9000000000437076E-014 Intensity=   258975005990.62750     
   4752.8819616596811      < Te <    4752.8828435976930     
   4752.8819290329739      < Th <    4752.8828109626184     
   80.000044567294893      < Ts <   80.000044579068117     
   9.1914231423929627E+021 < Ne <   9.1937419919203458E+021
   9.1914231423929627E+021 < Nh <   9.1937419919203458E+021
 CFL_Te=   1.7926089576086135E-003 maxCFL_Ne=   1.3837635958186083E-003 maxCFL_Ts=   5.1020123530464074E-004 CPU=   288.27557940345838      NumThreads=                    1 Elapsed time=   3.4689029229230759E-003
 CFL_Limit=   1.0000000000000000E-003
 dt_init=   1.0000000000000001E-018 dt=   1.0000000000000001E-018
 Time=  -6.8000000000440412E-014 Intensity=   328368974519.18756     
   4750.6879301558165      < Te <    4750.6888287030151     
   4751.9915346290491      < Th <    4751.9924335058067     
   80.000057947735314      < Ts <   80.000057962858634     
   1.1809111473302662E+022 < Ne <   1.1812051673541947E+022
   1.1809111473302662E+022 < Nh <   1.1812051673541947E+022
 CFL_Te=   1.7912899010157615E-003 maxCFL_Ne=   1.3831620378208880E-003 maxCFL_Ts=   5.1020127308881388E-004 CPU=   288.25692132222139      NumThreads=                    1 Elapsed time=   3.4691274555110267E-003
 CFL_Limit=   1.0000000000000000E-003
 dt_init=   1.0000000000000001E-018 dt=   1.0000000000000001E-018
 Time=  -6.7000000000443749E-014 Intensity=   414916998789.12958     
   4750.9796149754638      < Te <    4750.9805307688812     
   4751.0841834230187      < Th <    4751.0850992183950     
   80.000075106072984      < Ts <   80.000075125435600     
   1.5122260210072659E+022 < Ne <   1.5125975358029427E+022
   1.5122260210072659E+022 < Nh <   1.5125975358029427E+022
 CFL_Te=   1.7919704058898594E-003 maxCFL_Ne=   1.3832402212628657E-003 maxCFL_Ts=   5.1020132154110760E-004 CPU=   288.23682145283124      NumThreads=                    1 Elapsed time=   3.4693693711982799E-003
 CFL_Limit=   1.0000000000000000E-003
 dt_init=   1.0000000000000001E-018 dt=   1.0000000000000001E-018
 Time=  -6.6000000000447085E-014 Intensity=   522462572428.35266     
   4750.0826096901510      < Te <    4750.0835422700457     
   4750.1599800329914      < Th <    4750.1609125959494     
   80.000097036375166      < Ts <   80.000097061083537     
   1.9301133729776070E+022 < Ne <   1.9305811837139779E+022
   1.9301133729776070E+022 < Nh <   1.9305811837139779E+022
 CFL_Te=   1.7914946924747187E-003 maxCFL_Ne=   1.3829711690925047E-003 maxCFL_Ts=   5.1020138346856599E-004 CPU=   288.21957037016352      NumThreads=                    1 Elapsed time=   3.4695770266942290E-003
 CFL_Limit=   1.0000000000000000E-003
 dt_init=   1.0000000000000001E-018 dt=   1.0000000000000001E-018
 Time=  -6.5000000000450421E-014 Intensity=   655607608773.53748     
   4748.5531513707592      < Te <    4748.5541002602195     
   4749.2191421220778      < Th <    4749.2200911564541     
   80.000124973447456      < Ts <   80.000125004873638     
   2.4553715496526629E+022 < Ne <   2.4559585780674480E+022
   2.4553715496526629E+022 < Nh <   2.4559585780674480E+022
 CFL_Te=   1.7907490316959869E-003 maxCFL_Ne=   1.3825217878388964E-003 maxCFL_Ts=   5.1020146235801077E-004 CPU=   288.20980155209816      NumThreads=                    1 Elapsed time=   3.4696946273676103E-003
 CFL_Limit=   1.0000000000000000E-003
 dt_init=   1.0000000000000001E-018 dt=   1.0000000000000001E-018
 Time=  -6.4000000000453758E-014 Intensity=   819837215909.35083     
   4747.6753679190633      < Te <    4747.6763328346551     
   4748.2620520600658      < Th <    4748.2630170955708     
   80.000160445346211      < Ts <   80.000160485185106     
   3.1133046263205058E+022 < Ne <   3.1140387055493056E+022
   3.1133046263205058E+022 < Nh <   3.1140387055493056E+022
 CFL_Te=   1.7904239400285051E-003 maxCFL_Ne=   1.3822780022704803E-003 maxCFL_Ts=   5.1020156252431343E-004 CPU=   288.19794054780306      NumThreads=                    1 Elapsed time=   3.4698374252751861E-003
 CFL_Limit=   1.0000000000000000E-003
 dt_init=   1.0000000000000001E-018 dt=   1.0000000000000001E-018
 Time=  -6.3000000000457094E-014 Intensity=   1021659349832.0927     
   4750.3691729091688      < Te <    4750.3701541878336     
   4745.9869583379459      < Th <    4745.9879383410071     
   80.000205336123514      < Ts <   80.000205386461445     
   3.9345745676424838E+022 < Ne <   3.9354893581050798E+022
   3.9345745676424838E+022 < Nh <   3.9354893581050798E+022
 CFL_Te=   1.7926782407293534E-003 maxCFL_Ne=   1.3830320465152961E-003 maxCFL_Ts=   5.1020168928754995E-004 CPU=   288.18942057287086      NumThreads=                    1 Elapsed time=   3.4699400068613638E-003
 CFL_Limit=   1.0000000000000000E-003
 dt_init=   1.0000000000000001E-018 dt=   1.0000000000000001E-018
 Time=  -6.2000000000460431E-014 Intensity=   1268759882568.7104     
   4743.5323095635413      < Te <    4743.5333035093818     
   4746.1971825760302      < Th <    4746.1981772891468     
   80.000261960651116      < Ts <   80.000262024045398     
   4.9561853108980556E+022 < Ne <   4.9573213550097899E+022
   4.9561853108980556E+022 < Nh <   4.9573213550097899E+022
 CFL_Te=   1.7878014934199567E-003 maxCFL_Ne=   1.3810415524530169E-003 maxCFL_Ts=   5.1020184918425108E-004 CPU=   288.18206509184984      NumThreads=                    1 Elapsed time=   3.4700285726708166E-003
 CFL_Limit=   1.0000000000000000E-003
 dt_init=   1.0000000000000001E-018 dt=   1.0000000000000001E-018
 Time=  -6.1000000000463767E-014 Intensity=   1570173339800.8547     
   4745.0425118521753      < Te <    4745.0435196661128     
   4743.6236748011315      < Th <    4743.6246822063258     
   80.000333150927972      < Ts <   80.000333230504182     
   6.2226126847721188E+022 < Ne <   6.2240186146424466E+022
   6.2226126847721188E+022 < Nh <   6.2240186146424466E+022
 CFL_Te=   1.7894577812305951E-003 maxCFL_Ne=   1.3815562876077377E-003 maxCFL_Ts=   5.1020205021105999E-004 CPU=   288.17999279627765      NumThreads=                    1 Elapsed time=   3.4700535255649321E-003
 CFL_Limit=   1.0000000000000000E-003
 dt_init=   1.0000000000000001E-018 dt=   1.0000000000000001E-018
 Time=  -6.0000000000467103E-014 Intensity=   1936469201836.5425     
   4743.9045797036597      < Te <    4743.9055990119123     
   4743.5441879373639      < Th <    4743.5452071345544     
   80.000422361389397      < Ts <   80.000422460951185     
   7.7870942726570887E+022 < Ne <   7.7888281845075334E+022
   7.7870942726570887E+022 < Nh <   7.7888281845075334E+022
 CFL_Te=   1.7892229760198453E-003 maxCFL_Ne=   1.3812611156632714E-003 maxCFL_Ts=   5.1020230212201726E-004 CPU=   288.18001505652529      NumThreads=                    1 Elapsed time=   3.4700532575232682E-003
 CFL_Limit=   1.0000000000000000E-003
 dt_init=   1.0000000000000001E-018 dt=   1.0000000000000001E-018
 Time=  -5.9000000000470440E-014 Intensity=   2379953215735.2744     
   4739.3116724826978      < Te <    4739.3127002639139     
   4742.6760936164201      < Th <    4742.6771223559417     
   80.000533787444397      < Ts <   80.000533911603043     
   9.7130928227904572E+022 < Ne <   9.7152238317361047E+022
   9.7130928227904572E+022 < Nh <   9.7152238317361047E+022
 CFL_Te=   1.7858842451883223E-003 maxCFL_Ne=   1.3799036934735252E-003 maxCFL_Ts=   5.1020261676314822E-004 CPU=   288.17687472051625      NumThreads=                    1 Elapsed time=   3.4700910715678838E-003
 CFL_Limit=   1.0000000000000000E-003
 dt_init=   1.0000000000000001E-018 dt=   1.0000000000000001E-018
 Time=  -5.8000000000473776E-014 Intensity=   2914882629713.4248     
   4740.8356161421334      < Te <    4740.8366516839678     
   4742.2298370135086      < Th <    4742.2308729348424     
   80.000672506858578      < Ts <   80.000672661187423     
   1.2075946340734652E+023 < Ne <   1.2078556328372163E+023
   1.2075946340734652E+023 < Nh <   1.2078556328372163E+023
 CFL_Te=   1.7875398019841333E-003 maxCFL_Ne=   1.3803309215900436E-003 maxCFL_Ts=   5.1020300847149595E-004 CPU=   288.15197056882710      NumThreads=                    1 Elapsed time=   3.4703909816266314E-003
 CFL_Limit=   1.0000000000000000E-003
 dt_init=   1.0000000000000001E-018 dt=   1.0000000000000001E-018
 Time=  -5.7000000000477113E-014 Intensity=   3557693630525.7944     
   4738.3552656161646      < Te <    4738.3563046515146     
   4743.9395529194981      < Th <    4743.9405935054765     
   80.000844644028319      < Ts <   80.000844835233096     
   1.4964716541401373E+023 < Ne <   1.4967902106971382E+023
   1.4964716541401373E+023 < Nh <   1.4967902106971382E+023
 CFL_Te=   1.7859424221411725E-003 maxCFL_Ne=   1.3796562101863574E-003 maxCFL_Ts=   5.1020349453869405E-004 CPU=   288.14621706840251      NumThreads=                    1 Elapsed time=   3.4704602759459860E-003
 CFL_Limit=   1.0000000000000000E-003
 dt_init=   1.0000000000000001E-018 dt=   1.0000000000000001E-018
 Time=  -5.6000000000475123E-014 Intensity=   4327238540091.4380     
   4735.8691600013735      < Te <    4735.8701988015791     
   4737.6770707583473      < Th <    4737.6781099813925     
   80.001057551375325      < Ts <   80.001057787493693     
   1.8484245605504706E+023 < Ne <   1.8488120229684414E+023
   1.8484245605504706E+023 < Nh <   1.8488120229684414E+023
 CFL_Te=   1.7845462378921313E-003 maxCFL_Ne=   1.3789601360476344E-003 maxCFL_Ts=   5.1020409572273421E-004 CPU=   288.13673322686100      NumThreads=                    1 Elapsed time=   3.4705745039896110E-003
 CFL_Limit=   1.0000000000000000E-003
 dt_init=   1.0000000000000001E-018 dt=   1.0000000000000001E-018
 Time=  -5.5000000000472148E-014 Intensity=   5245029512467.1377     
   4734.4582805694190      < Te <    4734.4593149766588     
   4738.8802496551316      < Th <    4738.8812852190895     
   80.001320031523150      < Ts <   80.001320322163323     
   2.2757428629396387E+023 < Ne <   2.2762125056349851E+023
   2.2757428629396387E+023 < Nh <   2.2762125056349851E+023
 CFL_Te=   1.7839059865848936E-003 maxCFL_Ne=   1.3785834604554577E-003 maxCFL_Ts=   5.1020483687468153E-004 CPU=   288.12546224833142      NumThreads=                    1 Elapsed time=   3.4707102669673585E-003
 CFL_Limit=   1.0000000000000000E-003
 dt_init=   1.0000000000000001E-018 dt=   1.0000000000000001E-018
 Time=  -5.4000000000469174E-014 Intensity=   6335484573989.2178     
   4731.8521727649559      < Te <    4731.8531971035318     
   4737.7004903125280      < Th <    4737.7015161827376     
   80.001642577477298      < Ts <   80.001642934067760     
   2.7927705794893907E+023 < Ne <   2.7933378634763434E+023
   2.7927705794893907E+023 < Nh <   2.7933378634763434E+023
 CFL_Te=   1.7823498427566619E-003 maxCFL_Ne=   1.3779130981263271E-003 maxCFL_Ts=   5.1020574761592426E-004 CPU=   288.11405372100535      NumThreads=                    1 Elapsed time=   3.4708476975869700E-003
 CFL_Limit=   1.0000000000000000E-003
 dt_init=   1.0000000000000001E-018 dt=   1.0000000000000001E-018
 Time=  -5.3000000000466199E-014 Intensity=   7626170880184.8320     
   4732.8952107490240      < Te <    4732.8962197827204     
   4733.1180994205506      < Th <    4733.1191083490867     
   80.002037652133808      < Ts <   80.002038088225632     
   3.4161774238418203E+023 < Ne <   3.4168602787962477E+023
   3.4161774238418203E+023 < Nh <   3.4168602787962477E+023
 CFL_Te=   1.7833391670591364E-003 maxCFL_Ne=   1.3783160981434357E-003 maxCFL_Ts=   5.1020686312604592E-004 CPU=   288.09891202997841      NumThreads=                    1 Elapsed time=   3.4710301158511281E-003
 CFL_Limit=   1.0000000000000000E-003
 dt_init=   1.0000000000000001E-018 dt=   1.0000000000000001E-018
 Time=  -5.2000000000463225E-014 Intensity=   9148039040900.5273     
   4725.0034772660792      < Te <    4725.0044610665018     
   4734.6722882220092      < Th <    4734.6732745600148     
   80.002520003457036      < Ts <   80.002520535052241     
   4.1652514391697996E+023 < Ne <   4.1660705664667542E+023
   4.1652514391697996E+023 < Nh <   4.1660705664667548E+023
 CFL_Te=   1.7780760143568089E-003 maxCFL_Ne=   1.3760944667097841E-003 maxCFL_Ts=   5.1020822503081056E-004 CPU=   288.09716234329898      NumThreads=                    1 Elapsed time=   3.4710511962918666E-003
 CFL_Limit=   1.0000000000000000E-003
 dt_init=   1.0000000000000001E-018 dt=   1.0000000000000001E-018
 Time=  -5.1000000000460250E-014 Intensity=   10935641313518.219     
   4725.6554067594279      < Te <    4725.6563592232824     
   4732.2604394520367      < Th <    4732.2613935003037     
   80.003107013878633      < Ts <   80.003107659812670     
   5.0622119962852619E+023 < Ne <   5.0631911916863192E+023
   5.0622119962852619E+023 < Nh <   5.0631911916863192E+023
 CFL_Te=   1.7787865254890278E-003 maxCFL_Ne=   1.3762948865705771E-003 maxCFL_Ts=   5.1020988238592775E-004 CPU=   288.09350769034432      NumThreads=                    1 Elapsed time=   3.4710952288270389E-003
 CFL_Limit=   1.0000000000000000E-003
 dt_init=   1.0000000000000001E-018 dt=   1.0000000000000001E-018
 Time=  -5.0000000000457276E-014 Intensity=   13027325412947.795     
   4720.9770919348248      < Te <    4720.9780016880859     
   4729.8816234085489      < Th <    4729.8825352552940     
   80.003819097178521      < Ts <   80.003819879516811     
   6.1325413307000895E+023 < Ne <   6.1337078243325372E+023
   6.1325413307000895E+023 < Nh <   6.1337078243325372E+023
 CFL_Te=   1.7755288016757663E-003 maxCFL_Ne=   1.3750851833221958E-003 maxCFL_Ts=   5.1021189279371699E-004 CPU=   288.08831718913410      NumThreads=                    1 Elapsed time=   3.4711577677184516E-003
 CFL_Limit=   1.0000000000000000E-003
 dt_init=   1.0000000000000001E-018 dt=   1.0000000000000001E-018
 Time=  -4.9000000000454301E-014 Intensity=   15465394672231.150     
   4719.8070081739634      < Te <    4719.8078648237315     
   4728.6220242285744      < Th <    4728.6228827867153     
   80.004680132978663      < Ts <   80.004681077502909     
   7.4053320593579934E+023 < Ne <   7.4067168701983110E+023
   7.4053320593579934E+023 < Nh <   7.4067168701983110E+023
 CFL_Te=   1.7749893838646792E-003 maxCFL_Ne=   1.3748090908134785E-003 maxCFL_Ts=   5.1021432362435360E-004 CPU=   288.07338470445842      NumThreads=                    1 Elapsed time=   3.4713376976006466E-003
 CFL_Limit=   1.0000000000000000E-003
 dt_init=   1.0000000000000001E-018 dt=   1.0000000000000001E-018
 Time=  -4.8000000000451327E-014 Intensity=   18296224350930.973     
   4716.9740825792605      < Te <    4716.9748727120041     
   4726.8731015893372      < Th <    4726.8738937127800     
   80.005717954433919      < Ts <   80.005719091121406     
   8.9136472237861813E+023 < Ne <   8.9152855245447866E+023
   8.9136472237861813E+023 < Nh <   8.9152855245447866E+023
 CFL_Te=   1.7730530959910566E-003 maxCFL_Ne=   1.3740626854799834E-003 maxCFL_Ts=   5.1021725338510943E-004 CPU=   288.05145257410186      NumThreads=                    1 Elapsed time=   3.4716020039605522E-003
 CFL_Limit=   1.0000000000000000E-003
 dt_init=   1.0000000000000001E-018 dt=   1.0000000000000001E-018
 Time=  -4.7000000000448352E-014 Intensity=   21570323077270.426     
   4713.5791014982224      < Te <    4713.5798102869385     
   4727.5123124965457      < Th <    4727.5130239517366     
   80.006964871693697      < Ts <   80.006966235291486     
   1.0694888443270020E+024 < Ne <   1.0696819930916990E+024
   1.0694888443270019E+024 < Nh <   1.0696819930916990E+024
 CFL_Te=   1.7708709857674014E-003 maxCFL_Ne=   1.3732663831622250E-003 maxCFL_Ts=   5.1022077318760501E-004 CPU=   288.03274284245862      NumThreads=                    1 Elapsed time=   3.4718275086765274E-003
 CFL_Limit=   1.0000000000000000E-003
 dt_init=   1.0000000000000001E-018 dt=   1.0000000000000001E-018
 Time=  -4.6000000000445378E-014 Intensity=   25342327775993.938     
   4708.6187290149965      < Te <    4708.6193395838300     
   4726.8622111705990      < Th <    4726.8628248932246     
   80.008458260022891      < Ts <   80.008459890630292     
   1.2791166794252256E+024 < Ne <   1.2793436060169602E+024
   1.2791166794252256E+024 < Nh <   1.2793436060169602E+024
 CFL_Te=   1.7673250000640169E-003 maxCFL_Ne=   1.3720204316998146E-003 maxCFL_Ts=   5.1022498839358409E-004 CPU=   288.01288067797981      NumThreads=                    1 Elapsed time=   3.4720669354995812E-003
 CFL_Limit=   1.0000000000000000E-003
 dt_init=   1.0000000000000001E-018 dt=   1.0000000000000001E-018
 Time=  -4.5000000000442403E-014 Intensity=   29670920032114.766     
   4704.2632798791028      < Te <    4704.2637738596313     
   4722.5469936492354      < Th <    4722.5474902753567     
   80.010241152993373      < Ts <   80.010243096717275     
   1.5249669924753256E+024 < Ne <   1.5252326817551368E+024
   1.5249669924753256E+024 < Nh <   1.5252326817551368E+024
 CFL_Te=   1.7642587366653846E-003 maxCFL_Ne=   1.3710403833245488E-003 maxCFL_Ts=   5.1023002026968781E-004 CPU=   287.99758029932519      NumThreads=                    1 Elapsed time=   3.4722513951702919E-003
 CFL_Limit=   1.0000000000000000E-003
 dt_init=   1.0000000000000001E-018 dt=   1.0000000000000001E-018
 Time=  -4.4000000000439429E-014 Intensity=   34618651727643.855     
   4701.8490548312066      < Te <    4701.8494119018651     
   4719.5175279408213      < Th <    4719.5178869372612     
   80.012362973913071      < Ts <   80.012365283599863     
   1.8123017848382108E+024 < Ne <   1.8126117821238833E+024
   1.8123017848382108E+024 < Nh <   1.8126117821238833E+024
 CFL_Te=   1.7625919703793452E-003 maxCFL_Ne=   1.3704750401972909E-003 maxCFL_Ts=   5.1023600802534424E-004 CPU=   287.97678295617828      NumThreads=                    1 Elapsed time=   3.4725021570651093E-003
 CFL_Limit=   1.0000000000000000E-003
 dt_init=   1.0000000000000001E-018 dt=   1.0000000000000001E-018
 Time=  -4.3000000000436454E-014 Intensity=   40251668020119.102     
   4695.8850334511317      < Te <    4695.8852302039531     
   4716.5861653568991      < Th <    4716.5863636921049     
   80.014880213363284      < Ts <   80.014882949284129     
   2.1469598790933740E+024 < Ne <   2.1473203224242466E+024
   2.1469598790933740E+024 < Nh <   2.1473203224242466E+024
 CFL_Te=   1.7581805361959180E-003 maxCFL_Ne=   1.3690652138578022E-003 maxCFL_Ts=   5.1024311068927476E-004 CPU=   287.95751894500177      NumThreads=                    1 Elapsed time=   3.4727344632768361E-003
 CFL_Limit=   1.0000000000000000E-003
 dt_init=   1.0000000000000001E-018 dt=   1.0000000000000001E-018
 Time=  -4.2000000000433480E-014 Intensity=   46639316361462.930     
   4690.3842939989672      < Te <    4690.3843054302752     
   4716.1929691607293      < Th <    4716.1929816387928     
   80.017857205585912      < Ts <   80.017860436288743     
   2.5353875378421531E+024 < Ne <   2.5358051867757834E+024
   2.5353875378421531E+024 < Nh <   2.5358051867757834E+024
 CFL_Te=   1.7540343126808443E-003 maxCFL_Ne=   1.3678874887732475E-003 maxCFL_Ts=   5.1025150925294025E-004 CPU=   287.94029488852038      NumThreads=                    1 Elapsed time=   3.4729421958366825E-003
 CFL_Limit=   1.0000000000000000E-003
 dt_init=   1.0000000000000001E-018 dt=   1.0000000000000001E-018
 Time=  -4.1000000000430505E-014 Intensity=   53853631331000.812     
   4686.9085343813176      < Te <    4686.9087356502177     
   4714.2778814526118      < Th <    4714.2780829300445     
   80.021366949598402      < Ts <   80.021370752695432     
   2.9846650582733124E+024 < Ne <   2.9851473180834925E+024
   2.9846650582733124E+024 < Nh <   2.9851473180834925E+024
 CFL_Te=   1.7513876101812851E-003 maxCFL_Ne=   1.3671225908767032E-003 maxCFL_Ts=   5.1026140892460145E-004 CPU=   287.92402049461140      NumThreads=                    1 Elapsed time=   3.4731384977264006E-003
 CFL_Limit=   1.0000000000000000E-003
 dt_init=   1.0000000000000001E-018 dt=   1.0000000000000001E-018
 Time=  -4.0000000000427531E-014 Intensity=   61968686616517.875     
   4679.1751012266768      < Te <    4679.1755451976405     
   4711.9557198717930      < Th <    4711.9561657182603     
   80.025491944952876      < Ts <   80.025496407950243     
   3.5025281853591016E+024 < Ne <   3.5030831254455463E+024
   3.5025281853591016E+024 < Nh <   3.5030831254455463E+024
 CFL_Te=   1.7457938152642739E-003 maxCFL_Ne=   1.3653938653282573E-003 maxCFL_Ts=   5.1027304140474508E-004 CPU=   287.90597490631467      NumThreads=                    1 Elapsed time=   3.4733561897261856E-003
 CFL_Limit=   1.0000000000000000E-003
 dt_init=   1.0000000000000001E-018 dt=   1.0000000000000001E-018
 Time=  -3.9000000000424557E-014 Intensity=   71059807549599.203     
   4678.0342275880321      < Te <    4678.0349467913566     
   4710.4214178282182      < Th <    4710.4221409629154     
   80.030325053730607      < Ts <   80.030330275056016     
   4.0973831277599196E+024 < Ne <   4.0980194930684157E+024
   4.0973831277599191E+024 < Nh <   4.0980194930684157E+024
 CFL_Te=   1.7445777364418311E-003 maxCFL_Ne=   1.3654407330943017E-003 maxCFL_Ts=   5.1028666721023323E-004 CPU=   287.88637765770397      NumThreads=                    1 Elapsed time=   3.4735926310101306E-003
 CFL_Limit=   1.0000000000000000E-003
 dt_init=   1.0000000000000001E-018 dt=   1.0000000000000001E-018
 Time=  -3.8000000000421582E-014 Intensity=   81202640199250.766     
   4666.5107410756254      < Te <    4666.5117692543699     
   4707.4436964136148      < Th <    4707.4447320980789     
   80.035970396687617      < Ts <   80.035976486317992     
   4.7783139066745304E+024 < Ne <   4.7790411207366454E+024
   4.7783139066745299E+024 < Nh <   4.7790411207366454E+024
 CFL_Te=   1.7352128968993908E-003 maxCFL_Ne=   1.3628289674670376E-003 maxCFL_Ts=   5.1030257806293142E-004 CPU=   287.86286321874047      NumThreads=                    1 Elapsed time=   3.4738763757800975E-003
 CFL_Limit=   1.0000000000000000E-003
 dt_init=   1.0000000000000001E-018 dt=   1.0000000000000001E-018
 Time=  -3.7000000000418608E-014 Intensity=   92472076146496.750     
   4658.8934923875058      < Te <    4658.8948665270218     
   4706.5200832467499      < Th <    4706.5214696037201     
   80.042544327972053      < Ts <   80.042551408706998     
   5.5550807681284725E+024 < Ne <   5.5559089266022885E+024
   5.5550807681284725E+024 < Nh <   5.5559089266022885E+024
 CFL_Te=   1.7292864625377898E-003 maxCFL_Ne=   1.3615002902260019E-003 maxCFL_Ts=   5.1032109945992770E-004 CPU=   287.84864326777898      NumThreads=                    1 Elapsed time=   3.4740479880244666E-003
 CFL_Limit=   1.0000000000000000E-003
 dt_init=   1.0000000000000001E-018 dt=   1.0000000000000001E-018
 Time=  -3.6000000000415633E-014 Intensity=   104941035677997.53     
   4653.3440052164860      < Te <    4653.3457647656132     
   4703.9328854569176      < Th <    4703.9346622971398     
   80.050176273369573      < Ts <   80.050184481525662     
   6.4381083247930503E+024 < Ne <   6.4390481780520164E+024
   6.4381083247930503E+024 < Nh <   6.4390481780520164E+024
 CFL_Te=   1.7244388638230335E-003 maxCFL_Ne=   1.3604181302716803E-003 maxCFL_Ts=   5.1034259280981437E-004 CPU=   287.82998641121776      NumThreads=                    1 Elapsed time=   3.4742731723973927E-003
 CFL_Limit=   1.0000000000000000E-003
 dt_init=   1.0000000000000001E-018 dt=   1.0000000000000001E-018
 Time=  -3.5000000000412659E-014 Intensity=   118679116201979.36     
   4642.7432708772831      < Te <    4642.7454550583006     
   4702.4084085161885      < Th <    4702.4106184648572     
   80.059009690717275      < Ts <   80.059019177005567     
   7.4384622465479456E+024 < Ne <   7.4395251701971728E+024
   7.4384622465479456E+024 < Nh <   7.4395251701971728E+024
 CFL_Te=   1.7157742937274712E-003 maxCFL_Ne=   1.3585392702947128E-003 maxCFL_Ts=   5.1036745785281487E-004 CPU=   287.80771453543821      NumThreads=                    1 Elapsed time=   3.4745420275274397E-003
 CFL_Limit=   1.0000000000000000E-003
 dt_init=   1.0000000000000001E-018 dt=   1.0000000000000001E-018
 Time=  -3.4000000000409684E-014 Intensity=   133751117135265.58     
   4637.0051160202529      < Te <    4637.0077692325658     
   4699.4492591326680      < Th <    4699.4519458093691     
   80.069202930616967      < Ts <   80.069213861215331     
   8.5678132890806156E+024 < Ne <   8.5690112413518441E+024
   8.5678132890806156E+024 < Nh <   8.5690112413518441E+024
 CFL_Te=   1.7103532873174996E-003 maxCFL_Ne=   1.3575808744925356E-003 maxCFL_Ts=   5.1039613472643474E-004 CPU=   287.79040881888045      NumThreads=                    1 Elapsed time=   3.4747509623551951E-003
 CFL_Limit=   1.0000000000000000E-003
 dt_init=   1.0000000000000001E-018 dt=   1.0000000000000001E-018
 Time=  -3.3000000000406710E-014 Intensity=   150215457241480.28     
   4632.8230359483987      < Te <    4632.8262036427677     
   4698.8174926119509      < Th <    4698.8207031385837     
   80.080930174807406      < Ts <   80.080942732104475     
   9.8383876509352019E+024 < Ne <   9.8397331158334380E+024
   9.8383876509352019E+024 < Nh <   9.8397331158334380E+024
 CFL_Te=   1.7060709061234569E-003 maxCFL_Ne=   1.3571114779247701E-003 maxCFL_Ts=   5.1042910616076655E-004 CPU=   287.77413260927869      NumThreads=                    1 Elapsed time=   3.4749474907035372E-003
 CFL_Limit=   1.0000000000000000E-003
 dt_init=   1.0000000000000001E-018 dt=   1.0000000000000001E-018
 Time=  -3.2000000000403735E-014 Intensity=   168122505300197.97     
   4618.5347772081668      < Te <    4618.5384980835388     
   4700.0138926741729      < Th <    4700.0176760020468     
   80.094382068396115      < Ts <   80.094396451425567     
   1.1262902710841577E+025 < Ne <   1.1264408626334730E+025
   1.1262902710841577E+025 < Nh <   1.1264408626334730E+025
 CFL_Te=   1.6939547365376055E-003 maxCFL_Ne=   1.3547484137682170E-003 maxCFL_Ts=   5.1046689870672970E-004 CPU=   287.76080724389112      NumThreads=                    1 Elapsed time=   3.4751084054071755E-003
 CFL_Limit=   1.0000000000000000E-003
 dt_init=   1.0000000000000001E-018 dt=   1.0000000000000001E-018
 Time=  -3.1000000000400761E-014 Intensity=   187512849914193.47     
   4613.7468479622694      < Te <    4613.7511744592402     
   4696.5912973799996      < Th <    4696.5956985413231     
   80.109766585355558      < Ts <   80.109783011093270     
   1.2854487615278834E+025 < Ne <   1.2856167286171993E+025
   1.2854487615278834E+025 < Nh <   1.2856167286171993E+025
 CFL_Te=   1.6889806273118820E-003 maxCFL_Ne=   1.3543742034627462E-003 maxCFL_Ts=   5.1051008449522553E-004 CPU=   287.74271260579695      NumThreads=                    1 Elapsed time=   3.4753269368457801E-003
 CFL_Limit=   1.0000000000000000E-003
 dt_init=   1.0000000000000001E-018 dt=   1.0000000000000001E-018
 Time=  -3.0000000000397786E-014 Intensity=   208415539059104.09     
   4597.4745466734612      < Te <    4597.4795143285110     
   4695.0168581617700      < Th <    4695.0219273596886     
   80.127309638232347      < Ts <   80.127328341374323     
   1.4626588068543554E+025 < Ne <   1.4628455063220237E+025
   1.4626588068543556E+025 < Nh <   1.4628455063220235E+025
 CFL_Te=   1.6750188316448386E-003 maxCFL_Ne=   1.3519855413142742E-003 maxCFL_Ts=   5.1055928212996485E-004 CPU=   287.72377683358616      NumThreads=                    1 Elapsed time=   3.4755556562097428E-003
 CFL_Limit=   1.0000000000000000E-003
 dt_init=   1.0000000000000001E-018 dt=   1.0000000000000001E-018
 Time=  -2.9000000000394812E-014 Intensity=   230846324469058.75     
   4591.3158056730053      < Te <    4591.3214695836532     
   4694.2904657776508      < Th <    4694.2962527388372     
   80.147255428528354      < Ts <   80.147276663100527     
   1.6592855442142851E+025 < Ne <   1.6594923473978039E+025
   1.6592855442142853E+025 < Nh <   1.6594923473978037E+025
 CFL_Te=   1.6685277361423460E-003 maxCFL_Ne=   1.3515872423582064E-003 maxCFL_Ts=   5.1061515668346781E-004 CPU=   287.70587869360185      NumThreads=                    1 Elapsed time=   3.4757718700109360E-003
 CFL_Limit=   1.0000000000000000E-003
 dt_init=   1.0000000000000001E-018 dt=   1.0000000000000001E-018
 Time=  -2.8000000000393169E-014 Intensity=   254805949950995.25     
   4585.8383641385426      < Te <    4585.8447708665381     
   4697.0184576907814      < Th <    4697.0250154444730     
   80.169867143318612      < Ts <   80.169891182099448     
   1.8767020174801190E+025 < Ne <   1.8769302967771159E+025
   1.8767020174801192E+025 < Nh <   1.8769302967771157E+025
 CFL_Te=   1.6620991269503769E-003 maxCFL_Ne=   1.3514759466582318E-003 maxCFL_Ts=   5.1067842046849431E-004 CPU=   287.67506070020886      NumThreads=                    1 Elapsed time=   3.4761442217687310E-003
 CFL_Limit=   1.0000000000000000E-003
 dt_init=   1.0000000000000001E-018 dt=   1.0000000000000001E-018
 Time=  -2.7000000000393350E-014 Intensity=   280278526036165.69     
   4579.8445571584643      < Te <    4579.8517504853762     
   4691.3689426614965      < Th <    4691.3763071316689     
   80.195426821657932      < Ts <   80.195453955846347     
   2.1162750185360831E+025 < Ne <   2.1165261325228799E+025
   2.1162750185360831E+025 < Nh <   2.1165261325228799E+025
 CFL_Te=   1.6550986113321960E-003 maxCFL_Ne=   1.3513982712669388E-003 maxCFL_Ts=   5.1074983126220470E-004 CPU=   287.65999256984907      NumThreads=                    1 Elapsed time=   3.4763263082445563E-003
 CFL_Limit=   1.0000000000000000E-003
 dt_init=   1.0000000000000001E-018 dt=   1.0000000000000001E-018
 Time=  -2.6000000000393531E-014 Intensity=   307230035825304.75     
   4560.7857103943052      < Te <    4560.7937108342821     
   4692.9272564685671      < Th <    4692.9354833472908     
   80.224235551143920      < Ts <   80.224266090790110     
   2.3793495179708713E+025 < Ne <   2.3796247951562017E+025
   2.3793495179708713E+025 < Nh <   2.3796247951562021E+025
 CFL_Te=   1.6381799294019018E-003 maxCFL_Ne=   1.3495791863825705E-003 maxCFL_Ts=   5.1083019120985588E-004 CPU=   287.64627182152952      NumThreads=                    1 Elapsed time=   3.4764921292651106E-003
 CFL_Limit=   1.0000000000000000E-003
 dt_init=   1.0000000000000001E-018 dt=   1.0000000000000001E-018
 Time=  -2.5000000000393712E-014 Intensity=   335607018286695.88     
   4554.8278172978889      < Te <    4554.8366839653618     
   4695.1460211074673      < Th <    4695.1551552407627     
   80.256612959959241      < Ts <   80.256647234814139     
   2.6672318129086416E+025 < Ne <   2.6675325343440511E+025
   2.6672318129086416E+025 < Nh <   2.6675325343440515E+025
 CFL_Te=   1.6305790900125144E-003 maxCFL_Ne=   1.3500122760681814E-003 maxCFL_Ts=   5.1092034348932704E-004 CPU=   287.63306657635570      NumThreads=                    1 Elapsed time=   3.4766517351527723E-003
 CFL_Limit=   1.0000000000000000E-003
 dt_init=   1.0000000000000001E-018 dt=   1.0000000000000001E-018
 Time=  -2.4000000000393893E-014 Intensity=   365335475465721.75     
   4549.3187504468842      < Te <    4549.3285204847971     
   4696.4983092009106      < Th <    4696.5083893916417     
   80.292897051155222      < Ts <   80.292935408074811     
   2.9811715968122569E+025 < Ne <   2.9814989776355906E+025
   2.9811715968122569E+025 < Nh <   2.9814989776355910E+025
 CFL_Te=   1.6229361035414354E-003 maxCFL_Ne=   1.3507649751944076E-003 maxCFL_Ts=   5.1102116963736477E-004 CPU=   287.61709042031799      NumThreads=                    1 Elapsed time=   3.4768448513912008E-003
 CFL_Limit=   1.0000000000000000E-003
 dt_init=   1.0000000000000001E-018 dt=   1.0000000000000001E-018
 Time=  -2.3000000000394074E-014 Intensity=   396320048934195.69     
   4543.8298893909514      < Te <    4543.8405951908126     
   4699.8832038692663      < Th <    4699.8942709827224     
   80.333443738564853      < Ts <   80.333486541477370     
   3.3223431377889401E+025 < Ne <   3.3226983080592716E+025
   3.3223431377889401E+025 < Nh <   3.3226983080592716E+025
 CFL_Te=   1.6148311735364872E-003 maxCFL_Ne=   1.3517141243412690E-003 maxCFL_Ts=   5.1113358572159112E-004 CPU=   287.60350882357841      NumThreads=                    1 Elapsed time=   3.4770090395990941E-003
 CFL_Limit=   1.0000000000000000E-003
 dt_init=   1.0000000000000001E-018 dt=   1.0000000000000001E-018
 Time=  -2.2000000000394255E-014 Intensity=   428443508248520.94     
   4539.2591998237967      < Te <    4539.2708711971127     
   4703.5104911173676      < Th <    4703.5225780376368     
   80.378624346799668      < Ts <   80.378671975191736     
   3.6918258265177154E+025 < Ne <   3.6922098115642877E+025
   3.6918258265177158E+025 < Nh <   3.6922098115642877E+025
 CFL_Te=   1.6075864002773410E-003 maxCFL_Ne=   1.3533164322299597E-003 maxCFL_Ts=   5.1125853254347980E-004 CPU=   287.58799805948746      NumThreads=                    1 Elapsed time=   3.4771965685200476E-003
 CFL_Limit=   1.0000000000000000E-003
 dt_init=   1.0000000000000001E-018 dt=   1.0000000000000001E-018
 Time=  -2.1000000000394436E-014 Intensity=   461566590146840.44     
   4517.1193891519188      < Te <    4517.1320008789835     
   4706.0370227240646      < Th <    4706.0501533464749     
   80.428825234795497      < Ts <   80.428878079996551     
   4.0905844268002536E+025 < Ne <   4.0909981273736695E+025
   4.0905844268002545E+025 < Nh <   4.0909981273736695E+025
 CFL_Te=   1.5867825734735979E-003 maxCFL_Ne=   1.3532776452863016E-003 maxCFL_Ts=   5.1139697141553591E-004 CPU=   287.56990965976166      NumThreads=                    1 Elapsed time=   3.4774152872362415E-003
 CFL_Limit=   1.0000000000000000E-003
 dt_init=   1.0000000000000001E-018 dt=   1.0000000000000001E-018
 Time=  -2.0000000000394617E-014 Intensity=   495528221700863.25     
   4530.2547749587366      < Te <    4530.2684390722889     
   4710.7173371915287      < Th <    4710.7315379137262     
   80.484446128138586      < Ts <   80.484504599175708     
   4.5194493216261562E+025 < Ne <   4.5198934943801573E+025
   4.5194493216261570E+025 < Nh <   4.5198934943801573E+025
 CFL_Te=   1.5913967976059454E-003 maxCFL_Ne=   1.3572128576292105E-003 maxCFL_Ts=   5.1154987601656347E-004 CPU=   287.55322895442458      NumThreads=                    1 Elapsed time=   3.4776170089833832E-003
 CFL_Limit=   1.0000000000000000E-003
 dt_init=   1.0000000000000001E-018 dt=   1.0000000000000001E-018
 Time=  -1.9000000000394798E-014 Intensity=   530146153688796.31     
   4527.6979772540426      < Te <    4527.7126616963369     
   4714.7470179569937      < Th <    4714.7623008850860     
   80.545897542195874      < Ts <   80.545962051782254     
   4.9790971154069029E+025 < Ne <   4.9795723536350422E+025
   4.9790971154069038E+025 < Nh <   4.9795723536350422E+025
 CFL_Te=   1.5841117595521397E-003 maxCFL_Ne=   1.3601690916982994E-003 maxCFL_Ts=   5.1171822143718010E-004 CPU=   287.53543309981126      NumThreads=                    1 Elapsed time=   3.4778322421670838E-003
 CFL_Limit=   1.0000000000000000E-003
 dt_init=   1.0000000000000001E-018 dt=   1.0000000000000001E-018
 Time=  -1.8000000000394979E-014 Intensity=   565218022186468.50     
   4506.5798135685118      < Te <    4506.5954585414756     
   4719.8740204898431      < Th <    4719.8903956592512     
   80.613596922192556      < Ts <   80.613667888610138     
   5.4700319573097500E+025 < Ne <   5.4705386728574130E+025
   5.4700319573097508E+025 < Nh <   5.4705386728574130E+025
 CFL_Te=   1.5628743792526548E-003 maxCFL_Ne=   1.3622787570444455E-003 maxCFL_Ts=   5.1190296947292290E-004 CPU=   287.51447927713787      NumThreads=                    1 Elapsed time=   3.4780857037676029E-003
 CFL_Limit=   1.0000000000000000E-003
 dt_init=   1.0000000000000001E-018 dt=   1.0000000000000001E-018
 Time=  -1.7000000000395159E-014 Intensity=   600522846939097.75     
   4504.8406641422762      < Te <    4504.8573267247684     
   4725.0047047306780      < Th <    4725.0221707905766     
   80.687967282366316      < Ts <   80.688045131920461     
   5.9925680399886907E+025 < Ne <   5.9931064465173826E+025
   5.9925680399886907E+025 < Nh <   5.9931064465173826E+025
 CFL_Te=   1.5555414747472536E-003 maxCFL_Ne=   1.3665040870377374E-003 maxCFL_Ts=   5.1210506056029203E-004 CPU=   287.49457406011771      NumThreads=                    1 Elapsed time=   3.4783265154454393E-003
 CFL_Limit=   1.0000000000000000E-003
 dt_init=   1.0000000000000001E-018 dt=   1.0000000000000001E-018
 Time=  -1.6000000000395340E-014 Intensity=   635822964715927.75     
   4503.8104031733892      < Te <    4503.8280737028927     
   4731.1551618219555      < Th <    4731.1737127406432     
   80.769432559874900      < Ts <   80.769517715824449     
   6.5468135871762637E+025 < Ne <   6.5473836849328353E+025
   6.5468135871762637E+025 < Nh <   6.5473836849328353E+025
 CFL_Te=   1.5483960112287324E-003 maxCFL_Ne=   1.3714782157925823E-003 maxCFL_Ts=   5.1232539659013725E-004 CPU=   287.47664766847129      NumThreads=                    1 Elapsed time=   3.4785434159968257E-003
 CFL_Limit=   1.0000000000000000E-003
 dt_init=   1.0000000000000001E-018 dt=   1.0000000000000001E-018
 Time=  -1.5000000000395521E-014 Intensity=   670866384802196.75     
   4522.0141991085084      < Te <    4522.0329352201907     
   4737.0276840788692      < Th <    4737.0473002095705     
   80.858414026666011      < Ts <   80.858506910587550     
   7.1326567573931863E+025 < Ne <   7.1332583202909551E+025
   7.1326567573931863E+025 < Nh <   7.1332583202909551E+025
 CFL_Te=   1.5546544196633548E-003 maxCFL_Ne=   1.3770215462916096E-003 maxCFL_Ts=   5.1256482661099902E-004 CPU=   287.45937466197120      NumThreads=                    1 Elapsed time=   3.4787524364996571E-003
 CFL_Limit=   1.0000000000000000E-003
 dt_init=   1.0000000000000001E-018 dt=   1.0000000000000001E-018
 Time=  -1.4000000000395702E-014 Intensity=   705389542384162.88     
   4523.0745703411894      < Te <    4523.0942777237087     
   4743.8888820158782      < Th <    4743.9095398054624     
   80.955327862982344      < Ts <   80.955428880645371     
   7.7497538430529307E+025 < Ne <   7.7503864079704222E+025
   7.7497538430529307E+025 < Nh <   7.7503864079704222E+025
 CFL_Te=   1.5479451914192882E-003 maxCFL_Ne=   1.3830209570554457E-003 maxCFL_Ts=   5.1282413570075494E-004 CPU=   287.44098744916948      NumThreads=                    1 Elapsed time=   3.4789749676073529E-003
 CFL_Limit=   1.0000000000000000E-003
 dt_init=   1.0000000000000001E-018 dt=   1.0000000000000001E-018
 Time=  -1.3000000000395883E-014 Intensity=   739120414174015.12     
   4525.4028379213269      < Te <    4525.4234849615677     
   4765.0832765488958      < Th <    4765.1050034476648     
   81.060574493090229      < Ts <   81.060684041835145     
   8.3975200621352125E+025 < Ne <   8.3981829213141126E+025
   8.3975200621352125E+025 < Nh <   8.3981829213141126E+025
 CFL_Te=   1.5417648865518347E-003 maxCFL_Ne=   1.3898570215327929E-003 maxCFL_Ts=   5.1310401205917756E-004 CPU=   287.42802552407716      NumThreads=                    1 Elapsed time=   3.4791318563200876E-003
 CFL_Limit=   1.0000000000000000E-003
 dt_init=   1.0000000000000001E-018 dt=   1.0000000000000001E-018
 Time=  -1.2000000000396064E-014 Intensity=   771781949547466.25     
   4528.9190253557890      < Te <    4528.9405719819642     
   4772.8432380365703      < Th <    4772.8659304606026     
   81.174539656016307      < Ts <   81.174658108527339     
   9.0751233616534661E+025 < Ne <   9.0758155579810835E+025
   9.0751233616534661E+025 < Nh <   9.0758155579810835E+025
 CFL_Te=   1.5363965045754070E-003 maxCFL_Ne=   1.3976484845528055E-003 maxCFL_Ts=   5.1340504604603405E-004 CPU=   287.41569873080311      NumThreads=                    1 Elapsed time=   3.4792810706439927E-003
 CFL_Limit=   1.0000000000000000E-003
 dt_init=   1.0000000000000001E-018 dt=   1.0000000000000001E-018
 Time=  -1.1000000000396245E-014 Intensity=   803095760155589.12     
   4533.8479923547056      < Te <    4533.8703915151718     
   4780.9167821331048      < Th <    4780.9403861533756     
   81.297587495759899      < Ts <   81.297715202858129     
   9.7814813785091510E+025 < Ne <   9.7822017041740498E+025
   9.7814813785091510E+025 < Nh <   9.7822017041740498E+025
 CFL_Te=   1.5311024042045640E-003 maxCFL_Ne=   1.4063228934961976E-003 maxCFL_Ts=   5.1372770837050804E-004 CPU=   287.40261360331942      NumThreads=                    1 Elapsed time=   3.4794394785157595E-003
 CFL_Limit=   1.0000000000000000E-003
 dt_init=   1.0000000000000001E-018 dt=   1.0000000000000001E-018
 Time=  -1.0000000000396426E-014 Intensity=   832786001727559.38     
   4556.6917143989367      < Te <    4556.7149942672422     
   4789.3671306608194      < Th <    4789.3915836520182     
   81.430054811525736      < Ts <   81.430192099028915     
   1.0515261827851613E+026 < Ne <   1.0516008826571327E+026
   1.0515261827851613E+026 < Nh <   1.0516008826571327E+026
 CFL_Te=   1.5388168396690701E-003 maxCFL_Ne=   1.4134086293518414E-003 maxCFL_Ts=   5.1407233231898588E-004 CPU=   287.38902620434044      NumThreads=                    1 Elapsed time=   3.4796039821262214E-003
 CFL_Limit=   1.0000000000000000E-003
 dt_init=   1.0000000000000001E-018 dt=   1.0000000000000001E-018
 Time=  -9.0000000003966072E-015 Intensity=   860583374007727.62     
   4563.9357058851301      < Te <    4563.9597209003587     
   4814.2559312948197      < Th <    4814.2812453942161     
   81.572246695491330      < Ts <   81.572393850031546     
   1.1274886445717469E+026 < Ne <   1.1275658418296624E+026
   1.1274886445717469E+026 < Nh <   1.1275658418296624E+026
 CFL_Te=   1.5348431573619678E-003 maxCFL_Ne=   1.4234703706182991E-003 maxCFL_Ts=   5.1443910068151087E-004 CPU=   287.37488102354331      NumThreads=                    1 Elapsed time=   3.4797752553678294E-003
 CFL_Limit=   1.0000000000000000E-003
 dt_init=   1.0000000000000001E-018 dt=   1.0000000000000001E-018
 Time=  -8.0000000003967882E-015 Intensity=   886229158745714.00     
   4572.8392305035541      < Te <    4572.8639119579811     
   4823.2614015311810      < Th <    4823.2874152138056     
   81.724431937497272      < Ts <   81.724589202657029     
   1.2058538635961734E+026 < Ne <   1.2059333649928275E+026
   1.2058538635961734E+026 < Nh <   1.2059333649928275E+026
 CFL_Te=   1.5315140078783511E-003 maxCFL_Ne=   1.4346427147884028E-003 maxCFL_Ts=   5.1482803325515725E-004 CPU=   287.34811541352866      NumThreads=                    1 Elapsed time=   3.4800993859343018E-003
 CFL_Limit=   1.0000000000000000E-003
 dt_init=   1.0000000000000001E-018 dt=   1.0000000000000001E-018
 Time=  -7.0000000003969692E-015 Intensity=   909479211697354.00     
   4583.4444732235752      < Te <    4583.4697459681565     
   4832.8376328629074      < Th <    4832.8642599167333     
   81.886837886551547      < Ts <   81.887005466541936     
   1.2864174658692267E+026 < Ne <   1.2864990561271361E+026
   1.2864174658692267E+026 < Nh <   1.2864990561271361E+026
 CFL_Te=   1.5292315964860401E-003 maxCFL_Ne=   1.4470174607797161E-003 maxCFL_Ts=   5.1523897438495380E-004 CPU=   287.33472884147392      NumThreads=                    1 Elapsed time=   3.4802615194897382E-003
 CFL_Limit=   1.0000000000000000E-003
 dt_init=   1.0000000000000001E-018 dt=   1.0000000000000001E-018
 Time=  -6.0000000003971501E-015 Intensity=   930107822810977.75     
   4609.0159274692223      < Te <    4609.0417835685248     
   4859.7787283402840      < Th <    4859.8059686093156     
   82.059642480767053      < Ts <   82.059820542637226     
   1.3689538418251476E+026 < Ne <   1.3690372852989608E+026
   1.3689538418251476E+026 < Nh <   1.3690372852989608E+026
 CFL_Te=   1.5377633188684123E-003 maxCFL_Ne=   1.4550905030096739E-003 maxCFL_Ts=   5.1567157515755384E-004 CPU=   287.32198746767602      NumThreads=                    1 Elapsed time=   3.4804158526590342E-003
 CFL_Limit=   1.0000000000000000E-003
 dt_init=   1.0000000000000001E-018 dt=   1.0000000000000001E-018
 Time=  -5.0000000003973311E-015 Intensity=   947911359388280.62     
   4621.8461673273823      < Te <    4621.8724408654653     
   4869.4532755630553      < Th <    4869.4809324156895     
   82.242980980998141      < Ts <   82.243169621490537     
   1.4532179762620228E+026 < Ne <   1.4533030189008055E+026
   1.4532179762620228E+026 < Nh <   1.4533030189008055E+026
 CFL_Te=   1.5362965235972241E-003 maxCFL_Ne=   1.4689032916693010E-003 maxCFL_Ts=   5.1612531419106258E-004 CPU=   287.31264255706850      NumThreads=                    1 Elapsed time=   3.4805290539951491E-003
 CFL_Limit=   1.0000000000000000E-003
 dt_init=   1.0000000000000001E-018 dt=   1.0000000000000001E-018
 Time=  -4.0000000003975121E-015 Intensity=   962711610069942.50     
   4648.3243074970778      < Te <    4648.3509738474086     
   4897.3245517301366      < Th <    4897.3526201211980     
   82.436935744569070      < Ts <   82.437135028953620     
   1.5389475825624604E+026 < Ne <   1.5390339542312379E+026
   1.5389475825624604E+026 < Nh <   1.5390339542312379E+026
 CFL_Te=   1.5450978279291561E-003 maxCFL_Ne=   1.4773185062490275E-003 maxCFL_Ts=   5.1659947722396051E-004 CPU=   287.30054587367567      NumThreads=                    1 Elapsed time=   3.4806756003857163E-003
 CFL_Limit=   1.0000000000000000E-003
 dt_init=   1.0000000000000001E-018 dt=   1.0000000000000001E-018
 Time=  -3.0000000003976930E-015 Intensity=   974358752857874.00     
   4663.3243251294189      < Te <    4663.3512135339997     
   4906.3093109415977      < Th <    4906.3375721090197     
   82.641529405593175      < Ts <   82.641739323245986     
   1.6258655276345005E+026 < Ne <   1.6259529446422804E+026
   1.6258655276345005E+026 < Nh <   1.6259529446422804E+026
 CFL_Te=   1.5447579618769536E-003 maxCFL_Ne=   1.4925987729270489E-003 maxCFL_Ts=   5.1709314797739048E-004 CPU=   287.29198044603271      NumThreads=                    1 Elapsed time=   3.4807793745145915E-003
 CFL_Limit=   1.0000000000000000E-003
 dt_init=   1.0000000000000001E-018 dt=   1.0000000000000001E-018
 Time=  -2.0000000003978740E-015 Intensity=   982733878060183.25     
   4690.3120884232912      < Te <    4690.3391573596318     
   4934.6736540524525      < Th <    4934.7021024001488     
   82.856744130219752      < Ts <   82.856964639233155     
   1.7136825239345658E+026 < Ne <   1.7137706918571571E+026
   1.7136825239345658E+026 < Nh <   1.7137706918571571E+026
 CFL_Te=   1.5536978423816828E-003 maxCFL_Ne=   1.5012367958411761E-003 maxCFL_Ts=   5.1760526338078862E-004 CPU=   287.28122658745929      NumThreads=                    1 Elapsed time=   3.4809096712609660E-003
 CFL_Limit=   1.0000000000000000E-003
 dt_init=   1.0000000000000001E-018 dt=   1.0000000000000001E-018
 Time=  -1.0000000003979017E-015 Intensity=   987751006861215.12     
   4707.2956026489701      < Te <    4707.3226825755537     
   4944.8664792692352      < Th <    4944.8948928722830     
   83.082494380173557      < Ts <   83.082725361886716     
   1.8020999949474731E+026 < Ne <   1.8021886115695745E+026
   1.8020999949474731E+026 < Nh <   1.8021886115695745E+026
 CFL_Te=   1.5546095329613597E-003 maxCFL_Ne=   1.5179615152393715E-003 maxCFL_Ts=   5.1813455800438560E-004 CPU=   287.26827216956644      NumThreads=                    1 Elapsed time=   3.4810666435509726E-003
 CFL_Limit=   1.0000000000000000E-003
 dt_init=   1.0000000000000001E-018 dt=   1.0000000000000001E-018
 Time=  -3.9788984726558512E-025 Intensity=   989358557592078.75     
   4734.3620771030228      < Te <    4734.3891107959507     
   4973.2643764382256      < Th <    4973.2927382884436     
   83.318648655609479      < Ts <   83.318889961964985     
   1.8908131463724451E+026 < Ne <   1.8909019048281917E+026
   1.8908131463724451E+026 < Nh <   1.8909019048281917E+026
 CFL_Te=   1.5635483808183420E-003 maxCFL_Ne=   1.5266896406945344E-003 maxCFL_Ts=   5.1867962774416381E-004 CPU=   287.25338102115666      NumThreads=                    1 Elapsed time=   3.4812471012355063E-003
 CFL_Limit=   1.0000000000000000E-003
 dt_init=   1.0000000000000001E-018 dt=   1.0000000000000001E-018
