 Hello from thread =                    8
 Hello from thread =                    2
 Hello from thread =                   13
 Hello from thread =                   12
 Hello from thread =                   10
 Hello from thread =                    5
 Hello from thread =                    7
 Hello from thread =                    6
 Hello from thread =                    9
 Hello from thread =                   11
 Hello from thread =                    1
 Hello from thread =                    0
 Hello from thread =                    3
 Hello from thread =                   15
 Hello from thread =                   14
 Hello from thread =                    4
OpenMP TEST
Number of Threads = *
*******************************
 Pi =    3.1415926535897931     
 Read PolarizationSource TM:                     0
 Read phiMie0:    270.00000000000000      deg -> rad
 Importing data on Polarization.
 Loading GMSH mesh...
 MESH INFORMATIONS
 [GMSH] Quadrangles number
               120000
 [GMSH] Node number
               120704
 Latest running index while remeshing                 2604
 [Mesh] Building...

 [Mesh] Convergence (                  500 )=   1.0817200796192992E-005
 [Mesh] Convergence (                 1000 )=   1.8112629213610488E-006
 [Mesh] Convergence (                 1500 )=   2.5792603657464494E-007
 [Mesh] Convergence (                 2000 )=   3.5914706339099211E-008
 [Mesh] Convergence (                 2500 )=   4.9850516661535945E-009
 [Mesh] Convergence (                 3000 )=   6.9162929503363552E-010
 [Mesh] Convergence is reached. The show can go on.
 [Mesh) ITERATIONS=                 3490
 Vessel cells:                   51 *                   51 =                 2601
 Matter cells:                   51 *                   51 =                 2601
  -73.799999999999997       -74.200000000000003     
 Done.
 [Mesh] Calculation of normales and distances.
 NEEDLE CHECK
 North  -3.7660326630786244E-002  0.99929059827362665     
 South  -4.4254985284557589E-002 -0.99902026820153322     
 East  0.99776387854434379        6.6837434661633735E-002
 West -0.98355051411920225      -0.18063329199196024     
   1.0084235919080716E-007   1.0080401314662160E-007   6.2261963353734495E-009   6.0517118214716542E-009
 VESSEL CHECK
 North  -3.7660326630786486E-002  0.99929059827362954     
 South  -4.4254985284557596E-002 -0.99902026820153644     
 East  0.99776387854570758        6.6837434661703207E-002
 West -0.98355051411899175      -0.18063329199185602     
   1.0084235919080652E-007   1.0080401314662204E-007   6.2261963353814905E-009   6.0517118214533355E-009
 epsilon(   515.00000000000000      nm)= (  17.825399999999998     , 0.50668999999999997     )
 Re(sqrt(epsilon))=   4.2224400481392985     
 [Poisson eq.] Filling matrix
 Starting time loop.
 Time=  -1.9900000000000334E-013 Intensity=   1.5608081973338662E-015
   80.000000477192344      < Te <    80.000000478178123     
   80.000000477192344      < Th <    80.000000478315627     
   80.000000000000000      < Ts <   80.000000000000000     
   100000.00001007428      < Ne <   100000.00001008825     
   100000.00001007428      < Nh <   100000.00001008825     
 CFL_Te=   3.0172996512481956E-005 maxCFL_Ne=   2.3291356418542616E-005 maxCFL_Ts=   5.1020110945368359E-004 CPU=   724.07661658349264      NumThreads=                   16 Elapsed time=   2.2097109109109111E-002
 CFL_Limit=   1.0000000000000000E-003
 dt_init=   1.0000000000000001E-018 dt=   1.0000000000000001E-018
 Time=  -1.9800000000000668E-013 Intensity=   3.1054412247246876E-015
   80.000001427414261      < Te <    80.000001429663854     
   80.000001427414261      < Th <    80.000001429948171     
   80.000000000000000      < Ts <   80.000000000000000     
   100000.00003017709      < Ne <   100000.00003020490     
   100000.00003017709      < Nh <   100000.00003020490     
 CFL_Te=   3.0172996870869982E-005 maxCFL_Ne=   2.3291356695192078E-005 maxCFL_Ts=   5.1020110945368359E-004 CPU=   725.34118351578695      NumThreads=                   16 Elapsed time=   2.2058584792396200E-002
 CFL_Limit=   1.0000000000000000E-003
 dt_init=   1.0000000000000001E-018 dt=   1.0000000000000001E-018
 Time=  -1.9700000000001002E-013 Intensity=   6.1573230609639201E-015
   80.000003312372158      < Te <    80.000003317018425     
   80.000003312372158      < Th <    80.000003317622713     
   80.000000000000000      < Ts <   80.000000000000000     
   100000.00007009716      < Ne <   100000.00007015229     
   100000.00007009716      < Nh <   100000.00007015229     
 CFL_Te=   3.0172997581817881E-005 maxCFL_Ne=   2.3291357243982404E-005 maxCFL_Ts=   5.1020110945368359E-004 CPU=   725.88846946951730      NumThreads=                   16 Elapsed time=   2.2041953651217073E-002
 CFL_Limit=   1.0000000000000000E-003
 dt_init=   1.0000000000000001E-018 dt=   1.0000000000000001E-018
 Time=  -1.9600000000001335E-013 Intensity=   1.2166213048899516E-014
   80.000007040551225      < Te <    80.000007050423477     
   80.000007040551225      < Th <    80.000007051088176     
   80.000000000000000      < Ts <   80.000000000000000     
   100000.00014909677      < Ne <   100000.00014920571     
   100000.00014909677      < Nh <   100000.00014920571     
 CFL_Te=   3.0172998987966685E-005 maxCFL_Ne=   2.3291358329411744E-005 maxCFL_Ts=   5.1020110945368359E-004 CPU=   726.26424706469049      NumThreads=                   16 Elapsed time=   2.2030548887221807E-002
 CFL_Limit=   1.0000000000000000E-003
 dt_init=   1.0000000000000001E-018 dt=   1.0000000000000001E-018
 Time=  -1.9500000000001669E-013 Intensity=   2.3955969091122017E-014
   80.000014390740063      < Te <    80.000014411267870     
   80.000014390740063      < Th <    80.000014412008397     
   80.000000000000000      < Ts <   80.000000000000000     
   100000.00030489115      < Ne <   100000.00030510564     
   100000.00030489115      < Nh <   100000.00030510564     
 CFL_Te=   3.0173001760179954E-005 maxCFL_Ne=   2.3291360469360078E-005 maxCFL_Ts=   5.1020110945368359E-004 CPU=   726.45154071231195      NumThreads=                   16 Elapsed time=   2.2024868973794760E-002
 CFL_Limit=   1.0000000000000000E-003
 dt_init=   1.0000000000000001E-018 dt=   1.0000000000000001E-018
 Time=  -1.9400000000002002E-013 Intensity=   4.7007474681725239E-014
   80.000028833529129      < Te <    80.000028871943769     
   80.000028833529129      < Th <    80.000028877215414     
   80.000000000000000      < Ts <   80.000000000000000     
   100000.00061106883      < Ne <   100000.00061148973     
   100000.00061106883      < Nh <   100000.00061148973     
 CFL_Te=   3.0173007207455865E-005 maxCFL_Ne=   2.3291364674261902E-005 maxCFL_Ts=   5.1020110945368359E-004 CPU=   726.57068793838926      NumThreads=                   16 Elapsed time=   2.2021257209534920E-002
 CFL_Limit=   1.0000000000000000E-003
 dt_init=   1.0000000000000001E-018 dt=   1.0000000000000001E-018
 Time=  -1.9300000000002336E-013 Intensity=   9.1921043856280728E-014
   80.000057116609241      < Te <    80.000057189649993     
   80.000057116609241      < Th <    80.000057203099516     
   80.000000000000000      < Ts <   80.000000000000000     
   100000.00121070982      < Ne <   100000.00121153287     
   100000.00121070982      < Nh <   100000.00121153287     
 CFL_Te=   3.0173017874770129E-005 maxCFL_Ne=   2.3291372908653099E-005 maxCFL_Ts=   5.1020110945368359E-004 CPU=   726.62669216279551      NumThreads=                   16 Elapsed time=   2.2019559937133872E-002
 CFL_Limit=   1.0000000000000000E-003
 dt_init=   1.0000000000000001E-018 dt=   1.0000000000000001E-018
 Time=  -1.9200000000002670E-013 Intensity=   1.7912566855350728E-013
   80.000112313108744      < Te <    80.000112460424845     
   80.000112313108744      < Th <    80.000112481211687     
   80.000000000000000      < Ts <   80.000000000000000     
   100000.00238102887      < Ne <   100000.00238263275     
   100000.00238102887      < Nh <   100000.00238263275     
 CFL_Te=   3.0173038692816001E-005 maxCFL_Ne=   2.3291388978669788E-005 maxCFL_Ts=   5.1020110945368359E-004 CPU=   726.80714909645906      NumThreads=                   16 Elapsed time=   2.2014092761595199E-002
 CFL_Limit=   1.0000000000000000E-003
 dt_init=   1.0000000000000001E-018 dt=   1.0000000000000001E-018
 Time=  -1.9100000000003003E-013 Intensity=   3.4785283813530712E-013
   80.000219662256029      < Te <    80.000219951272172     
   80.000219662256029      < Th <    80.000219991176849     
   80.000000000000000      < Ts <   80.000000000000000     
   100000.00465723996      < Ne <   100000.00466035461     
   100000.00465723996      < Nh <   100000.00466035461     
 CFL_Te=   3.0173079182101669E-005 maxCFL_Ne=   2.3291420232510239E-005 maxCFL_Ts=   5.1020110945368359E-004 CPU=   726.58806946164589      NumThreads=                   16 Elapsed time=   2.2020730414490496E-002
 CFL_Limit=   1.0000000000000000E-003
 dt_init=   1.0000000000000001E-018 dt=   1.0000000000000001E-018
 Time=  -1.9000000000003337E-013 Intensity=   6.7317523082182542E-013
   80.000427720236658      < Te <    80.000428292722120     
   80.000427720236658      < Th <    80.000428359575253     
   80.000000000000000      < Ts <   80.000000000000000     
   100000.00906904222      < Ne <   100000.00907506979     
   100000.00906904222      < Nh <   100000.00907506979     
 CFL_Te=   3.0173157655841033E-005 maxCFL_Ne=   2.3291480806917156E-005 maxCFL_Ts=   5.1020110945368359E-004 CPU=   726.63937130179079      NumThreads=                   16 Elapsed time=   2.2019175717571757E-002
 CFL_Limit=   1.0000000000000000E-003
 dt_init=   1.0000000000000001E-018 dt=   1.0000000000000001E-018
 Time=  -1.8900000000003671E-013 Intensity=   1.2982417001071079E-012
   80.000829573122843      < Te <    80.000830639760821     
   80.000829573122843      < Th <    80.000830792958297     
   80.000000000000000      < Ts <   80.000000000000000     
   100000.01759051721      < Ne <   100000.01760214157     
   100000.01759051721      < Nh <   100000.01760214157     
 CFL_Te=   3.0173309224404153E-005 maxCFL_Ne=   2.3291597803151458E-005 maxCFL_Ts=   5.1020110945368359E-004 CPU=   726.75140092003528      NumThreads=                   16 Elapsed time=   2.2015781434675880E-002
 CFL_Limit=   1.0000000000000000E-003
 dt_init=   1.0000000000000001E-018 dt=   1.0000000000000001E-018
 Time=  -1.8800000000004004E-013 Intensity=   2.4950418329827070E-012
   80.001603047293969      < Te <    80.001605043641447     
   80.001603047293969      < Th <    80.001605366180470     
   80.000000000000000      < Ts <   80.000000000000000     
   100000.03399297041      < Ne <   100000.03401531083     
   100000.03399297041      < Nh <   100000.03401531083     
 CFL_Te=   3.0173600953289797E-005 maxCFL_Ne=   2.3291822993932617E-005 maxCFL_Ts=   5.1020110945368359E-004 CPU=   726.79349641720194      NumThreads=                   16 Elapsed time=   2.2014506292191018E-002
 CFL_Limit=   1.0000000000000000E-003
 dt_init=   1.0000000000000001E-018 dt=   1.0000000000000001E-018
 Time=  -1.8700000000004338E-013 Intensity=   4.7785370591305342E-012
   80.003086658295800      < Te <    80.003090664545013     
   80.003086658295800      < Th <    80.003091106433047     
   80.000000000000000      < Ts <   80.000000000000000     
   100000.06545582501      < Ne <   100000.06549861169     
   100000.06545582501      < Nh <   100000.06549861169     
 CFL_Te=   3.0174160532812202E-005 maxCFL_Ne=   2.3292254935337916E-005 maxCFL_Ts=   5.1020110945368359E-004 CPU=   726.83527348105008      NumThreads=                   16 Elapsed time=   2.2013240941610890E-002
 CFL_Limit=   1.0000000000000000E-003
 dt_init=   1.0000000000000001E-018 dt=   1.0000000000000001E-018
 Time=  -1.8600000000004672E-013 Intensity=   9.1202540354820250E-012
   80.005922548784412      < Te <    80.005930145501225     
   80.005922548784412      < Th <    80.005930798923245     
   80.000000000000000      < Ts <   80.000000000000000     
   100000.12559849530      < Ne <   100000.12568015739     
   100000.12559849530      < Nh <   100000.12568015739     
 CFL_Te=   3.0175230122492298E-005 maxCFL_Ne=   2.3293080582034669E-005 maxCFL_Ts=   5.1020110945368359E-004 CPU=   726.80312227851198      NumThreads=                   16 Elapsed time=   2.2014214729623543E-002
 CFL_Limit=   1.0000000000000000E-003
 dt_init=   1.0000000000000001E-018 dt=   1.0000000000000001E-018
 Time=  -1.8500000000005005E-013 Intensity=   1.7346575960485076E-011
   80.011324538537721      < Te <    80.011339362843955     
   80.011324538537721      < Th <    80.011340876552964     
   80.000000000000000      < Ts <   80.000000000000000     
   100000.24016629423      < Ne <   100000.24032161421     
   100000.24016629423      < Nh <   100000.24032161421     
 CFL_Te=   3.0177267548630829E-005 maxCFL_Ne=   2.3294653327884208E-005 maxCFL_Ts=   5.1020110945368359E-004 CPU=   726.88060851523267      NumThreads=                   16 Elapsed time=   2.2011867991199412E-002
 CFL_Limit=   1.0000000000000000E-003
 dt_init=   1.0000000000000001E-018 dt=   1.0000000000000001E-018
 Time=  -1.8400000000005339E-013 Intensity=   3.2878760687561038E-011
   80.021578992977467      < Te <    80.021607394976854     
   80.021578992977467      < Th <    80.021611417718859     
   80.000000000000000      < Ts <   80.000000000000000     
   100000.45765550045      < Ne <   100000.45794989449     
   100000.45765550045      < Nh <   100000.45794989449     
 CFL_Te=   3.0181135142412287E-005 maxCFL_Ne=   2.3297638829781820E-005 maxCFL_Ts=   5.1020110945368359E-004 CPU=   726.83897345988601      NumThreads=                   16 Elapsed time=   2.2013128883055188E-002
 CFL_Limit=   1.0000000000000000E-003
 dt_init=   1.0000000000000001E-018 dt=   1.0000000000000001E-018
 Time=  -1.8300000000005673E-013 Intensity=   6.2102912198057113E-011
   80.040977362502034      < Te <    80.041030652019870     
   80.040977362502034      < Th <    80.041036308634546     
   80.000000000000000      < Ts <   80.000000000000000     
   100000.86909702668      < Ne <   100000.86965309166     
   100000.86909702668      < Nh <   100000.86965309166     
 CFL_Te=   3.0188451597421597E-005 maxCFL_Ne=   2.3303286508979824E-005 maxCFL_Ts=   5.1020110945368359E-004 CPU=   726.81349793655932      NumThreads=                   16 Elapsed time=   2.2013900464733220E-002
 CFL_Limit=   1.0000000000000000E-003
 dt_init=   1.0000000000000001E-018 dt=   1.0000000000000001E-018
 Time=  -1.8200000000006006E-013 Intensity=   1.1689699388427008E-010
   80.077546153964363      < Te <    80.077646236895120     
   80.077546153964363      < Th <    80.077664503768190     
   80.000000000000000      < Ts <   80.000000000000000     
   100001.64476134343      < Ne <   100001.64580803066     
   100001.64476134343      < Nh <   100001.64580803066     
 CFL_Te=   3.0202244139310432E-005 maxCFL_Ne=   2.3313933218363126E-005 maxCFL_Ts=   5.1020110945368359E-004 CPU=   726.82321353371151      NumThreads=                   16 Elapsed time=   2.2013606200344461E-002
 CFL_Limit=   1.0000000000000000E-003
 dt_init=   1.0000000000000001E-018 dt=   1.0000000000000001E-018
 Time=  -1.8100000000006340E-013 Intensity=   2.1927522735647163E-010
   80.146244545999835      < Te <    80.146430853598915     
   80.146244545999835      < Th <    80.146467644215548     
   80.000000000000000      < Ts <   80.000000000000000     
   100003.10201374321      < Ne <   100003.10397711775     
   100003.10201374321      < Nh <   100003.10397711775     
 CFL_Te=   3.0228154897180239E-005 maxCFL_Ne=   2.3333934202422311E-005 maxCFL_Ts=   5.1020110945368359E-004 CPU=   726.84339410385928      NumThreads=                   16 Elapsed time=   2.2012994999736829E-002
 CFL_Limit=   1.0000000000000000E-003
 dt_init=   1.0000000000000001E-018 dt=   1.0000000000000001E-018
 Time=  -1.8000000000006673E-013 Intensity=   4.0989313713879761E-010
   80.274852899429192      < Te <    80.275221214094913     
   80.274852899429192      < Th <    80.275255422702429     
   80.000000000000000      < Ts <   80.000000000000000     
   100005.83030682562      < Ne <   100005.83397697915     
   100005.83030682562      < Nh <   100005.83397697915     
 CFL_Te=   3.0276662632431584E-005 maxCFL_Ne=   2.3371377489675532E-005 maxCFL_Ts=   5.1020110945368359E-004 CPU=   726.71625116377788      NumThreads=                   16 Elapsed time=   2.2016846292314617E-002
 CFL_Limit=   1.0000000000000000E-003
 dt_init=   1.0000000000000001E-018 dt=   1.0000000000000001E-018
 Time=  -1.7900000000007007E-013 Intensity=   7.6356598600097579E-010
   80.514775482500667      < Te <    80.515446242212434     
   80.514775482500667      < Th <    80.515541040111557     
   80.000000000000000      < Ts <   80.000000000000000     
   100010.92059700783      < Ne <   100010.92743392248     
   100010.92059700783      < Nh <   100010.92743392248     
 CFL_Te=   3.0367153490847808E-005 maxCFL_Ne=   2.3441229019198552E-005 maxCFL_Ts=   5.1020110945368359E-004 CPU=   726.75086069677388      NumThreads=                   16 Elapsed time=   2.2015797799895234E-002
 CFL_Limit=   1.0000000000000000E-003
 dt_init=   1.0000000000000001E-018 dt=   1.0000000000000001E-018
 Time=  -1.7800000000007341E-013 Intensity=   1.4174813416816798E-009
   80.960779689844912      < Te <    80.962076955323639     
   80.960779689844912      < Th <    80.962235476418883     
   80.000000000000000      < Ts <   80.000000000000000     
   100020.38491527138      < Ne <   100020.39760729687     
   100020.38491527138      < Nh <   100020.39760729687     
 CFL_Te=   3.0535371396768616E-005 maxCFL_Ne=   2.3571079555391817E-005 maxCFL_Ts=   5.1020110945368359E-004 CPU=   726.72819841574346      NumThreads=                   16 Elapsed time=   2.2016484340197283E-002
 CFL_Limit=   1.0000000000000000E-003
 dt_init=   1.0000000000000001E-018 dt=   1.0000000000000001E-018
 Time=  -1.7700000000007674E-013 Intensity=   2.6223036413214384E-009
   81.786908727878796      < Te <    81.789252985099537     
   81.786908727878796      < Th <    81.789743953594240     
   80.000000000000000      < Ts <   80.000000000000000     
   100037.92095044946      < Ne <   100037.94443036673     
   100037.92095044946      < Nh <   100037.94443036673     
 CFL_Te=   3.0846961453790473E-005 maxCFL_Ne=   2.3811600377364068E-005 maxCFL_Ts=   5.1020110945368359E-004 CPU=   726.66141759979155      NumThreads=                   16 Elapsed time=   2.2018507674246707E-002
 CFL_Limit=   1.0000000000000000E-003
 dt_init=   1.0000000000000001E-018 dt=   1.0000000000000001E-018
 Time=  -1.7600000000008008E-013 Intensity=   4.8344097271306617E-009
   83.311496839812222      < Te <    83.315859409594523     
   83.311496839812222      < Th <    83.316311319284964     
   80.000000000000000      < Ts <   80.000000000000000     
   100070.30034743261      < Ne <   100070.34363438787     
   100070.30034743261      < Nh <   100070.34363438787     
 CFL_Te=   3.1421990141892694E-005 maxCFL_Ne=   2.4255471938547843E-005 maxCFL_Ts=   5.1020110945368359E-004 CPU=   726.67110385989292      NumThreads=                   16 Elapsed time=   2.2018214175590651E-002
 CFL_Limit=   1.0000000000000000E-003
 dt_init=   1.0000000000000001E-018 dt=   1.0000000000000001E-018
 Time=  -1.7500000000008342E-013 Intensity=   8.8817548566826219E-009
   86.114154251527864      < Te <    86.122487879240438     
   86.114154251527864      < Th <    86.123545864644953     
   80.000000000000000      < Ts <   80.000000000000000     
   100129.88046851470      < Ne <   100129.95999510572     
   100129.88046851470      < Nh <   100129.95999510572     
 CFL_Te=   3.2479045911147319E-005 maxCFL_Ne=   2.5071443092372395E-005 maxCFL_Ts=   5.1020110945368359E-004 CPU=   726.65433159142287      NumThreads=                   16 Elapsed time=   2.2018722388895556E-002
 CFL_Limit=   1.0000000000000000E-003
 dt_init=   1.0000000000000001E-018 dt=   1.0000000000000001E-018
 Time=  -1.7400000000008675E-013 Intensity=   1.6261064004507730E-008
   91.244536539257197      < Te <    91.260636695369115     
   91.244536539257197      < Th <    91.261122112536142     
   80.000000000000000      < Ts <   80.000000000000000     
   100239.13244014983      < Ne <   100239.27804054158     
   100239.13244014983      < Nh <   100239.27804054158     
 CFL_Te=   3.4414032190407810E-005 maxCFL_Ne=   2.6565400077295881E-005 maxCFL_Ts=   5.1020110945368359E-004 CPU=   726.62653326017039      NumThreads=                   16 Elapsed time=   2.2019564752490482E-002
 CFL_Limit=   1.0000000000000000E-003
 dt_init=   1.0000000000000001E-018 dt=   1.0000000000000001E-018
 Time=  -1.7300000000009009E-013 Intensity=   2.9668390479681111E-008
   100.59039631092435      < Te <    100.62019860836615     
   100.59039631092435      < Th <    100.62581713375113     
   80.000000000000000      < Ts <   80.000000000000000     
   100438.77469297295      < Ne <   100439.04034159688     
   100438.77469297295      < Nh <   100439.04034159688     
 CFL_Te=   3.7938938360397192E-005 maxCFL_Ne=   2.9287711401023471E-005 maxCFL_Ts=   5.1020110945368359E-004 CPU=   726.62517505671167      NumThreads=                   16 Elapsed time=   2.2019605911330051E-002
 CFL_Limit=   1.0000000000000000E-003
 dt_init=   1.0000000000000001E-018 dt=   1.0000000000000001E-018
 Time=  -1.7200000000009343E-013 Intensity=   5.3942846938300164E-008
   117.51384716589304      < Te <    117.56983992859998     
   117.51384716589304      < Th <    117.57738209824512     
   80.000000000000000      < Ts <   80.000000000000000     
   100802.33035897999      < Ne <   100802.81335933249     
   100802.33035897999      < Nh <   100802.81335933249     
 CFL_Te=   4.4321930855537926E-005 maxCFL_Ne=   3.4216342729816613E-005 maxCFL_Ts=   5.1020110945368359E-004 CPU=   726.63496788986765      NumThreads=                   16 Elapsed time=   2.2019309153898353E-002
 CFL_Limit=   1.0000000000000000E-003
 dt_init=   1.0000000000000001E-018 dt=   1.0000000000000001E-018
 Time=  -1.7100000000009676E-013 Intensity=   9.7739157377142928E-008
   147.91469049726021      < Te <    148.02405458647036     
   147.91469049724108      < Th <    148.03969326397376     
   80.000000000000000      < Ts <   80.000000000000000     
   101462.08833628001      < Ne <   101462.96348563059     
   101462.08833628001      < Nh <   101462.96348563059     
 CFL_Te=   5.5787976071216310E-005 maxCFL_Ne=   4.3071336646893367E-005 maxCFL_Ts=   5.1020110945368359E-004 CPU=   726.55782893526771      NumThreads=                   16 Elapsed time=   2.2021646953343219E-002
 CFL_Limit=   1.0000000000000000E-003
 dt_init=   1.0000000000000001E-018 dt=   1.0000000000000001E-018
 Time=  -1.7000000000010010E-013 Intensity=   1.7648108606485697E-007
   201.89944842506964      < Te <    202.11865139639687     
   201.89944842499540      < Th <    202.14936319368579     
   80.000000000000000      < Ts <   80.000000000000000     
   102655.23452902456      < Ne <   102656.81472791315     
   102655.23452902456      < Nh <   102656.81472791315     
 CFL_Te=   7.6150508875005605E-005 maxCFL_Ne=   5.8796953598243207E-005 maxCFL_Ts=   5.1020110945368359E-004 CPU=   726.51814147891264      NumThreads=                   16 Elapsed time=   2.2022849928330944E-002
 CFL_Limit=   1.0000000000000000E-003
 dt_init=   1.0000000000000001E-018 dt=   1.0000000000000001E-018
 Time=  -1.6900000000010343E-013 Intensity=   3.1755766135123548E-007
   296.08517307479542      < Te <    296.58091498644114     
   296.08517307464598      < Th <    296.65465012344026     
   80.000000000000000      < Ts <   80.000000000000000     
   104805.52904171725      < Ne <   104808.37243006397     
   104805.52904171725      < Nh <   104808.37243006397     
 CFL_Te=   1.1167354072596236E-004 maxCFL_Ne=   8.6243743937414907E-005 maxCFL_Ts=   5.1020110945368359E-004 CPU=   726.50908938843270      NumThreads=                   16 Elapsed time=   2.2023124326591183E-002
 CFL_Limit=   1.0000000000000000E-003
 dt_init=   1.0000000000000001E-018 dt=   1.0000000000000001E-018
 Time=  -1.6800000000010677E-013 Intensity=   5.6943200375045409E-007
   455.87956315522638      < Te <    456.91506655816346     
   455.87956315497081      < Th <    457.18647657521859     
   80.000000000000000      < Ts <   80.000000000000000     
   108667.39780146530      < Ne <   108672.49645446842     
   108667.39780146530      < Nh <   108672.49645446842     
 CFL_Te=   1.7194851242133001E-004 maxCFL_Ne=   1.3281133969475270E-004 maxCFL_Ts=   5.1020110945368359E-004 CPU=   726.51151858496041      NumThreads=                   16 Elapsed time=   2.2023050689084035E-002
 CFL_Limit=   1.0000000000000000E-003
 dt_init=   1.0000000000000001E-018 dt=   1.0000000000000001E-018
 Time=  -1.6700000000011011E-013 Intensity=   1.0175505639765076E-006
   715.21603903117557      < Te <    717.76547588702147     
   715.21605090826699      < Th <    718.50652506986376     
   80.000000000000000      < Ts <   80.000000000000000     
   115579.21673096764      < Ne <   115588.32780516909     
   115579.21673096764      < Nh <   115588.32780516909     
 CFL_Te=   2.6976936407838105E-004 maxCFL_Ne=   2.0857690111648390E-004 maxCFL_Ts=   5.1020110945368359E-004 CPU=   726.51258394254182      NumThreads=                   16 Elapsed time=   2.2023018394496802E-002
 CFL_Limit=   1.0000000000000000E-003
 dt_init=   1.0000000000000001E-018 dt=   1.0000000000000001E-018
 Time=  -1.6600000000011344E-013 Intensity=   1.8120283017422144E-006
   1108.1977372481729      < Te <    1114.3019033688095     
   1108.1977867650376      < Th <    1116.1781089665224     
   80.000000000000000      < Ts <   80.000000000000000     
   127906.92848748119      < Ne <   127923.15325792255     
   127906.92848748119      < Nh <   127923.15325792255     
 CFL_Te=   4.1800067169446477E-004 maxCFL_Ne=   3.2332085372917377E-004 maxCFL_Ts=   5.1020110945368359E-004 CPU=   726.49054589779348      NumThreads=                   16 Elapsed time=   2.2023686461366512E-002
 CFL_Limit=   1.0000000000000000E-003
 dt_init=   1.0000000000000001E-018 dt=   1.0000000000000001E-018
 Time=  -1.6500000000011678E-013 Intensity=   3.2156502290740630E-006
   1647.0851392025522      < Te <    1661.4242484439892     
   1647.0852281783261      < Th <    1666.8756707154776     
   80.000000000000000      < Ts <   80.000000000000000     
   149818.21450097521      < Ne <   149847.00720122180     
   149818.21450097521      < Nh <   149847.00720122180     
 CFL_Te=   6.2127056951091818E-004 maxCFL_Ne=   4.8065810102263185E-004 maxCFL_Ts=   5.1020110945368359E-004 CPU=   726.46157861046504      NumThreads=                   16 Elapsed time=   2.2024564644704134E-002
 CFL_Limit=   1.0000000000000000E-003
 dt_init=   1.0000000000000001E-018 dt=   1.0000000000000001E-018
 Time=  -1.6400000000012012E-013 Intensity=   5.6867937975120608E-006
   2294.3744386268536      < Te <    2321.5896399854892     
   2294.3745571504801      < Th <    2332.0209594999810     
   80.000000000000000      < Ts <   80.000000000000000     
   188628.65260999228      < Ne <   188679.57178522320     
   188628.65260999228      < Nh <   188679.57178522315     
 CFL_Te=   8.6544140831998275E-004 maxCFL_Ne=   6.6997834154579891E-004 maxCFL_Ts=   5.1020110945368359E-004 CPU=   726.41488725756153      NumThreads=                   16 Elapsed time=   2.2025980305008474E-002
 CFL_Limit=   1.0000000000000000E-003
 dt_init=   1.0000000000000001E-018 dt=   1.0000000000000001E-018
 Time=  -1.6300000000012345E-013 Intensity=   1.0022152535589665E-005
   2960.1231741374413      < Te <    3011.5306913128920     
   2960.1233013214105      < Th <    3019.6378020145576     
   80.000000000000000      < Ts <   80.000000000000000     
   257134.00754131901      < Ne <   257223.74570182111     
   257134.00754131901      < Nh <   257223.74570182021     
 CFL_Te=   1.1165571855971351E-003 maxCFL_Ne=   8.6459888411326660E-004 maxCFL_Ts=   5.1020110945368359E-004 CPU=   726.29900969213952      NumThreads=                   16 Elapsed time=   2.2029494445795831E-002
 CFL_Limit=   1.0000000000000000E-003
 dt_init=   1.0000000000000001E-018 dt=   1.0000000000000001E-018
 Time=  -1.6200000000012679E-013 Intensity=   1.7601488071436876E-005
   3545.0846796512765      < Te <    3621.2826009849750     
   3545.0847938145921      < Th <    3639.0381705001132     
   80.000000000000000      < Ts <   80.000000000000000     
   377636.43954807136      < Ne <   377794.04560118134     
   377636.43954807136      < Nh <   377794.04560117575     
 CFL_Te=   1.3380785173860226E-003 maxCFL_Ne=   1.0362083351580214E-003 maxCFL_Ts=   5.1020110945368359E-004 CPU=   726.23608398439455      NumThreads=                   16 Elapsed time=   2.2031403221137398E-002
 CFL_Limit=   1.0000000000000000E-003
 dt_init=   1.0000000000000001E-018 dt=   1.0000000000000001E-018
 Time=  -1.6100000000013013E-013 Intensity=   3.0805808613878608E-005
   3992.8060309140833      < Te <    4097.2571155605256     
   3992.8061204278720      < Th <    4128.6434205450005     
   80.000000000000000      < Ts <   80.000000000000000     
   588869.74948408885      < Ne <   589145.59654433024     
   588869.74948408885      < Nh <   589145.59654418111     
 CFL_Te=   1.5068096832217179E-003 maxCFL_Ne=   1.1688255580272579E-003 maxCFL_Ts=   5.1020110945368359E-004 CPU=   726.18673287176739      NumThreads=                   16 Elapsed time=   2.2032900458986128E-002
 CFL_Limit=   1.0000000000000000E-003
 dt_init=   1.0000000000000001E-018 dt=   1.0000000000000001E-018
 Time=  -1.6000000000013346E-013 Intensity=   5.3729239106903670E-005
   4301.0576498030096      < Te <    4427.0445230555115     
   4300.9082636141193      < Th <    4468.8235992440423     
   80.000000000000000      < Ts <   80.000000000000000     
   957867.96813313267      < Ne <   958349.09937685961     
   957867.96813313279      < Nh <   958349.09937608487     
 CFL_Te=   1.6234676163807394E-003 maxCFL_Ne=   1.2603450686738489E-003 maxCFL_Ts=   5.1020110945368359E-004 CPU=   726.16260484342502      NumThreads=                   16 Elapsed time=   2.2033632540813520E-002
 CFL_Limit=   1.0000000000000000E-003
 dt_init=   1.0000000000000001E-018 dt=   1.0000000000000001E-018
 Time=  -1.5900000000013680E-013 Intensity=   9.3386396508871733E-005
   4498.2780545576952      < Te <    4653.4879142393756     
   4498.1013568588451      < Th <    4684.7719783490593     
   80.000000000000000      < Ts <   80.000000000000000     
   1600232.2641484044      < Ne <   1601068.5530548368     
   1600232.2641484044      < Nh <   1601068.5530525020     
 CFL_Te=   1.6978440293143242E-003 maxCFL_Ne=   1.3177230072652889E-003 maxCFL_Ts=   5.1020110945368359E-004 CPU=   726.10997948587442      NumThreads=                   16 Elapsed time=   2.2035229444620601E-002
 CFL_Limit=   1.0000000000000000E-003
 dt_init=   1.0000000000000001E-018 dt=   1.0000000000000001E-018
 Time=  -1.5800000000014014E-013 Intensity=   1.6175264648251087E-004
   4618.8705578143072      < Te <    4782.9380022642263     
   4618.7279070822879      < Th <    4834.1516547220535     
   80.000000000000000      < Ts <   80.000000000000000     
   2714613.4648007047      < Ne <   2716062.0406626463     
   2714613.4648007043      < Nh <   2716062.0406556372     
 CFL_Te=   1.7431833049160277E-003 maxCFL_Ne=   1.3542145311548628E-003 maxCFL_Ts=   5.1020110945368359E-004 CPU=   726.07853460412946      NumThreads=                   16 Elapsed time=   2.2036183742470059E-002
 CFL_Limit=   1.0000000000000000E-003
 dt_init=   1.0000000000000001E-018 dt=   1.0000000000000001E-018
 Time=  -1.5700000000014347E-013 Intensity=   2.7919910540149856E-004
   4690.6651628711652      < Te <    4876.9977364148181     
   4690.5012876037908      < Th <    4924.8088711632472     
   80.000000000000000      < Ts <   80.000000000000000     
   4641168.5173141183      < Ne <   4643668.9854812501     
   4641168.5173141183      < Nh <   4643668.9854476731     
 CFL_Te=   1.7702095542458472E-003 maxCFL_Ne=   1.3744363101555732E-003 maxCFL_Ts=   5.1020110945368359E-004 CPU=   726.01528560271493      NumThreads=                   16 Elapsed time=   2.2038103490778855E-002
 CFL_Limit=   1.0000000000000000E-003
 dt_init=   1.0000000000000001E-018 dt=   1.0000000000000001E-018
 Time=  -1.5600000000014681E-013 Intensity=   4.8025456292409118E-004
   4732.7345888445161      < Te <    4931.8142633579455     
   4732.5675810036264      < Th <    4969.8329875093577     
   80.000000000000000      < Ts <   80.000000000000000     
   7960299.1013219971      < Ne <   7964600.3456589188     
   7960299.1013219971      < Nh <   7964600.3455886608     
 CFL_Te=   1.7860908339810766E-003 maxCFL_Ne=   1.3882204581688443E-003 maxCFL_Ts=   5.1020110945368359E-004 CPU=   725.98121483800480      NumThreads=                   16 Elapsed time=   2.2039137753130753E-002
 CFL_Limit=   1.0000000000000000E-003
 dt_init=   1.0000000000000001E-018 dt=   1.0000000000000001E-018
 Time=  -1.5500000000015014E-013 Intensity=   8.2323500183163778E-004
   4757.1733519234094      < Te <    4956.0917107842015     
   4757.0321263797878      < Th <    4995.5600926808611     
   80.000000000000000      < Ts <   80.000000000000000     
   13658825.005917950      < Ne <   13666198.223754216     
   13658825.005917950      < Nh <   13666198.223686649     
 CFL_Te=   1.7953411549063109E-003 maxCFL_Ne=   1.3937019929280345E-003 maxCFL_Ts=   5.1020110945368359E-004 CPU=   725.92848462676864      NumThreads=                   16 Elapsed time=   2.2040738638636415E-002
 CFL_Limit=   1.0000000000000000E-003
 dt_init=   1.0000000000000001E-018 dt=   1.0000000000000001E-018
 Time=  -1.5400000000015348E-013 Intensity=   1.4062774236661619E-003
   4771.2906630758616      < Te <    4967.1768735873766     
   4771.1304789371252      < Th <    5004.4593345148560     
   80.000000000000000      < Ts <   80.000000000000000     
   23408631.346135698      < Ne <   23421226.818684302     
   23408631.346135695      < Nh <   23421226.818576116     
 CFL_Te=   1.8006560097660216E-003 maxCFL_Ne=   1.3974669881998230E-003 maxCFL_Ts=   5.1020110945368359E-004 CPU=   725.85062015066512      NumThreads=                   16 Elapsed time=   2.2043103023978782E-002
 CFL_Limit=   1.0000000000000000E-003
 dt_init=   1.0000000000000001E-018 dt=   1.0000000000000001E-018
 Time=  -1.5300000000015682E-013 Intensity=   2.3939387363958401E-003
   4779.3832428585374      < Te <    4987.3640234579279     
   4779.1694234791030      < Th <    5030.7989637845631     
   80.000000000000000      < Ts <   80.000000000000000     
   40032217.877309702      < Ne <   40053659.588312514     
   40032217.877309702      < Nh <   40053659.588162392     
 CFL_Te=   1.8037726461638600E-003 maxCFL_Ne=   1.4003522392068445E-003 maxCFL_Ts=   5.1020110945368359E-004 CPU=   725.81575731874739      NumThreads=                   16 Elapsed time=   2.2044161811953445E-002
 CFL_Limit=   1.0000000000000000E-003
 dt_init=   1.0000000000000001E-018 dt=   1.0000000000000001E-018
 Time=  -1.5200000000016015E-013 Intensity=   4.0611582196023030E-003
   4783.9977063051820      < Te <    4998.0222207877605     
   4783.7702548239713      < Th <    5051.4506264783195     
   80.000000000000000      < Ts <   80.000000000000000     
   68277683.910450026      < Ne <   68314059.326665163     
   68277683.910450026      < Nh <   68314059.326412842     
 CFL_Te=   1.8060232747841615E-003 maxCFL_Ne=   1.4025998988626812E-003 maxCFL_Ts=   5.1020110945368359E-004 CPU=   725.77966636175688      NumThreads=                   16 Elapsed time=   2.2045258005375112E-002
 CFL_Limit=   1.0000000000000000E-003
 dt_init=   1.0000000000000001E-018 dt=   1.0000000000000001E-018
 Time=  -1.5100000000016349E-013 Intensity=   6.8656496377184186E-003
   4786.5842999856604      < Te <    5012.4526446979153     
   4786.3503927140673      < Th <    5033.0971199995820     
   80.000000000000000      < Ts <   80.000000000000000     
   116104122.15020396      < Ne <   116165618.14730361     
   116104122.15020396      < Nh <   116165618.14676270     
 CFL_Te=   1.8078932751408199E-003 maxCFL_Ne=   1.4039050380276743E-003 maxCFL_Ts=   5.1020110945368359E-004 CPU=   725.72280620186848      NumThreads=                   16 Elapsed time=   2.2046985244596830E-002
 CFL_Limit=   1.0000000000000000E-003
 dt_init=   1.0000000000000001E-018 dt=   1.0000000000000001E-018
 Time=  -1.5000000000016683E-013 Intensity=   1.1566666520934519E-002
   4788.0148589119135      < Te <    4988.6705235412410     
   4787.7691930233495      < Th <    5051.6034525831665     
   80.000000000000000      < Ts <   80.000000000000000     
   196805808.83454195      < Ne <   196909413.61301640     
   196805808.83454195      < Nh <   196909413.61219674     
 CFL_Te=   1.8076168629015050E-003 maxCFL_Ne=   1.4044516317687288E-003 maxCFL_Ts=   5.1020110945368359E-004 CPU=   725.66060371607068      NumThreads=                   16 Elapsed time=   2.2048875077501549E-002
 CFL_Limit=   1.0000000000000000E-003
 dt_init=   1.0000000000000001E-018 dt=   1.0000000000000001E-018
 Time=  -1.4900000000017016E-013 Intensity=   1.9419124322407912E-002
   4788.7348533741751      < Te <    4996.4758321090176     
   4788.5146269337511      < Th <    5051.1318236878924     
   80.000000000000000      < Ts <   80.000000000000000     
   332509750.66761112      < Ne <   332683691.28131199     
   332509750.66761112      < Nh <   332683691.27937734     
 CFL_Te=   1.8083146958609057E-003 maxCFL_Ne=   1.4024758149251287E-003 maxCFL_Ts=   5.1020110945368359E-004 CPU=   725.63438667445848      NumThreads=                   16 Elapsed time=   2.2049671699445089E-002
 CFL_Limit=   1.0000000000000000E-003
 dt_init=   1.0000000000000001E-018 dt=   1.0000000000000001E-018
 Time=  -1.4800000000017350E-013 Intensity=   3.2489716342295395E-002
   4789.0533022907348      < Te <    5029.3872722261194     
   4788.8504265050360      < Th <    5064.6049867805950     
   80.000000000000000      < Ts <   80.000000000000000     
   559913485.38854301      < Ne <   560204502.27533197     
   559913485.38854301      < Nh <   560204502.27132523     
 CFL_Te=   1.8101766036303672E-003 maxCFL_Ne=   1.4022818181688907E-003 maxCFL_Ts=   5.1020110945368359E-004 CPU=   725.59404458491019      NumThreads=                   16 Elapsed time=   2.2050897632646782E-002
 CFL_Limit=   1.0000000000000000E-003
 dt_init=   1.0000000000000001E-018 dt=   1.0000000000000001E-018
 Time=  -1.4700000000017684E-013 Intensity=   5.4169776937058010E-002
   4789.1296078218602      < Te <    5017.7132191438695     
   4788.9470691600209      < Th <    5041.8481334025382     
   80.000000000000000      < Ts <   80.000000000000000     
   939663677.22109902      < Ne <   940148893.55739164     
   939663677.22109902      < Nh <   940148893.55099344     
 CFL_Te=   1.8080967229128430E-003 maxCFL_Ne=   1.4045616436937141E-003 maxCFL_Ts=   5.1020110945368359E-004 CPU=   725.50418288131732      NumThreads=                   16 Elapsed time=   2.2053628879790184E-002
 CFL_Limit=   1.0000000000000000E-003
 dt_init=   1.0000000000000001E-018 dt=   1.0000000000000001E-018
 Time=  -1.4600000000018017E-013 Intensity=   9.0004251555476325E-002
   4789.0694353675299      < Te <    5003.6202281302021     
   4788.8743729655052      < Th <    5037.2915036402210     
   80.000000000000000      < Ts <   80.000000000000000     
   1571629642.5968108      < Ne <   1572435850.7175097     
   1571629642.5968108      < Nh <   1572435850.7097692     
 CFL_Te=   1.8077726685936624E-003 maxCFL_Ne=   1.4039049816207002E-003 maxCFL_Ts=   5.1020110945368359E-004 CPU=   725.48212057725902      NumThreads=                   16 Elapsed time=   2.2054299542584119E-002
 CFL_Limit=   1.0000000000000000E-003
 dt_init=   1.0000000000000001E-018 dt=   1.0000000000000001E-018
 Time=  -1.4500000000018351E-013 Intensity=  0.14902662029678132     
   4788.9294851812665      < Te <    4991.3592712736445     
   4788.7283917697505      < Th <    5057.8632727880577     
   80.000000000000000      < Ts <   80.000000000000000     
   2619686049.0848351      < Ne <   2621020941.6417933     
   2619686049.0848351      < Nh <   2621020941.6268868     
 CFL_Te=   1.8075415820053751E-003 maxCFL_Ne=   1.4037728188305879E-003 maxCFL_Ts=   5.1020110945368359E-004 CPU=   725.45451813259217      NumThreads=                   16 Elapsed time=   2.2055138675248640E-002
 CFL_Limit=   1.0000000000000000E-003
 dt_init=   1.0000000000000001E-018 dt=   1.0000000000000001E-018
 Time=  -1.4400000000018685E-013 Intensity=  0.24590056693320117     
   4788.7100102281674      < Te <    4979.4185811341576     
   4788.4968181290278      < Th <    5038.3914860697896     
   80.000000000000000      < Ts <   80.000000000000000     
   4351777839.9534502      < Ne <   4353980439.3683863     
   4351777839.9534502      < Nh <   4353980439.3341408     
 CFL_Te=   1.8073873670945559E-003 maxCFL_Ne=   1.4049170338947812E-003 maxCFL_Ts=   5.1020110945368359E-004 CPU=   725.42372108493612      NumThreads=                   16 Elapsed time=   2.2056075001339309E-002
 CFL_Limit=   1.0000000000000000E-003
 dt_init=   1.0000000000000001E-018 dt=   1.0000000000000001E-018
 Time=  -1.4300000000019018E-013 Intensity=  0.40434311979042498     
   4788.4629203499153      < Te <    4962.0009282314386     
   4788.2871098878131      < Th <    5040.4006780085883     
   80.000000000000000      < Ts <   80.000000000000000     
   7204453713.1548977      < Ne <   7208075427.1474705     
   7204453713.1548977      < Nh <   7208075427.0723009     
 CFL_Te=   1.8076250646698443E-003 maxCFL_Ne=   1.4037826699920852E-003 maxCFL_Ts=   5.1020110945368359E-004 CPU=   725.40085883448364      NumThreads=                   16 Elapsed time=   2.2056770136318182E-002
 CFL_Limit=   1.0000000000000000E-003
 dt_init=   1.0000000000000001E-018 dt=   1.0000000000000001E-018
 Time=  -1.4200000000019352E-013 Intensity=  0.66257559509688757     
   4788.1887567835392      < Te <    4973.7336807321344     
   4788.0384943943936      < Th <    5031.8289120156260     
   80.000000000000000      < Ts <   80.000000000000000     
   11886430262.115578      < Ne <   11892364954.516201     
   11886430262.115578      < Nh <   11892364954.242046     
 CFL_Te=   1.8074966025553813E-003 maxCFL_Ne=   1.4038116839442704E-003 maxCFL_Ts=   5.1020110945368359E-004 CPU=   725.36706191577980      NumThreads=                   16 Elapsed time=   2.2057797824100417E-002
 CFL_Limit=   1.0000000000000000E-003
 dt_init=   1.0000000000000001E-018 dt=   1.0000000000000001E-018
 Time=  -1.4100000000019685E-013 Intensity=   1.0819711056619992     
   4787.9178177950262      < Te <    4978.7566984114264     
   4787.7756749071796      < Th <    5060.3191799455235     
   80.000000000000000      < Ts <   80.000000000000000     
   19544182635.293037      < Ne <   19553873951.145962     
   19544182635.293037      < Nh <   19553873950.698765     
 CFL_Te=   1.8078108110597801E-003 maxCFL_Ne=   1.4067973668577321E-003 maxCFL_Ts=   5.1020110945368359E-004 CPU=   725.32036199226025      NumThreads=                   16 Elapsed time=   2.2059218020644419E-002
 CFL_Limit=   1.0000000000000000E-003
 dt_init=   1.0000000000000001E-018 dt=   1.0000000000000001E-018
 Time=  -1.4000000000020019E-013 Intensity=   1.7607217970199551     
   4787.6697275416418      < Te <    4985.1036277214798     
   4787.5065131456686      < Th <    5042.2192072657435     
   80.000000000000000      < Ts <   80.000000000000000     
   32025737284.697441      < Ne <   32041508347.061123     
   32025737284.697441      < Nh <   32041508346.318806     
 CFL_Te=   1.8075914872165600E-003 maxCFL_Ne=   1.4055411666431053E-003 maxCFL_Ts=   5.1020110945368359E-004 CPU=   725.29355828085556      NumThreads=                   16 Elapsed time=   2.2060033233887232E-002
 CFL_Limit=   1.0000000000000000E-003
 dt_init=   1.0000000000000001E-018 dt=   1.0000000000000001E-018
 Time=  -1.3900000000020353E-013 Intensity=   2.8553586656755012     
   4787.3980474619793      < Te <    4998.9493089784364     
   4787.2400840294840      < Th <    5055.8571312524155     
   80.000000000000000      < Ts <   80.000000000000000     
   52299358415.114815      < Ne <   52324934824.479240     
   52299358415.114815      < Nh <   52324934823.865143     
 CFL_Te=   1.8070772470456411E-003 maxCFL_Ne=   1.4029962101435524E-003 maxCFL_Ts=   5.1020110945368359E-004 CPU=   725.27556826950456      NumThreads=                   16 Elapsed time=   2.2060580419351137E-002
 CFL_Limit=   1.0000000000000000E-003
 dt_init=   1.0000000000000001E-018 dt=   1.0000000000000001E-018
 Time=  -1.3800000000020686E-013 Intensity=   4.6145084551220714     
   4787.1352558020917      < Te <    4978.6183482069582     
   4786.9515411833718      < Th <    5045.7286961372820     
   80.000000000000000      < Ts <   80.000000000000000     
   85115630929.910080      < Ne <   85156965198.515167     
   85115630929.910080      < Nh <   85156965197.472809     
 CFL_Te=   1.8069309066005956E-003 maxCFL_Ne=   1.4013142936427888E-003 maxCFL_Ts=   5.1020110945368359E-004 CPU=   725.25569643782899      NumThreads=                   16 Elapsed time=   2.2061184873949580E-002
 CFL_Limit=   1.0000000000000000E-003
 dt_init=   1.0000000000000001E-018 dt=   1.0000000000000001E-018
 Time=  -1.3700000000021020E-013 Intensity=   7.4316470194783788     
   4786.8553983698375      < Te <    4968.9698489244429     
   4786.6390167932605      < Th <    5036.8501456208787     
   80.000000000000000      < Ts <   80.000000000000000     
   138050574274.36871      < Ne <   138117142732.71469     
   138050574274.36871      < Nh <   138117142730.98944     
 CFL_Te=   1.8068928696110130E-003 maxCFL_Ne=   1.4034819491000267E-003 maxCFL_Ts=   5.1020110945368359E-004 CPU=   725.22466188833062      NumThreads=                   16 Elapsed time=   2.2062128938554582E-002
 CFL_Limit=   1.0000000000000000E-003
 dt_init=   1.0000000000000001E-018 dt=   1.0000000000000001E-018
 Time=  -1.3600000000021354E-013 Intensity=   11.927228832021447     
   4786.5742021825445      < Te <    4955.6111075257077     
   4786.3193264831898      < Th <    5032.9886924084549     
   80.000000000000000      < Ts <   80.000000000000000     
   223143006120.89911      < Ne <   223249841629.88599     
   223143006120.89905      < Nh <   223249841626.93085     
 CFL_Te=   1.8067547817098126E-003 maxCFL_Ne=   1.4020717033585194E-003 maxCFL_Ts=   5.1020110945368359E-004 CPU=   725.19106058988643      NumThreads=                   16 Elapsed time=   2.2063151174237097E-002
 CFL_Limit=   1.0000000000000000E-003
 dt_init=   1.0000000000000001E-018 dt=   1.0000000000000001E-018
 Time=  -1.3500000000021687E-013 Intensity=   19.076068766845733     
   4786.2419603007666      < Te <    4964.2404974703986     
   4786.0124528519100      < Th <    5023.5223960355206     
   80.000000000000000      < Ts <   80.000000000000000     
   359455197066.72400      < Ne <   359626064090.94983     
   359455197066.72394      < Nh <   359626064080.97852     
 CFL_Te=   1.8069124705617811E-003 maxCFL_Ne=   1.4028172285849543E-003 maxCFL_Ts=   5.1020110945368359E-004 CPU=   725.14163809885406      NumThreads=                   16 Elapsed time=   2.2064654902383112E-002
 CFL_Limit=   1.0000000000000000E-003
 dt_init=   1.0000000000000001E-018 dt=   1.0000000000000001E-018
 Time=  -1.3400000000022021E-013 Intensity=   30.404163347642267     
   4785.9043377875732      < Te <    4994.1794781131521     
   4785.6822374589174      < Th <    5024.3864477049137     
   80.000000000000000      < Ts <   80.000000000000000     
   577062637671.65869      < Ne <   577334979327.60864     
   577062637671.65869      < Nh <   577334979313.92358     
 CFL_Te=   1.8065745305009420E-003 maxCFL_Ne=   1.4021591071555345E-003 maxCFL_Ts=   5.1020110945368359E-004 CPU=   725.08369638833256      NumThreads=                   16 Elapsed time=   2.2066418097243898E-002
 CFL_Limit=   1.0000000000000000E-003
 dt_init=   1.0000000000000001E-018 dt=   1.0000000000000001E-018
 Time=  -1.3300000000022355E-013 Intensity=   48.291654511588462     
   4785.6144032313241      < Te <    4974.7371556760572     
   4785.3499239659850      < Th <    5049.9022641558258     
   80.000000000000000      < Ts <   80.000000000000000     
   923247492271.12451      < Ne <   923680066441.42615     
   923247492271.12451      < Nh <   923680066420.53491     
 CFL_Te=   1.8063589841834033E-003 maxCFL_Ne=   1.4036410589820668E-003 maxCFL_Ts=   5.1020110945368359E-004 CPU=   725.05001736155475      NumThreads=                   16 Elapsed time=   2.2067443096165613E-002
 CFL_Limit=   1.0000000000000000E-003
 dt_init=   1.0000000000000001E-018 dt=   1.0000000000000001E-018
 Time=  -1.3200000000022688E-013 Intensity=   76.437409953695052     
   4785.3632223279483      < Te <    4975.1699391679194     
   4785.0650613391881      < Th <    5018.9688195912449     
   80.000000000000000      < Ts <   80.000000000000000     
   1472077269933.1152      < Ne <   1472761965673.8372     
   1472077269933.1152      < Nh <   1472761965638.8188     
 CFL_Te=   1.8062368255070296E-003 maxCFL_Ne=   1.4028694558698071E-003 maxCFL_Ts=   5.1020110945368359E-004 CPU=   725.01931520176288      NumThreads=                   16 Elapsed time=   2.2068377579082043E-002
 CFL_Limit=   1.0000000000000000E-003
 dt_init=   1.0000000000000001E-018 dt=   1.0000000000000001E-018
 Time=  -1.3100000000023022E-013 Intensity=   120.56873118644961     
   4785.0564345750945      < Te <    4964.9536576088876     
   4784.7644371317574      < Th <    5013.6890460073664     
   80.000000000000000      < Ts <   80.000000000000000     
   2339164019876.7231      < Ne <   2340244035894.2988     
   2339164019876.7231      < Nh <   2340244035847.5879     
 CFL_Te=   1.8061461464482286E-003 maxCFL_Ne=   1.4038848861750398E-003 maxCFL_Ts=   5.1020110945368359E-004 CPU=   724.98033631436056      NumThreads=                   16 Elapsed time=   2.2069564095131815E-002
 CFL_Limit=   1.0000000000000000E-003
 dt_init=   1.0000000000000001E-018 dt=   1.0000000000000001E-018
 Time=  -1.3000000000023355E-013 Intensity=   189.52140549630647     
   4784.7189934506587      < Te <    4969.2100615085637     
   4784.4796472299349      < Th <    5009.6418084572742     
   80.000000000000000      < Ts <   80.000000000000000     
   3704321374318.3403      < Ne <   3706019045299.3408     
   3704321374318.3403      < Nh <   3706019045226.8823     
 CFL_Te=   1.8059558598060746E-003 maxCFL_Ne=   1.4029460938876880E-003 maxCFL_Ts=   5.1020110945368359E-004 CPU=   724.93038161077209      NumThreads=                   16 Elapsed time=   2.2071084901212876E-002
 CFL_Limit=   1.0000000000000000E-003
 dt_init=   1.0000000000000001E-018 dt=   1.0000000000000001E-018
 Time=  -1.2900000000023689E-013 Intensity=   296.87709817134032     
   4784.3900617076988      < Te <    4984.3269272569414     
   4784.1893984104518      < Th <    5035.1565479661849     
   80.000000000000000      < Ts <   80.000000000000000     
   5846216274097.0215      < Ne <   5848875606283.1914     
   5846216274097.0215      < Nh <   5848875606179.9580     
 CFL_Te=   1.8062781242989482E-003 maxCFL_Ne=   1.4040829022396002E-003 maxCFL_Ts=   5.1020110945368359E-004 CPU=   724.89277100782385      NumThreads=                   16 Elapsed time=   2.2072230045493597E-002
 CFL_Limit=   1.0000000000000000E-003
 dt_init=   1.0000000000000001E-018 dt=   1.0000000000000001E-018
 Time=  -1.2800000000024023E-013 Intensity=   463.43622111120186     
   4784.0371540884671      < Te <    4974.9874331596548     
   4783.8839974650873      < Th <    5058.5699904821267     
   80.000000000000000      < Ts <   80.000000000000000     
   9195167948715.8145      < Ne <   9199319311518.1035     
   9195167948715.8145      < Nh <   9199319311357.6992     
 CFL_Te=   1.8060986225914453E-003 maxCFL_Ne=   1.4050899596808391E-003 maxCFL_Ts=   5.1020110945368359E-004 CPU=   724.85151021813965      NumThreads=                   16 Elapsed time=   2.2073486465089793E-002
 CFL_Limit=   1.0000000000000000E-003
 dt_init=   1.0000000000000001E-018 dt=   1.0000000000000001E-018
 Time=  -1.2700000000024356E-013 Intensity=   720.93830669028659     
   4783.7255934258192      < Te <    4975.1207941718512     
   4783.5811220092774      < Th <    5051.6360150177798     
   80.000000000000000      < Ts <   80.000000000000000     
   14413297836151.133      < Ne <   14419755932801.793     
   14413297836151.133      < Nh <   14419755932520.545     
 CFL_Te=   1.8059224565274300E-003 maxCFL_Ne=   1.4031313070408972E-003 maxCFL_Ts=   5.1020110945368359E-004 CPU=   724.81494226571624      NumThreads=                   16 Elapsed time=   2.2074600104111015E-002
 CFL_Limit=   1.0000000000000000E-003
 dt_init=   1.0000000000000001E-018 dt=   1.0000000000000001E-018
 Time=  -1.2600000000024690E-013 Intensity=   1117.6377956527222     
   4783.4045988635844      < Te <    4980.1067117868497     
   4783.2495457633695      < Th <    5033.3003535621419     
   80.000000000000000      < Ts <   80.000000000000000     
   22515744299724.465      < Ne <   22525755939618.754     
   22515744299724.465      < Nh <   22525755939103.918     
 CFL_Te=   1.8063557498179603E-003 maxCFL_Ne=   1.4030347667369171E-003 maxCFL_Ts=   5.1020110945368359E-004 CPU=   724.77284066498169      NumThreads=                   16 Elapsed time=   2.2075882403816267E-002
 CFL_Limit=   1.0000000000000000E-003
 dt_init=   1.0000000000000001E-018 dt=   1.0000000000000001E-018
 Time=  -1.2500000000025024E-013 Intensity=   1726.6285113882675     
   4783.0976309534253      < Te <    4983.1463808766412     
   4782.8779360104500      < Th <    5039.8300814662525     
   80.000000000000000      < Ts <   80.000000000000000     
   35053295964966.543      < Ne <   35068763009785.543     
   35053295964966.543      < Nh <   35068763009514.398     
 CFL_Te=   1.8057546917800683E-003 maxCFL_Ne=   1.4030680610696347E-003 maxCFL_Ts=   5.1020110945368359E-004 CPU=   724.74452200558392      NumThreads=                   16 Elapsed time=   2.2076744996599954E-002
 CFL_Limit=   1.0000000000000000E-003
 dt_init=   1.0000000000000001E-018 dt=   1.0000000000000001E-018
 Time=  -1.2400000000025357E-013 Intensity=   2658.2240688393576     
   4782.7573672567205      < Te <    4984.5966231146967     
   4782.4587073354478      < Th <    5027.5123935066495     
   80.000000000000000      < Ts <   80.000000000000000     
   54386533278148.891      < Ne <   54410345898568.141     
   54386533278148.891      < Nh <   54410345898290.875     
 CFL_Te=   1.8054413997265729E-003 maxCFL_Ne=   1.4023088545103066E-003 maxCFL_Ts=   5.1020110945368359E-004 CPU=   724.70404629781228      NumThreads=                   16 Elapsed time=   2.2077978012868590E-002
 CFL_Limit=   1.0000000000000000E-003
 dt_init=   1.0000000000000001E-018 dt=   1.0000000000000001E-018
 Time=  -1.2300000000025691E-013 Intensity=   4078.2994800764554     
   4782.4022893765668      < Te <    4977.6132885360657     
   4782.0414136774025      < Th <    5042.8744642843785     
   80.000000000000000      < Ts <   80.000000000000000     
   84095784678834.516      < Ne <   84132318895973.938     
   84095784678834.516      < Nh <   84132318895485.781     
 CFL_Te=   1.8058857850445096E-003 maxCFL_Ne=   1.4033295090976558E-003 maxCFL_Ts=   5.1020110945368359E-004 CPU=   724.66997324380191      NumThreads=                   16 Elapsed time=   2.2079016091118064E-002
 CFL_Limit=   1.0000000000000000E-003
 dt_init=   1.0000000000000001E-018 dt=   1.0000000000000001E-018
 Time=  -1.2200000000026025E-013 Intensity=   6235.3594163176358     
   4782.0104509849298      < Te <    4974.0507018522003     
   4781.6448035008207      < Th <    5018.4728784842127     
   80.000000000000000      < Ts <   80.000000000000000     
   129591879091893.36      < Ne <   129647737483704.34     
   129591879091893.36      < Nh <   129647737482610.59     
 CFL_Te=   1.8054844845766342E-003 maxCFL_Ne=   1.4031658846689287E-003 maxCFL_Ts=   5.1020110945368359E-004 CPU=   724.63860893291178      NumThreads=                   16 Elapsed time=   2.2079971730406801E-002
 CFL_Limit=   1.0000000000000000E-003
 dt_init=   1.0000000000000001E-018 dt=   1.0000000000000001E-018
 Time=  -1.2100000000026358E-013 Intensity=   9500.3306333555556     
   4781.6086246038194      < Te <    4971.8462751599491     
   4781.2373645041916      < Th <    5010.7047753917859     
   80.000000000000000      < Ts <   80.000000000000000     
   199022620847852.00      < Ne <   199107728922346.75     
   199022620847852.00      < Nh <   199107728920659.06     
 CFL_Te=   1.8050687098678702E-003 maxCFL_Ne=   1.4018675619066933E-003 maxCFL_Ts=   5.1020110945368359E-004 CPU=   724.61453068833202      NumThreads=                   16 Elapsed time=   2.2080705426650971E-002
 CFL_Limit=   1.0000000000000000E-003
 dt_init=   1.0000000000000001E-018 dt=   1.0000000000000001E-018
 Time=  -1.2000000000026692E-013 Intensity=   14424.833136721963     
   4781.2333402454569      < Te <    4974.3637497367563     
   4780.8439080713733      < Th <    5022.7129769568992     
   80.000000000000000      < Ts <   80.000000000000000     
   304613103359677.62      < Ne <   304742327931327.75     
   304613103359677.62      < Nh <   304742327928539.94     
 CFL_Te=   1.8050176075462686E-003 maxCFL_Ne=   1.4014325539253164E-003 maxCFL_Ts=   5.1020110945368359E-004 CPU=   724.54545879089119      NumThreads=                   16 Elapsed time=   2.2082810410130126E-002
 CFL_Limit=   1.0000000000000000E-003
 dt_init=   1.0000000000000001E-018 dt=   1.0000000000000001E-018
 Time=  -1.1900000000027026E-013 Intensity=   21826.179677817076     
   4780.8373277942346      < Te <    4982.6777177593221     
   4780.4707608480830      < Th <    5022.1935337543246     
   80.000000000000000      < Ts <   80.000000000000000     
   464640015367687.81      < Ne <   464835546244719.88     
   464640015367687.81      < Nh <   464835546240014.69     
 CFL_Te=   1.8054002599234059E-003 maxCFL_Ne=   1.3984762236974844E-003 maxCFL_Ts=   5.1020110945368359E-004 CPU=   724.51419608112576      NumThreads=                   16 Elapsed time=   2.2083763281028158E-002
 CFL_Limit=   1.0000000000000000E-003
 dt_init=   1.0000000000000001E-018 dt=   1.0000000000000001E-018
 Time=  -1.1800000000027359E-013 Intensity=   32910.880694273634     
   4780.4822386332462      < Te <    4980.3866289019361     
   4780.1029294122764      < Th <    5018.5088480476397     
   80.000000000000000      < Ts <   80.000000000000000     
   706328832560704.62      < Ne <   706623672885976.62     
   706328832560704.62      < Nh <   706623672880263.25     
 CFL_Te=   1.8050320861232969E-003 maxCFL_Ne=   1.3998397981617521E-003 maxCFL_Ts=   5.1020110945368359E-004 CPU=   724.49683280138277      NumThreads=                   16 Elapsed time=   2.2084292540152928E-002
 CFL_Limit=   1.0000000000000000E-003
 dt_init=   1.0000000000000001E-018 dt=   1.0000000000000001E-018
 Time=  -1.1700000000027693E-013 Intensity=   49453.397363885415     
   4780.1023921315909      < Te <    4964.0469100825676     
   4779.6992216563840      < Th <    5028.4304610048648     
   80.000000000000000      < Ts <   80.000000000000000     
   1070089190755271.6      < Ne <   1070532231744768.6     
   1070089190755271.6      < Nh <   1070532231733498.5     
 CFL_Te=   1.8047863810717868E-003 maxCFL_Ne=   1.4000176314919593E-003 maxCFL_Ts=   5.1020110945368359E-004 CPU=   724.49024413196389      NumThreads=                   16 Elapsed time=   2.2084493379438307E-002
 CFL_Limit=   1.0000000000000000E-003
 dt_init=   1.0000000000000001E-018 dt=   1.0000000000000001E-018
 Time=  -1.1600000000028026E-013 Intensity=   74053.844592670546     
   4779.7300043409086      < Te <    4967.4976512966568     
   4779.3245276200996      < Th <    5044.2375434680662     
   80.000000000000000      < Ts <   80.000000000000000     
   1615683036091088.0      < Ne <   1616346462027830.2     
   1615683036091088.0      < Nh <   1616346462003336.0     
 CFL_Te=   1.8044735833021991E-003 maxCFL_Ne=   1.4007454583310531E-003 maxCFL_Ts=   5.1020110945368359E-004 CPU=   724.48488409088179      NumThreads=                   16 Elapsed time=   2.2084656769723449E-002
 CFL_Limit=   1.0000000000000000E-003
 dt_init=   1.0000000000000001E-018 dt=   1.0000000000000001E-018
 Time=  -1.1500000000028360E-013 Intensity=   110508.05584217943     
   4779.3434641576487      < Te <    4968.7435260705070     
   4778.9472197722880      < Th <    5032.4519732605668     
   80.000000000000000      < Ts <   80.000000000000000     
   2431173407161619.0      < Ne <   2432163420249748.5     
   2431173407161619.0      < Nh <   2432163420209771.0     
 CFL_Te=   1.8043678207757764E-003 maxCFL_Ne=   1.4037114803282715E-003 maxCFL_Ts=   5.1020110945368359E-004 CPU=   724.46407408628943      NumThreads=                   16 Elapsed time=   2.2085291144601702E-002
 CFL_Limit=   1.0000000000000000E-003
 dt_init=   1.0000000000000001E-018 dt=   1.0000000000000001E-018
 Time=  -1.1400000000028694E-013 Intensity=   164336.90995111573     
   4778.9599189670180      < Te <    4963.5623550563614     
   4778.5387912245014      < Th <    5013.4001434933934     
   80.000000000000000      < Ts <   80.000000000000000     
   3645857918227929.5      < Ne <   3647330174654317.0     
   3645857918227929.5      < Nh <   3647330174591848.0     
 CFL_Te=   1.8042704194331286E-003 maxCFL_Ne=   1.4017006569364012E-003 maxCFL_Ts=   5.1020110945368359E-004 CPU=   724.44466458832869      NumThreads=                   16 Elapsed time=   2.2085882859103012E-002
 CFL_Limit=   1.0000000000000000E-003
 dt_init=   1.0000000000000001E-018 dt=   1.0000000000000001E-018
 Time=  -1.1300000000029027E-013 Intensity=   243540.47277285621     
   4778.5716079001895      < Te <    4958.7762289341590     
   4778.1157759350754      < Th <    5008.0323797272922     
   80.000000000000000      < Ts <   80.000000000000000     
   5448889904119530.0      < Ne <   5451071728167951.0     
   5448889904119530.0      < Nh <   5451071728079139.0     
 CFL_Te=   1.8042892182688096E-003 maxCFL_Ne=   1.4014649646139610E-003 maxCFL_Ts=   5.1020110945368359E-004 CPU=   724.41808789401682      NumThreads=                   16 Elapsed time=   2.2086693122909458E-002
 CFL_Limit=   1.0000000000000000E-003
 dt_init=   1.0000000000000001E-018 dt=   1.0000000000000001E-018
 Time=  -1.1200000000029361E-013 Intensity=   359668.18468342372     
   4778.1582060482006      < Te <    4962.3242272047783     
   4777.6925456994932      < Th <    5032.7528912443922     
   80.000000000000000      < Ts <   80.000000000000000     
   8115985916945375.0      < Ne <   8119208133653821.0     
   8115985916945375.0      < Nh <   8119208133527332.0     
 CFL_Te=   1.8040487502596447E-003 maxCFL_Ne=   1.3999141521800994E-003 maxCFL_Ts=   5.1020110945368359E-004 CPU=   724.41080062266701      NumThreads=                   16 Elapsed time=   2.2086915305855749E-002
 CFL_Limit=   1.0000000000000000E-003
 dt_init=   1.0000000000000001E-018 dt=   1.0000000000000001E-018
 Time=  -1.1100000000029695E-013 Intensity=   529331.51455927780     
   4777.7247834895406      < Te <    4960.1722053283911     
   4777.2649625013091      < Th <    5027.6770755053931     
   80.000000000000000      < Ts <   80.000000000000000     
   12047584325057874.      < Ne <   12052326563665086.     
   12047584325057874.      < Nh <   12052326563467718.     
 CFL_Te=   1.8039608003081304E-003 maxCFL_Ne=   1.3990952224143679E-003 maxCFL_Ts=   5.1020110945368359E-004 CPU=   724.38906515766007      NumThreads=                   16 Elapsed time=   2.2087578028966617E-002
 CFL_Limit=   1.0000000000000000E-003
 dt_init=   1.0000000000000001E-018 dt=   1.0000000000000001E-018
 Time=  -1.1000000000030028E-013 Intensity=   776333.50412123953     
   4777.2815441475332      < Te <    4977.6967103217767     
   4776.8693697590861      < Th <    5045.0427039014312     
   80.000000000000114      < Ts <   80.000000000000114     
   17823155396986590.      < Ne <   17830110487823522.     
   17823155396986590.      < Nh <   17830110487504600.     
 CFL_Te=   1.8035696659780469E-003 maxCFL_Ne=   1.4012845585855294E-003 maxCFL_Ts=   5.1020110945368370E-004 CPU=   723.89535559922354      NumThreads=                   16 Elapsed time=   2.2102642151579460E-002
 CFL_Limit=   1.0000000000000000E-003
 dt_init=   1.0000000000000001E-018 dt=   1.0000000000000001E-018
 Time=  -1.0900000000030362E-013 Intensity=   1134654.8075546226     
   4776.8568607989428      < Te <    4961.1201221135489     
   4776.4551726788841      < Th <    5051.6089494553853     
   80.000000000000114      < Ts <   80.000000000000114     
   26278201810853180.      < Ne <   26288367117489608.     
   26278201810853176.      < Nh <   26288367116404872.     
 CFL_Te=   1.8032922546571655E-003 maxCFL_Ne=   1.4015247712698465E-003 maxCFL_Ts=   5.1020110945368370E-004 CPU=   723.83153540478088      NumThreads=                   16 Elapsed time=   2.2104590940559787E-002
 CFL_Limit=   1.0000000000000000E-003
 dt_init=   1.0000000000000001E-018 dt=   1.0000000000000001E-018
 Time=  -1.0800000000030696E-013 Intensity=   1652623.9253586698     
   4776.4375849597491      < Te <    4962.9341109984516     
   4776.0265529283079      < Th <    5046.7612413896404     
   80.000000000001322      < Ts <   80.000000000006068     
   38613008316029848.      < Ne <   38627814237515824.     
   38613008316029848.      < Nh <   38627814236847968.     
 CFL_Te=   1.8030771147497025E-003 maxCFL_Ne=   1.4000590569348591E-003 maxCFL_Ts=   5.1020110945368771E-004 CPU=   723.78080773735371      NumThreads=                   16 Elapsed time=   2.2106140186306373E-002
 CFL_Limit=   1.0000000000000000E-003
 dt_init=   1.0000000000000001E-018 dt=   1.0000000000000001E-018
 Time=  -1.0700000000031029E-013 Intensity=   2398717.8343097451     
   4775.9909573205077      < Te <    4964.8931172730636     
   4775.5864130751615      < Th <    5059.6544504518115     
   80.000000000040089      < Ts <   80.000000000045389     
   56545637495358224.      < Ne <   56567128079864056.     
   56545637495358224.      < Nh <   56567128079008552.     
 CFL_Te=   1.8028670919870114E-003 maxCFL_Ne=   1.4004980202266392E-003 maxCFL_Ts=   5.1020110945379786E-004 CPU=   723.73393413831013      NumThreads=                   16 Elapsed time=   2.2107571920128175E-002
 CFL_Limit=   1.0000000000000000E-003
 dt_init=   1.0000000000000001E-018 dt=   1.0000000000000001E-018
 Time=  -1.0600000000031363E-013 Intensity=   3469597.8688117159     
   4775.5260983575581      < Te <    4957.3029124486156     
   4775.1161973817743      < Th <    5053.9884031488837     
   80.000000000090310      < Ts <   80.000000000097941     
   82526339199276304.      < Ne <   82557424654553232.     
   82526339199276304.      < Nh <   82557424653454096.     
 CFL_Te=   1.8027344320200873E-003 maxCFL_Ne=   1.3988033650103521E-003 maxCFL_Ts=   5.1020110945394000E-004 CPU=   723.66288135148022      NumThreads=                   16 Elapsed time=   2.2109742550452664E-002
 CFL_Limit=   1.0000000000000000E-003
 dt_init=   1.0000000000000001E-018 dt=   1.0000000000000001E-018
 Time=  -1.0500000000031696E-013 Intensity=   5001197.1000020979     
   4775.0661133050371      < Te <    4958.6177241764944     
   4774.6443143203251      < Th <    5027.9398773431167     
   80.000000000163595      < Ts <   80.000000000176399     
   1.2003685767132264E+017 < Ne <   1.2008166546192792E+017
   1.2003685767132264E+017 < Nh <   1.2008166546027171E+017
 CFL_Te=   1.8026930852509640E-003 maxCFL_Ne=   1.3995545734029747E-003 maxCFL_Ts=   5.1020110945414817E-004 CPU=   723.60919419503421      NumThreads=                   16 Elapsed time=   2.2111382951399486E-002
 CFL_Limit=   1.0000000000000000E-003
 dt_init=   1.0000000000000001E-018 dt=   1.0000000000000001E-018
 Time=  -1.0400000000032030E-013 Intensity=   7183955.7564026807     
   4774.5840622773167      < Te <    4954.3645429260514     
   4774.1825423621967      < Th <    5003.0845737102754     
   80.000000000267320      < Ts <   80.000000000284473     
   1.7400662419965274E+017 < Ne <   1.7407098845993958E+017
   1.7400662419965274E+017 < Nh <   1.7407098845744269E+017
 CFL_Te=   1.8025232608076657E-003 maxCFL_Ne=   1.3990594006164786E-003 maxCFL_Ts=   5.1020110945444253E-004 CPU=   723.45689258750247      NumThreads=                   16 Elapsed time=   2.2116037823310657E-002
 CFL_Limit=   1.0000000000000000E-003
 dt_init=   1.0000000000000001E-018 dt=   1.0000000000000001E-018
 Time=  -1.0300000000032364E-013 Intensity=   10283671.077769637     
   4774.0849270920680      < Te <    4946.4471934344083     
   4773.7235920475268      < Th <    5008.1693244685321     
   80.000000000416861      < Ts <   80.000000000440380     
   2.5138921991111622E+017 < Ne <   2.5148135627336995E+017
   2.5138921991111622E+017 < Nh <   2.5148135626991824E+017
 CFL_Te=   1.8023391052847850E-003 maxCFL_Ne=   1.3975038423635589E-003 maxCFL_Ts=   5.1020110945486569E-004 CPU=   723.40213172165750      NumThreads=                   16 Elapsed time=   2.2117711986721515E-002
 CFL_Limit=   1.0000000000000000E-003
 dt_init=   1.0000000000000001E-018 dt=   1.0000000000000001E-018
 Time=  -1.0200000000032697E-013 Intensity=   14669913.588145595     
   4773.6038529525786      < Te <    4952.3060703157771     
   4773.2517385641486      < Th <    5014.7393000269858     
   80.000000000630351      < Ts <   80.000000000662340     
   3.6195769747311565E+017 < Ne <   3.6208913195404851E+017
   3.6195769747311565E+017 < Nh <   3.6208913194918278E+017
 CFL_Te=   1.8023027534516309E-003 maxCFL_Ne=   1.3984782327814054E-003 maxCFL_Ts=   5.1020110945546992E-004 CPU=   723.33763276600416      NumThreads=                   16 Elapsed time=   2.2119684190655010E-002
 CFL_Limit=   1.0000000000000000E-003
 dt_init=   1.0000000000000001E-018 dt=   1.0000000000000001E-018
 Time=  -1.0100000000033031E-013 Intensity=   20854596.145682670     
   4773.1152123693364      < Te <    4953.5952885955994     
   4772.7521567102585      < Th <    5024.4722239217126     
   80.000000000936510      < Ts <   80.000000000981558     
   5.1939754047030112E+017 < Ne <   5.1958438996141562E+017
   5.1939754047030112E+017 < Nh <   5.1958438995610662E+017
 CFL_Te=   1.8019188671403203E-003 maxCFL_Ne=   1.3978598122265152E-003 maxCFL_Ts=   5.1020110945633804E-004 CPU=   723.30410387327208      NumThreads=                   16 Elapsed time=   2.2120709552621742E-002
 CFL_Limit=   1.0000000000000000E-003
 dt_init=   1.0000000000000001E-018 dt=   1.0000000000000001E-018
 Time=  -1.0000000000033365E-013 Intensity=   29544106.652997654     
   4772.6183320148830      < Te <    4956.3580635112285     
   4772.2455456331218      < Th <    5021.3875549600625     
   80.000000001373635      < Ts <   80.000000001438053     
   7.4280272543180634E+017 < Ne <   7.4306743287131008E+017
   7.4280272543180634E+017 < Nh <   7.4306743286449830E+017
 CFL_Te=   1.8019034315253104E-003 maxCFL_Ne=   1.3971044293607188E-003 maxCFL_Ts=   5.1020110945757717E-004 CPU=   723.24906444583007      NumThreads=                   16 Elapsed time=   2.2122392943929439E-002
 CFL_Limit=   1.0000000000000000E-003
 dt_init=   1.0000000000000001E-018 dt=   1.0000000000000001E-018
 Time=  -9.9000000000336983E-014 Intensity=   41709481.477622546     
   4772.1283745583523      < Te <    4957.6120773143566     
   4771.7528321699192      < Th <    5015.5143892431643     
   80.000000001997350      < Ts <   80.000000002089521     
   1.0587154585404520E+018 < Ne <   1.0590891679981385E+018
   1.0587154585404517E+018 < Nh <   1.0590891679881829E+018
 CFL_Te=   1.8017054660113612E-003 maxCFL_Ne=   1.3981381478966315E-003 maxCFL_Ts=   5.1020110945934583E-004 CPU=   723.20676067247666      NumThreads=                   16 Elapsed time=   2.2123686986999871E-002
 CFL_Limit=   1.0000000000000000E-003
 dt_init=   1.0000000000000001E-018 dt=   1.0000000000000001E-018
 Time=  -9.8000000000340320E-014 Intensity=   58680468.053666398     
   4771.5964297229293      < Te <    4955.1969349527608     
   4771.2342974035000      < Th <    5024.7327874732991     
   80.000000002881080      < Ts <   80.000000003015245     
   1.5038961252390403E+018 < Ne <   1.5044218993455114E+018
   1.5038961252390400E+018 < Nh <   1.5044218993310221E+018
 CFL_Te=   1.8012903416798494E-003 maxCFL_Ne=   1.3980560205947420E-003 maxCFL_Ts=   5.1020110946185359E-004 CPU=   723.16285675222514      NumThreads=                   16 Elapsed time=   2.2125030137550367E-002
 CFL_Limit=   1.0000000000000000E-003
 dt_init=   1.0000000000000001E-018 dt=   1.0000000000000001E-018
 Time=  -9.7000000000343656E-014 Intensity=   82271079.851560473     
   4771.0131824158734      < Te <    4960.2557995775987     
   4770.6825281487399      < Th <    5041.5584450925735     
   80.000000004131394      < Ts <   80.000000004329550     
   2.1290698868523855E+018 < Ne <   2.1298070485470164E+018
   2.1290698868523850E+018 < Nh <   2.1298070485332513E+018
 CFL_Te=   1.8009414915677369E-003 maxCFL_Ne=   1.3997317346320229E-003 maxCFL_Ts=   5.1020110946540674E-004 CPU=   723.12774623317375      NumThreads=                   16 Elapsed time=   2.2126104389363004E-002
 CFL_Limit=   1.0000000000000000E-003
 dt_init=   1.0000000000000001E-018 dt=   1.0000000000000001E-018
 Time=  -9.6000000000346993E-014 Intensity=   114946479.92309830     
   4770.4556530931832      < Te <    4954.7766823788807     
   4770.1364732266129      < Th <    5035.5524294535599     
   80.000000005899324      < Ts <   80.000000006183612     
   3.0039740272241951E+018 < Ne <   3.0050039868212040E+018
   3.0039740272241946E+018 < Nh <   3.0050039868126561E+018
 CFL_Te=   1.8012083063147059E-003 maxCFL_Ne=   1.3986390330286808E-003 maxCFL_Ts=   5.1020110947042389E-004 CPU=   723.06868807033391      NumThreads=                   16 Elapsed time=   2.2127911585688324E-002
 CFL_Limit=   1.0000000000000000E-003
 dt_init=   1.0000000000000001E-018 dt=   1.0000000000000001E-018
 Time=  -9.5000000000350329E-014 Intensity=   160043855.31729019     
   4769.9243031203578      < Te <    4958.6485341149937     
   4769.6017359043626      < Th <    5036.4985287638992     
   80.000000008387431      < Ts <   80.000000008793791     
   4.2241303743951764E+018 < Ne <   4.2255644351097866E+018
   4.2241303743951764E+018 < Nh <   4.2255644350123223E+018
 CFL_Te=   1.8006963620494460E-003 maxCFL_Ne=   1.3974192659722742E-003 maxCFL_Ts=   5.1020110947747597E-004 CPU=   723.02393026798836      NumThreads=                   16 Elapsed time=   2.2129281383632224E-002
 CFL_Limit=   1.0000000000000000E-003
 dt_init=   1.0000000000000001E-018 dt=   1.0000000000000001E-018
 Time=  -9.4000000000353665E-014 Intensity=   222063501.29492137     
   4769.3998157540664      < Te <    4956.1997390160404     
   4769.0441141806514      < Th <    5017.8706611852931     
   80.000000011876622      < Ts <   80.000000012451650     
   5.9198958046028278E+018 < Ne <   5.9218856249632410E+018
   5.9198958046028278E+018 < Nh <   5.9218856248239442E+018
 CFL_Te=   1.8005157933704058E-003 maxCFL_Ne=   1.3980165480326850E-003 maxCFL_Ts=   5.1020110948737018E-004 CPU=   722.97674405026896      NumThreads=                   16 Elapsed time=   2.2130725686091379E-002
 CFL_Limit=   1.0000000000000000E-003
 dt_init=   1.0000000000000001E-018 dt=   1.0000000000000001E-018
 Time=  -9.3000000000357002E-014 Intensity=   307050784.68967545     
   4768.8796408564158      < Te <    4944.9248139911397     
   4768.4748987289186      < Th <    5018.9506262085133     
   80.000000016754228      < Ts <   80.000000017563593     
   8.2685082293557780E+018 < Ne <   8.2712596243043297E+018
   8.2685082293557780E+018 < Nh <   8.2712596241096909E+018
 CFL_Te=   1.8003019168002952E-003 maxCFL_Ne=   1.3965830153896174E-003 maxCFL_Ts=   5.1020110950122466E-004 CPU=   722.93171088104293      NumThreads=                   16 Elapsed time=   2.2132104262656657E-002
 CFL_Limit=   1.0000000000000000E-003
 dt_init=   1.0000000000000001E-018 dt=   1.0000000000000001E-018
 Time=  -9.2000000000360338E-014 Intensity=   423095192.00701851     
   4768.3383926579863      < Te <    4952.7364984587084     
   4767.9012519288144      < Th <    5011.8239084643974     
   80.000000023566457      < Ts <   80.000000024711795     
   1.1510054410258039E+019 < Ne <   1.1513845712042670E+019
   1.1510054410258039E+019 < Nh <   1.1513845711773178E+019
 CFL_Te=   1.7999857762381957E-003 maxCFL_Ne=   1.3975278025500546E-003 maxCFL_Ts=   5.1020110952055230E-004 CPU=   722.88401125479083      NumThreads=                   16 Elapsed time=   2.2133564653376420E-002
 CFL_Limit=   1.0000000000000000E-003
 dt_init=   1.0000000000000001E-018 dt=   1.0000000000000001E-018
 Time=  -9.1000000000363675E-014 Intensity=   580979513.56964755     
   4767.7835573046677      < Te <    4944.7020905600748     
   4767.3073820070258      < Th <    4997.1804479473567     
   80.000000033044131      < Ts <   80.000000034625572     
   1.5968550138760253E+019 < Ne <   1.5973756297831705E+019
   1.5968550138760253E+019 < Nh <   1.5973756297474101E+019
 CFL_Te=   1.8000885620799063E-003 maxCFL_Ne=   1.3965086040354166E-003 maxCFL_Ts=   5.1020110954741037E-004 CPU=   722.85170458687412      NumThreads=                   16 Elapsed time=   2.2134553876641070E-002
 CFL_Limit=   1.0000000000000000E-003
 dt_init=   1.0000000000000001E-018 dt=   1.0000000000000001E-018
 Time=  -9.0000000000367011E-014 Intensity=   795020627.86572671     
   4767.1989724599980      < Te <    4929.7379625590975     
   4766.7100604609241      < Th <    4992.5653330413306     
   80.000000046143114      < Ts <   80.000000048301686     
   2.2079655610317935E+019 < Ne <   2.2086779822606299E+019
   2.2079655610317935E+019 < Nh <   2.2086779822130618E+019
 CFL_Te=   1.7995876935265624E-003 maxCFL_Ne=   1.3958373366058957E-003 maxCFL_Ts=   5.1020110958453736E-004 CPU=   722.79883599187281      NumThreads=                   16 Elapsed time=   2.2136172892480842E-002
 CFL_Limit=   1.0000000000000000E-003
 dt_init=   1.0000000000000001E-018 dt=   1.0000000000000001E-018
 Time=  -8.9000000000370348E-014 Intensity=   1084153623.5544016     
   4766.5829854556087      < Te <    4946.0190546547265     
   4766.1036802027993      < Th <    4999.1607904346147     
   80.000000064175609      < Ts <   80.000000067162958     
   3.0426964531433767E+019 < Ne <   3.0436679649130619E+019
   3.0426964531433767E+019 < Nh <   3.0436679648453419E+019
 CFL_Te=   1.7993242636364798E-003 maxCFL_Ne=   1.3968556507434570E-003 maxCFL_Ts=   5.1020110963581134E-004 CPU=   722.76565941957654      NumThreads=                   16 Elapsed time=   2.2137188992693627E-002
 CFL_Limit=   1.0000000000000000E-003
 dt_init=   1.0000000000000001E-018 dt=   1.0000000000000001E-018
 Time=  -8.8000000000373684E-014 Intensity=   1473323459.8778813     
   4765.9636549528259      < Te <    4946.9799163229472     
   4765.4888665536819      < Th <    5005.8708205830553     
   80.000000089040171      < Ts <   80.000000093188291     
   4.1789322729141633E+019 < Ne <   4.1802525471418655E+019
   4.1789322729141633E+019 < Nh <   4.1802525470502584E+019
 CFL_Te=   1.7991266957934917E-003 maxCFL_Ne=   1.3968004051227892E-003 maxCFL_Ts=   5.1020110970638151E-004 CPU=   722.71761977421522      NumThreads=                   16 Elapsed time=   2.2138660470182769E-002
 CFL_Limit=   1.0000000000000000E-003
 dt_init=   1.0000000000000001E-018 dt=   1.0000000000000001E-018
 Time=  -8.7000000000377020E-014 Intensity=   1995263384.2989130     
   4765.3395682786431      < Te <    4933.9016223624012     
   4764.8749623841959      < Th <    4997.2540029019838     
   80.000000123056822      < Ts <   80.000000128762593     
   5.7202272000818897E+019 < Ne <   5.7220152294996615E+019
   5.7202272000818889E+019 < Nh <   5.7220152293788606E+019
 CFL_Te=   1.7994571040889822E-003 maxCFL_Ne=   1.3951395180792285E-003 maxCFL_Ts=   5.1020110980292007E-004 CPU=   722.68764349004209      NumThreads=                   16 Elapsed time=   2.2139578757334133E-002
 CFL_Limit=   1.0000000000000000E-003
 dt_init=   1.0000000000000001E-018 dt=   1.0000000000000001E-018
 Time=  -8.6000000000380357E-014 Intensity=   2692757295.9581451     
   4764.7149976399824      < Te <    4948.8820304415876     
   4764.2440177410963      < Th <    5010.0679538038412     
   80.000000169649468      < Ts <   80.000000177506124     
   7.8037502276198367E+019 < Ne <   7.8061633694324949E+019
   7.8037502276198351E+019 < Nh <   7.8061633692692922E+019
 CFL_Te=   1.7989016302550798E-003 maxCFL_Ne=   1.3948421928845147E-003 maxCFL_Ts=   5.1020110993493003E-004 CPU=   722.64919245338228      NumThreads=                   16 Elapsed time=   2.2140756769796228E-002
 CFL_Limit=   1.0000000000000000E-003
 dt_init=   1.0000000000000001E-018 dt=   1.0000000000000001E-018
 Time=  -8.5000000000383693E-014 Intensity=   3621504588.3236284     
   4764.0754203537081      < Te <    4937.4356936917093     
   4763.5997266777213      < Th <    5004.2968308545760     
   80.000000233156044      < Ts <   80.000000244055244     
   1.0610515816906641E+020 < Ne <   1.0613761347073776E+020
   1.0610515816906639E+020 < Nh <   1.0613761346841795E+020
 CFL_Te=   1.7986022843280616E-003 maxCFL_Ne=   1.3947764867946358E-003 maxCFL_Ts=   5.1020111011505125E-004 CPU=   722.60369400749676      NumThreads=                   16 Elapsed time=   2.2142150853485681E-002
 CFL_Limit=   1.0000000000000000E-003
 dt_init=   1.0000000000000001E-018 dt=   1.0000000000000001E-018
 Time=  -8.4000000000387030E-014 Intensity=   4853731164.6627903     
   4763.4157353533919      < Te <    4933.6290300144765     
   4762.9537675478296      < Th <    5003.4330936410024     
   80.000000319004414      < Ts <   80.000000333781074     
   1.4378501685470585E+020 < Ne <   1.4382851538407835E+020
   1.4378501685470583E+020 < Nh <   1.4382851538071370E+020
 CFL_Te=   1.7982822404446093E-003 maxCFL_Ne=   1.3962485654029329E-003 maxCFL_Ts=   5.1020111035833743E-004 CPU=   722.55800133252365      NumThreads=                   16 Elapsed time=   2.2143551065095392E-002
 CFL_Limit=   1.0000000000000000E-003
 dt_init=   1.0000000000000001E-018 dt=   1.0000000000000001E-018
 Time=  -8.3000000000390366E-014 Intensity=   6482719740.0118294     
   4762.7218676404482      < Te <    4944.8633273099658     
   4762.2990416467319      < Th <    5008.0473350629300     
   80.000000435291554      < Ts <   80.000000455581144     
   1.9419396907497338E+020 < Ne <   1.9425206740305055E+020
   1.9419396907497334E+020 < Nh <   1.9425206739824135E+020
 CFL_Te=   1.7985188053653213E-003 maxCFL_Ne=   1.3958758581277201E-003 maxCFL_Ts=   5.1020111068827360E-004 CPU=   722.52320871680695      NumThreads=                   16 Elapsed time=   2.2144617372798058E-002
 CFL_Limit=   1.0000000000000000E-003
 dt_init=   1.0000000000000001E-018 dt=   1.0000000000000001E-018
 Time=  -8.2000000000393702E-014 Intensity=   8628466652.9902210     
   4762.0125443256666      < Te <    4937.7737022447300     
   4761.6124256084304      < Th <    5000.8606941735488     
   80.000000592182161      < Ts <   80.000000620087860     
   2.6139893402971770E+020 < Ne <   2.6147626439991630E+020
   2.6139893402971767E+020 < Nh <   2.6147626439326509E+020
 CFL_Te=   1.7979405734169984E-003 maxCFL_Ne=   1.3944839335871700E-003 maxCFL_Ts=   5.1020111113393284E-004 CPU=   722.49827349767747      NumThreads=                   16 Elapsed time=   2.2145381638827448E-002
 CFL_Limit=   1.0000000000000000E-003
 dt_init=   1.0000000000000001E-018 dt=   1.0000000000000001E-018
 Time=  -8.1000000000397039E-014 Intensity=   11444711601.408194     
   4761.3075875899640      < Te <    4941.4409342864765     
   4760.9213140165339      < Th <    4986.5506722999571     
   80.000000803012682      < Ts <   80.000000840561256     
   3.5068636574176032E+020 < Ne <   3.5078893806412759E+020
   3.5068636574176025E+020 < Nh <   3.5078893805533076E+020
 CFL_Te=   1.7977538606606220E-003 maxCFL_Ne=   1.3947417511602045E-003 maxCFL_Ts=   5.1020111173172517E-004 CPU=   722.45249503389891      NumThreads=                   16 Elapsed time=   2.2146784888948647E-002
 CFL_Limit=   1.0000000000000000E-003
 dt_init=   1.0000000000000001E-018 dt=   1.0000000000000001E-018
 Time=  -8.0000000000400375E-014 Intensity=   15127631309.328072     
   4760.6137443233902      < Te <    4936.4788462170918     
   4760.2201514388207      < Th <    4975.7072329447174     
   80.000001084852528      < Ts <   80.000001134940788     
   4.6890191018389379E+020 < Ne <   4.6903749313417380E+020
   4.6890191018389366E+020 < Nh <   4.6903749312304022E+020
 CFL_Te=   1.7973848541243801E-003 maxCFL_Ne=   1.3935091961655105E-003 maxCFL_Ts=   5.1020111253154859E-004 CPU=   722.41499351793254      NumThreads=                   16 Elapsed time=   2.2147934557787984E-002
 CFL_Limit=   1.0000000000000000E-003
 dt_init=   1.0000000000000001E-018 dt=   1.0000000000000001E-018
 Time=  -7.9000000000403712E-014 Intensity=   19926538345.339001     
   4759.9091752579934      < Te <    4948.9993277783415     
   4759.5022539958345      < Th <    4994.2910033493044     
   80.000001461129742      < Ts <   80.000001528076652     
   6.2487659846964137E+020 < Ne <   6.2505519695729105E+020
   6.2487659846964124E+020 < Nh <   6.2505519694306017E+020
 CFL_Te=   1.7972531377246873E-003 maxCFL_Ne=   1.3933117719537780E-003 maxCFL_Ts=   5.1020111359976409E-004 CPU=   722.38361626149344      NumThreads=                   16 Elapsed time=   2.2148896569393138E-002
 CFL_Limit=   1.0000000000000000E-003
 dt_init=   1.0000000000000001E-018 dt=   1.0000000000000001E-018
 Time=  -7.8000000000407048E-014 Intensity=   26156982205.223495     
   4759.1996642813165      < Te <    4942.6088646294002     
   4758.7637015454711      < Th <    5009.4551466974444     
   80.000001961390211      < Ts <   80.000002052360529     
   8.2995926245817175E+020 < Ne <   8.3019371189598657E+020
   8.2995926245817162E+020 < Nh <   8.3019371187603964E+020
 CFL_Te=   1.7969831388500496E-003 maxCFL_Ne=   1.3933028047180402E-003 maxCFL_Ts=   5.1020111501877657E-004 CPU=   722.34374579408029      NumThreads=                   16 Elapsed time=   2.2150119099336878E-002
 CFL_Limit=   1.0000000000000000E-003
 dt_init=   1.0000000000000001E-018 dt=   1.0000000000000001E-018
 Time=  -7.7000000000410384E-014 Intensity=   34216711204.134335     
   4758.4775114393178      < Te <    4948.1681061595009     
   4757.9886800606291      < Th <    5013.7005127956518     
   80.000002625055004      < Ts <   80.000002748294790     
   1.0986786856184173E+021 < Ne <   1.0989853846959018E+021
   1.0986786856184172E+021 < Nh <   1.0989853846675181E+021
 CFL_Te=   1.7965990647823449E-003 maxCFL_Ne=   1.3940433162299736E-003 maxCFL_Ts=   5.1020111690183354E-004 CPU=   722.28297017198418      NumThreads=                   16 Elapsed time=   2.2151982894169871E-002
 CFL_Limit=   1.0000000000000000E-003
 dt_init=   1.0000000000000001E-018 dt=   1.0000000000000001E-018
 Time=  -7.6000000000413721E-014 Intensity=   44605020284.252617     
   4757.7287706258785      < Te <    4953.9582282117217     
   4757.2183905042302      < Th <    5002.5998759876320     
   80.000003499356410      < Ts <   80.000003667042691     
   1.4495634022777529E+021 < Ne <   1.4499632366601969E+021
   1.4495634022777527E+021 < Nh <   1.4499632366231848E+021
 CFL_Te=   1.7963351720736425E-003 maxCFL_Ne=   1.3939088862192342E-003 maxCFL_Ts=   5.1020111938384022E-004 CPU=   722.23632414578856      NumThreads=                   16 Elapsed time=   2.2153413592045097E-002
 CFL_Limit=   1.0000000000000000E-003
 dt_init=   1.0000000000000001E-018 dt=   1.0000000000000001E-018
 Time=  -7.5000000000417057E-014 Intensity=   57946080788.916252     
   4756.9717058918850      < Te <    4943.9483565130558     
   4756.4189570566441      < Th <    4994.6364772197876     
   80.000004653224366      < Ts <   80.000004875172195     
   1.9061520724350610E+021 < Ne <   1.9066715118882731E+021
   1.9061520724350610E+021 < Nh <   1.9066715118402601E+021
 CFL_Te=   1.7960386113081096E-003 maxCFL_Ne=   1.3949667037731410E-003 maxCFL_Ts=   5.1020112265661029E-004 CPU=   722.19898069009832      NumThreads=                   16 Elapsed time=   2.2154559100472804E-002
 CFL_Limit=   1.0000000000000000E-003
 dt_init=   1.0000000000000001E-018 dt=   1.0000000000000001E-018
 Time=  -7.4000000000420394E-014 Intensity=   75016922429.376862     
   4756.1882730864481      < Te <    4937.1339032680617     
   4755.6031107453791      < Th <    4981.2254905595228     
   80.000006169514236      < Ts <   80.000006460500572     
   2.4982330318411410E+021 < Ne <   2.4989055124056247E+021
   2.4982330318411410E+021 < Nh <   2.4989055123422215E+021
 CFL_Te=   1.7957857154570574E-003 maxCFL_Ne=   1.3938235927043639E-003 maxCFL_Ts=   5.1020112695830048E-004 CPU=   722.16928033391946      NumThreads=                   16 Elapsed time=   2.2155470241827315E-002
 CFL_Limit=   1.0000000000000000E-003
 dt_init=   1.0000000000000001E-018 dt=   1.0000000000000001E-018
 Time=  -7.3000000000423730E-014 Intensity=   96780813434.073257     
   4755.3492236275015      < Te <    4940.8323460233296     
   4754.7940290216038      < Th <    4982.8200396607508     
   80.000008152688892      < Ts <   80.000008534264651     
   3.2633579497642383E+021 < Ne <   3.2642255520812777E+021
   3.2633579497642383E+021 < Nh <   3.2642255520000807E+021
 CFL_Te=   1.7955062519795892E-003 maxCFL_Ne=   1.3934334184471586E-003 maxCFL_Ts=   5.1020113258599270E-004 CPU=   722.14161379346035      NumThreads=                   16 Elapsed time=   2.2156319057630373E-002
 CFL_Limit=   1.0000000000000000E-003
 dt_init=   1.0000000000000001E-018 dt=   1.0000000000000001E-018
 Time=  -7.2000000000427066E-014 Intensity=   124426860014.13100     
   4754.4760797703248      < Te <    4945.3329011442202     
   4755.4359926147181      < Th <    4988.2061260918335     
   80.000010733804672      < Ts <   80.000011235587507     
   4.2486815491987603E+021 < Ne <   4.2497970241097381E+021
   4.2486815491987603E+021 < Nh <   4.2497970240062819E+021
 CFL_Te=   1.7950931577666493E-003 maxCFL_Ne=   1.3927842336454842E-003 maxCFL_Ts=   5.1020113992437564E-004 CPU=   722.11066348033410      NumThreads=                   16 Elapsed time=   2.2157268697411699E-002
 CFL_Limit=   1.0000000000000000E-003
 dt_init=   1.0000000000000001E-018 dt=   1.0000000000000001E-018
 Time=  -7.1000000000430403E-014 Intensity=   159416717950.19135     
   4753.5950878129652      < Te <    4932.8741189350358     
   4754.1797929534678      < Th <    4980.7535043929311     
   80.000014090212417      < Ts <   80.000014745704163     
   5.5131870174765688E+021 < Ne <   5.5146162149779309E+021
   5.5131870174765688E+021 < Nh <   5.5146162148421036E+021
 CFL_Te=   1.7947446963835403E-003 maxCFL_Ne=   1.3920283438260575E-003 maxCFL_Ts=   5.1020114945227516E-004 CPU=   722.08095245701270      NumThreads=                   16 Elapsed time=   2.2158180388995263E-002
 CFL_Limit=   1.0000000000000000E-003
 dt_init=   1.0000000000000001E-018 dt=   1.0000000000000001E-018
 Time=  -7.0000000000433739E-014 Intensity=   203539373738.42972     
   4752.7014890578930      < Te <    4916.2735125986401     
   4752.2586553904812      < Th <    4978.4529766968008     
   80.000018439534401      < Ts <   80.000019290721042     
   7.1303650323123793E+021 < Ne <   7.1321898120161064E+021
   7.1303650323123793E+021 < Nh <   7.1321898118250496E+021
 CFL_Te=   1.7943731736109554E-003 maxCFL_Ne=   1.3917561162125080E-003 maxCFL_Ts=   5.1020116178526320E-004 CPU=   722.03911323739317      NumThreads=                   16 Elapsed time=   2.2159464365110501E-002
 CFL_Limit=   1.0000000000000000E-003
 dt_init=   1.0000000000000001E-018 dt=   1.0000000000000001E-018
 Time=  -6.9000000000437076E-014 Intensity=   258975005990.62750     
   4751.7952473217774      < Te <    4917.7423993246321     
   4751.3813779110160      < Th <    4970.0984571739391     
   80.000024052740741      < Ts <   80.000025156548503     
   9.1914231423929617E+021 < Ne <   9.1937449242038150E+021
   9.1914231423929617E+021 < Nh <   9.1937449239435018E+021
 CFL_Te=   1.7940928786446908E-003 maxCFL_Ne=   1.3911090317485859E-003 maxCFL_Ts=   5.1020117771445736E-004 CPU=   722.01737620695224      NumThreads=                   16 Elapsed time=   2.2160131497187003E-002
 CFL_Limit=   1.0000000000000000E-003
 dt_init=   1.0000000000000001E-018 dt=   1.0000000000000001E-018
 Time=  -6.8000000000440412E-014 Intensity=   328368974519.18756     
   4749.5841273296046      < Te <    4914.0864137415110     
   4750.4822104285231      < Th <    4980.6352989831084     
   80.000031270146181      < Ts <   80.000032696712921     
   1.1809111473302662E+022 < Ne <   1.1812055418283080E+022
   1.1809111473302662E+022 < Nh <   1.1812055417932787E+022
 CFL_Te=   1.7927370057570307E-003 maxCFL_Ne=   1.3911036910636775E-003 maxCFL_Ts=   5.1020119822810911E-004 CPU=   721.98773132336976      NumThreads=                   16 Elapsed time=   2.2161041394252987E-002
 CFL_Limit=   1.0000000000000000E-003
 dt_init=   1.0000000000000001E-018 dt=   1.0000000000000001E-018
 Time=  -6.7000000000443749E-014 Intensity=   414916998789.12958     
   4749.8664025992421      < Te <    4929.6119423486080     
   4749.5687165382678      < Th <    4980.7231174102553     
   80.000040550290151      < Ts <   80.000042385892584     
   1.5122260210072659E+022 < Ne <   1.5125980190562216E+022
   1.5122260210072659E+022 < Nh <   1.5125980190096417E+022
 CFL_Te=   1.7934000297820036E-003 maxCFL_Ne=   1.3904072117099625E-003 maxCFL_Ts=   5.1020122453800294E-004 CPU=   721.95594929923766      NumThreads=                   16 Elapsed time=   2.2162016970052406E-002
 CFL_Limit=   1.0000000000000000E-003
 dt_init=   1.0000000000000001E-018 dt=   1.0000000000000001E-018
 Time=  -6.6000000000447085E-014 Intensity=   522462572428.35266     
   4748.9731467885713      < Te <    4920.0361974335892     
   4748.6378271306512      < Th <    4988.2188285382372     
   80.000052376733947      < Ts <   80.000054751779572     
   1.9301133729776066E+022 < Ne <   1.9305818069717171E+022
   1.9301133729776066E+022 < Nh <   1.9305818069105805E+022
 CFL_Te=   1.7929405585514664E-003 maxCFL_Ne=   1.3908662329874429E-003 maxCFL_Ts=   5.1020125808766534E-004 CPU=   721.92530289684680      NumThreads=                   16 Elapsed time=   2.2162957768341554E-002
 CFL_Limit=   1.0000000000000000E-003
 dt_init=   1.0000000000000001E-018 dt=   1.0000000000000001E-018
 Time=  -6.5000000000450421E-014 Intensity=   655607608773.53748     
   4747.4348776708148      < Te <    4918.7100725800919     
   4747.6915009505628      < Th <    4983.5492126320614     
   80.000067458492055      < Ts <   80.000070528089211     
   2.4553715496526625E+022 < Ne <   2.4559593762418718E+022
   2.4553715496526625E+022 < Nh <   2.4559593761598383E+022
 CFL_Te=   1.7926534889696486E-003 maxCFL_Ne=   1.3904542542523687E-003 maxCFL_Ts=   5.1020130084889002E-004 CPU=   721.88945419297352      NumThreads=                   16 Elapsed time=   2.2164058370802747E-002
 CFL_Limit=   1.0000000000000000E-003
 dt_init=   1.0000000000000001E-018 dt=   1.0000000000000001E-018
 Time=  -6.4000000000453758E-014 Intensity=   819837215909.35083     
   4746.5529405331026      < Te <    4926.3455148238627     
   4746.7454904812612      < Th <    4974.4788396869235     
   80.000086604297834      < Ts <   80.000090541500285     
   3.1133046263205037E+022 < Ne <   3.1140397291065410E+022
   3.1133046263205037E+022 < Nh <   3.1140397289990888E+022
 CFL_Te=   1.7920153808971895E-003 maxCFL_Ne=   1.3887963933698483E-003 maxCFL_Ts=   5.1020135518446501E-004 CPU=   721.86350202379356      NumThreads=                   16 Elapsed time=   2.2164855204817681E-002
 CFL_Limit=   1.0000000000000000E-003
 dt_init=   1.0000000000000001E-018 dt=   1.0000000000000001E-018
 Time=  -6.3000000000457094E-014 Intensity=   1021659349832.0927     
   4749.2435714220346      < Te <    4931.6611874396631     
   4744.4822358741749      < Th <    4970.1243830013027     
   80.000110872051252      < Ts <   80.000115883404007     
   3.9345745676424805E+022 < Ne <   3.9354906766844329E+022
   3.9345745676424805E+022 < Nh <   3.9354906765538986E+022
 CFL_Te=   1.7943349344058271E-003 maxCFL_Ne=   1.3891024002805803E-003 maxCFL_Ts=   5.1020142397346620E-004 CPU=   721.83464402403445      NumThreads=                   16 Elapsed time=   2.2165741326579027E-002
 CFL_Limit=   1.0000000000000000E-003
 dt_init=   1.0000000000000001E-018 dt=   1.0000000000000001E-018
 Time=  -6.2000000000460431E-014 Intensity=   1268759882568.7104     
   4742.4160950865780      < Te <    4933.5526696671786     
   4744.6959114001038      < Th <    4962.8664647599671     
   80.000141449344000      < Ts <   80.000147881651444     
   4.9561853108980489E+022 < Ne <   4.9573230591135873E+022
   4.9561853108980489E+022 < Nh <   4.9573230589612602E+022
 CFL_Te=   1.7895379119465850E-003 maxCFL_Ne=   1.3869749321687524E-003 maxCFL_Ts=   5.1020151067597628E-004 CPU=   721.81263776599326      NumThreads=                   16 Elapsed time=   2.2166417104471772E-002
 CFL_Limit=   1.0000000000000000E-003
 dt_init=   1.0000000000000001E-018 dt=   1.0000000000000001E-018
 Time=  -6.1000000000463767E-014 Intensity=   1570173339800.8547     
   4743.9456746038777      < Te <    4924.8433520248900     
   4742.1325884372745      < Th <    4965.7793790077130     
   80.000179975223901      < Ts <   80.000188122666842     
   6.2226126847721079E+022 < Ne <   6.2240207994864213E+022
   6.2226126847721079E+022 < Nh <   6.2240207993039145E+022
 CFL_Te=   1.7913986288282547E-003 maxCFL_Ne=   1.3884012556527982E-003 maxCFL_Ts=   5.1020161988760701E-004 CPU=   721.76098839096994      NumThreads=                   16 Elapsed time=   2.2168003338153514E-002
 CFL_Limit=   1.0000000000000000E-003
 dt_init=   1.0000000000000001E-018 dt=   1.0000000000000001E-018
 Time=  -6.0000000000467103E-014 Intensity=   1936469201836.5425     
   4742.8189019484153      < Te <    4921.6522749264168     
   4742.0524540101533      < Th <    4971.1650580975647     
   80.000228161655230      < Ts <   80.000238491115454     
   7.7870942726570736E+022 < Ne <   7.7888309606676099E+022
   7.7870942726570736E+022 < Nh <   7.7888309604374282E+022
 CFL_Te=   1.7914071553023674E-003 maxCFL_Ne=   1.3876296968815007E-003 maxCFL_Ts=   5.1020175671223969E-004 CPU=   721.72636674730063      NumThreads=                   16 Elapsed time=   2.2169066750476790E-002
 CFL_Limit=   1.0000000000000000E-003
 dt_init=   1.0000000000000001E-018 dt=   1.0000000000000001E-018
 Time=  -5.9000000000470440E-014 Intensity=   2379953215735.2744     
   4738.2426287195931      < Te <    4917.6322108651866     
   4741.1702750252680      < Th <    4970.6136338111883     
   80.000288436081107      < Ts <   80.000301487701208     
   9.7130928227904303E+022 < Ne <   9.7152273346543653E+022
   9.7130928227904303E+022 < Nh <   9.7152273343486055E+022
 CFL_Te=   1.7877452092896549E-003 maxCFL_Ne=   1.3872054696768849E-003 maxCFL_Ts=   5.1020192763080610E-004 CPU=   721.70016807997877      NumThreads=                   16 Elapsed time=   2.2169871516819269E-002
 CFL_Limit=   1.0000000000000000E-003
 dt_init=   1.0000000000000001E-018 dt=   1.0000000000000001E-018
 Time=  -5.8000000000473776E-014 Intensity=   2914882629713.4248     
   4739.7557919303081      < Te <    4910.4809975640919     
   4740.6841758069013      < Th <    4977.1983437117096     
   80.000363332538370      < Ts <   80.000379765160105     
   1.2075946340734613E+023 < Ne <   1.2078560714473648E+023
   1.2075946340734613E+023 < Nh <   1.2078560714062407E+023
 CFL_Te=   1.7892721539606352E-003 maxCFL_Ne=   1.3890196600597738E-003 maxCFL_Ts=   5.1020214003641223E-004 CPU=   721.68040628885501      NumThreads=                   16 Elapsed time=   2.2170478594919683E-002
 CFL_Limit=   1.0000000000000000E-003
 dt_init=   1.0000000000000001E-018 dt=   1.0000000000000001E-018
 Time=  -5.7000000000477113E-014 Intensity=   3557693630525.7944     
   4737.2569979306218      < Te <    4909.5170600285965     
   4742.3629036689917      < Th <    4987.6041840439948     
   80.000456196174014      < Ts <   80.000476951546560     
   1.4964716541401314E+023 < Ne <   1.4967907570125400E+023
   1.4964716541401314E+023 < Nh <   1.4967907569542836E+023
 CFL_Te=   1.7876945013617165E-003 maxCFL_Ne=   1.3893572414223957E-003 maxCFL_Ts=   5.1020240382276772E-004 CPU=   721.65153404649425      NumThreads=                   16 Elapsed time=   2.2171365603955273E-002
 CFL_Limit=   1.0000000000000000E-003
 dt_init=   1.0000000000000001E-018 dt=   1.0000000000000001E-018
 Time=  -5.6000000000475123E-014 Intensity=   4327238540091.4380     
   4734.7329940203699      < Te <    4915.5965418574642     
   4736.0770215293496      < Th <    4978.1895568345908     
   80.000571186378977      < Ts <   80.000597232221494     
   1.8484245605504632E+023 < Ne <   1.8488127070887101E+023
   1.8484245605504632E+023 < Nh <   1.8488127070120731E+023
 CFL_Te=   1.7862452981469469E-003 maxCFL_Ne=   1.3896638369372688E-003 maxCFL_Ts=   5.1020272978485979E-004 CPU=   721.62614976742759      NumThreads=                   16 Elapsed time=   2.2172145514899409E-002
 CFL_Limit=   1.0000000000000000E-003
 dt_init=   1.0000000000000001E-018 dt=   1.0000000000000001E-018
 Time=  -5.5000000000472148E-014 Intensity=   5245029512467.1377     
   4733.2952374994929      < Te <    4925.6005433821183     
   4737.2774166591544      < Th <    4968.4788350089566     
   80.000713120350596      < Ts <   80.000746033118247     
   2.2757428629396283E+023 < Ne <   2.2762133696289915E+023
   2.2757428629396283E+023 < Nh <   2.2762133695320541E+023
 CFL_Te=   1.7857060495220043E-003 maxCFL_Ne=   1.3899035409510518E-003 maxCFL_Ts=   5.1020313274832110E-004 CPU=   721.59989841047513      NumThreads=                   16 Elapsed time=   2.2172952123807748E-002
 CFL_Limit=   1.0000000000000000E-003
 dt_init=   1.0000000000000001E-018 dt=   1.0000000000000001E-018
 Time=  -5.4000000000469174E-014 Intensity=   6335484573989.2178     
   4730.6665744757656      < Te <    4917.1820192507157     
   4736.0924078285670      < Th <    4955.1388797744830     
   80.000887433051247      < Ts <   80.000928419949688     
   2.7927705794893736E+023 < Ne <   2.7933389512330825E+023
   2.7927705794893739E+023 < Nh <   2.7933389511178814E+023
 CFL_Te=   1.7840247128336206E-003 maxCFL_Ne=   1.3885981160718314E-003 maxCFL_Ts=   5.1020362730440924E-004 CPU=   721.57107552796197      NumThreads=                   16 Elapsed time=   2.2173837813957629E-002
 CFL_Limit=   1.0000000000000000E-003
 dt_init=   1.0000000000000001E-018 dt=   1.0000000000000001E-018
 Time=  -5.3000000000466199E-014 Intensity=   7626170880184.8320     
   4731.6920797679477      < Te <    4909.3204527657881     
   4731.4962580353540      < Th <    4952.4041649947740     
   80.001101117193585      < Ts <   80.001151776596018     
   3.4161774238417921E+023 < Ne <   3.4168616224820222E+023
   3.4161774238417921E+023 < Nh <   3.4168616223402943E+023
 CFL_Te=   1.7849970402454736E-003 maxCFL_Ne=   1.3884517881050935E-003 maxCFL_Ts=   5.1020423308559162E-004 CPU=   721.53419536818762      NumThreads=                   16 Elapsed time=   2.2174971197082973E-002
 CFL_Limit=   1.0000000000000000E-003
 dt_init=   1.0000000000000001E-018 dt=   1.0000000000000001E-018
 Time=  -5.2000000000463225E-014 Intensity=   9148039040900.5273     
   4723.7957894187848      < Te <    4895.9667850315282     
   4733.0089231352258      < Th <    4943.7864988507881     
   80.001361709368837      < Ts <   80.001423740927336     
   4.1652514391697500E+023 < Ne <   4.1660722192074943E+023
   4.1652514391697500E+023 < Nh <   4.1660722190354506E+023
 CFL_Te=   1.7798787938306021E-003 maxCFL_Ne=   1.3856388343981905E-003 maxCFL_Ts=   5.1020497231505236E-004 CPU=   721.51088566687611      NumThreads=                   16 Elapsed time=   2.2175687599240535E-002
 CFL_Limit=   1.0000000000000000E-003
 dt_init=   1.0000000000000001E-018 dt=   1.0000000000000001E-018
 Time=  -5.1000000000460250E-014 Intensity=   10935641313518.219     
   4724.4480393933081      < Te <    4904.1770865571507     
   4730.5594889838512      < Th <    4943.5594607211233     
   80.001678447061451      < Ts <   80.001754239079617     
   5.0622119962851867E+023 < Ne <   5.0631932238679288E+023
   5.0622119962851867E+023 < Nh <   5.0631932236610208E+023
 CFL_Te=   1.7805261003320282E-003 maxCFL_Ne=   1.3854337076761038E-003 maxCFL_Ts=   5.1020587156701638E-004 CPU=   721.49034350480224      NumThreads=                   16 Elapsed time=   2.2176318982006591E-002
 CFL_Limit=   1.0000000000000000E-003
 dt_init=   1.0000000000000001E-018 dt=   1.0000000000000001E-018
 Time=  -5.0000000000457276E-014 Intensity=   13027325412947.795     
   4719.7631485332449      < Te <    4905.6139684891750     
   4728.1442214438448      < Th <    4951.5563938882115     
   80.002062913430919      < Ts <   80.002155555025723     
   6.1325413306999808E+023 < Ne <   6.1337103232900812E+023
   6.1325413306999808E+023 < Nh <   6.1337103230337508E+023
 CFL_Te=   1.7784876775256127E-003 maxCFL_Ne=   1.3845500068466316E-003 maxCFL_Ts=   5.1020696230069608E-004 CPU=   721.46820359457388      NumThreads=                   16 Elapsed time=   2.2176999513330090E-002
 CFL_Limit=   1.0000000000000000E-003
 dt_init=   1.0000000000000001E-018 dt=   1.0000000000000001E-018
 Time=  -4.9000000000454301E-014 Intensity=   15465394672231.150     
   4718.5773652504658      < Te <    4900.0357185906478     
   4726.8472213015430      < Th <    4955.2864704856811     
   80.002526749710754      < Ts <   80.002640610612445     
   7.4053320593578283E+023 < Ne <   7.4067199480300507E+023
   7.4053320593578283E+023 < Nh <   7.4067199477076852E+023
 CFL_Te=   1.7765448191645345E-003 maxCFL_Ne=   1.3842763959846631E-003 maxCFL_Ts=   5.1020827907950208E-004 CPU=   721.43900083858887      NumThreads=                   16 Elapsed time=   2.2177897204617249E-002
 CFL_Limit=   1.0000000000000000E-003
 dt_init=   1.0000000000000001E-018 dt=   1.0000000000000001E-018
 Time=  -4.8000000000451327E-014 Intensity=   18296224350930.977     
   4715.7358542873408      < Te <    4895.7954376809885     
   4725.0572362738103      < Th <    4955.4941911220012     
   80.003087407322056      < Ts <   80.003227196967842     
   8.9136472237859357E+023 < Ne <   8.9152892728663055E+023
   8.9136472237859357E+023 < Nh <   8.9152892724431331E+023
 CFL_Te=   1.7747012790607264E-003 maxCFL_Ne=   1.3845853541256997E-003 maxCFL_Ts=   5.1020987224139518E-004 CPU=   721.42070030784646      NumThreads=                   16 Elapsed time=   2.2178459799077628E-002
 CFL_Limit=   1.0000000000000000E-003
 dt_init=   1.0000000000000001E-018 dt=   1.0000000000000001E-018
 Time=  -4.7000000000448352E-014 Intensity=   21570323077270.426     
   4712.3147055841382      < Te <    4899.8317146620830     
   4725.6582927560557      < Th <    4945.3224267896267     
   80.003761455602799      < Ts <   80.003932344853823     
   1.0694888443269650E+024 < Ne <   1.0696824497343434E+024
   1.0694888443269647E+024 < Nh <   1.0696824496801304E+024
 CFL_Te=   1.7724987510962045E-003 maxCFL_Ne=   1.3834354177824438E-003 maxCFL_Ts=   5.1021178620855648E-004 CPU=   721.38999813836551      NumThreads=                   16 Elapsed time=   2.2179403708520968E-002
 CFL_Limit=   1.0000000000000000E-003
 dt_init=   1.0000000000000001E-018 dt=   1.0000000000000001E-018
 Time=  -4.6000000000445378E-014 Intensity=   25342327775993.938     
   4707.3248947098173      < Te <    4897.4458918736773     
   4724.9804132122954      < Th <    4957.8895662451187     
   80.004567039221101      < Ts <   80.004776040469565     
   1.2791166794251673E+024 < Ne <   1.2793441636221387E+024
   1.2791166794251670E+024 < Nh <   1.2793441635526008E+024
 CFL_Te=   1.7689662087072920E-003 maxCFL_Ne=   1.3809027236704602E-003 maxCFL_Ts=   5.1021407371344013E-004 CPU=   721.36612879015297      NumThreads=                   16 Elapsed time=   2.2180137604789641E-002
 CFL_Limit=   1.0000000000000000E-003
 dt_init=   1.0000000000000001E-018 dt=   1.0000000000000001E-018
 Time=  -4.5000000000442403E-014 Intensity=   29670920032114.766     
   4702.9401667610582      < Te <    4895.0065611017781     
   4720.6417388675300      < Th <    4954.7496257701187     
   80.005529150287700      < Ts <   80.005784391464985     
   1.5249669924752399E+024 < Ne <   1.5252333606904791E+024
   1.5249669924752397E+024 < Nh <   1.5252333606023093E+024
 CFL_Te=   1.7674610476633155E-003 maxCFL_Ne=   1.3801140319210463E-003 maxCFL_Ts=   5.1021680352456781E-004 CPU=   721.34505402893319      NumThreads=                   16 Elapsed time=   2.2180785617971727E-002
 CFL_Limit=   1.0000000000000000E-003
 dt_init=   1.0000000000000001E-018 dt=   1.0000000000000001E-018
 Time=  -4.4000000000439429E-014 Intensity=   34618651727643.855     
   4700.4958644612925      < Te <    4889.5499749979836     
   4717.6016589674655      < Th <    4955.7576203826320     
   80.006675562467336      < Ts <   80.006983892387808     
   1.8123017848380836E+024 < Ne <   1.8126126065843352E+024
   1.8123017848380836E+024 < Nh <   1.8126126064725672E+024
 CFL_Te=   1.7643256927512029E-003 maxCFL_Ne=   1.3788878149869775E-003 maxCFL_Ts=   5.1022005353230319E-004 CPU=   721.33066519501790      NumThreads=                   16 Elapsed time=   2.2181228071974819E-002
 CFL_Limit=   1.0000000000000000E-003
 dt_init=   1.0000000000000001E-018 dt=   1.0000000000000001E-018
 Time=  -4.3000000000436454E-014 Intensity=   40251668020119.102     
   4694.5046031567645      < Te <    4885.5955490966153     
   4714.6538133822023      < Th <    4949.8189423307122     
   80.008033567346146      < Ts <   80.008406386336802     
   2.1469598790931820E+024 < Ne <   2.1473213183761616E+024
   2.1469598790931820E+024 < Nh <   2.1473213182345622E+024
 CFL_Te=   1.7599770029644399E-003 maxCFL_Ne=   1.3770078918051054E-003 maxCFL_Ts=   5.1022390891457172E-004 CPU=   721.29827790960746      NumThreads=                   16 Elapsed time=   2.2182224039643563E-002
 CFL_Limit=   1.0000000000000000E-003
 dt_init=   1.0000000000000001E-018 dt=   1.0000000000000001E-018
 Time=  -4.2000000000433480E-014 Intensity=   46639316361462.930     
   4688.9801270523567      < Te <    4874.6288168216097     
   4713.0371730729057      < Th <    4947.7918143357547     
   80.009642559198227      < Ts <   80.010091635786083     
   2.5353875378418632E+024 < Ne <   2.5358063827946982E+024
   2.5353875378418632E+024 < Nh <   2.5358063826137781E+024
 CFL_Te=   1.7558979243605694E-003 maxCFL_Ne=   1.3758967924638865E-003 maxCFL_Ts=   5.1022847276693643E-004 CPU=   721.26948080382567      NumThreads=                   16 Elapsed time=   2.2183109677909353E-002
 CFL_Limit=   1.0000000000000000E-003
 dt_init=   1.0000000000000001E-018 dt=   1.0000000000000001E-018
 Time=  -4.1000000000430505E-014 Intensity=   53853631331000.812     
   4685.4702546241751      < Te <    4878.2696975415247     
   4712.3085980058486      < Th <    4950.2602437355717     
   80.011535879177359      < Ts <   80.012076853317964     
   2.9846650582728990E+024 < Ne <   2.9851487485284101E+024
   2.9846650582728990E+024 < Nh <   2.9851487482940831E+024
 CFL_Te=   1.7533023042107974E-003 maxCFL_Ne=   1.3757200509879959E-003 maxCFL_Ts=   5.1023384642860041E-004 CPU=   721.24601580585545      NumThreads=                   16 Elapsed time=   2.2183831382587314E-002
 CFL_Limit=   1.0000000000000000E-003
 dt_init=   1.0000000000000001E-018 dt=   1.0000000000000001E-018
 Time=  -4.0000000000427531E-014 Intensity=   61968686616517.875     
   4677.7006362165657      < Te <    4880.2138937360151     
   4709.9636217053994      < Th <    4951.7113695006010     
   80.013762354998306      < Ts <   80.014410039626185     
   3.5025281853584993E+024 < Ne <   3.5030848421702114E+024
   3.5025281853584993E+024 < Nh <   3.5030848418746071E+024
 CFL_Te=   1.7475418727023941E-003 maxCFL_Ne=   1.3746655323910232E-003 maxCFL_Ts=   5.1024016554659609E-004 CPU=   721.22783111746389      NumThreads=                   16 Elapsed time=   2.2184390714941968E-002
 CFL_Limit=   1.0000000000000000E-003
 dt_init=   1.0000000000000001E-018 dt=   1.0000000000000001E-018
 Time=  -3.9000000000424557E-014 Intensity=   71059807549599.203     
   4676.5270155932167      < Te <    4868.9546824612889     
   4708.4225908583967      < Th <    4946.3871062613298     
   80.016377721253207      < Ts <   80.017152322144241     
   4.0973831277590510E+024 < Ne <   4.0980215452528135E+024
   4.0973831277590510E+024 < Nh <   4.0980215448777163E+024
 CFL_Te=   1.7462516563902634E-003 maxCFL_Ne=   1.3735177691827688E-003 maxCFL_Ts=   5.1024757953756228E-004 CPU=   721.20938377248285      NumThreads=                   16 Elapsed time=   2.2184958155019596E-002
 CFL_Limit=   1.0000000000000000E-003
 dt_init=   1.0000000000000001E-018 dt=   1.0000000000000001E-018
 Time=  -3.8000000000421582E-014 Intensity=   81202640199250.766     
   4664.9761537598506      < Te <    4867.5698583315116     
   4705.4210280951829      < Th <    4936.8655404434649     
   80.019417168668099      < Ts <   80.020337738689804     
   4.7783139066733117E+024 < Ne <   4.7790435693515643E+024
   4.7783139066733117E+024 < Nh <   4.7790435688827450E+024
 CFL_Te=   1.7368644594090812E-003 maxCFL_Ne=   1.3701507683044260E-003 maxCFL_Ts=   5.1025620540691820E-004 CPU=   721.19219129498777      NumThreads=                   16 Elapsed time=   2.2185487021524824E-002
 CFL_Limit=   1.0000000000000000E-003
 dt_init=   1.0000000000000001E-018 dt=   1.0000000000000001E-018
 Time=  -3.7000000000418608E-014 Intensity=   92472076146496.750     
   4657.3387618089801      < Te <    4856.2741665740832     
   4704.4690271957015      < Th <    4924.6849649442629     
   80.022962807877107      < Ts <   80.024054693843738     
   5.5550807681267287E+024 < Ne <   5.5559118286357157E+024
   5.5550807681267287E+024 < Nh <   5.5559118280532129E+024
 CFL_Te=   1.7309360879090648E-003 maxCFL_Ne=   1.3689451904339580E-003 maxCFL_Ts=   5.1026626773561319E-004 CPU=   721.17707598770244      NumThreads=                   16 Elapsed time=   2.2185952011975534E-002
 CFL_Limit=   1.0000000000000000E-003
 dt_init=   1.0000000000000001E-018 dt=   1.0000000000000001E-018
 Time=  -3.6000000000415633E-014 Intensity=   104941035677997.53     
   4651.7578441570777      < Te <    4842.7669962128230     
   4701.8513974503185      < Th <    4922.6561947700202     
   80.027084911048803      < Ts <   80.028368470650648     
   6.4381083247906097E+024 < Ne <   6.4390516025435577E+024
   6.4381083247906097E+024 < Nh <   6.4390516018255207E+024
 CFL_Te=   1.7261488486022172E-003 maxCFL_Ne=   1.3663759839237836E-003 maxCFL_Ts=   5.1027793849491986E-004 CPU=   721.15576740395159      NumThreads=                   16 Elapsed time=   2.2186607558582674E-002
 CFL_Limit=   1.0000000000000000E-003
 dt_init=   1.0000000000000001E-018 dt=   1.0000000000000001E-018
 Time=  -3.5000000000412659E-014 Intensity=   118679116201979.36     
   4641.1300859671983      < Te <    4837.7892781316732     
   4700.3017929891694      < Th <    4927.3248762022076     
   80.031848362280883      < Ts <   80.033352710691261     
   7.4384622465445408E+024 < Ne <   7.4395291866063107E+024
   7.4384622465445408E+024 < Nh <   7.4395291857030340E+024
 CFL_Te=   1.7175480966481384E-003 maxCFL_Ne=   1.3654160529911051E-003 maxCFL_Ts=   5.1029143835786992E-004 CPU=   721.13662614155737      NumThreads=                   16 Elapsed time=   2.2187196461796739E-002
 CFL_Limit=   1.0000000000000000E-003
 dt_init=   1.0000000000000001E-018 dt=   1.0000000000000001E-018
 Time=  -3.4000000000409684E-014 Intensity=   133751117135265.58     
   4635.3694940645855      < Te <    4820.7495003747481     
   4697.3146953826335      < Th <    4926.9319108392929     
   80.037345485601634      < Ts <   80.039105816015990     
   8.5678132890758879E+024 < Ne <   8.5690159390431180E+024
   8.5678132890758879E+024 < Nh <   8.5690159379004355E+024
 CFL_Te=   1.7122199864614057E-003 maxCFL_Ne=   1.3641870615589216E-003 maxCFL_Ts=   5.1030701396195637E-004 CPU=   721.08835100361523      NumThreads=                   16 Elapsed time=   2.2188681841456875E-002
 CFL_Limit=   1.0000000000000000E-003
 dt_init=   1.0000000000000001E-018 dt=   1.0000000000000001E-018
 Time=  -3.3000000000406710E-014 Intensity=   150215457241480.31     
   4631.1816073328282      < Te <    4808.9143156303799     
   4696.6488080500567      < Th <    4916.3343941078001     
   80.043674305811010      < Ts <   80.045718804277300     
   9.8383876509286951E+024 < Ne <   9.8397385545584986E+024
   9.8383876509286929E+024 < Nh <   9.8397385531205650E+024
 CFL_Te=   1.7079211431868736E-003 maxCFL_Ne=   1.3651316197396219E-003 maxCFL_Ts=   5.1032492294837218E-004 CPU=   721.06533751853931      NumThreads=                   16 Elapsed time=   2.2189390014311462E-002
 CFL_Limit=   1.0000000000000000E-003
 dt_init=   1.0000000000000001E-018 dt=   1.0000000000000001E-018
 Time=  -3.2000000000403735E-014 Intensity=   168122505300198.00     
   4616.8880736320689      < Te <    4796.1696120844645     
   4697.8191228490250      < Th <    4911.5367285227740     
   80.050940821023431      < Ts <   80.053300429379675     
   1.1262902710832646E+025 < Ne <   1.1264414886381443E+025
   1.1262902710832644E+025 < Nh <   1.1264414884581826E+025
 CFL_Te=   1.6958592931983197E-003 maxCFL_Ne=   1.3641784383192038E-003 maxCFL_Ts=   5.1034547803351787E-004 CPU=   721.04894107455391      NumThreads=                   16 Elapsed time=   2.2189894594610682E-002
 CFL_Limit=   1.0000000000000000E-003
 dt_init=   1.0000000000000001E-018 dt=   1.0000000000000001E-018
 Time=  -3.1000000000400761E-014 Intensity=   187512849914193.53     
   4612.0897756660324      < Te <    4776.9945155934192     
   4694.3626429858532      < Th <    4904.4985092118550     
   80.059238502860893      < Ts <   80.061942425526865     
   1.2854487615266634E+025 < Ne <   1.2856174428466892E+025
   1.2854487615266632E+025 < Nh <   1.2856174426228349E+025
 CFL_Te=   1.6908528037547356E-003 maxCFL_Ne=   1.3628062621928799E-003 maxCFL_Ts=   5.1036895099812495E-004 CPU=   721.03557978374590      NumThreads=                   16 Elapsed time=   2.2190305788791647E-002
 CFL_Limit=   1.0000000000000000E-003
 dt_init=   1.0000000000000001E-018 dt=   1.0000000000000001E-018
 Time=  -3.0000000000397786E-014 Intensity=   208415539059104.16     
   4595.8015931597592      < Te <    4766.3029263848521     
   4692.7582868013751      < Th <    4905.5365775217042     
   80.068700008310444      < Ts <   80.071803242307169     
   1.4626588068526976E+025 < Ne <   1.4628463190637060E+025
   1.4626588068526973E+025 < Nh <   1.4628463187849257E+025
 CFL_Te=   1.6768591277636902E-003 maxCFL_Ne=   1.3610827287134396E-003 maxCFL_Ts=   5.1039573903507551E-004 CPU=   721.02325766924309      NumThreads=                   16 Elapsed time=   2.2190685015794208E-002
 CFL_Limit=   1.0000000000000000E-003
 dt_init=   1.0000000000000001E-018 dt=   1.0000000000000001E-018
 Time=  -2.9000000000394812E-014 Intensity=   230846324469058.75     
   4589.6168032363294      < Te <    4765.6708563461261     
   4692.0164944374283      < Th <    4917.2975017160979     
   80.079456998361195      < Ts <   80.083012248103415     
   1.6592855442120390E+025 < Ne <   1.6594932729162714E+025
   1.6592855442120388E+025 < Nh <   1.6594932725736906E+025
 CFL_Te=   1.6703347542796185E-003 maxCFL_Ne=   1.3610679421410679E-003 maxCFL_Ts=   5.1042617867407556E-004 CPU=   721.00274114301430      NumThreads=                   16 Elapsed time=   2.2191316463838970E-002
 CFL_Limit=   1.0000000000000000E-003
 dt_init=   1.0000000000000001E-018 dt=   1.0000000000000001E-018
 Time=  -2.8000000000393169E-014 Intensity=   254805949950995.38     
   4584.1201860079855      < Te <    4744.2548067807502     
   4694.7379126881588      < Th <    4927.7492822248460     
   80.091660047981733      < Ts <   80.095732008903695     
   1.8767020174770951E+025 < Ne <   1.8769313477661731E+025
   1.8767020174770949E+025 < Nh <   1.8769313473455745E+025
 CFL_Te=   1.6640212844732060E-003 maxCFL_Ne=   1.3599450363949027E-003 maxCFL_Ts=   5.1046068910975007E-004 CPU=   720.98746233082557      NumThreads=                   16 Elapsed time=   2.2191786731318205E-002
 CFL_Limit=   1.0000000000000000E-003
 dt_init=   1.0000000000000001E-018 dt=   1.0000000000000001E-018
 Time=  -2.7000000000393350E-014 Intensity=   280278526036165.84     
   4578.1068656279194      < Te <    4735.0858378929279     
   4689.0816811988043      < Th <    4934.8326547404713     
   80.105478932911012      < Ts <   80.110150869673760     
   2.1162750185320351E+025 < Ne <   2.1165273208509426E+025
   2.1162750185320346E+025 < Nh <   2.1165273203375570E+025
 CFL_Te=   1.6569169459478971E-003 maxCFL_Ne=   1.3597914831533441E-003 maxCFL_Ts=   5.1049970201353452E-004 CPU=   720.96565597942606      NumThreads=                   16 Elapsed time=   2.2192457944843612E-002
 CFL_Limit=   1.0000000000000000E-003
 dt_init=   1.0000000000000001E-018 dt=   1.0000000000000001E-018
 Time=  -2.6000000000393531E-014 Intensity=   307230035825304.94     
   4559.0367840368181      < Te <    4728.7103259786518     
   4690.6264793093133      < Th <    4942.2317896386094     
   80.121058178873540      < Ts <   80.126472920442041     
   2.3793495179654811E+025 < Ne <   2.3796261361728252E+025
   2.3793495179654802E+025 < Nh <   2.3796261355559802E+025
 CFL_Te=   1.6399170762650937E-003 maxCFL_Ne=   1.3583717574622348E-003 maxCFL_Ts=   5.1054357097889873E-004 CPU=   720.95307637841222      NumThreads=                   16 Elapsed time=   2.2192845171523975E-002
 CFL_Limit=   1.0000000000000000E-003
 dt_init=   1.0000000000000001E-018 dt=   1.0000000000000001E-018
 Time=  -2.5000000000393712E-014 Intensity=   335607018286696.19     
   4553.0561114345765      < Te <    4721.0841947836134     
   4692.8295553954813      < Th <    4938.9306085623975     
   80.138560266715444      < Ts <   80.144834629533207     
   2.6672318129014969E+025 < Ne <   2.6675340480025509E+025
   2.6672318129014961E+025 < Nh <   2.6675340472640962E+025
 CFL_Te=   1.6322711303584788E-003 maxCFL_Ne=   1.3597460243434647E-003 maxCFL_Ts=   5.1059291819177970E-004 CPU=   720.94088730499845      NumThreads=                   16 Elapsed time=   2.2193220389830799E-002
 CFL_Limit=   1.0000000000000000E-003
 dt_init=   1.0000000000000001E-018 dt=   1.0000000000000001E-018
 Time=  -2.4000000000393893E-014 Intensity=   365335475465723.00     
   4547.5299389274451      < Te <    4702.3952318351903     
   4694.1515242448777      < Th <    4947.5313949798183     
   80.158096661037675      < Ts <   80.165386556885281     
   2.9811715967856625E+025 < Ne <   2.9815006754664297E+025
   2.9811715967856616E+025 < Nh <   2.9815006745838006E+025
 CFL_Te=   1.6249040468376121E-003 maxCFL_Ne=   1.3595134787939410E-003 maxCFL_Ts=   5.1064807256793196E-004 CPU=   720.92818452056099      NumThreads=                   16 Elapsed time=   2.2193611435292245E-002
 CFL_Limit=   1.0000000000000000E-003
 dt_init=   1.0000000000000001E-018 dt=   1.0000000000000001E-018
 Time=  -2.3000000000394074E-014 Intensity=   396320048934197.12     
   4542.0198834687999      < Te <    4697.6413124480687     
   4697.5053112030992      < Th <    4952.3008332671970     
   80.179957589157979      < Ts <   80.188394249616465     
   3.3223431377593998E+025 < Ne <   3.3227002060431146E+025
   3.3223431377593989E+025 < Nh <   3.3227002049941620E+025
 CFL_Te=   1.6169522081017709E-003 maxCFL_Ne=   1.3597126218810715E-003 maxCFL_Ts=   5.1070959516435793E-004 CPU=   720.91453029549336      NumThreads=                   16 Elapsed time=   2.2194031785490315E-002
 CFL_Limit=   1.0000000000000000E-003
 dt_init=   1.0000000000000001E-018 dt=   1.0000000000000001E-018
 Time=  -2.2000000000394255E-014 Intensity=   428443508248522.69     
   4537.4363785517098      < Te <    4692.6889775373938     
   4701.0990927560069      < Th <    4965.1463939462037     
   80.204332562762360      < Ts <   80.214032223654385     
   3.6918258264843924E+025 < Ne <   3.6922119215564708E+025
   3.6918258264843916E+025 < Nh <   3.6922119203179169E+025
 CFL_Te=   1.6096578833311389E-003 maxCFL_Ne=   1.3615028074971836E-003 maxCFL_Ts=   5.1077808876069772E-004 CPU=   720.89627826687877      NumThreads=                   16 Elapsed time=   2.2194593705582615E-002
 CFL_Limit=   1.0000000000000000E-003
 dt_init=   1.0000000000000001E-018 dt=   1.0000000000000001E-018
 Time=  -2.1000000000394436E-014 Intensity=   461566590146842.62     
   4515.2965557896987      < Te <    4685.5785653118410     
   4703.5928690748487      < Th <    4958.3876430570599     
   80.231475258886178      < Ts <   80.242506173163150     
   4.0905844267621023E+025 < Ne <   4.0910004691920412E+025
   4.0905844267621005E+025 < Nh <   4.0910004677413559E+025
 CFL_Te=   1.5888538334261101E-003 maxCFL_Ne=   1.3630579329277214E-003 maxCFL_Ts=   5.1085410113339955E-004 CPU=   720.88351907206106      NumThreads=                   16 Elapsed time=   2.2194986536237634E-002
 CFL_Limit=   1.0000000000000000E-003
 dt_init=   1.0000000000000001E-018 dt=   1.0000000000000001E-018
 Time=  -2.0000000000394617E-014 Intensity=   495528221700865.88     
   4528.4190732145407      < Te <    4682.9626649153934     
   4708.2423846913080      < Th <    4974.0058276115824     
   80.261558248012165      < Ts <   80.274055206375223     
   4.5194493215818768E+025 < Ne <   4.5198960862926545E+025
   4.5194493215818751E+025 < Nh <   4.5198960846025908E+025
 CFL_Te=   1.5932992628562841E-003 maxCFL_Ne=   1.3651443355424742E-003 maxCFL_Ts=   5.1093822174103998E-004 CPU=   720.86076169016667      NumThreads=                   16 Elapsed time=   2.2195687226040144E-002
 CFL_Limit=   1.0000000000000000E-003
 dt_init=   1.0000000000000001E-018 dt=   1.0000000000000001E-018
 Time=  -1.9000000000394798E-014 Intensity=   530146153688799.69     
   4525.8572462151687      < Te <    4699.3105622469875     
   4712.2445104529688      < Th <    4984.2829845053702     
   80.294768394839309      < Ts <   80.309007606370869     
   4.9790971153548308E+025 < Ne <   4.9795752241084770E+025
   4.9790971153548290E+025 < Nh <   4.9795752221611354E+025
 CFL_Te=   1.5859290453161473E-003 maxCFL_Ne=   1.3683593796256022E-003 maxCFL_Ts=   5.1103107084665201E-004 CPU=   720.84751861101051      NumThreads=                   16 Elapsed time=   2.2196094994999971E-002
 CFL_Limit=   1.0000000000000000E-003
 dt_init=   1.0000000000000001E-018 dt=   1.0000000000000001E-018
 Time=  -1.8000000000394979E-014 Intensity=   565218022186472.75     
   4504.7377222411224      < Te <    4696.8795069186372     
   4717.3472255781599      < Th <    4966.7676096874657     
   80.331431022265747      < Ts <   80.347588730498259     
   5.4700319572478672E+025 < Ne <   5.4705418683788629E+025
   5.4700319572478655E+025 < Nh <   5.4705418661135219E+025
 CFL_Te=   1.5646429394962969E-003 maxCFL_Ne=   1.3710118956323932E-003 maxCFL_Ts=   5.1113316156283601E-004 CPU=   720.81866439488726      NumThreads=                   16 Elapsed time=   2.2196983499909340E-002
 CFL_Limit=   1.0000000000000000E-003
 dt_init=   1.0000000000000001E-018 dt=   1.0000000000000001E-018
 Time=  -1.7000000000395159E-014 Intensity=   600522846939103.12     
   4502.9841597024488      < Te <    4694.5272343548540     
   4722.4539422284215      < Th <    4979.8689962142635     
   80.371669466822127      < Ts <   80.389849095100189     
   5.9925680399145063E+025 < Ne <   5.9931100790883257E+025
   5.9925680399145046E+025 < Nh <   5.9931100764889299E+025
 CFL_Te=   1.5573294702611365E-003 maxCFL_Ne=   1.3752160300349100E-003 maxCFL_Ts=   5.1124491299461004E-004 CPU=   720.80640198004312      NumThreads=                   16 Elapsed time=   2.2197361116727415E-002
 CFL_Limit=   1.0000000000000000E-003
 dt_init=   1.0000000000000001E-018 dt=   1.0000000000000001E-018
 Time=  -1.6000000000395340E-014 Intensity=   635822964715934.88     
   4501.9361830297421      < Te <    4693.7777152180270     
   4728.5770354217857      < Th <    4990.5352391672905     
   80.415781964857260      < Ts <   80.436232285427877     
   6.5468135870867334E+025 < Ne <   6.5473877929373410E+025
   6.5468135870867317E+025 < Nh <   6.5473877899699215E+025
 CFL_Te=   1.5501813621132245E-003 maxCFL_Ne=   1.3795449147121753E-003 maxCFL_Ts=   5.1136724470223448E-004 CPU=   720.79334199747802      NumThreads=                   16 Elapsed time=   2.2197763308496241E-002
 CFL_Limit=   1.0000000000000000E-003
 dt_init=   1.0000000000000001E-018 dt=   1.0000000000000001E-018
 Time=  -1.5000000000395521E-014 Intensity=   670866384802205.62     
   4520.1111618520863      < Te <    4686.0255053319388     
   4734.4192743595240      < Th <    4995.0136157241204     
   80.464046799786885      < Ts <   80.486910402493280     
   7.1326567572845236E+025 < Ne <   7.1332629280428625E+025
   7.1326567572845219E+025 < Nh <   7.1332629246679700E+025
 CFL_Te=   1.5564847901875345E-003 maxCFL_Ne=   1.3846067307757572E-003 maxCFL_Ts=   5.1150060610719570E-004 CPU=   720.78749141606556      NumThreads=                   16 Elapsed time=   2.2197943486181006E-002
 CFL_Limit=   1.0000000000000000E-003
 dt_init=   1.0000000000000001E-018 dt=   1.0000000000000001E-018
 Time=  -1.4000000000395702E-014 Intensity=   705389542384174.25     
   4521.1565448075826      < Te <    4707.2935793313327     
   4741.2584152827167      < Th <    4999.8828863330036     
   80.516543535210744      < Ts <   80.542080951806639     
   7.7497538429205220E+025 < Ne <   7.7503915561795633E+025
   7.7497538429205203E+025 < Nh <   7.7503915523711574E+025
 CFL_Te=   1.5497695983527266E-003 maxCFL_Ne=   1.3900023864483883E-003 maxCFL_Ts=   5.1164538268004718E-004 CPU=   720.77900006242680      NumThreads=                   16 Elapsed time=   2.2198204995725786E-002
 CFL_Limit=   1.0000000000000000E-003
 dt_init=   1.0000000000000001E-018 dt=   1.0000000000000001E-018
 Time=  -1.3000000000395883E-014 Intensity=   739120414174029.75     
   4523.4687198085376      < Te <    4708.5546175263135     
   4762.3976859490267      < Th <    5005.0604385103579     
   80.573510351610878      < Ts <   80.601958252777465     
   8.3975200619734777E+025 < Ne <   8.3981886577587414E+025
   8.3975200619734760E+025 < Nh <   8.3981886535024099E+025
 CFL_Te=   1.5437119255208914E-003 maxCFL_Ne=   1.3966883257604391E-003 maxCFL_Ts=   5.1180209793967764E-004 CPU=   720.76581960944930      NumThreads=                   16 Elapsed time=   2.2198610928400687E-002
 CFL_Limit=   1.0000000000000000E-003
 dt_init=   1.0000000000000001E-018 dt=   1.0000000000000001E-018
 Time=  -1.2000000000396064E-014 Intensity=   771781949547485.12     
   4526.9680465294859      < Te <    4708.3268710953171     
   4770.1110320064163      < Th <    5028.8813706741284     
   80.635365842305788      < Ts <   80.666801368477948     
   9.0751233614556708E+025 < Ne <   9.0758219186118027E+025
   9.0751233614556691E+025 < Nh <   9.0758219138984901E+025
 CFL_Te=   1.5382342158608054E-003 maxCFL_Ne=   1.4048451913357568E-003 maxCFL_Ts=   5.1197134449428158E-004 CPU=   720.75315409439929      NumThreads=                   16 Elapsed time=   2.2199001015962852E-002
 CFL_Limit=   1.0000000000000000E-003
 dt_init=   1.0000000000000001E-018 dt=   1.0000000000000001E-018
 Time=  -1.1000000000396245E-014 Intensity=   803095760155613.38     
   4531.8798499055283      < Te <    4708.6262039361554     
   4778.1374385003210      < Th <    5033.5529091364360     
   80.702320287292835      < Ts <   80.736908127138804     
   9.7814813782672189E+025 < Ne <   9.7822087163355006E+025
   9.7814813782672172E+025 < Nh <   9.7822087111631231E+025
 CFL_Te=   1.5331143943759515E-003 maxCFL_Ne=   1.4127246416094851E-003 maxCFL_Ts=   5.1215381691204734E-004 CPU=   720.73004295399789      NumThreads=                   16 Elapsed time=   2.2199712855623575E-002
 CFL_Limit=   1.0000000000000000E-003
 dt_init=   1.0000000000000001E-018 dt=   1.0000000000000001E-018
 Time=  -1.0000000000396426E-014 Intensity=   832786001727590.00     
   4554.6951768278723      < Te <    4712.6138717530166     
   4786.5197688968574      < Th <    5043.1274751559467     
   80.774292315239151      < Ts <   80.812311549582176     
   1.0515261827555871E+026 < Ne <   1.0516016535417736E+026
   1.0515261827555869E+026 < Nh <   1.0516016529809629E+026
 CFL_Te=   1.5407724278616631E-003 maxCFL_Ne=   1.4198688272317769E-003 maxCFL_Ts=   5.1234922179185750E-004 CPU=   720.71948192419507      NumThreads=                   16 Elapsed time=   2.2200038158095570E-002
 CFL_Limit=   1.0000000000000000E-003
 dt_init=   1.0000000000000001E-018 dt=   1.0000000000000001E-018
 Time=  -9.0000000003966072E-015 Intensity=   860583374007766.12     
   4561.9148780030227      < Te <    4720.5253431851888     
   4811.3373312195281      < Th <    5051.1150525468865     
   80.851504977627428      < Ts <   80.893346302471244     
   1.1274886445356577E+026 < Ne <   1.1275666894034113E+026
   1.1274886445356575E+026 < Nh <   1.1275666888017105E+026
 CFL_Te=   1.5366820386935691E-003 maxCFL_Ne=   1.4295980173127140E-003 maxCFL_Ts=   5.1255831693635897E-004 CPU=   720.70357889300340      NumThreads=                   16 Elapsed time=   2.2200528023706929E-002
 CFL_Limit=   1.0000000000000000E-003
 dt_init=   1.0000000000000001E-018 dt=   1.0000000000000001E-018
 Time=  -8.0000000003967882E-015 Intensity=   886229158745762.38     
   4570.7938922577287      < Te <    4744.6808959443952     
   4820.2812916822304      < Th <    5078.3568154017012     
   80.934199813946449      < Ts <   80.979972714597096     
   1.2058538635521934E+026 < Ne <   1.2059342936169684E+026
   1.2058538635521933E+026 < Nh <   1.2059342929802730E+026
 CFL_Te=   1.5333176355279878E-003 maxCFL_Ne=   1.4408902910855684E-003 maxCFL_Ts=   5.1278068662747082E-004 CPU=   720.69434703208515      NumThreads=                   16 Elapsed time=   2.2200812405272944E-002
 CFL_Limit=   1.0000000000000000E-003
 dt_init=   1.0000000000000001E-018 dt=   1.0000000000000001E-018
 Time=  -7.0000000003969692E-015 Intensity=   909479211697414.25     
   4581.3868447689438      < Te <    4754.7972527980528     
   4829.8169521526524      < Th <    5082.5424161577894     
   81.022387345057538      < Ts <   81.072432985440926     
   1.2864174658157197E+026 < Ne <   1.2865000690724043E+026
   1.2864174658157195E+026 < Nh <   1.2865000684070290E+026
 CFL_Te=   1.5310956593800158E-003 maxCFL_Ne=   1.4531958694698052E-003 maxCFL_Ts=   5.1301714486533029E-004 CPU=   720.68560616454943      NumThreads=                   16 Elapsed time=   2.2201081668816937E-002
 CFL_Limit=   1.0000000000000000E-003
 dt_init=   1.0000000000000001E-018 dt=   1.0000000000000001E-018
 Time=  -6.0000000003971501E-015 Intensity=   930107822811052.75     
   4606.9204320084746      < Te <    4767.5822694050366     
   4856.6887190599418      < Th <    5110.5466040869951     
   81.116268008972398      < Ts <   81.170790347693156     
   1.3689538417602402E+026 < Ne <   1.3690383926920711E+026
   1.3689538417602400E+026 < Nh <   1.3690383920099291E+026
 CFL_Te=   1.5395593563804376E-003 maxCFL_Ne=   1.4612963705138969E-003 maxCFL_Ts=   5.1326750330882981E-004 CPU=   720.66989823788379      NumThreads=                   16 Elapsed time=   2.2201565569925620E-002
 CFL_Limit=   1.0000000000000000E-003
 dt_init=   1.0000000000000001E-018 dt=   1.0000000000000001E-018
 Time=  -5.0000000003973311E-015 Intensity=   947911359388373.12     
   4619.7217807319275      < Te <    4795.5481611528621     
   4866.3157350645342      < Th <    5119.1681619232986     
   81.215957186539285      < Ts <   81.275229252556599     
   1.4532179761834804E+026 < Ne <   1.4533042253014366E+026
   1.4532179761834802E+026 < Nh <   1.4533042246171572E+026
 CFL_Te=   1.5380924313417284E-003 maxCFL_Ne=   1.4751453632211764E-003 maxCFL_Ts=   5.1353146787651760E-004 CPU=   720.65121023394136      NumThreads=                   16 Elapsed time=   2.2202141303288733E-002
 CFL_Limit=   1.0000000000000000E-003
 dt_init=   1.0000000000000001E-018 dt=   1.0000000000000001E-018
 Time=  -4.0000000003975121E-015 Intensity=   962711610070055.75     
   4646.1736202960938      < Te <    4805.1794798548890     
   4875.0040561429532      < Th <    5125.8994412269494     
   81.321736366829839      < Ts <   81.385797898369646     
   1.5389475824676636E+026 < Ne <   1.5390352643267824E+026
   1.5389475824676634E+026 < Nh <   1.5390352636545264E+026
 CFL_Te=   1.5469680446533614E-003 maxCFL_Ne=   1.4836170244336639E-003 maxCFL_Ts=   5.1380972765849460E-004 CPU=   720.63657547104765      NumThreads=                   16 Elapsed time=   2.2202592186694830E-002
 CFL_Limit=   1.0000000000000000E-003
 dt_init=   1.0000000000000001E-018 dt=   1.0000000000000001E-018
 Time=  -3.0000000003976930E-015 Intensity=   974358752858021.38     
   4661.1421969577223      < Te <    4834.5175509660539     
   4903.0441576534122      < Th <    5151.6018995569048     
   81.433186473191967      < Ts <   81.502324683049352     
   1.6258655275125266E+026 < Ne <   1.6259543670066610E+026
   1.6258655275125266E+026 < Nh <   1.6259543663697407E+026
 CFL_Te=   1.5465893610834723E-003 maxCFL_Ne=   1.4990235153783719E-003 maxCFL_Ts=   5.1410073044371493E-004 CPU=   720.62067794723441      NumThreads=                   16 Elapsed time=   2.2203081995340077E-002
 CFL_Limit=   1.0000000000000000E-003
 dt_init=   1.0000000000000001E-018 dt=   1.0000000000000001E-018
 Time=  -2.0000000003978740E-015 Intensity=   982733878060359.62     
   4688.1025109349684      < Te <    4849.4060489428284     
   4931.3684161230067      < Th <    5160.7223956509024     
   81.550539163258208      < Ts <   81.624965875608254     
   1.7136825237898433E+026 < Ne <   1.7137722264375852E+026
   1.7136825237898433E+026 < Nh <   1.7137722258545602E+026
 CFL_Te=   1.5555284769302295E-003 maxCFL_Ne=   1.5075252026389850E-003 maxCFL_Ts=   5.1440493221915483E-004 CPU=   720.61138711242882      NumThreads=                   16 Elapsed time=   2.2203368259435651E-002
 CFL_Limit=   1.0000000000000000E-003
 dt_init=   1.0000000000000001E-018 dt=   1.0000000000000001E-018
 Time=  -1.0000000003979017E-015 Intensity=   987751006861425.25     
   4705.0524862725069      < Te <    4873.9530963801226     
   4941.5349866793104      < Th <    5189.2648539006286     
   81.673988404611663      < Ts <   81.753754025255319     
   1.8020999947761028E+026 < Ne <   1.8021902701768748E+026
   1.8020999947761028E+026 < Nh <   1.8021902696746306E+026
 CFL_Te=   1.5564582495028447E-003 maxCFL_Ne=   1.5240612617983249E-003 maxCFL_Ts=   5.1472243503806634E-004 CPU=   720.60064643390069      NumThreads=                   16 Elapsed time=   2.2203699204518618E-002
 CFL_Limit=   1.0000000000000000E-003
 dt_init=   1.0000000000000001E-018 dt=   1.0000000000000001E-018
 Time=  -3.9788984726558512E-025 Intensity=   989358557592327.62     
   4732.0873232722279      < Te <    4891.2242105492469     
   4969.8699549757357      < Th <    5218.7007666612944     
   81.803025276817124      < Ts <   81.888320027327140     
   1.8908131461698061E+026 < Ne <   1.8909036873697505E+026
   1.8908131461698061E+026 < Nh <   1.8909036869740768E+026
 CFL_Te=   1.5654395028004686E-003 maxCFL_Ne=   1.5326947074431293E-003 maxCFL_Ts=   5.1505200338976276E-004 CPU=   720.58884191638981      NumThreads=                   16 Elapsed time=   2.2204062940314701E-002
 CFL_Limit=   1.0000000000000000E-003
 dt_init=   1.0000000000000001E-018 dt=   1.0000000000000001E-018
